<?xml version="1.0" encoding="utf-8"?>
<body copyright="All data copyright Los Angeles Metro 2022.">
 <route color="33cccc" latMax="34.0040899" latMin="33.95584" lonMax="-118.17432" lonMin="-118.2479199" oppositeColor="000000" tag="611" title="611 Huntington Park Shuttle">
  <stop lat="33.95584" lon="-118.18388" stopId="00162" tag="162" title="Atlantic / Patata"/>
  <stop lat="33.95826" lon="-118.18469" stopId="00168" tag="168" title="Atlantic / Cecelia"/>
  <stop lat="33.9583099" lon="-118.18423" stopId="00613" tag="613" title="Cecelia / Atlantic"/>
  <stop lat="33.9583099" lon="-118.18423" tag="613_ar" title="Cecelia / Atlantic"/>
  <stop lat="34.0020599" lon="-118.24761" stopId="00801" tag="801" title="Compton / 46th"/>
  <stop lat="33.99916" lon="-118.24761" stopId="00802" tag="802" title="Compton / 48th Pl"/>
  <stop lat="33.99646" lon="-118.24761" stopId="00803" tag="803" title="Compton / 51st"/>
  <stop lat="33.9946299" lon="-118.2476" stopId="00804" tag="804" title="Compton / 53rd"/>
  <stop lat="33.98597" lon="-118.24758" stopId="00806" tag="806" title="Compton / 60th"/>
  <stop lat="33.9798799" lon="-118.24753" stopId="00807" tag="807" title="Compton / 66th"/>
  <stop lat="33.97829" lon="-118.24753" stopId="00808" tag="808" title="Compton / 68th"/>
  <stop lat="33.97623" lon="-118.24752" stopId="00809" tag="809" title="Compton / 70th"/>
  <stop lat="33.98186" lon="-118.24754" stopId="00819" tag="819" title="Compton / Gage"/>
  <stop lat="33.98911" lon="-118.24758" stopId="00822" tag="822" title="Compton / Slauson"/>
  <stop lat="33.9745799" lon="-118.2275299" stopId="01417" tag="1417" title="Florence / Malabar"/>
  <stop lat="34.0037899" lon="-118.24358" stopId="01687" tag="1687" title="Vernon / Long Beach"/>
  <stop lat="34.00379" lon="-118.2455099" stopId="01689" tag="1689" title="Vernon / Morgan"/>
  <stop lat="34.0038099" lon="-118.23858" stopId="01690" tag="1690" title="Vernon / Alameda"/>
  <stop lat="34.00382" lon="-118.2345799" stopId="01697" tag="1697" title="Vernon / Saint Charles"/>
  <stop lat="33.96341" lon="-118.20888" stopId="05939" tag="5939" title="Santa Ana / Victoria"/>
  <stop lat="33.96625" lon="-118.22231" stopId="06172" tag="6172" title="Seville / Broadway"/>
  <stop lat="33.9687199" lon="-118.22231" stopId="06173" tag="6173" title="Seville / Grand"/>
  <stop lat="33.9712399" lon="-118.2223199" stopId="06175" tag="6175" title="Seville / Live Oak"/>
  <stop lat="33.9869999" lon="-118.18525" stopId="06262" tag="6262" title="Slauson / Atlantic"/>
  <stop lat="33.97665" lon="-118.1768099" stopId="08255" tag="8255" title="Wilcox / Gage"/>
  <stop lat="33.9576499" lon="-118.17968" stopId="08355" tag="8355" title="Wilcox / Cecelia"/>
  <stop lat="33.98341" lon="-118.1746899" stopId="08678" tag="8678" title="Alamo / 60th"/>
  <stop lat="33.97697" lon="-118.1756999" stopId="08680" tag="8680" title="Alamo / Gage"/>
  <stop lat="33.98067" lon="-118.1750999" stopId="08681" tag="8681" title="Alamo / Randolph"/>
  <stop lat="33.9928099" lon="-118.18374" stopId="08783" tag="8783" title="Atlantic / 52nd"/>
  <stop lat="33.9907599" lon="-118.18516" stopId="08784" tag="8784" title="Atlantic / 55th"/>
  <stop lat="33.9581199" lon="-118.1821299" stopId="09176" tag="9176" title="Cecelia / Atlantic"/>
  <stop lat="33.99453" lon="-118.18462" stopId="09607" tag="9607" title="District / Cudahy"/>
  <stop lat="33.99911" lon="-118.1929299" stopId="09608" tag="9608" title="District / Corona"/>
  <stop lat="33.9959699" lon="-118.1870499" stopId="09609" tag="9609" title="District / 50th"/>
  <stop lat="33.9977599" lon="-118.1901299" stopId="09610" tag="9610" title="District / Gifford"/>
  <stop lat="33.9995099" lon="-118.1967199" stopId="09611" tag="9611" title="District / Loma Vista"/>
  <stop lat="34.0000299" lon="-118.2017799" stopId="09612" tag="9612" title="District / Maywood"/>
  <stop lat="33.9927999" lon="-118.2475999" stopId="09731" tag="9731" title="Compton / 55th"/>
  <stop lat="33.97488" lon="-118.24743" stopId="09940" tag="9940" title="Florence / Compton"/>
  <stop lat="33.9748699" lon="-118.24261" stopId="09942" tag="9942" title="Florence Station"/>
  <stop lat="33.9748799" lon="-118.2450599" stopId="09951" tag="9951" title="Florence / Miramonte"/>
  <stop lat="33.9744399" lon="-118.2262" stopId="09959" tag="9959" title="Florence / Pacific"/>
  <stop lat="33.97486" lon="-118.2341" stopId="09960" tag="9960" title="Florence / Alameda"/>
  <stop lat="33.9748699" lon="-118.23075" stopId="09964" tag="9964" title="Florence / Santa Fe"/>
  <stop lat="33.97486" lon="-118.23748" stopId="09969" tag="9969" title="Florence / Wilson"/>
  <stop lat="33.9857299" lon="-118.17432" stopId="10188" tag="10188" title="Alamo / Slauson"/>
  <stop lat="33.97486" lon="-118.2409" stopId="11046" tag="11046" title="Florence / Holmes"/>
  <stop lat="34.00014" lon="-118.2083399" stopId="11451" tag="11451" title="Leonis / Alcoa"/>
  <stop lat="33.99992" lon="-118.22491" stopId="11452" tag="11452" title="Leonis / Pacific"/>
  <stop lat="34.00006" lon="-118.2127099" stopId="11453" tag="11453" title="Leonis / Boyle"/>
  <stop lat="34.0001799" lon="-118.20492" stopId="11454" tag="11454" title="Leonis / Downey"/>
  <stop lat="33.9999499" lon="-118.21981" stopId="11455" tag="11455" title="Leonis / Soto"/>
  <stop lat="33.96194" lon="-118.19497" stopId="12634" tag="12634" title="Santa Ana / Otis"/>
  <stop lat="34.00382" lon="-118.22807" stopId="12681" tag="12681" title="Pacific / Rr Xing"/>
  <stop lat="34.00191" lon="-118.2254799" stopId="12703" tag="12703" title="Pacific / 46th"/>
  <stop lat="34.0038399" lon="-118.22973" stopId="12711" tag="12711" title="Pacific / Santa Fe"/>
  <stop lat="33.9647699" lon="-118.2222399" stopId="14300" tag="14300" title="Santa Ana / Seville"/>
  <stop lat="33.9630099" lon="-118.2050699" stopId="14308" tag="14308" title="Santa Ana / California"/>
  <stop lat="33.96412" lon="-118.21576" stopId="14309" tag="14309" title="Santa Ana / Cypress"/>
  <stop lat="33.96384" lon="-118.21317" stopId="14313" tag="14313" title="Santa Ana / South Gate"/>
  <stop lat="33.9863299" lon="-118.1786199" stopId="14653" tag="14653" title="Slauson / Heliotrope"/>
  <stop lat="33.98677" lon="-118.18307" stopId="14654" tag="14654" title="Slauson / King"/>
  <stop lat="33.9865499" lon="-118.1807699" stopId="14656" tag="14656" title="Slauson / Mayflower"/>
  <stop lat="33.98613" lon="-118.17669" stopId="14663" tag="14663" title="Slauson / Woodlawn"/>
  <stop lat="34.00023" lon="-118.20393" stopId="15267" tag="15267" title="Leonis / Produce Plaza"/>
  <stop lat="33.97211" lon="-118.1775099" stopId="16649" tag="16649" title="Wilcox / Brompton"/>
  <stop lat="33.9644599" lon="-118.17866" stopId="16650" tag="16650" title="Wilcox / Clara"/>
  <stop lat="33.9625899" lon="-118.17895" stopId="16651" tag="16651" title="Wilcox / Elizabeth"/>
  <stop lat="33.9689599" lon="-118.17798" stopId="16652" tag="16652" title="Wilcox / Florence"/>
  <stop lat="33.96712" lon="-118.1782699" stopId="16654" tag="16654" title="Wilcox / Live Oak"/>
  <stop lat="34.0037599" lon="-118.2476" stopId="25502" tag="25502" title="Compton / Vernon"/>
  <stop lat="33.9610099" lon="-118.18604" stopId="140859" tag="140859" title="Santa Ana / Atlantic"/>
  <stop lat="33.96164" lon="-118.19204" stopId="140860" tag="140860" title="Santa Ana / Salt Lake"/>
  <stop lat="33.9644499" lon="-118.2191899" stopId="140862" tag="140862" title="Santa Ana / Mountain View"/>
  <stop lat="33.96039" lon="-118.1792899" stopId="141097" tag="141097" title="Wilcox / Santa Ana"/>
  <stop lat="33.9635799" lon="-118.2106199" stopId="141098" tag="141098" title="Santa Ana / State"/>
  <stop lat="33.9741899" lon="-118.2234699" stopId="20500011" tag="20500011" title="Florence / Seville"/>
  <stop lat="33.9831199" lon="-118.17456" stopId="00077" tag="77" title="Alamo / 60th"/>
  <stop lat="33.9770599" lon="-118.17551" stopId="00078" tag="78" title="Alamo / Gage"/>
  <stop lat="33.98004" lon="-118.1750199" stopId="00079" tag="79" title="Alamo / Randolph"/>
  <stop lat="33.99244" lon="-118.1836699" stopId="00190" tag="190" title="Atlantic / 52nd"/>
  <stop lat="33.99083" lon="-118.1848299" stopId="00191" tag="191" title="Atlantic / 55th"/>
  <stop lat="33.9874099" lon="-118.18537" stopId="00194" tag="194" title="Atlantic / Slauson"/>
  <stop lat="33.99315" lon="-118.2479" stopId="00805" tag="805" title="Compton / 55th"/>
  <stop lat="33.9949" lon="-118.18479" stopId="01061" tag="1061" title="District / Cudahy"/>
  <stop lat="34.0004299" lon="-118.20391" stopId="01062" tag="1062" title="District / Produce Plaza"/>
  <stop lat="33.9993899" lon="-118.1935499" stopId="01063" tag="1063" title="District / Corona"/>
  <stop lat="33.9961799" lon="-118.1869899" stopId="01064" tag="1064" title="District / 50th"/>
  <stop lat="33.9984099" lon="-118.1907899" stopId="01065" tag="1065" title="District / Gifford"/>
  <stop lat="33.99981" lon="-118.19771" stopId="01066" tag="1066" title="District / Loma Vista"/>
  <stop lat="34.00029" lon="-118.2024" stopId="01067" tag="1067" title="District / Maywood"/>
  <stop lat="33.9746099" lon="-118.24248" stopId="01410" tag="1410" title="Florence Station"/>
  <stop lat="33.9746099" lon="-118.2414999" stopId="01415" tag="1415" title="Florence / Holmes"/>
  <stop lat="33.97462" lon="-118.24568" stopId="01420" tag="1420" title="Florence / Miramonte"/>
  <stop lat="33.9746" lon="-118.23316" stopId="01429" tag="1429" title="Florence / Roseberry"/>
  <stop lat="33.97461" lon="-118.2306099" stopId="01433" tag="1433" title="Florence / Santa Fe"/>
  <stop lat="33.98616" lon="-118.17449" stopId="01635" tag="1635" title="Slauson / Alamo"/>
  <stop lat="33.9746" lon="-118.23834" stopId="01955" tag="1955" title="Florence / Bell"/>
  <stop lat="33.9767099" lon="-118.17656" stopId="02103" tag="2103" title="Wilcox / Gage"/>
  <stop lat="33.97423" lon="-118.22668" stopId="02395" tag="2395" title="Florence / Rugby"/>
  <stop lat="34.00033" lon="-118.2085099" stopId="02962" tag="2962" title="Leonis / Alcoa"/>
  <stop lat="34.0002499" lon="-118.21288" stopId="02963" tag="2963" title="Leonis / Boyle"/>
  <stop lat="34.0003799" lon="-118.20506" stopId="02964" tag="2964" title="Leonis / Downey"/>
  <stop lat="34.00015" lon="-118.2193499" stopId="02965" tag="2965" title="Leonis / Soto"/>
  <stop lat="34.0040899" lon="-118.23056" stopId="04198" tag="4198" title="Vernon / Santa Fe"/>
  <stop lat="34.0040599" lon="-118.2277799" stopId="04201" tag="4201" title="Pacific / Rr - Xing"/>
  <stop lat="34.0021099" lon="-118.2252399" stopId="04211" tag="4211" title="Pacific / 46th"/>
  <stop lat="34.0002899" lon="-118.22509" stopId="04216" tag="4216" title="Pacific / Leonis"/>
  <stop lat="33.9607999" lon="-118.1859999" stopId="05931" tag="5931" title="Santa Ana / Atlantic"/>
  <stop lat="33.96274" lon="-118.20445" stopId="05932" tag="5932" title="Santa Ana / California"/>
  <stop lat="33.96392" lon="-118.21577" stopId="05933" tag="5933" title="Santa Ana / Cypress"/>
  <stop lat="33.9643099" lon="-118.2192099" stopId="05934" tag="5934" title="Santa Ana / Mountain View"/>
  <stop lat="33.9617299" lon="-118.19486" stopId="05935" tag="5935" title="Santa Ana / Otis"/>
  <stop lat="33.9623599" lon="-118.2009299" stopId="05937" tag="5937" title="Santa Ana / San Gabriel"/>
  <stop lat="33.9865999" lon="-118.1787399" stopId="06270" tag="6270" title="Slauson / Heliotrope"/>
  <stop lat="33.9870899" lon="-118.1836899" stopId="06271" tag="6271" title="Slauson / King"/>
  <stop lat="33.9868699" lon="-118.1813899" stopId="06273" tag="6273" title="Slauson / Mayflower"/>
  <stop lat="33.9864" lon="-118.17681" stopId="06281" tag="6281" title="Slauson / Woodlawn"/>
  <stop lat="33.9645099" lon="-118.17841" stopId="08351" tag="8351" title="Wilcox / Clara"/>
  <stop lat="33.96222" lon="-118.1787699" stopId="08352" tag="8352" title="Wilcox / Elizabeth"/>
  <stop lat="33.9694799" lon="-118.17766" stopId="08353" tag="8353" title="Wilcox / Florence"/>
  <stop lat="33.96682" lon="-118.1780699" stopId="08354" tag="8354" title="Wilcox / Live Oak"/>
  <stop lat="33.9724499" lon="-118.17721" stopId="08356" tag="8356" title="Wilcox / Southall"/>
  <stop lat="33.95818" lon="-118.1794199" stopId="09177" tag="9177" title="Wilcox / Cecelia"/>
  <stop lat="33.9858499" lon="-118.2478799" stopId="09337" tag="9337" title="Compton / 59th"/>
  <stop lat="34.0017699" lon="-118.24791" stopId="09350" tag="9350" title="Compton / 46th"/>
  <stop lat="33.9994899" lon="-118.2479199" stopId="09351" tag="9351" title="Compton / 48th"/>
  <stop lat="33.9967899" lon="-118.24791" stopId="09352" tag="9352" title="Compton / 51st"/>
  <stop lat="33.9945399" lon="-118.2479099" stopId="09353" tag="9353" title="Compton / 53rd"/>
  <stop lat="33.98016" lon="-118.24784" stopId="09355" tag="9355" title="Compton / 66th"/>
  <stop lat="33.97815" lon="-118.24784" stopId="09356" tag="9356" title="Compton / 68th"/>
  <stop lat="33.9764199" lon="-118.2478299" stopId="09357" tag="9357" title="Compton / 70th"/>
  <stop lat="33.98237" lon="-118.24785" stopId="09367" tag="9367" title="Compton / Gage"/>
  <stop lat="33.9896099" lon="-118.2478899" stopId="09370" tag="9370" title="Compton / Slauson"/>
  <stop lat="34.00363" lon="-118.2479099" stopId="09371" tag="9371" title="Compton / Vernon"/>
  <stop lat="33.9739899" lon="-118.22448" stopId="09957" tag="9957" title="Florence / Pacific"/>
  <stop lat="33.97382" lon="-118.22271" stopId="09965" tag="9965" title="Florence / Seville"/>
  <stop lat="34.0040499" lon="-118.24284" stopId="10246" tag="10246" title="Vernon / Long Beach"/>
  <stop lat="34.00404" lon="-118.2449299" stopId="10248" tag="10248" title="Vernon / Morgan"/>
  <stop lat="34.00406" lon="-118.2387099" stopId="10249" tag="10249" title="Vernon / Alameda"/>
  <stop lat="34.00408" lon="-118.2347399" stopId="10256" tag="10256" title="Vernon / Saint Charles"/>
  <stop lat="33.96319" lon="-118.20875" stopId="14314" tag="14314" title="Santa Ana / Victoria"/>
  <stop lat="33.9665299" lon="-118.2224799" stopId="14551" tag="14551" title="Seville / Broadway"/>
  <stop lat="33.96455" lon="-118.22148" stopId="140843" tag="140843" title="Santa Ana / Commercial"/>
  <stop lat="33.9636599" lon="-118.2133599" stopId="141099" tag="141099" title="Santa Ana / South Gate"/>
  <stop lat="33.96338" lon="-118.21064" stopId="142000" tag="142000" title="Santa Ana / State"/>
  <stop lat="33.9614099" lon="-118.1917399" stopId="142001" tag="142001" title="Santa Ana / Salt Lake"/>
  <stop lat="33.96037" lon="-118.1790499" stopId="142002" tag="142002" title="Wilcox / Santa Ana"/>
  <stop lat="33.9715199" lon="-118.2224999" stopId="142005" tag="142005" title="Seville / Live Oak"/>
  <stop lat="33.9690199" lon="-118.2224899" stopId="142006" tag="142006" title="Seville / Grand"/>
  <direction name="Clockwis" tag="611_22_0" title="Clockwis to Huntington Park-Vernon-Cudahy" useForUI="true">
   <stop tag="613"/>
   <stop tag="9176"/>
   <stop tag="8355"/>
   <stop tag="162"/>
   <stop tag="168"/>
   <stop tag="140859"/>
   <stop tag="140860"/>
   <stop tag="12634"/>
   <stop tag="14308"/>
   <stop tag="5939"/>
   <stop tag="141098"/>
   <stop tag="14313"/>
   <stop tag="14309"/>
   <stop tag="140862"/>
   <stop tag="14300"/>
   <stop tag="6172"/>
   <stop tag="6173"/>
   <stop tag="6175"/>
   <stop tag="20500011"/>
   <stop tag="9959"/>
   <stop tag="1417"/>
   <stop tag="9964"/>
   <stop tag="9960"/>
   <stop tag="9969"/>
   <stop tag="11046"/>
   <stop tag="9942"/>
   <stop tag="9951"/>
   <stop tag="9940"/>
   <stop tag="809"/>
   <stop tag="808"/>
   <stop tag="807"/>
   <stop tag="819"/>
   <stop tag="806"/>
   <stop tag="822"/>
   <stop tag="9731"/>
   <stop tag="804"/>
   <stop tag="803"/>
   <stop tag="802"/>
   <stop tag="801"/>
   <stop tag="25502"/>
   <stop tag="1689"/>
   <stop tag="1687"/>
   <stop tag="1690"/>
   <stop tag="1697"/>
   <stop tag="12711"/>
   <stop tag="12681"/>
   <stop tag="12703"/>
   <stop tag="11452"/>
   <stop tag="11455"/>
   <stop tag="11453"/>
   <stop tag="11451"/>
   <stop tag="11454"/>
   <stop tag="15267"/>
   <stop tag="9612"/>
   <stop tag="9611"/>
   <stop tag="9608"/>
   <stop tag="9610"/>
   <stop tag="9609"/>
   <stop tag="9607"/>
   <stop tag="8783"/>
   <stop tag="8784"/>
   <stop tag="6262"/>
   <stop tag="14654"/>
   <stop tag="14656"/>
   <stop tag="14653"/>
   <stop tag="14663"/>
   <stop tag="10188"/>
   <stop tag="8678"/>
   <stop tag="8681"/>
   <stop tag="8680"/>
   <stop tag="8255"/>
   <stop tag="16649"/>
   <stop tag="16652"/>
   <stop tag="16654"/>
   <stop tag="16650"/>
   <stop tag="16651"/>
   <stop tag="141097"/>
   <stop tag="613_ar"/>
  </direction>
  <direction name="Xcounter" tag="611_27_1" title="Xcounter to Vernon-Huntington Park-Cudahy" useForUI="true">
   <stop tag="613"/>
   <stop tag="9176"/>
   <stop tag="9177"/>
   <stop tag="142002"/>
   <stop tag="8352"/>
   <stop tag="8351"/>
   <stop tag="8354"/>
   <stop tag="8353"/>
   <stop tag="8356"/>
   <stop tag="2103"/>
   <stop tag="78"/>
   <stop tag="79"/>
   <stop tag="77"/>
   <stop tag="1635"/>
   <stop tag="6281"/>
   <stop tag="6270"/>
   <stop tag="6273"/>
   <stop tag="6271"/>
   <stop tag="194"/>
   <stop tag="191"/>
   <stop tag="190"/>
   <stop tag="1061"/>
   <stop tag="1064"/>
   <stop tag="1065"/>
   <stop tag="1063"/>
   <stop tag="1066"/>
   <stop tag="1067"/>
   <stop tag="1062"/>
   <stop tag="2964"/>
   <stop tag="2962"/>
   <stop tag="2963"/>
   <stop tag="2965"/>
   <stop tag="4216"/>
   <stop tag="4211"/>
   <stop tag="4201"/>
   <stop tag="4198"/>
   <stop tag="10256"/>
   <stop tag="10249"/>
   <stop tag="10246"/>
   <stop tag="10248"/>
   <stop tag="9371"/>
   <stop tag="9350"/>
   <stop tag="9351"/>
   <stop tag="9352"/>
   <stop tag="9353"/>
   <stop tag="805"/>
   <stop tag="9370"/>
   <stop tag="9337"/>
   <stop tag="9367"/>
   <stop tag="9355"/>
   <stop tag="9356"/>
   <stop tag="9357"/>
   <stop tag="1420"/>
   <stop tag="1410"/>
   <stop tag="1415"/>
   <stop tag="1955"/>
   <stop tag="1429"/>
   <stop tag="1433"/>
   <stop tag="2395"/>
   <stop tag="9957"/>
   <stop tag="9965"/>
   <stop tag="142005"/>
   <stop tag="142006"/>
   <stop tag="14551"/>
   <stop tag="140843"/>
   <stop tag="5934"/>
   <stop tag="5933"/>
   <stop tag="141099"/>
   <stop tag="142000"/>
   <stop tag="14314"/>
   <stop tag="5932"/>
   <stop tag="5937"/>
   <stop tag="5935"/>
   <stop tag="142001"/>
   <stop tag="5931"/>
   <stop tag="613_ar"/>
  </direction>
  <path>
   <point lat="34.00405" lon="-118.24284"/>
   <point lat="34.00404" lon="-118.24493"/>
   <point lat="34.0039" lon="-118.24774"/>
   <point lat="34.00363" lon="-118.24791"/>
   <point lat="34.00177" lon="-118.24791"/>
  </path>
  <path>
   <point lat="33.97461" lon="-118.24248"/>
   <point lat="33.97461" lon="-118.2415"/>
   <point lat="33.9746" lon="-118.23834"/>
   <point lat="33.9746" lon="-118.23316"/>
   <point lat="33.97461" lon="-118.23061"/>
   <point lat="33.97473" lon="-118.23036"/>
   <point lat="33.97423" lon="-118.22668"/>
   <point lat="33.97399" lon="-118.22448"/>
  </path>
  <path>
   <point lat="34.00206" lon="-118.24761"/>
   <point lat="34.00376" lon="-118.2476"/>
   <point lat="34.00392" lon="-118.24655"/>
   <point lat="34.00379" lon="-118.24551"/>
   <point lat="34.00379" lon="-118.24358"/>
  </path>
  <path>
   <point lat="33.95831" lon="-118.18423"/>
   <point lat="33.95812" lon="-118.18213"/>
   <point lat="33.95791" lon="-118.17955"/>
   <point lat="33.95818" lon="-118.17942"/>
   <point lat="33.96037" lon="-118.17905"/>
   <point lat="33.96222" lon="-118.17877"/>
   <point lat="33.96451" lon="-118.17841"/>
   <point lat="33.96682" lon="-118.17807"/>
   <point lat="33.96922" lon="-118.17781"/>
   <point lat="33.96948" lon="-118.17766"/>
  </path>
  <path>
   <point lat="34.00409" lon="-118.23056"/>
   <point lat="34.00408" lon="-118.23474"/>
   <point lat="34.00406" lon="-118.23871"/>
   <point lat="34.00405" lon="-118.24284"/>
  </path>
  <path>
   <point lat="33.97444" lon="-118.2262"/>
   <point lat="33.97458" lon="-118.22753"/>
   <point lat="33.97473" lon="-118.23036"/>
   <point lat="33.97487" lon="-118.23075"/>
   <point lat="33.97486" lon="-118.2341"/>
   <point lat="33.97486" lon="-118.23748"/>
   <point lat="33.97486" lon="-118.2409"/>
   <point lat="33.97487" lon="-118.24261"/>
  </path>
  <path>
   <point lat="34.00379" lon="-118.24358"/>
   <point lat="34.00381" lon="-118.23858"/>
   <point lat="34.00382" lon="-118.23458"/>
   <point lat="34.0038399" lon="-118.22973"/>
  </path>
  <path>
   <point lat="34.0038399" lon="-118.22973"/>
   <point lat="34.00382" lon="-118.22807"/>
   <point lat="34.00391" lon="-118.22754"/>
   <point lat="34.00385" lon="-118.22743"/>
   <point lat="34.00379" lon="-118.22726"/>
   <point lat="34.00373" lon="-118.22713"/>
   <point lat="34.00365" lon="-118.227"/>
   <point lat="34.00351" lon="-118.22674"/>
   <point lat="34.00329" lon="-118.2264"/>
   <point lat="34.00317" lon="-118.22614"/>
   <point lat="34.0031" lon="-118.22606"/>
   <point lat="34.00294" lon="-118.2259"/>
   <point lat="34.0028099" lon="-118.22578"/>
   <point lat="34.0027199" lon="-118.22571"/>
   <point lat="34.00249" lon="-118.22556"/>
   <point lat="34.00231" lon="-118.22547"/>
   <point lat="34.00191" lon="-118.22548"/>
   <point lat="34.00167" lon="-118.22527"/>
   <point lat="33.99992" lon="-118.22491"/>
   <point lat="33.99995" lon="-118.21981"/>
   <point lat="34.00015" lon="-118.21304"/>
   <point lat="34.00006" lon="-118.21271"/>
   <point lat="34.00014" lon="-118.20834"/>
   <point lat="34.00018" lon="-118.20492"/>
  </path>
  <path>
   <point lat="33.97487" lon="-118.24261"/>
   <point lat="33.97488" lon="-118.24506"/>
   <point lat="33.97488" lon="-118.24743"/>
   <point lat="33.97573" lon="-118.24766"/>
   <point lat="33.97623" lon="-118.24752"/>
   <point lat="33.97829" lon="-118.24753"/>
   <point lat="33.97988" lon="-118.24753"/>
   <point lat="33.98186" lon="-118.24754"/>
   <point lat="33.98597" lon="-118.24758"/>
   <point lat="33.9891099" lon="-118.24758"/>
   <point lat="33.9928" lon="-118.2476"/>
   <point lat="33.99463" lon="-118.2476"/>
   <point lat="33.99646" lon="-118.24761"/>
   <point lat="33.99916" lon="-118.24761"/>
   <point lat="34.00206" lon="-118.24761"/>
  </path>
  <path>
   <point lat="34.00038" lon="-118.20506"/>
   <point lat="34.00033" lon="-118.20851"/>
   <point lat="34.00025" lon="-118.21288"/>
   <point lat="34.00015" lon="-118.21304"/>
   <point lat="34.00015" lon="-118.21935"/>
   <point lat="34.00002" lon="-118.22524"/>
   <point lat="34.00029" lon="-118.22509"/>
   <point lat="34.00103" lon="-118.22523"/>
   <point lat="34.00211" lon="-118.22524"/>
   <point lat="34.0027199" lon="-118.22571"/>
   <point lat="34.0031" lon="-118.22606"/>
   <point lat="34.00317" lon="-118.22614"/>
   <point lat="34.00329" lon="-118.2264"/>
   <point lat="34.00406" lon="-118.22778"/>
   <point lat="34.00409" lon="-118.23056"/>
  </path>
  <path>
   <point lat="33.96896" lon="-118.17798"/>
   <point lat="33.96712" lon="-118.17827"/>
   <point lat="33.96446" lon="-118.17866"/>
   <point lat="33.96259" lon="-118.17895"/>
   <point lat="33.9603899" lon="-118.17929"/>
   <point lat="33.95765" lon="-118.17968"/>
   <point lat="33.95658" lon="-118.17975"/>
   <point lat="33.95514" lon="-118.17997"/>
   <point lat="33.95554" lon="-118.18394"/>
   <point lat="33.95584" lon="-118.18388"/>
   <point lat="33.95703" lon="-118.18443"/>
   <point lat="33.9584" lon="-118.18489"/>
   <point lat="33.95843" lon="-118.18491"/>
   <point lat="33.95831" lon="-118.18423"/>
  </path>
  <path>
   <point lat="33.97399" lon="-118.22448"/>
   <point lat="33.97382" lon="-118.22271"/>
   <point lat="33.97304" lon="-118.22242"/>
   <point lat="33.97152" lon="-118.2225"/>
   <point lat="33.96972" lon="-118.2224"/>
   <point lat="33.96902" lon="-118.22249"/>
   <point lat="33.96653" lon="-118.22248"/>
   <point lat="33.96557" lon="-118.22239"/>
   <point lat="33.9651" lon="-118.22239"/>
   <point lat="33.96481" lon="-118.2224"/>
   <point lat="33.96472" lon="-118.22241"/>
   <point lat="33.96455" lon="-118.22148"/>
   <point lat="33.96431" lon="-118.21921"/>
   <point lat="33.96392" lon="-118.21577"/>
   <point lat="33.96366" lon="-118.21336"/>
   <point lat="33.96338" lon="-118.21064"/>
   <point lat="33.96319" lon="-118.20875"/>
   <point lat="33.9627399" lon="-118.20445"/>
   <point lat="33.9623599" lon="-118.20093"/>
   <point lat="33.96173" lon="-118.19486"/>
  </path>
  <path>
   <point lat="33.987" lon="-118.18525"/>
   <point lat="33.98677" lon="-118.18307"/>
   <point lat="33.98655" lon="-118.18077"/>
   <point lat="33.98633" lon="-118.17862"/>
   <point lat="33.98613" lon="-118.17669"/>
   <point lat="33.98599" lon="-118.17419"/>
   <point lat="33.9857299" lon="-118.17432"/>
   <point lat="33.98416" lon="-118.17448"/>
   <point lat="33.98341" lon="-118.17469"/>
   <point lat="33.98067" lon="-118.1751"/>
   <point lat="33.97697" lon="-118.1757"/>
   <point lat="33.97665" lon="-118.17681"/>
   <point lat="33.97211" lon="-118.17751"/>
   <point lat="33.96922" lon="-118.17781"/>
   <point lat="33.96896" lon="-118.17798"/>
  </path>
  <path>
   <point lat="33.96948" lon="-118.17766"/>
   <point lat="33.97245" lon="-118.17721"/>
   <point lat="33.97671" lon="-118.17656"/>
   <point lat="33.97706" lon="-118.17551"/>
   <point lat="33.98004" lon="-118.17502"/>
   <point lat="33.98312" lon="-118.17456"/>
   <point lat="33.98599" lon="-118.17419"/>
   <point lat="33.98616" lon="-118.17449"/>
   <point lat="33.9864" lon="-118.17681"/>
   <point lat="33.9866" lon="-118.17874"/>
   <point lat="33.98687" lon="-118.18139"/>
   <point lat="33.98709" lon="-118.18369"/>
   <point lat="33.98715" lon="-118.18556"/>
   <point lat="33.9874099" lon="-118.18537"/>
  </path>
  <path>
   <point lat="34.00177" lon="-118.24791"/>
   <point lat="33.99949" lon="-118.24792"/>
   <point lat="33.99679" lon="-118.24791"/>
   <point lat="33.99454" lon="-118.24791"/>
   <point lat="33.99315" lon="-118.2479"/>
   <point lat="33.98961" lon="-118.24789"/>
   <point lat="33.98585" lon="-118.24788"/>
   <point lat="33.98237" lon="-118.24785"/>
   <point lat="33.98016" lon="-118.24784"/>
   <point lat="33.97815" lon="-118.24784"/>
   <point lat="33.97642" lon="-118.24783"/>
   <point lat="33.97573" lon="-118.24766"/>
   <point lat="33.97475" lon="-118.24766"/>
   <point lat="33.97462" lon="-118.24568"/>
   <point lat="33.97474" lon="-118.24344"/>
   <point lat="33.97461" lon="-118.24248"/>
  </path>
  <path>
   <point lat="34.00018" lon="-118.20492"/>
   <point lat="34.00032" lon="-118.20457"/>
   <point lat="34.00023" lon="-118.20393"/>
   <point lat="34.00026" lon="-118.2031"/>
   <point lat="34.00003" lon="-118.20178"/>
   <point lat="33.99998" lon="-118.20043"/>
   <point lat="33.99998" lon="-118.20036"/>
   <point lat="33.99951" lon="-118.19672"/>
   <point lat="33.99911" lon="-118.19293"/>
   <point lat="33.99912" lon="-118.19218"/>
   <point lat="33.99851" lon="-118.19115"/>
   <point lat="33.99776" lon="-118.19013"/>
   <point lat="33.99679" lon="-118.18825"/>
   <point lat="33.99597" lon="-118.18705"/>
   <point lat="33.99453" lon="-118.18462"/>
   <point lat="33.99372" lon="-118.18305"/>
   <point lat="33.99368" lon="-118.18287"/>
   <point lat="33.99281" lon="-118.18374"/>
   <point lat="33.99234" lon="-118.18392"/>
   <point lat="33.99184" lon="-118.18431"/>
   <point lat="33.99076" lon="-118.18516"/>
   <point lat="33.98715" lon="-118.18556"/>
   <point lat="33.987" lon="-118.18525"/>
  </path>
  <path>
   <point lat="34.00038" lon="-118.20506"/>
   <point lat="34.00033" lon="-118.20851"/>
   <point lat="34.00025" lon="-118.21288"/>
   <point lat="34.00015" lon="-118.21935"/>
   <point lat="34.00002" lon="-118.22524"/>
   <point lat="34.00029" lon="-118.22509"/>
   <point lat="34.00103" lon="-118.22523"/>
   <point lat="34.00211" lon="-118.22524"/>
   <point lat="34.0027199" lon="-118.22571"/>
   <point lat="34.0031" lon="-118.22606"/>
   <point lat="34.00317" lon="-118.22614"/>
   <point lat="34.00329" lon="-118.2264"/>
   <point lat="34.00406" lon="-118.22778"/>
   <point lat="34.00409" lon="-118.23056"/>
  </path>
  <path>
   <point lat="33.96101" lon="-118.18604"/>
   <point lat="33.96164" lon="-118.19204"/>
   <point lat="33.96194" lon="-118.19497"/>
   <point lat="33.96301" lon="-118.20507"/>
   <point lat="33.96341" lon="-118.20888"/>
   <point lat="33.96358" lon="-118.21062"/>
   <point lat="33.96384" lon="-118.21317"/>
   <point lat="33.96412" lon="-118.21576"/>
   <point lat="33.96445" lon="-118.21919"/>
   <point lat="33.96477" lon="-118.22224"/>
   <point lat="33.9651" lon="-118.22239"/>
   <point lat="33.96625" lon="-118.22231"/>
   <point lat="33.96872" lon="-118.22231"/>
   <point lat="33.97124" lon="-118.22232"/>
   <point lat="33.97304" lon="-118.22242"/>
   <point lat="33.97392" lon="-118.22243"/>
   <point lat="33.97399" lon="-118.22314"/>
   <point lat="33.97419" lon="-118.22347"/>
   <point lat="33.97444" lon="-118.2262"/>
  </path>
  <path>
   <point lat="33.96173" lon="-118.19486"/>
   <point lat="33.96141" lon="-118.19174"/>
   <point lat="33.9608" lon="-118.186"/>
   <point lat="33.95894" lon="-118.18507"/>
   <point lat="33.95843" lon="-118.18491"/>
   <point lat="33.95831" lon="-118.18423"/>
  </path>
  <path>
   <point lat="33.95831" lon="-118.18423"/>
   <point lat="33.95812" lon="-118.18213"/>
   <point lat="33.95791" lon="-118.17955"/>
   <point lat="33.95765" lon="-118.17968"/>
   <point lat="33.95658" lon="-118.17975"/>
   <point lat="33.95514" lon="-118.17997"/>
   <point lat="33.95554" lon="-118.18394"/>
   <point lat="33.95584" lon="-118.18388"/>
   <point lat="33.95703" lon="-118.18443"/>
   <point lat="33.95826" lon="-118.18469"/>
   <point lat="33.96087" lon="-118.18573"/>
   <point lat="33.96101" lon="-118.18604"/>
  </path>
  <path>
   <point lat="33.9874099" lon="-118.18537"/>
   <point lat="33.9881" lon="-118.18541"/>
   <point lat="33.99083" lon="-118.18483"/>
   <point lat="33.99184" lon="-118.18431"/>
   <point lat="33.99244" lon="-118.18367"/>
   <point lat="33.99338" lon="-118.18311"/>
   <point lat="33.99368" lon="-118.18287"/>
   <point lat="33.99372" lon="-118.18305"/>
   <point lat="33.99453" lon="-118.18442"/>
   <point lat="33.9949" lon="-118.18479"/>
   <point lat="33.99618" lon="-118.18699"/>
   <point lat="33.99679" lon="-118.18825"/>
   <point lat="33.99841" lon="-118.19079"/>
   <point lat="33.99912" lon="-118.19218"/>
   <point lat="33.99939" lon="-118.19355"/>
   <point lat="33.9998099" lon="-118.19771"/>
   <point lat="33.99998" lon="-118.20036"/>
   <point lat="33.99998" lon="-118.20043"/>
   <point lat="34.00029" lon="-118.2024"/>
   <point lat="34.00026" lon="-118.2031"/>
   <point lat="34.00043" lon="-118.20391"/>
   <point lat="34.00032" lon="-118.20457"/>
   <point lat="34.00038" lon="-118.20506"/>
  </path>
  <path>
   <point lat="33.9874099" lon="-118.18537"/>
   <point lat="33.9881" lon="-118.18541"/>
   <point lat="33.99083" lon="-118.18483"/>
   <point lat="33.99184" lon="-118.18431"/>
   <point lat="33.99244" lon="-118.18367"/>
   <point lat="33.99338" lon="-118.18311"/>
   <point lat="33.99368" lon="-118.18287"/>
   <point lat="33.99372" lon="-118.18305"/>
   <point lat="33.99453" lon="-118.18442"/>
   <point lat="33.9949" lon="-118.18479"/>
   <point lat="33.99618" lon="-118.18699"/>
   <point lat="33.99841" lon="-118.19079"/>
   <point lat="33.99912" lon="-118.19218"/>
   <point lat="33.99939" lon="-118.19355"/>
   <point lat="33.9998099" lon="-118.19771"/>
   <point lat="33.99998" lon="-118.20036"/>
   <point lat="34.00029" lon="-118.2024"/>
   <point lat="34.00043" lon="-118.20391"/>
   <point lat="34.00032" lon="-118.20457"/>
   <point lat="34.00038" lon="-118.20506"/>
  </path>
 </route>
</body>