<?xml version="1.0" encoding="utf-8"?>
<body copyright="All data copyright Los Angeles Metro 2022.">
 <route color="e74d00" latMax="34.0657099" latMin="34.03264" lonMax="-118.08086" lonMin="-118.24059" oppositeColor="ffffff" tag="106" title="106 Montebello - Monterey Park Via 1st-G">
  <stop lat="34.0346199" lon="-118.0910099" stopId="00369" tag="369" title="Paramount / Montebello"/>
  <stop lat="34.0374299" lon="-118.14682" stopId="00643" tag="643" title="Atlantic / Avenida Cesar Chavez"/>
  <stop lat="34.0578399" lon="-118.23663" stopId="00656" tag="656" title="Cesar E Chavez / Alameda"/>
  <stop lat="34.0631799" lon="-118.16908" stopId="00708" tag="708" title="Cal State La Transit Center"/>
  <stop lat="34.0574399" lon="-118.17353" stopId="00712" tag="712" title="City Terrace / Lafler"/>
  <stop lat="34.0487499" lon="-118.19201" stopId="00713" tag="713" title="City Terrace / Alma"/>
  <stop lat="34.0557299" lon="-118.18114" stopId="00714" tag="714" title="City Terrace / Bonnie Beach"/>
  <stop lat="34.0488399" lon="-118.18926" stopId="00715" tag="715" title="City Terrace / Ditman"/>
  <stop lat="34.0553599" lon="-118.1834" stopId="00717" tag="717" title="City Terrace / Herbert"/>
  <stop lat="34.0542899" lon="-118.18754" stopId="00718" tag="718" title="City Terrace / Rowan"/>
  <stop lat="34.0509" lon="-118.18869" stopId="00719" tag="719" title="City Terrace / Pomeroy"/>
  <stop lat="34.0558999" lon="-118.17679" stopId="00720" tag="720" title="City Terrace / Van Pelt"/>
  <stop lat="34.0368399" lon="-118.1308299" stopId="01620" tag="1620" title="Riggin / Garfield"/>
  <stop lat="34.057" lon="-118.20858" stopId="02156" tag="2156" title="Marengo / Brittania"/>
  <stop lat="34.0620299" lon="-118.14029" stopId="02174" tag="2174" title="Garvey / Hitchcock"/>
  <stop lat="34.0564199" lon="-118.23164" stopId="03103" tag="3103" title="Cesar E Chavez / Vignes"/>
  <stop lat="34.0603299" lon="-118.2143099" stopId="03167" tag="3167" title="Marengo / Mission"/>
  <stop lat="34.0337599" lon="-118.16185" stopId="03197" tag="3197" title="Mednik / 3rd"/>
  <stop lat="34.05447" lon="-118.2250899" stopId="03264" tag="3264" title="Mission / Cesar E Chavez"/>
  <stop lat="34.0344699" lon="-118.08438" stopId="03279" tag="3279" title="The Shops At Montebello Layover"/>
  <stop lat="34.03456" lon="-118.08504" stopId="03296" tag="3296" title="The Shops At Montebello"/>
  <stop lat="34.0565599" lon="-118.23721" stopId="03332" tag="3332" title="Alameda / Los Angeles"/>
  <stop lat="34.0578599" lon="-118.17202" stopId="03451" tag="3451" title="Eastern / City Terrace"/>
  <stop lat="34.0593699" lon="-118.1726399" stopId="03455" tag="3455" title="Eastern / Ramona"/>
  <stop lat="34.0361" lon="-118.1848499" stopId="03550" tag="3550" title="1st / Gage"/>
  <stop lat="34.0535999" lon="-118.24059" stopId="03745" tag="3745" title="Los Angeles / Temple"/>
  <stop lat="34.0564199" lon="-118.22034" stopId="03804" tag="3804" title="740 Mission"/>
  <stop lat="34.06062" lon="-118.16804" stopId="04427" tag="4427" title="Ramona / Centre Plaza"/>
  <stop lat="34.0587999" lon="-118.21641" stopId="04486" tag="4486" title="Mission / Richmond"/>
  <stop lat="34.0491899" lon="-118.23364" stopId="04890" tag="4890" title="Vignes / Banning"/>
  <stop lat="34.0657099" lon="-118.13445" tag="5004_ar" title="Atlantic / Emerson Lo"/>
  <stop lat="34.0336499" lon="-118.15254" stopId="05082" tag="5082" title="Atlantic / Pomona"/>
  <stop lat="34.0335399" lon="-118.1560599" stopId="05084" tag="5084" title="3rd / Woods"/>
  <stop lat="34.035" lon="-118.16167" stopId="05085" tag="5085" title="Mednik / Civic Center"/>
  <stop lat="34.0371099" lon="-118.16218" stopId="05087" tag="5087" title="1st / Mednik"/>
  <stop lat="34.06464" lon="-118.15482" stopId="05089" tag="5089" title="Garvey / Montezuma"/>
  <stop lat="34.05145" lon="-118.23829" stopId="05112" tag="5112" title="Temple / Alameda"/>
  <stop lat="34.0642599" lon="-118.15792" stopId="05424" tag="5424" title="Ramona / Warwick"/>
  <stop lat="34.0620899" lon="-118.1525299" stopId="07663" tag="7663" title="Garvey / Casuda Canyon"/>
  <stop lat="34.0600299" lon="-118.1459499" stopId="07664" tag="7664" title="Garvey / Abajo"/>
  <stop lat="34.06237" lon="-118.1339199" stopId="07665" tag="7665" title="Garvey / Atlantic"/>
  <stop lat="34.04979" lon="-118.19663" stopId="08217" tag="8217" title="Wabash / Evergreen"/>
  <stop lat="34.05138" lon="-118.20029" stopId="08219" tag="8219" title="Wabash / Mott"/>
  <stop lat="34.0527799" lon="-118.20359" stopId="08220" tag="8220" title="Wabash / Soto"/>
  <stop lat="34.0490099" lon="-118.1948299" stopId="08221" tag="8221" title="Wabash / Stone"/>
  <stop lat="34.0370199" lon="-118.17331" stopId="08612" tag="8612" title="1st / Eastern"/>
  <stop lat="34.04735" lon="-118.21961" stopId="09686" tag="9686" title="1st / Boyle"/>
  <stop lat="34.04453" lon="-118.21223" stopId="09688" tag="9688" title="1st / Chicago"/>
  <stop lat="34.0476599" lon="-118.2242199" stopId="09689" tag="9689" title="1st / Marquez"/>
  <stop lat="34.0454899" lon="-118.2147199" stopId="09690" tag="9690" title="1st / Cummings"/>
  <stop lat="34.03706" lon="-118.1652399" stopId="09691" tag="9691" title="1st / Dangler"/>
  <stop lat="34.03608" lon="-118.1893299" stopId="09692" tag="9692" title="1st / Ditman"/>
  <stop lat="34.04042" lon="-118.2021" stopId="09693" tag="9693" title="1st / Evergreen"/>
  <stop lat="34.0370299" lon="-118.16899" stopId="09694" tag="9694" title="1st / Ford"/>
  <stop lat="34.03607" lon="-118.1921999" stopId="09696" tag="9696" title="1st / Indiana"/>
  <stop lat="34.0371399" lon="-118.1947299" stopId="09698" tag="9698" title="1st / Lorena"/>
  <stop lat="34.03701" lon="-118.1759399" stopId="09701" tag="9701" title="1st / Marianna"/>
  <stop lat="34.0478499" lon="-118.22758" stopId="09703" tag="9703" title="1st / Mission"/>
  <stop lat="34.0420699" lon="-118.2058099" stopId="09704" tag="9704" title="1st / Mott"/>
  <stop lat="34.0360899" lon="-118.18723" stopId="09705" tag="9705" title="1st / Rowan"/>
  <stop lat="34.0439099" lon="-118.20991" stopId="09707" tag="9707" title="1st / Soto"/>
  <stop lat="34.0465899" lon="-118.2172099" stopId="09709" tag="9709" title="1st / State"/>
  <stop lat="34.0364599" lon="-118.1785" stopId="09710" tag="9710" title="1st / Sunol"/>
  <stop lat="34.0388399" lon="-118.1985699" stopId="09712" tag="9712" title="1st / Fresno"/>
  <stop lat="34.0361099" lon="-118.18368" stopId="09713" tag="9713" title="1st / Herbert"/>
  <stop lat="34.0337399" lon="-118.1253699" stopId="10171" tag="10171" title="Pomona / Wilcox"/>
  <stop lat="34.0554099" lon="-118.2049299" stopId="11653" tag="11653" title="Marengo / Cornwell"/>
  <stop lat="34.0544399" lon="-118.20312" stopId="12404" tag="12404" title="Soto / Marengo"/>
  <stop lat="34.0338799" lon="-118.12998" stopId="13523" tag="13523" title="Garfield / Pomona"/>
  <stop lat="34.05625" lon="-118.20687" stopId="15028" tag="15028" title="Marengo / Cummings"/>
  <stop lat="34.03674" lon="-118.1407499" stopId="16223" tag="16223" title="Riggin / Bradshawe"/>
  <stop lat="34.03682" lon="-118.1338699" stopId="16224" tag="16224" title="Riggin / Ferdinand"/>
  <stop lat="34.03677" lon="-118.1382799" stopId="16225" tag="16225" title="Riggin / Findlay"/>
  <stop lat="34.0367" lon="-118.1444999" stopId="16226" tag="16226" title="Riggin / Gerhart"/>
  <stop lat="34.0613199" lon="-118.1482299" stopId="18023" tag="18023" title="St Stevens Serbian"/>
  <stop lat="34.0399999" lon="-118.14599" stopId="30017" tag="30017" title="Elac Transit Center"/>
  <stop lat="34.05557" lon="-118.1786099" stopId="142080" tag="142080" title="City Terrace / Hazard"/>
  <stop lat="34.0368799" lon="-118.17323" stopId="00018" tag="18" title="1st / Eastern"/>
  <stop lat="34.0369499" lon="-118.14612" stopId="00646" tag="646" title="Riggin / Atlantic"/>
  <stop lat="34.0578199" lon="-118.23726" stopId="00655" tag="655" title="Alameda / Cesar E Chavez"/>
  <stop lat="34.0568299" lon="-118.23214" stopId="00683" tag="683" title="Cesar E Chavez / Vignes"/>
  <stop lat="34.0475899" lon="-118.2276099" stopId="01149" tag="1149" title="1st / Mission"/>
  <stop lat="34.04712" lon="-118.22" stopId="01150" tag="1150" title="1st / Boyle"/>
  <stop lat="34.0474299" lon="-118.2250699" stopId="01153" tag="1153" title="1st / Utah"/>
  <stop lat="34.0453799" lon="-118.2151499" stopId="01154" tag="1154" title="1st / Cummings"/>
  <stop lat="34.0369099" lon="-118.16495" stopId="01155" tag="1155" title="1st / Dangler"/>
  <stop lat="34.03593" lon="-118.18933" stopId="01156" tag="1156" title="1st / Ditman"/>
  <stop lat="34.0404099" lon="-118.2025799" stopId="01157" tag="1157" title="1st / Evergreen"/>
  <stop lat="34.03689" lon="-118.1693299" stopId="01158" tag="1158" title="1st / Ford"/>
  <stop lat="34.0359499" lon="-118.18673" stopId="01159" tag="1159" title="1st / Rowan"/>
  <stop lat="34.03593" lon="-118.1921899" stopId="01160" tag="1160" title="1st / Indiana"/>
  <stop lat="34.0369299" lon="-118.1947699" stopId="01162" tag="1162" title="1st / Lorena"/>
  <stop lat="34.0368599" lon="-118.17548" stopId="01167" tag="1167" title="1st / Marianna"/>
  <stop lat="34.0418599" lon="-118.2058499" stopId="01169" tag="1169" title="1st / Mott"/>
  <stop lat="34.0436899" lon="-118.21004" stopId="01173" tag="1173" title="1st / Soto"/>
  <stop lat="34.04649" lon="-118.21764" stopId="01175" tag="1175" title="1st / State"/>
  <stop lat="34.0362199" lon="-118.17881" stopId="01176" tag="1176" title="1st / Sunol"/>
  <stop lat="34.0387899" lon="-118.1989699" stopId="01178" tag="1178" title="1st / Fresno"/>
  <stop lat="34.03598" lon="-118.1831999" stopId="01179" tag="1179" title="1st / Herbert"/>
  <stop lat="34.05446" lon="-118.1876799" stopId="02144" tag="2144" title="City Terrace / Rowan"/>
  <stop lat="34.03276" lon="-118.1204199" stopId="02147" tag="2147" title="Via Campo / Vail"/>
  <stop lat="34.04434" lon="-118.21276" stopId="02511" tag="2511" title="1st / Chicago"/>
  <stop lat="34.05423" lon="-118.2402199" stopId="03026" tag="3026" title="Los Angeles / Temple"/>
  <stop lat="34.0557899" lon="-118.2051599" stopId="03162" tag="3162" title="Marengo / Cornwell"/>
  <stop lat="34.0548599" lon="-118.20306" stopId="03168" tag="3168" title="Marengo / Soto"/>
  <stop lat="34.05787" lon="-118.20994" stopId="03170" tag="3170" title="Marengo / State"/>
  <stop lat="34.0344699" lon="-118.08438" tag="3279_ar" title="The Shops At Montebello Layover"/>
  <stop lat="34.0363999" lon="-118.08888" stopId="03299" tag="3299" title="The Shops At Montebello / Kaiser Permane"/>
  <stop lat="34.05781" lon="-118.17232" stopId="03452" tag="3452" title="Eastern / City Terrace"/>
  <stop lat="34.0375699" lon="-118.14606" stopId="04711" tag="4711" title="Atlantic / Riggin"/>
  <stop lat="34.0501799" lon="-118.2337299" stopId="04885" tag="4885" title="Temple / Vignes"/>
  <stop lat="34.0657099" lon="-118.13445" stopId="05004" tag="5004" title="Atlantic / Emerson Lo"/>
  <stop lat="34.03554" lon="-118.1619299" stopId="05086" tag="5086" title="Mednik / Civic Center"/>
  <stop lat="34.03327" lon="-118.1582899" stopId="05114" tag="5114" title="3rd / La Verne"/>
  <stop lat="34.03328" lon="-118.1550699" stopId="05127" tag="5127" title="Pomona / Beverly"/>
  <stop lat="34.03264" lon="-118.1290099" stopId="07100" tag="7100" title="Via Campo / Garfield"/>
  <stop lat="34.0326599" lon="-118.12632" stopId="07101" tag="7101" title="Via Campo / Wilcox"/>
  <stop lat="34.03648" lon="-118.1410699" stopId="07932" tag="7932" title="Riggin / Bradshawe"/>
  <stop lat="34.03657" lon="-118.1343599" stopId="07933" tag="7933" title="Riggin / Ferdinand"/>
  <stop lat="34.03652" lon="-118.1381099" stopId="07934" tag="7934" title="Riggin / Findlay"/>
  <stop lat="34.03645" lon="-118.1438399" stopId="07935" tag="7935" title="Riggin / Gerhart"/>
  <stop lat="34.0516199" lon="-118.2003299" stopId="08216" tag="8216" title="Wabash / Mott"/>
  <stop lat="34.0500799" lon="-118.1967899" stopId="08218" tag="8218" title="Wabash / Evergreen"/>
  <stop lat="34.0574899" lon="-118.17388" stopId="09275" tag="9275" title="City Terrace / McGilvrey"/>
  <stop lat="34.0557299" lon="-118.17799" stopId="09276" tag="9276" title="City Terrace / Miller"/>
  <stop lat="34.0489799" lon="-118.19172" stopId="09277" tag="9277" title="City Terrace / Alma"/>
  <stop lat="34.0556099" lon="-118.18326" stopId="09278" tag="9278" title="City Terrace / Herbert"/>
  <stop lat="34.04943" lon="-118.1891099" stopId="09280" tag="9280" title="City Terrace / Townsend"/>
  <stop lat="34.05119" lon="-118.1889099" stopId="09281" tag="9281" title="City Terrace / Pomeroy"/>
  <stop lat="34.0558699" lon="-118.18028" stopId="09282" tag="9282" title="City Terrace / Rogers"/>
  <stop lat="34.0359599" lon="-118.18478" stopId="09695" tag="9695" title="1st / Gage"/>
  <stop lat="34.0365799" lon="-118.1306699" stopId="10173" tag="10173" title="Riggin / Garfield"/>
  <stop lat="34.06215" lon="-118.1407599" stopId="10709" tag="10709" title="Garvey / Hitchcock"/>
  <stop lat="34.05674" lon="-118.20731" stopId="11654" tag="11654" title="Marengo / Brittania"/>
  <stop lat="34.06048" lon="-118.2147799" stopId="11744" tag="11744" title="Mission / Daly"/>
  <stop lat="34.03668" lon="-118.08086" stopId="11785" tag="11785" title="The Shops At Montebello - Macys"/>
  <stop lat="34.03697" lon="-118.0864599" stopId="11788" tag="11788" title="The Shops At Montebello - Jcpenney"/>
  <stop lat="34.0564699" lon="-118.23754" stopId="11817" tag="11817" title="Alameda / Los Angeles"/>
  <stop lat="34.05922" lon="-118.1728899" stopId="11946" tag="11946" title="Eastern / Ramona"/>
  <stop lat="34.05885" lon="-118.2167899" stopId="12290" tag="12290" title="Mission / Richmond"/>
  <stop lat="34.05079" lon="-118.23779" stopId="12544" tag="12544" title="Temple / Alameda"/>
  <stop lat="34.0607799" lon="-118.1678399" stopId="12889" tag="12889" title="Ramona / Centre Plaza"/>
  <stop lat="34.0654099" lon="-118.1554399" stopId="13534" tag="13534" title="Garvey / Ramona"/>
  <stop lat="34.03323" lon="-118.1619699" stopId="15116" tag="15116" title="3rd / Mednik"/>
  <stop lat="34.06228" lon="-118.15246" stopId="16005" tag="16005" title="Garvey / Casuda Canyon"/>
  <stop lat="34.0602699" lon="-118.1459799" stopId="16006" tag="16006" title="Garvey / Abajo"/>
  <stop lat="34.0625799" lon="-118.13456" stopId="16007" tag="16007" title="Garvey / Atlantic"/>
  <stop lat="34.0531199" lon="-118.20359" stopId="16497" tag="16497" title="Soto / Wabash"/>
  <stop lat="34.0489399" lon="-118.1941599" stopId="16498" tag="16498" title="Wabash / Stone"/>
  <stop lat="34.0566499" lon="-118.22045" stopId="17257" tag="17257" title="740 Mission"/>
  <stop lat="34.05451" lon="-118.2256699" stopId="17258" tag="17258" title="Mission / Cesar E Chavez"/>
  <stop lat="34.0616799" lon="-118.1487799" stopId="18024" tag="18024" title="St Stevens Serbian"/>
  <stop lat="34.0399999" lon="-118.14599" tag="30017_ar" title="Elac Transit Center"/>
  <stop lat="34.0354099" lon="-118.09151" stopId="176165" tag="176165" title="Town Center / Paramount"/>
  <direction name="South" tag="106_47_1" title="South to The Shops At Montebello" useForUI="true">
   <stop tag="5004"/>
   <stop tag="16007"/>
   <stop tag="10709"/>
   <stop tag="16006"/>
   <stop tag="18024"/>
   <stop tag="16005"/>
   <stop tag="13534"/>
   <stop tag="12889"/>
   <stop tag="708"/>
   <stop tag="11946"/>
   <stop tag="3452"/>
   <stop tag="9275"/>
   <stop tag="9276"/>
   <stop tag="9282"/>
   <stop tag="9278"/>
   <stop tag="2144"/>
   <stop tag="9281"/>
   <stop tag="9280"/>
   <stop tag="9277"/>
   <stop tag="16498"/>
   <stop tag="8218"/>
   <stop tag="8216"/>
   <stop tag="16497"/>
   <stop tag="3168"/>
   <stop tag="3162"/>
   <stop tag="11654"/>
   <stop tag="3170"/>
   <stop tag="11744"/>
   <stop tag="12290"/>
   <stop tag="17257"/>
   <stop tag="17258"/>
   <stop tag="683"/>
   <stop tag="655"/>
   <stop tag="11817"/>
   <stop tag="3026"/>
   <stop tag="12544"/>
   <stop tag="4885"/>
   <stop tag="1149"/>
   <stop tag="1153"/>
   <stop tag="1150"/>
   <stop tag="1175"/>
   <stop tag="1154"/>
   <stop tag="2511"/>
   <stop tag="1173"/>
   <stop tag="1169"/>
   <stop tag="1157"/>
   <stop tag="1178"/>
   <stop tag="1162"/>
   <stop tag="1160"/>
   <stop tag="1156"/>
   <stop tag="1159"/>
   <stop tag="9695"/>
   <stop tag="1179"/>
   <stop tag="1176"/>
   <stop tag="1167"/>
   <stop tag="18"/>
   <stop tag="1158"/>
   <stop tag="1155"/>
   <stop tag="5086"/>
   <stop tag="15116"/>
   <stop tag="5114"/>
   <stop tag="5127"/>
   <stop tag="646"/>
   <stop tag="7935"/>
   <stop tag="7932"/>
   <stop tag="7934"/>
   <stop tag="7933"/>
   <stop tag="10173"/>
   <stop tag="7100"/>
   <stop tag="7101"/>
   <stop tag="2147"/>
   <stop tag="176165"/>
   <stop tag="3299"/>
   <stop tag="11788"/>
   <stop tag="11785"/>
   <stop tag="3279_ar"/>
  </direction>
  <direction name="North" tag="106_42_0" title="North to Garvey &amp; Atlantic" useForUI="true">
   <stop tag="3279"/>
   <stop tag="3296"/>
   <stop tag="369"/>
   <stop tag="10171"/>
   <stop tag="13523"/>
   <stop tag="1620"/>
   <stop tag="16224"/>
   <stop tag="16225"/>
   <stop tag="16223"/>
   <stop tag="16226"/>
   <stop tag="643"/>
   <stop tag="5082"/>
   <stop tag="5084"/>
   <stop tag="3197"/>
   <stop tag="5085"/>
   <stop tag="5087"/>
   <stop tag="9691"/>
   <stop tag="9694"/>
   <stop tag="8612"/>
   <stop tag="9701"/>
   <stop tag="9710"/>
   <stop tag="9713"/>
   <stop tag="3550"/>
   <stop tag="9705"/>
   <stop tag="9692"/>
   <stop tag="9696"/>
   <stop tag="9698"/>
   <stop tag="9712"/>
   <stop tag="9693"/>
   <stop tag="9704"/>
   <stop tag="9707"/>
   <stop tag="9688"/>
   <stop tag="9690"/>
   <stop tag="9709"/>
   <stop tag="9686"/>
   <stop tag="9689"/>
   <stop tag="9703"/>
   <stop tag="4890"/>
   <stop tag="5112"/>
   <stop tag="3745"/>
   <stop tag="3332"/>
   <stop tag="656"/>
   <stop tag="3103"/>
   <stop tag="3264"/>
   <stop tag="3804"/>
   <stop tag="4486"/>
   <stop tag="3167"/>
   <stop tag="2156"/>
   <stop tag="15028"/>
   <stop tag="11653"/>
   <stop tag="12404"/>
   <stop tag="8220"/>
   <stop tag="8219"/>
   <stop tag="8217"/>
   <stop tag="8221"/>
   <stop tag="713"/>
   <stop tag="715"/>
   <stop tag="719"/>
   <stop tag="718"/>
   <stop tag="717"/>
   <stop tag="714"/>
   <stop tag="142080"/>
   <stop tag="720"/>
   <stop tag="712"/>
   <stop tag="3451"/>
   <stop tag="3455"/>
   <stop tag="708"/>
   <stop tag="4427"/>
   <stop tag="5424"/>
   <stop tag="5089"/>
   <stop tag="7663"/>
   <stop tag="18023"/>
   <stop tag="7664"/>
   <stop tag="2174"/>
   <stop tag="7665"/>
   <stop tag="5004_ar"/>
  </direction>
  <path>
   <point lat="34.04369" lon="-118.21004"/>
   <point lat="34.04317" lon="-118.20853"/>
   <point lat="34.04186" lon="-118.20585"/>
   <point lat="34.04041" lon="-118.20258"/>
   <point lat="34.03879" lon="-118.19897"/>
   <point lat="34.03693" lon="-118.19477"/>
   <point lat="34.03593" lon="-118.19219"/>
   <point lat="34.03593" lon="-118.18933"/>
   <point lat="34.03595" lon="-118.18673"/>
  </path>
  <path>
   <point lat="34.05683" lon="-118.23214"/>
   <point lat="34.0581" lon="-118.23705"/>
   <point lat="34.05782" lon="-118.23726"/>
  </path>
  <path>
   <point lat="34.05444" lon="-118.20312"/>
   <point lat="34.05395" lon="-118.20324"/>
   <point lat="34.05278" lon="-118.20359"/>
  </path>
  <path>
   <point lat="34.05784" lon="-118.23663"/>
   <point lat="34.0574299" lon="-118.23477"/>
   <point lat="34.05642" lon="-118.23164"/>
  </path>
  <path>
   <point lat="34.05486" lon="-118.20306"/>
   <point lat="34.05579" lon="-118.20516"/>
   <point lat="34.05674" lon="-118.20731"/>
   <point lat="34.05787" lon="-118.20994"/>
   <point lat="34.0585499" lon="-118.2118"/>
   <point lat="34.05904" lon="-118.2129"/>
   <point lat="34.05913" lon="-118.213"/>
   <point lat="34.05931" lon="-118.21316"/>
   <point lat="34.06062" lon="-118.2144"/>
   <point lat="34.06048" lon="-118.21478"/>
   <point lat="34.05885" lon="-118.21679"/>
   <point lat="34.05698" lon="-118.21906"/>
   <point lat="34.05665" lon="-118.22045"/>
   <point lat="34.0554599" lon="-118.22309"/>
   <point lat="34.05451" lon="-118.22567"/>
   <point lat="34.05447" lon="-118.22607"/>
   <point lat="34.05683" lon="-118.23214"/>
  </path>
  <path>
   <point lat="34.05642" lon="-118.23164"/>
   <point lat="34.0551699" lon="-118.22763"/>
   <point lat="34.05447" lon="-118.22607"/>
   <point lat="34.05433" lon="-118.22575"/>
   <point lat="34.05447" lon="-118.22509"/>
   <point lat="34.0554599" lon="-118.22309"/>
   <point lat="34.05642" lon="-118.22034"/>
   <point lat="34.05698" lon="-118.21906"/>
   <point lat="34.0588" lon="-118.21641"/>
   <point lat="34.06062" lon="-118.2144"/>
   <point lat="34.06033" lon="-118.21431"/>
   <point lat="34.05931" lon="-118.21316"/>
   <point lat="34.05913" lon="-118.213"/>
   <point lat="34.05906" lon="-118.21292"/>
   <point lat="34.05819" lon="-118.21099"/>
   <point lat="34.057" lon="-118.20858"/>
   <point lat="34.05625" lon="-118.20687"/>
   <point lat="34.05541" lon="-118.20493"/>
   <point lat="34.05462" lon="-118.20284"/>
   <point lat="34.05444" lon="-118.20312"/>
  </path>
  <path>
   <point lat="34.0625799" lon="-118.13456"/>
   <point lat="34.06246" lon="-118.13671"/>
   <point lat="34.06215" lon="-118.14076"/>
   <point lat="34.06133" lon="-118.14193"/>
   <point lat="34.0609899" lon="-118.14241"/>
   <point lat="34.06065" lon="-118.14296"/>
   <point lat="34.06041" lon="-118.14333"/>
   <point lat="34.06035" lon="-118.14341"/>
   <point lat="34.06023" lon="-118.14361"/>
   <point lat="34.06015" lon="-118.1438"/>
   <point lat="34.0600499" lon="-118.14409"/>
   <point lat="34.06" lon="-118.14428"/>
   <point lat="34.05997" lon="-118.14444"/>
   <point lat="34.05995" lon="-118.14457"/>
   <point lat="34.05993" lon="-118.14477"/>
   <point lat="34.05993" lon="-118.14516"/>
   <point lat="34.05994" lon="-118.14525"/>
   <point lat="34.05999" lon="-118.14549"/>
   <point lat="34.0600499" lon="-118.14568"/>
   <point lat="34.06007" lon="-118.14574"/>
   <point lat="34.06027" lon="-118.14598"/>
   <point lat="34.0604299" lon="-118.14642"/>
   <point lat="34.06168" lon="-118.14878"/>
   <point lat="34.06175" lon="-118.15104"/>
   <point lat="34.06177" lon="-118.15126"/>
   <point lat="34.06177" lon="-118.15134"/>
   <point lat="34.06178" lon="-118.15147"/>
   <point lat="34.06181" lon="-118.15161"/>
   <point lat="34.0618399" lon="-118.15169"/>
   <point lat="34.06206" lon="-118.15223"/>
   <point lat="34.06228" lon="-118.15246"/>
   <point lat="34.06237" lon="-118.15284"/>
   <point lat="34.06541" lon="-118.15544"/>
   <point lat="34.06542" lon="-118.15583"/>
   <point lat="34.06371" lon="-118.15921"/>
   <point lat="34.06364" lon="-118.15931"/>
   <point lat="34.06333" lon="-118.15966"/>
   <point lat="34.0629599" lon="-118.16006"/>
   <point lat="34.06243" lon="-118.16066"/>
   <point lat="34.06217" lon="-118.16101"/>
   <point lat="34.06197" lon="-118.16129"/>
   <point lat="34.06189" lon="-118.16142"/>
   <point lat="34.06173" lon="-118.16169"/>
   <point lat="34.06123" lon="-118.16247"/>
   <point lat="34.06097" lon="-118.16284"/>
   <point lat="34.06071" lon="-118.16316"/>
   <point lat="34.06063" lon="-118.16324"/>
   <point lat="34.06042" lon="-118.16347"/>
   <point lat="34.0601399" lon="-118.16374"/>
   <point lat="34.06009" lon="-118.16381"/>
   <point lat="34.0599599" lon="-118.16401"/>
   <point lat="34.05993" lon="-118.16406"/>
   <point lat="34.05979" lon="-118.16439"/>
   <point lat="34.05972" lon="-118.16464"/>
   <point lat="34.05969" lon="-118.16478"/>
   <point lat="34.0596699" lon="-118.16496"/>
   <point lat="34.0596699" lon="-118.16505"/>
   <point lat="34.05968" lon="-118.16518"/>
   <point lat="34.05969" lon="-118.16525"/>
   <point lat="34.0597" lon="-118.16533"/>
   <point lat="34.05975" lon="-118.16551"/>
   <point lat="34.0598" lon="-118.16566"/>
   <point lat="34.05983" lon="-118.16574"/>
   <point lat="34.06021" lon="-118.16653"/>
   <point lat="34.06036" lon="-118.16689"/>
   <point lat="34.06054" lon="-118.16727"/>
   <point lat="34.06057" lon="-118.16737"/>
   <point lat="34.06062" lon="-118.16755"/>
   <point lat="34.06078" lon="-118.16784"/>
   <point lat="34.06097" lon="-118.1695"/>
   <point lat="34.06098" lon="-118.1696"/>
   <point lat="34.06098" lon="-118.17018"/>
   <point lat="34.06096" lon="-118.17043"/>
   <point lat="34.06087" lon="-118.17088"/>
   <point lat="34.06102" lon="-118.17094"/>
   <point lat="34.06106" lon="-118.17095"/>
   <point lat="34.06117" lon="-118.17099"/>
   <point lat="34.06132" lon="-118.17104"/>
   <point lat="34.06151" lon="-118.17111"/>
   <point lat="34.06166" lon="-118.17117"/>
   <point lat="34.06191" lon="-118.17125"/>
   <point lat="34.06205" lon="-118.17131"/>
   <point lat="34.06215" lon="-118.17134"/>
   <point lat="34.06219" lon="-118.17135"/>
   <point lat="34.06223" lon="-118.17137"/>
   <point lat="34.0623999" lon="-118.17142"/>
   <point lat="34.06315" lon="-118.17162"/>
   <point lat="34.06335" lon="-118.17052"/>
   <point lat="34.06338" lon="-118.17013"/>
   <point lat="34.06339" lon="-118.1699"/>
   <point lat="34.06328" lon="-118.16868"/>
   <point lat="34.06327" lon="-118.16817"/>
   <point lat="34.06323" lon="-118.16814"/>
   <point lat="34.06309" lon="-118.16817"/>
   <point lat="34.06309" lon="-118.16824"/>
   <point lat="34.0631" lon="-118.16867"/>
   <point lat="34.06318" lon="-118.16908"/>
  </path>
  <path>
   <point lat="34.0439099" lon="-118.20991"/>
   <point lat="34.04444" lon="-118.21143"/>
   <point lat="34.04453" lon="-118.21223"/>
   <point lat="34.04549" lon="-118.21472"/>
   <point lat="34.04659" lon="-118.21721"/>
   <point lat="34.04718" lon="-118.21889"/>
   <point lat="34.04735" lon="-118.21961"/>
   <point lat="34.04766" lon="-118.22422"/>
   <point lat="34.0478499" lon="-118.22758"/>
   <point lat="34.04779" lon="-118.22877"/>
   <point lat="34.04783" lon="-118.22932"/>
   <point lat="34.04783" lon="-118.22949"/>
   <point lat="34.04798" lon="-118.23053"/>
   <point lat="34.04801" lon="-118.23072"/>
   <point lat="34.04824" lon="-118.23251"/>
   <point lat="34.04825" lon="-118.23256"/>
   <point lat="34.04842" lon="-118.23375"/>
   <point lat="34.04843" lon="-118.23387"/>
   <point lat="34.04856" lon="-118.23385"/>
   <point lat="34.04919" lon="-118.23364"/>
   <point lat="34.05023" lon="-118.23355"/>
   <point lat="34.0505" lon="-118.23556"/>
   <point lat="34.0505" lon="-118.23584"/>
   <point lat="34.05069" lon="-118.2374"/>
   <point lat="34.05074" lon="-118.23753"/>
   <point lat="34.0508499" lon="-118.23774"/>
   <point lat="34.05094" lon="-118.23787"/>
   <point lat="34.05108" lon="-118.23805"/>
   <point lat="34.05145" lon="-118.23829"/>
   <point lat="34.05246" lon="-118.23969"/>
   <point lat="34.05342" lon="-118.24086"/>
   <point lat="34.0536" lon="-118.24059"/>
   <point lat="34.05455" lon="-118.23981"/>
   <point lat="34.05528" lon="-118.23914"/>
   <point lat="34.05541" lon="-118.23904"/>
   <point lat="34.05634" lon="-118.23829"/>
   <point lat="34.05641" lon="-118.23819"/>
   <point lat="34.05643" lon="-118.23816"/>
   <point lat="34.05644" lon="-118.2381"/>
   <point lat="34.05642" lon="-118.23794"/>
   <point lat="34.05629" lon="-118.23742"/>
   <point lat="34.05656" lon="-118.23721"/>
   <point lat="34.05779" lon="-118.23711"/>
   <point lat="34.0581" lon="-118.23705"/>
   <point lat="34.05784" lon="-118.23663"/>
  </path>
  <path>
   <point lat="34.0368799" lon="-118.17323"/>
   <point lat="34.03695" lon="-118.17046"/>
   <point lat="34.03689" lon="-118.16933"/>
   <point lat="34.03691" lon="-118.16495"/>
   <point lat="34.03701" lon="-118.1638"/>
   <point lat="34.03704" lon="-118.16185"/>
   <point lat="34.03694" lon="-118.16185"/>
   <point lat="34.03671" lon="-118.16184"/>
   <point lat="34.0361199" lon="-118.16184"/>
   <point lat="34.03606" lon="-118.16183"/>
   <point lat="34.03554" lon="-118.16193"/>
   <point lat="34.03487" lon="-118.16179"/>
   <point lat="34.03323" lon="-118.16197"/>
   <point lat="34.03327" lon="-118.15829"/>
   <point lat="34.03328" lon="-118.15507"/>
   <point lat="34.03338" lon="-118.15337"/>
   <point lat="34.03336" lon="-118.15265"/>
   <point lat="34.0335899" lon="-118.1524"/>
   <point lat="34.03374" lon="-118.1522"/>
   <point lat="34.03412" lon="-118.15164"/>
   <point lat="34.03482" lon="-118.15056"/>
   <point lat="34.03514" lon="-118.15006"/>
   <point lat="34.0375" lon="-118.14642"/>
   <point lat="34.0373" lon="-118.14623"/>
   <point lat="34.03695" lon="-118.14612"/>
  </path>
  <path>
   <point lat="34.03757" lon="-118.14606"/>
   <point lat="34.03936" lon="-118.14353"/>
   <point lat="34.04012" lon="-118.14429"/>
   <point lat="34.03955" lon="-118.14515"/>
   <point lat="34.04" lon="-118.14599"/>
  </path>
  <path>
   <point lat="34.05312" lon="-118.20359"/>
   <point lat="34.05372" lon="-118.2034"/>
   <point lat="34.05395" lon="-118.20324"/>
   <point lat="34.05486" lon="-118.20306"/>
  </path>
  <path>
   <point lat="34.06318" lon="-118.16908"/>
   <point lat="34.06339" lon="-118.1699"/>
   <point lat="34.06338" lon="-118.17013"/>
   <point lat="34.06335" lon="-118.17052"/>
   <point lat="34.06315" lon="-118.17162"/>
   <point lat="34.0623999" lon="-118.17142"/>
   <point lat="34.06223" lon="-118.17137"/>
   <point lat="34.06219" lon="-118.17135"/>
   <point lat="34.06215" lon="-118.17134"/>
   <point lat="34.06205" lon="-118.17131"/>
   <point lat="34.06191" lon="-118.17125"/>
   <point lat="34.06166" lon="-118.17117"/>
   <point lat="34.06151" lon="-118.17111"/>
   <point lat="34.06132" lon="-118.17104"/>
   <point lat="34.06117" lon="-118.17099"/>
   <point lat="34.06106" lon="-118.17095"/>
   <point lat="34.06102" lon="-118.17094"/>
   <point lat="34.06087" lon="-118.17088"/>
   <point lat="34.06096" lon="-118.17043"/>
   <point lat="34.06098" lon="-118.17018"/>
   <point lat="34.06098" lon="-118.1696"/>
   <point lat="34.06097" lon="-118.1695"/>
   <point lat="34.06062" lon="-118.16804"/>
   <point lat="34.06057" lon="-118.16737"/>
   <point lat="34.06054" lon="-118.16727"/>
   <point lat="34.06036" lon="-118.16689"/>
   <point lat="34.06021" lon="-118.16653"/>
   <point lat="34.05983" lon="-118.16574"/>
   <point lat="34.0598" lon="-118.16566"/>
   <point lat="34.05975" lon="-118.16551"/>
   <point lat="34.0597" lon="-118.16533"/>
   <point lat="34.05969" lon="-118.16525"/>
   <point lat="34.05968" lon="-118.16518"/>
   <point lat="34.0596699" lon="-118.16505"/>
   <point lat="34.0596699" lon="-118.16496"/>
   <point lat="34.05969" lon="-118.16478"/>
   <point lat="34.05972" lon="-118.16464"/>
   <point lat="34.05979" lon="-118.16439"/>
   <point lat="34.05993" lon="-118.16406"/>
   <point lat="34.0599599" lon="-118.16401"/>
   <point lat="34.06009" lon="-118.16381"/>
   <point lat="34.0601399" lon="-118.16374"/>
   <point lat="34.06042" lon="-118.16347"/>
   <point lat="34.06063" lon="-118.16324"/>
   <point lat="34.06071" lon="-118.16316"/>
   <point lat="34.06097" lon="-118.16284"/>
   <point lat="34.06123" lon="-118.16247"/>
   <point lat="34.06173" lon="-118.16169"/>
   <point lat="34.06189" lon="-118.16142"/>
   <point lat="34.06197" lon="-118.16129"/>
   <point lat="34.06217" lon="-118.16101"/>
   <point lat="34.06243" lon="-118.16066"/>
   <point lat="34.0629599" lon="-118.16006"/>
   <point lat="34.06333" lon="-118.15966"/>
   <point lat="34.06364" lon="-118.15931"/>
   <point lat="34.06426" lon="-118.15792"/>
   <point lat="34.06494" lon="-118.15691"/>
   <point lat="34.06518" lon="-118.15645"/>
   <point lat="34.06526" lon="-118.15634"/>
   <point lat="34.0653999" lon="-118.15593"/>
   <point lat="34.06542" lon="-118.15583"/>
   <point lat="34.06543" lon="-118.15576"/>
   <point lat="34.06542" lon="-118.1557"/>
   <point lat="34.06541" lon="-118.15558"/>
   <point lat="34.0653999" lon="-118.1555"/>
   <point lat="34.06539" lon="-118.15545"/>
   <point lat="34.06536" lon="-118.15537"/>
   <point lat="34.06534" lon="-118.15531"/>
   <point lat="34.0653099" lon="-118.15525"/>
   <point lat="34.06527" lon="-118.1552"/>
   <point lat="34.06509" lon="-118.155"/>
   <point lat="34.06464" lon="-118.15482"/>
   <point lat="34.0633399" lon="-118.15373"/>
   <point lat="34.06209" lon="-118.15253"/>
   <point lat="34.06181" lon="-118.15161"/>
   <point lat="34.06132" lon="-118.14823"/>
   <point lat="34.06114" lon="-118.14748"/>
   <point lat="34.06003" lon="-118.14595"/>
   <point lat="34.05994" lon="-118.14525"/>
   <point lat="34.05993" lon="-118.14516"/>
   <point lat="34.05993" lon="-118.14477"/>
   <point lat="34.05995" lon="-118.14457"/>
   <point lat="34.05997" lon="-118.14444"/>
   <point lat="34.06" lon="-118.14428"/>
   <point lat="34.0600499" lon="-118.14409"/>
   <point lat="34.06015" lon="-118.1438"/>
   <point lat="34.06023" lon="-118.14361"/>
   <point lat="34.06035" lon="-118.14341"/>
   <point lat="34.06041" lon="-118.14333"/>
   <point lat="34.06065" lon="-118.14296"/>
   <point lat="34.0609899" lon="-118.14241"/>
   <point lat="34.06133" lon="-118.14193"/>
   <point lat="34.06203" lon="-118.14029"/>
   <point lat="34.06235" lon="-118.13948"/>
   <point lat="34.06238" lon="-118.13919"/>
   <point lat="34.0623999" lon="-118.13894"/>
   <point lat="34.06245" lon="-118.13784"/>
   <point lat="34.06246" lon="-118.13671"/>
   <point lat="34.06237" lon="-118.13392"/>
   <point lat="34.06246" lon="-118.13204"/>
   <point lat="34.06612" lon="-118.13208"/>
   <point lat="34.06612" lon="-118.1343"/>
   <point lat="34.06571" lon="-118.13445"/>
  </path>
  <path>
   <point lat="34.04" lon="-118.14599"/>
   <point lat="34.03947" lon="-118.1455"/>
   <point lat="34.03939" lon="-118.14539"/>
   <point lat="34.03929" lon="-118.14554"/>
   <point lat="34.03825" lon="-118.14717"/>
   <point lat="34.0381799" lon="-118.14709"/>
   <point lat="34.03777" lon="-118.14668"/>
   <point lat="34.0375" lon="-118.14642"/>
   <point lat="34.03743" lon="-118.14682"/>
  </path>
  <path>
   <point lat="34.03609" lon="-118.18723"/>
   <point lat="34.03608" lon="-118.18933"/>
   <point lat="34.03607" lon="-118.1922"/>
   <point lat="34.03626" lon="-118.19305"/>
   <point lat="34.03714" lon="-118.19473"/>
   <point lat="34.03884" lon="-118.19857"/>
   <point lat="34.04042" lon="-118.2021"/>
   <point lat="34.04207" lon="-118.20581"/>
   <point lat="34.0439099" lon="-118.20991"/>
  </path>
  <path>
   <point lat="34.06318" lon="-118.16908"/>
   <point lat="34.06339" lon="-118.1699"/>
   <point lat="34.06338" lon="-118.17013"/>
   <point lat="34.06335" lon="-118.17052"/>
   <point lat="34.06315" lon="-118.17162"/>
   <point lat="34.0623999" lon="-118.17142"/>
   <point lat="34.06223" lon="-118.17137"/>
   <point lat="34.06219" lon="-118.17135"/>
   <point lat="34.06215" lon="-118.17134"/>
   <point lat="34.06205" lon="-118.17131"/>
   <point lat="34.06191" lon="-118.17125"/>
   <point lat="34.06166" lon="-118.17117"/>
   <point lat="34.06151" lon="-118.17111"/>
   <point lat="34.06132" lon="-118.17104"/>
   <point lat="34.06087" lon="-118.17088"/>
   <point lat="34.06083" lon="-118.1711"/>
   <point lat="34.05981" lon="-118.17244"/>
   <point lat="34.05922" lon="-118.17289"/>
   <point lat="34.05781" lon="-118.17232"/>
   <point lat="34.05757" lon="-118.17214"/>
   <point lat="34.05749" lon="-118.17388"/>
   <point lat="34.0557299" lon="-118.17799"/>
   <point lat="34.05567" lon="-118.17844"/>
   <point lat="34.05587" lon="-118.18028"/>
   <point lat="34.05586" lon="-118.1818"/>
   <point lat="34.05561" lon="-118.18326"/>
   <point lat="34.05492" lon="-118.186"/>
   <point lat="34.0549" lon="-118.18633"/>
   <point lat="34.05489" lon="-118.18645"/>
   <point lat="34.05489" lon="-118.18652"/>
   <point lat="34.05486" lon="-118.18662"/>
   <point lat="34.0547899" lon="-118.18689"/>
   <point lat="34.05474" lon="-118.18702"/>
   <point lat="34.05468" lon="-118.18715"/>
   <point lat="34.05462" lon="-118.18725"/>
   <point lat="34.05446" lon="-118.18768"/>
   <point lat="34.05389" lon="-118.18813"/>
   <point lat="34.05338" lon="-118.18843"/>
   <point lat="34.05325" lon="-118.18848"/>
   <point lat="34.05309" lon="-118.18853"/>
   <point lat="34.05278" lon="-118.1886"/>
   <point lat="34.05119" lon="-118.18891"/>
   <point lat="34.04943" lon="-118.18911"/>
   <point lat="34.0491" lon="-118.18911"/>
   <point lat="34.04903" lon="-118.18916"/>
   <point lat="34.04897" lon="-118.18924"/>
   <point lat="34.04891" lon="-118.18933"/>
   <point lat="34.0488799" lon="-118.18939"/>
   <point lat="34.04882" lon="-118.18953"/>
   <point lat="34.0487899" lon="-118.18962"/>
   <point lat="34.04877" lon="-118.1897"/>
   <point lat="34.04875" lon="-118.18981"/>
   <point lat="34.04874" lon="-118.18998"/>
   <point lat="34.04872" lon="-118.19024"/>
   <point lat="34.04872" lon="-118.19049"/>
   <point lat="34.04873" lon="-118.19069"/>
   <point lat="34.04872" lon="-118.19076"/>
   <point lat="34.04881" lon="-118.19126"/>
   <point lat="34.04898" lon="-118.19172"/>
   <point lat="34.04884" lon="-118.19209"/>
   <point lat="34.04868" lon="-118.19234"/>
   <point lat="34.04857" lon="-118.19243"/>
   <point lat="34.04853" lon="-118.19248"/>
   <point lat="34.04848" lon="-118.19255"/>
   <point lat="34.04844" lon="-118.19262"/>
   <point lat="34.0484099" lon="-118.19268"/>
   <point lat="34.04839" lon="-118.19276"/>
   <point lat="34.04837" lon="-118.19282"/>
   <point lat="34.04836" lon="-118.19297"/>
   <point lat="34.04838" lon="-118.19313"/>
   <point lat="34.04839" lon="-118.1932"/>
   <point lat="34.04855" lon="-118.19355"/>
   <point lat="34.04869" lon="-118.19383"/>
   <point lat="34.04894" lon="-118.19416"/>
   <point lat="34.04904" lon="-118.19463"/>
   <point lat="34.05008" lon="-118.19679"/>
   <point lat="34.05141" lon="-118.20009"/>
   <point lat="34.05162" lon="-118.20033"/>
   <point lat="34.05312" lon="-118.20359"/>
  </path>
  <path>
   <point lat="34.03702" lon="-118.17331"/>
   <point lat="34.03701" lon="-118.17594"/>
   <point lat="34.03693" lon="-118.17641"/>
   <point lat="34.03646" lon="-118.1785"/>
   <point lat="34.036" lon="-118.17983"/>
   <point lat="34.03588" lon="-118.18027"/>
   <point lat="34.03581" lon="-118.18059"/>
   <point lat="34.03578" lon="-118.18088"/>
   <point lat="34.03578" lon="-118.18095"/>
   <point lat="34.03579" lon="-118.18121"/>
   <point lat="34.03582" lon="-118.18148"/>
   <point lat="34.03587" lon="-118.1817"/>
   <point lat="34.03598" lon="-118.18212"/>
   <point lat="34.03611" lon="-118.18368"/>
   <point lat="34.0361" lon="-118.18485"/>
   <point lat="34.03609" lon="-118.18723"/>
  </path>
  <path>
   <point lat="34.03743" lon="-118.14682"/>
   <point lat="34.03365" lon="-118.15254"/>
   <point lat="34.03336" lon="-118.15265"/>
   <point lat="34.03338" lon="-118.15337"/>
   <point lat="34.03354" lon="-118.15606"/>
   <point lat="34.03338" lon="-118.16029"/>
   <point lat="34.03335" lon="-118.16214"/>
   <point lat="34.03354" lon="-118.16205"/>
   <point lat="34.03376" lon="-118.16185"/>
   <point lat="34.03421" lon="-118.16186"/>
   <point lat="34.0349999" lon="-118.16167"/>
   <point lat="34.03606" lon="-118.16183"/>
   <point lat="34.03711" lon="-118.16218"/>
   <point lat="34.0370599" lon="-118.16524"/>
   <point lat="34.03703" lon="-118.16899"/>
   <point lat="34.03702" lon="-118.17331"/>
  </path>
  <path>
   <point lat="34.0368799" lon="-118.17323"/>
   <point lat="34.03695" lon="-118.17046"/>
   <point lat="34.03689" lon="-118.16933"/>
   <point lat="34.03691" lon="-118.16495"/>
   <point lat="34.03701" lon="-118.1638"/>
   <point lat="34.03704" lon="-118.16185"/>
   <point lat="34.03694" lon="-118.16185"/>
   <point lat="34.03671" lon="-118.16184"/>
   <point lat="34.0361199" lon="-118.16184"/>
   <point lat="34.03606" lon="-118.16183"/>
   <point lat="34.03554" lon="-118.16193"/>
   <point lat="34.03487" lon="-118.16179"/>
   <point lat="34.03323" lon="-118.16197"/>
   <point lat="34.03327" lon="-118.15829"/>
   <point lat="34.03328" lon="-118.15507"/>
   <point lat="34.03338" lon="-118.15337"/>
   <point lat="34.03336" lon="-118.15265"/>
   <point lat="34.0335899" lon="-118.1524"/>
   <point lat="34.03374" lon="-118.1522"/>
   <point lat="34.03412" lon="-118.15164"/>
   <point lat="34.03482" lon="-118.15056"/>
   <point lat="34.0364" lon="-118.14812"/>
   <point lat="34.03757" lon="-118.14606"/>
  </path>
  <path>
   <point lat="34.03695" lon="-118.14612"/>
   <point lat="34.0368" lon="-118.14562"/>
   <point lat="34.03645" lon="-118.14384"/>
   <point lat="34.03648" lon="-118.14107"/>
   <point lat="34.03652" lon="-118.13811"/>
   <point lat="34.03657" lon="-118.13436"/>
   <point lat="34.03658" lon="-118.13067"/>
   <point lat="34.03438" lon="-118.1302"/>
   <point lat="34.03324" lon="-118.13006"/>
   <point lat="34.0327399" lon="-118.12997"/>
   <point lat="34.03264" lon="-118.12901"/>
   <point lat="34.03266" lon="-118.12632"/>
   <point lat="34.03276" lon="-118.12042"/>
   <point lat="34.03292" lon="-118.11715"/>
   <point lat="34.03455" lon="-118.10613"/>
   <point lat="34.03536" lon="-118.10256"/>
   <point lat="34.03553" lon="-118.10162"/>
   <point lat="34.03561" lon="-118.10102"/>
   <point lat="34.03566" lon="-118.10049"/>
   <point lat="34.03569" lon="-118.09975"/>
   <point lat="34.03569" lon="-118.09945"/>
   <point lat="34.03564" lon="-118.09705"/>
   <point lat="34.03541" lon="-118.09545"/>
   <point lat="34.03537" lon="-118.09505"/>
   <point lat="34.03534" lon="-118.09489"/>
   <point lat="34.0349" lon="-118.09373"/>
   <point lat="34.03482" lon="-118.09355"/>
   <point lat="34.03477" lon="-118.09338"/>
   <point lat="34.03469" lon="-118.09313"/>
   <point lat="34.03466" lon="-118.09298"/>
   <point lat="34.03465" lon="-118.09283"/>
   <point lat="34.03466" lon="-118.09273"/>
   <point lat="34.03469" lon="-118.09258"/>
   <point lat="34.03477" lon="-118.0924"/>
   <point lat="34.03483" lon="-118.09231"/>
   <point lat="34.03494" lon="-118.09217"/>
   <point lat="34.03541" lon="-118.09151"/>
   <point lat="34.0364" lon="-118.08888"/>
   <point lat="34.03669" lon="-118.08798"/>
   <point lat="34.0369699" lon="-118.08646"/>
   <point lat="34.03745" lon="-118.0846"/>
   <point lat="34.03751" lon="-118.08421"/>
   <point lat="34.03751" lon="-118.08397"/>
   <point lat="34.03749" lon="-118.08366"/>
   <point lat="34.03747" lon="-118.08354"/>
   <point lat="34.03757" lon="-118.08344"/>
   <point lat="34.0376199" lon="-118.08336"/>
   <point lat="34.03764" lon="-118.08327"/>
   <point lat="34.03767" lon="-118.08308"/>
   <point lat="34.03772" lon="-118.083"/>
   <point lat="34.03774" lon="-118.08295"/>
   <point lat="34.03779" lon="-118.08275"/>
   <point lat="34.03782" lon="-118.0826"/>
   <point lat="34.03784" lon="-118.08244"/>
   <point lat="34.03792" lon="-118.08193"/>
   <point lat="34.03775" lon="-118.08174"/>
   <point lat="34.03759" lon="-118.08157"/>
   <point lat="34.03724" lon="-118.08124"/>
   <point lat="34.0366799" lon="-118.08086"/>
   <point lat="34.03657" lon="-118.08055"/>
   <point lat="34.03639" lon="-118.0804"/>
   <point lat="34.03626" lon="-118.08032"/>
   <point lat="34.0361199" lon="-118.08023"/>
   <point lat="34.03592" lon="-118.08014"/>
   <point lat="34.03582" lon="-118.08011"/>
   <point lat="34.03566" lon="-118.08007"/>
   <point lat="34.03544" lon="-118.08007"/>
   <point lat="34.03535" lon="-118.0801"/>
   <point lat="34.03525" lon="-118.08016"/>
   <point lat="34.03515" lon="-118.08023"/>
   <point lat="34.03491" lon="-118.08042"/>
   <point lat="34.03479" lon="-118.08051"/>
   <point lat="34.03459" lon="-118.08088"/>
   <point lat="34.03451" lon="-118.08104"/>
   <point lat="34.03441" lon="-118.08132"/>
   <point lat="34.03439" lon="-118.08138"/>
   <point lat="34.0343" lon="-118.08163"/>
   <point lat="34.0342" lon="-118.08203"/>
   <point lat="34.03417" lon="-118.08216"/>
   <point lat="34.03414" lon="-118.08253"/>
   <point lat="34.03414" lon="-118.08282"/>
   <point lat="34.0341499" lon="-118.08299"/>
   <point lat="34.03419" lon="-118.08339"/>
   <point lat="34.03426" lon="-118.08378"/>
   <point lat="34.03447" lon="-118.08438"/>
  </path>
  <path>
   <point lat="34.03447" lon="-118.08438"/>
   <point lat="34.03456" lon="-118.08504"/>
   <point lat="34.03492" lon="-118.0884"/>
   <point lat="34.03494" lon="-118.08861"/>
   <point lat="34.03493" lon="-118.08882"/>
   <point lat="34.0349" lon="-118.08897"/>
   <point lat="34.03483" lon="-118.08924"/>
   <point lat="34.03419" lon="-118.09056"/>
   <point lat="34.0346199" lon="-118.09101"/>
   <point lat="34.03489" lon="-118.0918"/>
   <point lat="34.03504" lon="-118.09202"/>
   <point lat="34.03517" lon="-118.09218"/>
   <point lat="34.03527" lon="-118.09228"/>
   <point lat="34.03543" lon="-118.09243"/>
   <point lat="34.03551" lon="-118.09249"/>
   <point lat="34.0357399" lon="-118.09269"/>
   <point lat="34.0358" lon="-118.09274"/>
   <point lat="34.03593" lon="-118.09284"/>
   <point lat="34.03599" lon="-118.09288"/>
   <point lat="34.03635" lon="-118.09309"/>
   <point lat="34.03655" lon="-118.09316"/>
   <point lat="34.03708" lon="-118.09327"/>
   <point lat="34.0371499" lon="-118.09266"/>
   <point lat="34.03716" lon="-118.09236"/>
   <point lat="34.03712" lon="-118.09222"/>
   <point lat="34.03707" lon="-118.09214"/>
   <point lat="34.03699" lon="-118.09204"/>
   <point lat="34.03695" lon="-118.09201"/>
   <point lat="34.03691" lon="-118.09199"/>
   <point lat="34.03686" lon="-118.09198"/>
   <point lat="34.0368" lon="-118.09197"/>
   <point lat="34.03673" lon="-118.09198"/>
   <point lat="34.03665" lon="-118.092"/>
   <point lat="34.03658" lon="-118.09204"/>
   <point lat="34.03648" lon="-118.09214"/>
   <point lat="34.03625" lon="-118.09239"/>
   <point lat="34.03616" lon="-118.0928"/>
   <point lat="34.03613" lon="-118.09296"/>
   <point lat="34.03604" lon="-118.09335"/>
   <point lat="34.03589" lon="-118.09414"/>
   <point lat="34.03585" lon="-118.09438"/>
   <point lat="34.03581" lon="-118.09474"/>
   <point lat="34.03579" lon="-118.09522"/>
   <point lat="34.03579" lon="-118.09563"/>
   <point lat="34.03581" lon="-118.09647"/>
   <point lat="34.03581" lon="-118.0968"/>
   <point lat="34.03588" lon="-118.09913"/>
   <point lat="34.03586" lon="-118.10001"/>
   <point lat="34.03582" lon="-118.10071"/>
   <point lat="34.0357399" lon="-118.10137"/>
   <point lat="34.03564" lon="-118.10209"/>
   <point lat="34.03542" lon="-118.10323"/>
   <point lat="34.03431" lon="-118.10802"/>
   <point lat="34.03366" lon="-118.11114"/>
   <point lat="34.03351" lon="-118.1124"/>
   <point lat="34.03344" lon="-118.11317"/>
   <point lat="34.0334" lon="-118.11373"/>
   <point lat="34.03338" lon="-118.11473"/>
   <point lat="34.03347" lon="-118.11573"/>
   <point lat="34.03352" lon="-118.11646"/>
   <point lat="34.03357" lon="-118.11787"/>
   <point lat="34.03358" lon="-118.11993"/>
   <point lat="34.03362" lon="-118.12167"/>
   <point lat="34.03374" lon="-118.12537"/>
   <point lat="34.0336" lon="-118.12957"/>
   <point lat="34.0336" lon="-118.1301"/>
   <point lat="34.03388" lon="-118.12998"/>
   <point lat="34.03671" lon="-118.1305"/>
   <point lat="34.03684" lon="-118.13083"/>
   <point lat="34.03682" lon="-118.13387"/>
   <point lat="34.03677" lon="-118.13828"/>
   <point lat="34.03674" lon="-118.14075"/>
   <point lat="34.0367" lon="-118.1445"/>
   <point lat="34.03674" lon="-118.1455"/>
   <point lat="34.03743" lon="-118.14682"/>
  </path>
  <path>
   <point lat="34.06571" lon="-118.13445"/>
   <point lat="34.06285" lon="-118.13422"/>
   <point lat="34.06268" lon="-118.1342"/>
   <point lat="34.06246" lon="-118.13421"/>
   <point lat="34.0625799" lon="-118.13456"/>
  </path>
  <path>
   <point lat="34.05782" lon="-118.23726"/>
   <point lat="34.05647" lon="-118.23754"/>
   <point lat="34.05642" lon="-118.23794"/>
   <point lat="34.05644" lon="-118.2381"/>
   <point lat="34.05643" lon="-118.23816"/>
   <point lat="34.05641" lon="-118.23819"/>
   <point lat="34.05634" lon="-118.23829"/>
   <point lat="34.05541" lon="-118.23904"/>
   <point lat="34.0542299" lon="-118.24022"/>
   <point lat="34.05342" lon="-118.24086"/>
   <point lat="34.05116" lon="-118.23816"/>
   <point lat="34.05079" lon="-118.23779"/>
   <point lat="34.0506" lon="-118.2371"/>
   <point lat="34.05018" lon="-118.23373"/>
   <point lat="34.04934" lon="-118.2337"/>
   <point lat="34.04858" lon="-118.23384"/>
   <point lat="34.04843" lon="-118.23387"/>
   <point lat="34.04842" lon="-118.23375"/>
   <point lat="34.04825" lon="-118.23256"/>
   <point lat="34.04824" lon="-118.23251"/>
   <point lat="34.04801" lon="-118.23072"/>
   <point lat="34.04798" lon="-118.23053"/>
   <point lat="34.04784" lon="-118.22952"/>
   <point lat="34.04783" lon="-118.22932"/>
   <point lat="34.04779" lon="-118.22877"/>
   <point lat="34.04759" lon="-118.22761"/>
   <point lat="34.04743" lon="-118.22507"/>
   <point lat="34.04733" lon="-118.22151"/>
   <point lat="34.04712" lon="-118.22"/>
   <point lat="34.04718" lon="-118.21889"/>
   <point lat="34.04649" lon="-118.21764"/>
   <point lat="34.04568" lon="-118.2155"/>
   <point lat="34.04538" lon="-118.21515"/>
   <point lat="34.04434" lon="-118.21276"/>
   <point lat="34.04444" lon="-118.21143"/>
   <point lat="34.04369" lon="-118.21004"/>
  </path>
  <path>
   <point lat="34.03595" lon="-118.18673"/>
   <point lat="34.03596" lon="-118.18478"/>
   <point lat="34.03598" lon="-118.1832"/>
   <point lat="34.03598" lon="-118.18212"/>
   <point lat="34.03587" lon="-118.1817"/>
   <point lat="34.03582" lon="-118.18148"/>
   <point lat="34.03579" lon="-118.18121"/>
   <point lat="34.03578" lon="-118.18095"/>
   <point lat="34.03578" lon="-118.18088"/>
   <point lat="34.03581" lon="-118.18059"/>
   <point lat="34.03588" lon="-118.18027"/>
   <point lat="34.03622" lon="-118.17881"/>
   <point lat="34.03686" lon="-118.17548"/>
   <point lat="34.03695" lon="-118.17356"/>
   <point lat="34.0368799" lon="-118.17323"/>
  </path>
  <path>
   <point lat="34.05278" lon="-118.20359"/>
   <point lat="34.05138" lon="-118.20029"/>
   <point lat="34.04979" lon="-118.19663"/>
   <point lat="34.04901" lon="-118.19483"/>
   <point lat="34.04855" lon="-118.19355"/>
   <point lat="34.04839" lon="-118.1932"/>
   <point lat="34.04838" lon="-118.19313"/>
   <point lat="34.04836" lon="-118.19297"/>
   <point lat="34.04837" lon="-118.19282"/>
   <point lat="34.04839" lon="-118.19276"/>
   <point lat="34.0484099" lon="-118.19268"/>
   <point lat="34.04844" lon="-118.19262"/>
   <point lat="34.04848" lon="-118.19255"/>
   <point lat="34.04853" lon="-118.19248"/>
   <point lat="34.04857" lon="-118.19243"/>
   <point lat="34.04875" lon="-118.19201"/>
   <point lat="34.04872" lon="-118.19076"/>
   <point lat="34.04884" lon="-118.18926"/>
   <point lat="34.0491" lon="-118.18911"/>
   <point lat="34.0509" lon="-118.18869"/>
   <point lat="34.05213" lon="-118.18869"/>
   <point lat="34.05236" lon="-118.18868"/>
   <point lat="34.05278" lon="-118.1886"/>
   <point lat="34.05309" lon="-118.18853"/>
   <point lat="34.05325" lon="-118.18848"/>
   <point lat="34.05338" lon="-118.18843"/>
   <point lat="34.05363" lon="-118.18829"/>
   <point lat="34.05389" lon="-118.18813"/>
   <point lat="34.05399" lon="-118.18805"/>
   <point lat="34.0541" lon="-118.18794"/>
   <point lat="34.05429" lon="-118.18754"/>
   <point lat="34.05462" lon="-118.18725"/>
   <point lat="34.05468" lon="-118.18715"/>
   <point lat="34.05474" lon="-118.18702"/>
   <point lat="34.0547899" lon="-118.18689"/>
   <point lat="34.05486" lon="-118.18662"/>
   <point lat="34.05489" lon="-118.18652"/>
   <point lat="34.05489" lon="-118.18645"/>
   <point lat="34.0549" lon="-118.18633"/>
   <point lat="34.05492" lon="-118.186"/>
   <point lat="34.05536" lon="-118.1834"/>
   <point lat="34.0557299" lon="-118.18114"/>
   <point lat="34.05578" lon="-118.18046"/>
   <point lat="34.05557" lon="-118.17861"/>
   <point lat="34.05565" lon="-118.17767"/>
   <point lat="34.0559" lon="-118.17679"/>
   <point lat="34.05744" lon="-118.17353"/>
   <point lat="34.05776" lon="-118.17273"/>
   <point lat="34.05786" lon="-118.17202"/>
   <point lat="34.05937" lon="-118.17264"/>
   <point lat="34.05981" lon="-118.17244"/>
   <point lat="34.06151" lon="-118.17111"/>
   <point lat="34.06166" lon="-118.17117"/>
   <point lat="34.06191" lon="-118.17125"/>
   <point lat="34.06205" lon="-118.17131"/>
   <point lat="34.06215" lon="-118.17134"/>
   <point lat="34.06219" lon="-118.17135"/>
   <point lat="34.06223" lon="-118.17137"/>
   <point lat="34.0623999" lon="-118.17142"/>
   <point lat="34.06315" lon="-118.17162"/>
   <point lat="34.06335" lon="-118.17052"/>
   <point lat="34.06338" lon="-118.17013"/>
   <point lat="34.06339" lon="-118.1699"/>
   <point lat="34.06328" lon="-118.16868"/>
   <point lat="34.06327" lon="-118.16817"/>
   <point lat="34.06323" lon="-118.16814"/>
   <point lat="34.06309" lon="-118.16817"/>
   <point lat="34.06309" lon="-118.16824"/>
   <point lat="34.0631" lon="-118.16867"/>
   <point lat="34.06318" lon="-118.16908"/>
  </path>
 </route>
</body>