<?xml version="1.0" encoding="utf-8"?>
<body copyright="All data copyright Los Angeles Metro 2022.">
 <route color="e74d00" latMax="34.2652499" latMin="34.23171" lonMax="-118.38982" lonMin="-118.59887" oppositeColor="ffffff" tag="166" title="166 Chatsworth Sta -Sun Valley Via Nordh">
  <stop lat="34.23227" lon="-118.5621799" stopId="00843" tag="843" title="Corbin / Nordhoff Way"/>
  <stop lat="34.2556699" lon="-118.39286" stopId="01835" tag="1835" title="Branford / Glenoaks"/>
  <stop lat="34.2652499" lon="-118.40234" stopId="02255" tag="2255" title="Glenoaks / Osborne"/>
  <stop lat="34.23533" lon="-118.5978399" stopId="04022" tag="4022" title="Nordhoff / Canoga"/>
  <stop lat="34.23538" lon="-118.5270199" stopId="04032" tag="4032" title="Nordhoff / Lindley"/>
  <stop lat="34.2353699" lon="-118.53575" stopId="04041" tag="4041" title="Nordhoff / Reseda"/>
  <stop lat="34.2354399" lon="-118.4672" stopId="04044" tag="4044" title="Nordhoff / Sepulveda"/>
  <stop lat="34.2352999" lon="-118.4505" stopId="04046" tag="4046" title="Nordhoff / Van Nuys"/>
  <stop lat="34.23537" lon="-118.54885" stopId="04047" tag="4047" title="Nordhoff / Vanalden"/>
  <stop lat="34.2353799" lon="-118.5445" stopId="04049" tag="4049" title="Nordhoff / Wilbur"/>
  <stop lat="34.23172" lon="-118.5707099" stopId="04050" tag="4050" title="Nordhoff / Winnetka"/>
  <stop lat="34.2615799" lon="-118.3988399" stopId="04142" tag="4142" title="Glenoaks / Osborne Pl"/>
  <stop lat="34.2642899" lon="-118.40183" stopId="04143" tag="4143" title="Osborne / Glenoaks"/>
  <stop lat="34.23568" lon="-118.4346399" stopId="04145" tag="4145" title="Osborne / Gullo"/>
  <stop lat="34.2469599" lon="-118.41915" stopId="04147" tag="4147" title="Osborne / Laurel Canyon"/>
  <stop lat="34.2353699" lon="-118.55324" stopId="06458" tag="6458" title="Nordhoff / Tampa"/>
  <stop lat="34.2563899" lon="-118.38982" tag="9625_ar" title="Division 15 Layover"/>
  <stop lat="34.2587999" lon="-118.3961999" stopId="10775" tag="10775" title="Glenoaks / Montague"/>
  <stop lat="34.23539" lon="-118.55773" stopId="12503" tag="12503" title="Nordhoff / Shirley"/>
  <stop lat="34.2356599" lon="-118.5065699" stopId="12504" tag="12504" title="Nordhoff / Amestoy"/>
  <stop lat="34.2356299" lon="-118.50221" stopId="12505" tag="12505" title="Nordhoff / Balboa"/>
  <stop lat="34.2353799" lon="-118.4628799" stopId="12506" tag="12506" title="Nordhoff / Burnet"/>
  <stop lat="34.23532" lon="-118.45372" stopId="12508" tag="12508" title="Nordhoff / Cedros"/>
  <stop lat="34.23534" lon="-118.5882" stopId="12510" tag="12510" title="Nordhoff / De Soto"/>
  <stop lat="34.23571" lon="-118.5153" stopId="12511" tag="12511" title="Nordhoff / Encino"/>
  <stop lat="34.23536" lon="-118.5318699" stopId="12512" tag="12512" title="Nordhoff / Etiwanda"/>
  <stop lat="34.2353399" lon="-118.59362" stopId="12513" tag="12513" title="Nordhoff / Eton"/>
  <stop lat="34.2354899" lon="-118.4803799" stopId="12514" tag="12514" title="Nordhoff / Gloria"/>
  <stop lat="34.2354699" lon="-118.4764899" stopId="12515" tag="12515" title="Nordhoff / Haskell"/>
  <stop lat="34.2355799" lon="-118.4934699" stopId="12516" tag="12516" title="Nordhoff / Hayvenhurst"/>
  <stop lat="34.23533" lon="-118.45692" stopId="12517" tag="12517" title="Nordhoff / Kester"/>
  <stop lat="34.2356799" lon="-118.5109299" stopId="12519" tag="12519" title="Nordhoff / Louise"/>
  <stop lat="34.2353499" lon="-118.58436" stopId="12520" tag="12520" title="Nordhoff / Lurline"/>
  <stop lat="34.23171" lon="-118.57996" stopId="12521" tag="12521" title="Nordhoff / Mason"/>
  <stop lat="34.2353699" lon="-118.4607099" stopId="12522" tag="12522" title="Nordhoff / Noble"/>
  <stop lat="34.2317299" lon="-118.5669" stopId="12523" tag="12523" title="Nordhoff / Oakdale"/>
  <stop lat="34.2317199" lon="-118.57511" stopId="12524" tag="12524" title="Nordhoff / Oso"/>
  <stop lat="34.2356099" lon="-118.4983199" stopId="12526" tag="12526" title="Nordhoff / Petit"/>
  <stop lat="34.23555" lon="-118.48962" stopId="12528" tag="12528" title="Nordhoff / Gothic"/>
  <stop lat="34.23542" lon="-118.47213" stopId="12529" tag="12529" title="Nordhoff / Orion"/>
  <stop lat="34.23527" lon="-118.44607" stopId="12531" tag="12531" title="Nordhoff / Sylmar"/>
  <stop lat="34.2357599" lon="-118.52019" stopId="12536" tag="12536" title="Nordhoff / White Oak"/>
  <stop lat="34.23551" lon="-118.48481" stopId="12539" tag="12539" title="Nordhoff / Woodley"/>
  <stop lat="34.23519" lon="-118.4405699" stopId="12540" tag="12540" title="Nordhoff / Woodman"/>
  <stop lat="34.23537" lon="-118.5401099" stopId="12541" tag="12541" title="Nordhoff / Yolanda"/>
  <stop lat="34.23556" lon="-118.5232999" stopId="12542" tag="12542" title="Nordhoff / Zelzah"/>
  <stop lat="34.25936" lon="-118.4028599" stopId="12617" tag="12617" title="12411 Osborne"/>
  <stop lat="34.2421699" lon="-118.42573" stopId="12618" tag="12618" title="Osborne / Arleta"/>
  <stop lat="34.2397699" lon="-118.429" stopId="12619" tag="12619" title="Osborne / Beachy"/>
  <stop lat="34.2568099" lon="-118.40566" stopId="12620" tag="12620" title="Osborne / Bradley"/>
  <stop lat="34.23738" lon="-118.4322899" stopId="12621" tag="12621" title="Osborne / Canterbury"/>
  <stop lat="34.2438299" lon="-118.42343" stopId="12625" tag="12625" title="Osborne / On-Ramp"/>
  <stop lat="34.24908" lon="-118.4162399" stopId="12626" tag="12626" title="Osborne / Haddon"/>
  <stop lat="34.2539999" lon="-118.4095" stopId="12628" tag="12628" title="Osborne / San Fernando"/>
  <stop lat="34.2514699" lon="-118.41296" stopId="12629" tag="12629" title="Osborne / Telfair"/>
  <stop lat="34.23535" lon="-118.5621699" stopId="20342" tag="20342" title="Corbin / Nordhoff"/>
  <stop lat="34.2361099" lon="-118.59887" stopId="176101" tag="176101" title="Division 8 Layover"/>
  <stop lat="34.2321299" lon="-118.5626299" stopId="00840" tag="840" title="Nordhoff / Corbin"/>
  <stop lat="34.23521" lon="-118.5624099" stopId="01567" tag="1567" title="Corbin / Nordhoff Pl"/>
  <stop lat="34.25553" lon="-118.3933299" stopId="01842" tag="1842" title="Branford / Glenoaks"/>
  <stop lat="34.2586399" lon="-118.3957999" stopId="02239" tag="2239" title="Glenoaks / Montague"/>
  <stop lat="34.2355899" lon="-118.55778" stopId="04018" tag="4018" title="Nordhoff / Shirley"/>
  <stop lat="34.23591" lon="-118.50723" stopId="04019" tag="4019" title="Nordhoff / Amestoy"/>
  <stop lat="34.23563" lon="-118.46354" stopId="04021" tag="4021" title="Nordhoff / Burnet"/>
  <stop lat="34.2355699" lon="-118.4533899" stopId="04023" tag="4023" title="Nordhoff / Cedros"/>
  <stop lat="34.23559" lon="-118.5888599" stopId="04024" tag="4024" title="Nordhoff / De Soto"/>
  <stop lat="34.2359699" lon="-118.5154599" stopId="04025" tag="4025" title="Nordhoff / Encino"/>
  <stop lat="34.23561" lon="-118.53203" stopId="04026" tag="4026" title="Nordhoff / Etiwanda"/>
  <stop lat="34.2355899" lon="-118.5942799" stopId="04027" tag="4027" title="Nordhoff / Eton"/>
  <stop lat="34.23574" lon="-118.48055" stopId="04028" tag="4028" title="Nordhoff / Gloria"/>
  <stop lat="34.23572" lon="-118.47666" stopId="04029" tag="4029" title="Nordhoff / Haskell"/>
  <stop lat="34.2358299" lon="-118.4936299" stopId="04030" tag="4030" title="Nordhoff / Hayvenhurst"/>
  <stop lat="34.2355899" lon="-118.4571299" stopId="04031" tag="4031" title="Nordhoff / Kester"/>
  <stop lat="34.2359399" lon="-118.5115899" stopId="04033" tag="4033" title="Nordhoff / Louise"/>
  <stop lat="34.2356099" lon="-118.58404" stopId="04034" tag="4034" title="Nordhoff / Lurline"/>
  <stop lat="34.2319699" lon="-118.5801299" stopId="04035" tag="4035" title="Nordhoff / Mason"/>
  <stop lat="34.23562" lon="-118.46088" stopId="04036" tag="4036" title="Nordhoff / Noble"/>
  <stop lat="34.23198" lon="-118.5668999" stopId="04037" tag="4037" title="Nordhoff / Oakdale"/>
  <stop lat="34.2319699" lon="-118.57528" stopId="04038" tag="4038" title="Nordhoff / Oso"/>
  <stop lat="34.23586" lon="-118.49799" stopId="04040" tag="4040" title="Nordhoff / Petit"/>
  <stop lat="34.2358" lon="-118.48978" stopId="04042" tag="4042" title="Nordhoff / Gothic"/>
  <stop lat="34.2356899" lon="-118.4728899" stopId="04043" tag="4043" title="Nordhoff / Orion"/>
  <stop lat="34.23552" lon="-118.44612" stopId="04045" tag="4045" title="Nordhoff / Sylmar"/>
  <stop lat="34.2359999" lon="-118.51986" stopId="04048" tag="4048" title="Nordhoff / White Oak"/>
  <stop lat="34.23577" lon="-118.48538" stopId="04051" tag="4051" title="Nordhoff / Woodley"/>
  <stop lat="34.2354399" lon="-118.44023" stopId="04052" tag="4052" title="Nordhoff / Woodman"/>
  <stop lat="34.23563" lon="-118.54061" stopId="04053" tag="4053" title="Nordhoff / Yolanda"/>
  <stop lat="34.2358" lon="-118.5234899" stopId="04054" tag="4054" title="Nordhoff / Zelzah"/>
  <stop lat="34.2602999" lon="-118.4029099" stopId="04136" tag="4136" title="12411 Osborne"/>
  <stop lat="34.24227" lon="-118.4260499" stopId="04138" tag="4138" title="Osborne / Arleta"/>
  <stop lat="34.2396" lon="-118.4296899" stopId="04139" tag="4139" title="Osborne / Beachy"/>
  <stop lat="34.2571799" lon="-118.40562" stopId="04140" tag="4140" title="Osborne / Bradley"/>
  <stop lat="34.23748" lon="-118.4326199" stopId="04141" tag="4141" title="Osborne / Canterbury"/>
  <stop lat="34.2440299" lon="-118.42363" stopId="04144" tag="4144" title="Osborne / Golden State Fwy"/>
  <stop lat="34.2494599" lon="-118.41619" stopId="04146" tag="4146" title="Osborne / Haddon"/>
  <stop lat="34.2540999" lon="-118.40983" stopId="04148" tag="4148" title="Osborne / San Fernando"/>
  <stop lat="34.2518499" lon="-118.41291" stopId="04149" tag="4149" title="Osborne / Telfair"/>
  <stop lat="34.23559" lon="-118.5971099" stopId="12507" tag="12507" title="Nordhoff / G Line (Orange)"/>
  <stop lat="34.2356299" lon="-118.5271799" stopId="12518" tag="12518" title="Nordhoff / Lindley"/>
  <stop lat="34.2356099" lon="-118.53643" stopId="12527" tag="12527" title="Nordhoff / Reseda"/>
  <stop lat="34.23566" lon="-118.4679" stopId="12530" tag="12530" title="Nordhoff / Sepulveda"/>
  <stop lat="34.2355499" lon="-118.45057" stopId="12534" tag="12534" title="Nordhoff / Van Nuys"/>
  <stop lat="34.23563" lon="-118.54901" stopId="12535" tag="12535" title="Nordhoff / Vanalden"/>
  <stop lat="34.2356399" lon="-118.54466" stopId="12537" tag="12537" title="Nordhoff / Wilbur"/>
  <stop lat="34.2358299" lon="-118.4349" stopId="12622" tag="12622" title="Osborne / Gullo"/>
  <stop lat="34.2618199" lon="-118.3986799" stopId="12623" tag="12623" title="Glenoaks / Osborne Pl"/>
  <stop lat="34.2644699" lon="-118.4021" stopId="12624" tag="12624" title="Osborne / Glenoaks"/>
  <stop lat="34.2467899" lon="-118.41984" stopId="12627" tag="12627" title="Osborne / Laurel Canyon"/>
  <stop lat="34.2356299" lon="-118.5539" stopId="14835" tag="14835" title="Nordhoff / Tampa"/>
  <stop lat="34.2319699" lon="-118.57138" stopId="16796" tag="16796" title="Nordhoff / Winnetka"/>
  <stop lat="34.2358799" lon="-118.50286" stopId="24020" tag="24020" title="Nordhoff / Balboa"/>
  <stop lat="34.2361099" lon="-118.59887" tag="176101_ar" title="Division 8 Layover"/>
  <direction name="East" tag="166_33_0" title="East to Sun Valley" useForUI="true">
   <stop tag="176101"/>
   <stop tag="4022"/>
   <stop tag="12513"/>
   <stop tag="12510"/>
   <stop tag="12520"/>
   <stop tag="12521"/>
   <stop tag="12524"/>
   <stop tag="4050"/>
   <stop tag="12523"/>
   <stop tag="843"/>
   <stop tag="20342"/>
   <stop tag="12503"/>
   <stop tag="6458"/>
   <stop tag="4047"/>
   <stop tag="4049"/>
   <stop tag="12541"/>
   <stop tag="4041"/>
   <stop tag="12512"/>
   <stop tag="4032"/>
   <stop tag="12542"/>
   <stop tag="12536"/>
   <stop tag="12511"/>
   <stop tag="12519"/>
   <stop tag="12504"/>
   <stop tag="12505"/>
   <stop tag="12526"/>
   <stop tag="12516"/>
   <stop tag="12528"/>
   <stop tag="12539"/>
   <stop tag="12514"/>
   <stop tag="12515"/>
   <stop tag="12529"/>
   <stop tag="4044"/>
   <stop tag="12506"/>
   <stop tag="12522"/>
   <stop tag="12517"/>
   <stop tag="12508"/>
   <stop tag="4046"/>
   <stop tag="12531"/>
   <stop tag="12540"/>
   <stop tag="4145"/>
   <stop tag="12621"/>
   <stop tag="12619"/>
   <stop tag="12618"/>
   <stop tag="12625"/>
   <stop tag="4147"/>
   <stop tag="12626"/>
   <stop tag="12629"/>
   <stop tag="12628"/>
   <stop tag="12620"/>
   <stop tag="12617"/>
   <stop tag="4143"/>
   <stop tag="4142"/>
   <stop tag="10775"/>
   <stop tag="1835"/>
   <stop tag="9625_ar"/>
  </direction>
  <direction name="West" tag="166_86_1" title="West to Nordhoff-Canoga" useForUI="true">
   <stop tag="1842"/>
   <stop tag="2239"/>
   <stop tag="12623"/>
   <stop tag="12624"/>
   <stop tag="4136"/>
   <stop tag="4140"/>
   <stop tag="4148"/>
   <stop tag="4149"/>
   <stop tag="4146"/>
   <stop tag="12627"/>
   <stop tag="4144"/>
   <stop tag="4138"/>
   <stop tag="4139"/>
   <stop tag="4141"/>
   <stop tag="12622"/>
   <stop tag="4052"/>
   <stop tag="4045"/>
   <stop tag="12534"/>
   <stop tag="4023"/>
   <stop tag="4031"/>
   <stop tag="4036"/>
   <stop tag="4021"/>
   <stop tag="12530"/>
   <stop tag="4043"/>
   <stop tag="4029"/>
   <stop tag="4028"/>
   <stop tag="4051"/>
   <stop tag="4042"/>
   <stop tag="4030"/>
   <stop tag="4040"/>
   <stop tag="24020"/>
   <stop tag="4019"/>
   <stop tag="4033"/>
   <stop tag="4025"/>
   <stop tag="4048"/>
   <stop tag="4054"/>
   <stop tag="12518"/>
   <stop tag="4026"/>
   <stop tag="12527"/>
   <stop tag="4053"/>
   <stop tag="12537"/>
   <stop tag="12535"/>
   <stop tag="14835"/>
   <stop tag="4018"/>
   <stop tag="1567"/>
   <stop tag="840"/>
   <stop tag="4037"/>
   <stop tag="16796"/>
   <stop tag="4038"/>
   <stop tag="4035"/>
   <stop tag="4034"/>
   <stop tag="4024"/>
   <stop tag="4027"/>
   <stop tag="12507"/>
   <stop tag="176101_ar"/>
  </direction>
  <path>
   <point lat="34.2353" lon="-118.4505"/>
   <point lat="34.23527" lon="-118.44607"/>
   <point lat="34.23519" lon="-118.44057"/>
   <point lat="34.23525" lon="-118.43545"/>
   <point lat="34.23568" lon="-118.43464"/>
   <point lat="34.23738" lon="-118.43229"/>
   <point lat="34.23977" lon="-118.429"/>
   <point lat="34.24217" lon="-118.42573"/>
   <point lat="34.24383" lon="-118.42343"/>
   <point lat="34.24696" lon="-118.41915"/>
  </path>
  <path>
   <point lat="34.23537" lon="-118.53575"/>
   <point lat="34.23536" lon="-118.53187"/>
   <point lat="34.23538" lon="-118.52702"/>
   <point lat="34.23555" lon="-118.52462"/>
   <point lat="34.23556" lon="-118.5233"/>
   <point lat="34.23576" lon="-118.52019"/>
   <point lat="34.23586" lon="-118.51714"/>
   <point lat="34.23571" lon="-118.5153"/>
   <point lat="34.23568" lon="-118.51093"/>
   <point lat="34.23566" lon="-118.50657"/>
   <point lat="34.23563" lon="-118.50221"/>
  </path>
  <path>
   <point lat="34.26447" lon="-118.4021"/>
   <point lat="34.2603" lon="-118.40291"/>
   <point lat="34.25974" lon="-118.40288"/>
   <point lat="34.2597" lon="-118.4029"/>
   <point lat="34.25952" lon="-118.40296"/>
   <point lat="34.25932" lon="-118.40306"/>
   <point lat="34.25894" lon="-118.40327"/>
   <point lat="34.25873" lon="-118.40343"/>
   <point lat="34.25861" lon="-118.40355"/>
   <point lat="34.25854" lon="-118.40359"/>
   <point lat="34.25849" lon="-118.40367"/>
   <point lat="34.25845" lon="-118.40371"/>
   <point lat="34.2582" lon="-118.40402"/>
   <point lat="34.25811" lon="-118.40412"/>
   <point lat="34.25738" lon="-118.40511"/>
   <point lat="34.25718" lon="-118.40562"/>
   <point lat="34.2558099" lon="-118.40727"/>
   <point lat="34.2541" lon="-118.40983"/>
   <point lat="34.25185" lon="-118.41291"/>
   <point lat="34.24946" lon="-118.41619"/>
   <point lat="34.24679" lon="-118.41984"/>
  </path>
  <path>
   <point lat="34.26429" lon="-118.40183"/>
   <point lat="34.26465" lon="-118.40191"/>
   <point lat="34.26187" lon="-118.39894"/>
   <point lat="34.26158" lon="-118.39884"/>
   <point lat="34.2592799" lon="-118.39632"/>
   <point lat="34.2588" lon="-118.3962"/>
   <point lat="34.25803" lon="-118.39568"/>
   <point lat="34.25775" lon="-118.39556"/>
   <point lat="34.25762" lon="-118.39549"/>
   <point lat="34.25721" lon="-118.39523"/>
   <point lat="34.2571299" lon="-118.39516"/>
   <point lat="34.25688" lon="-118.39495"/>
   <point lat="34.25662" lon="-118.3947"/>
   <point lat="34.25657" lon="-118.39466"/>
   <point lat="34.25538" lon="-118.3934"/>
   <point lat="34.25567" lon="-118.39286"/>
   <point lat="34.25729" lon="-118.39079"/>
   <point lat="34.25626" lon="-118.38953"/>
   <point lat="34.25591" lon="-118.38993"/>
   <point lat="34.25609" lon="-118.39014"/>
   <point lat="34.25639" lon="-118.38982"/>
  </path>
  <path>
   <point lat="34.23555" lon="-118.45057"/>
   <point lat="34.23557" lon="-118.45339"/>
   <point lat="34.23559" lon="-118.45713"/>
   <point lat="34.23562" lon="-118.46088"/>
   <point lat="34.23563" lon="-118.46354"/>
   <point lat="34.23566" lon="-118.4679"/>
   <point lat="34.23569" lon="-118.47289"/>
   <point lat="34.23572" lon="-118.47666"/>
   <point lat="34.23574" lon="-118.48055"/>
   <point lat="34.23577" lon="-118.48538"/>
   <point lat="34.2358" lon="-118.48978"/>
   <point lat="34.23583" lon="-118.49363"/>
   <point lat="34.23586" lon="-118.49799"/>
   <point lat="34.23588" lon="-118.50286"/>
  </path>
  <path>
   <point lat="34.24679" lon="-118.41984"/>
   <point lat="34.24482" lon="-118.42233"/>
   <point lat="34.24403" lon="-118.42363"/>
   <point lat="34.24227" lon="-118.42605"/>
   <point lat="34.2396" lon="-118.42969"/>
   <point lat="34.23748" lon="-118.43262"/>
   <point lat="34.23583" lon="-118.4349"/>
   <point lat="34.23525" lon="-118.43545"/>
   <point lat="34.2354399" lon="-118.44023"/>
   <point lat="34.23534" lon="-118.4419"/>
   <point lat="34.23552" lon="-118.44612"/>
   <point lat="34.23555" lon="-118.45057"/>
  </path>
  <path>
   <point lat="34.2361099" lon="-118.59887"/>
   <point lat="34.23546" lon="-118.59893"/>
   <point lat="34.23533" lon="-118.59784"/>
   <point lat="34.23547" lon="-118.59395"/>
   <point lat="34.23534" lon="-118.59362"/>
   <point lat="34.23534" lon="-118.5882"/>
   <point lat="34.2353499" lon="-118.58436"/>
   <point lat="34.23549" lon="-118.58394"/>
   <point lat="34.2355" lon="-118.58373"/>
   <point lat="34.23549" lon="-118.58362"/>
   <point lat="34.23543" lon="-118.58314"/>
   <point lat="34.23539" lon="-118.58297"/>
   <point lat="34.23537" lon="-118.58291"/>
   <point lat="34.23532" lon="-118.58279"/>
   <point lat="34.23527" lon="-118.58271"/>
   <point lat="34.2351" lon="-118.58246"/>
   <point lat="34.23502" lon="-118.58239"/>
   <point lat="34.2347899" lon="-118.58218"/>
   <point lat="34.23465" lon="-118.58207"/>
   <point lat="34.23447" lon="-118.58199"/>
   <point lat="34.23439" lon="-118.58196"/>
   <point lat="34.23433" lon="-118.58194"/>
   <point lat="34.23416" lon="-118.58192"/>
   <point lat="34.2334699" lon="-118.58193"/>
   <point lat="34.23283" lon="-118.58186"/>
   <point lat="34.2327" lon="-118.58179"/>
   <point lat="34.23248" lon="-118.58169"/>
   <point lat="34.23234" lon="-118.58161"/>
   <point lat="34.23223" lon="-118.5815"/>
   <point lat="34.23221" lon="-118.58146"/>
   <point lat="34.23216" lon="-118.58139"/>
   <point lat="34.23211" lon="-118.58129"/>
   <point lat="34.23194" lon="-118.58085"/>
   <point lat="34.2319" lon="-118.58069"/>
   <point lat="34.23187" lon="-118.58054"/>
   <point lat="34.23171" lon="-118.57996"/>
   <point lat="34.23172" lon="-118.57511"/>
   <point lat="34.23172" lon="-118.57071"/>
   <point lat="34.23173" lon="-118.5669"/>
   <point lat="34.232" lon="-118.5623"/>
   <point lat="34.23227" lon="-118.56218"/>
   <point lat="34.2353499" lon="-118.56217"/>
   <point lat="34.23549" lon="-118.56115"/>
   <point lat="34.23539" lon="-118.55773"/>
   <point lat="34.23534" lon="-118.55673"/>
   <point lat="34.23511" lon="-118.55654"/>
   <point lat="34.23523" lon="-118.55615"/>
   <point lat="34.23537" lon="-118.55324"/>
  </path>
  <path>
   <point lat="34.23561" lon="-118.53643"/>
   <point lat="34.23563" lon="-118.54061"/>
   <point lat="34.2356399" lon="-118.54466"/>
   <point lat="34.23563" lon="-118.54901"/>
   <point lat="34.23563" lon="-118.5539"/>
   <point lat="34.23552" lon="-118.55516"/>
   <point lat="34.23559" lon="-118.55778"/>
   <point lat="34.23548" lon="-118.56229"/>
   <point lat="34.23521" lon="-118.56241"/>
   <point lat="34.232" lon="-118.5623"/>
   <point lat="34.23213" lon="-118.56263"/>
   <point lat="34.23199" lon="-118.56294"/>
   <point lat="34.23198" lon="-118.5669"/>
   <point lat="34.2319699" lon="-118.57138"/>
   <point lat="34.2319699" lon="-118.57528"/>
   <point lat="34.2319699" lon="-118.58013"/>
   <point lat="34.23187" lon="-118.58054"/>
   <point lat="34.2319" lon="-118.58069"/>
   <point lat="34.23194" lon="-118.58085"/>
   <point lat="34.23211" lon="-118.58129"/>
   <point lat="34.23216" lon="-118.58139"/>
   <point lat="34.23221" lon="-118.58146"/>
   <point lat="34.23223" lon="-118.5815"/>
   <point lat="34.23234" lon="-118.58161"/>
   <point lat="34.23248" lon="-118.58169"/>
   <point lat="34.2327" lon="-118.58179"/>
   <point lat="34.23283" lon="-118.58186"/>
   <point lat="34.23293" lon="-118.58188"/>
   <point lat="34.23321" lon="-118.58191"/>
   <point lat="34.2334699" lon="-118.58193"/>
   <point lat="34.23416" lon="-118.58192"/>
   <point lat="34.23433" lon="-118.58194"/>
   <point lat="34.23439" lon="-118.58196"/>
   <point lat="34.23447" lon="-118.58199"/>
   <point lat="34.23465" lon="-118.58207"/>
   <point lat="34.2347899" lon="-118.58218"/>
   <point lat="34.23502" lon="-118.58239"/>
   <point lat="34.2351" lon="-118.58246"/>
   <point lat="34.23527" lon="-118.58271"/>
   <point lat="34.23532" lon="-118.58279"/>
   <point lat="34.23537" lon="-118.58291"/>
   <point lat="34.23539" lon="-118.58297"/>
   <point lat="34.23543" lon="-118.58314"/>
   <point lat="34.23549" lon="-118.58362"/>
   <point lat="34.23561" lon="-118.58404"/>
   <point lat="34.23559" lon="-118.58886"/>
   <point lat="34.23547" lon="-118.59395"/>
   <point lat="34.23559" lon="-118.59428"/>
   <point lat="34.23559" lon="-118.59711"/>
   <point lat="34.23546" lon="-118.59893"/>
   <point lat="34.2361099" lon="-118.59887"/>
  </path>
  <path>
   <point lat="34.2361099" lon="-118.59887"/>
   <point lat="34.23546" lon="-118.59893"/>
   <point lat="34.23533" lon="-118.59784"/>
   <point lat="34.23534" lon="-118.59362"/>
   <point lat="34.23534" lon="-118.5882"/>
   <point lat="34.2353499" lon="-118.58436"/>
   <point lat="34.23549" lon="-118.58394"/>
   <point lat="34.2355" lon="-118.58373"/>
   <point lat="34.23549" lon="-118.58362"/>
   <point lat="34.23543" lon="-118.58314"/>
   <point lat="34.23539" lon="-118.58297"/>
   <point lat="34.23537" lon="-118.58291"/>
   <point lat="34.23532" lon="-118.58279"/>
   <point lat="34.23527" lon="-118.58271"/>
   <point lat="34.2351" lon="-118.58246"/>
   <point lat="34.23502" lon="-118.58239"/>
   <point lat="34.2347899" lon="-118.58218"/>
   <point lat="34.23465" lon="-118.58207"/>
   <point lat="34.23447" lon="-118.58199"/>
   <point lat="34.23439" lon="-118.58196"/>
   <point lat="34.23433" lon="-118.58194"/>
   <point lat="34.23416" lon="-118.58192"/>
   <point lat="34.2334699" lon="-118.58193"/>
   <point lat="34.23283" lon="-118.58186"/>
   <point lat="34.2327" lon="-118.58179"/>
   <point lat="34.23248" lon="-118.58169"/>
   <point lat="34.23234" lon="-118.58161"/>
   <point lat="34.23223" lon="-118.5815"/>
   <point lat="34.23221" lon="-118.58146"/>
   <point lat="34.23216" lon="-118.58139"/>
   <point lat="34.23211" lon="-118.58129"/>
   <point lat="34.23194" lon="-118.58085"/>
   <point lat="34.2319" lon="-118.58069"/>
   <point lat="34.23187" lon="-118.58054"/>
   <point lat="34.23171" lon="-118.57996"/>
   <point lat="34.23172" lon="-118.57511"/>
   <point lat="34.23172" lon="-118.57071"/>
   <point lat="34.23173" lon="-118.5669"/>
   <point lat="34.232" lon="-118.5623"/>
   <point lat="34.23227" lon="-118.56218"/>
   <point lat="34.2353499" lon="-118.56217"/>
   <point lat="34.23549" lon="-118.56115"/>
   <point lat="34.23539" lon="-118.55773"/>
   <point lat="34.23534" lon="-118.55673"/>
   <point lat="34.23511" lon="-118.55654"/>
   <point lat="34.23523" lon="-118.55615"/>
   <point lat="34.23537" lon="-118.55324"/>
  </path>
  <path>
   <point lat="34.2353" lon="-118.4505"/>
   <point lat="34.23527" lon="-118.44607"/>
   <point lat="34.23534" lon="-118.4419"/>
   <point lat="34.23519" lon="-118.44057"/>
   <point lat="34.23525" lon="-118.43545"/>
   <point lat="34.23568" lon="-118.43464"/>
   <point lat="34.23738" lon="-118.43229"/>
   <point lat="34.23977" lon="-118.429"/>
   <point lat="34.24217" lon="-118.42573"/>
   <point lat="34.24383" lon="-118.42343"/>
   <point lat="34.24482" lon="-118.42233"/>
   <point lat="34.24696" lon="-118.41915"/>
  </path>
  <path>
   <point lat="34.23588" lon="-118.50286"/>
   <point lat="34.2359099" lon="-118.50723"/>
   <point lat="34.23594" lon="-118.51159"/>
   <point lat="34.23597" lon="-118.51546"/>
   <point lat="34.23586" lon="-118.51714"/>
   <point lat="34.236" lon="-118.51986"/>
   <point lat="34.23588" lon="-118.52152"/>
   <point lat="34.2358" lon="-118.52349"/>
   <point lat="34.23555" lon="-118.52462"/>
   <point lat="34.23563" lon="-118.52718"/>
   <point lat="34.23548" lon="-118.53056"/>
   <point lat="34.23561" lon="-118.53203"/>
   <point lat="34.23561" lon="-118.53643"/>
  </path>
  <path>
   <point lat="34.23537" lon="-118.53575"/>
   <point lat="34.23536" lon="-118.53187"/>
   <point lat="34.23548" lon="-118.53056"/>
   <point lat="34.23538" lon="-118.52702"/>
   <point lat="34.23555" lon="-118.52462"/>
   <point lat="34.23556" lon="-118.5233"/>
   <point lat="34.23588" lon="-118.52152"/>
   <point lat="34.23576" lon="-118.52019"/>
   <point lat="34.23586" lon="-118.51714"/>
   <point lat="34.23571" lon="-118.5153"/>
   <point lat="34.23568" lon="-118.51093"/>
   <point lat="34.23566" lon="-118.50657"/>
   <point lat="34.23563" lon="-118.50221"/>
  </path>
  <path>
   <point lat="34.23563" lon="-118.50221"/>
   <point lat="34.23561" lon="-118.49832"/>
   <point lat="34.23558" lon="-118.49347"/>
   <point lat="34.23555" lon="-118.48962"/>
   <point lat="34.23551" lon="-118.48481"/>
   <point lat="34.23549" lon="-118.48038"/>
   <point lat="34.23547" lon="-118.47649"/>
   <point lat="34.23542" lon="-118.47213"/>
   <point lat="34.2354399" lon="-118.4672"/>
   <point lat="34.23538" lon="-118.46288"/>
   <point lat="34.23537" lon="-118.46071"/>
   <point lat="34.23533" lon="-118.45692"/>
   <point lat="34.23532" lon="-118.45372"/>
   <point lat="34.2353" lon="-118.4505"/>
  </path>
  <path>
   <point lat="34.23537" lon="-118.55324"/>
   <point lat="34.23537" lon="-118.54885"/>
   <point lat="34.23538" lon="-118.5445"/>
   <point lat="34.23537" lon="-118.54011"/>
   <point lat="34.23537" lon="-118.53575"/>
  </path>
  <path>
   <point lat="34.2353" lon="-118.4505"/>
   <point lat="34.23527" lon="-118.44607"/>
   <point lat="34.23519" lon="-118.44057"/>
   <point lat="34.23525" lon="-118.43545"/>
   <point lat="34.23568" lon="-118.43464"/>
   <point lat="34.23738" lon="-118.43229"/>
   <point lat="34.23977" lon="-118.429"/>
   <point lat="34.24217" lon="-118.42573"/>
  </path>
  <path>
   <point lat="34.24696" lon="-118.41915"/>
   <point lat="34.24908" lon="-118.41624"/>
   <point lat="34.25147" lon="-118.41296"/>
   <point lat="34.254" lon="-118.4095"/>
   <point lat="34.25681" lon="-118.40566"/>
   <point lat="34.25811" lon="-118.40412"/>
   <point lat="34.25936" lon="-118.40286"/>
   <point lat="34.26429" lon="-118.40183"/>
  </path>
  <path>
   <point lat="34.25639" lon="-118.38982"/>
   <point lat="34.25729" lon="-118.39079"/>
   <point lat="34.25553" lon="-118.39333"/>
   <point lat="34.25657" lon="-118.39466"/>
   <point lat="34.25662" lon="-118.3947"/>
   <point lat="34.25688" lon="-118.39495"/>
   <point lat="34.2571299" lon="-118.39516"/>
   <point lat="34.25721" lon="-118.39523"/>
   <point lat="34.25762" lon="-118.39549"/>
   <point lat="34.25775" lon="-118.39556"/>
   <point lat="34.25803" lon="-118.39568"/>
   <point lat="34.25864" lon="-118.3958"/>
   <point lat="34.25944" lon="-118.39644"/>
   <point lat="34.26182" lon="-118.39868"/>
   <point lat="34.26447" lon="-118.4021"/>
  </path>
  <path>
   <point lat="34.24696" lon="-118.41915"/>
   <point lat="34.24908" lon="-118.41624"/>
   <point lat="34.25147" lon="-118.41296"/>
   <point lat="34.254" lon="-118.4095"/>
   <point lat="34.2558099" lon="-118.40727"/>
   <point lat="34.25681" lon="-118.40566"/>
   <point lat="34.25811" lon="-118.40412"/>
   <point lat="34.25936" lon="-118.40286"/>
   <point lat="34.26429" lon="-118.40183"/>
  </path>
  <path>
   <point lat="34.24696" lon="-118.41915"/>
   <point lat="34.24908" lon="-118.41624"/>
   <point lat="34.25147" lon="-118.41296"/>
   <point lat="34.254" lon="-118.4095"/>
   <point lat="34.2558099" lon="-118.40727"/>
   <point lat="34.25681" lon="-118.40566"/>
   <point lat="34.25811" lon="-118.40412"/>
   <point lat="34.25936" lon="-118.40286"/>
   <point lat="34.2632199" lon="-118.40219"/>
   <point lat="34.26465" lon="-118.40191"/>
   <point lat="34.26525" lon="-118.40234"/>
  </path>
 </route>
</body>