<?xml version="1.0" encoding="utf-8"?>
<body copyright="All data copyright Los Angeles Metro 2022.">
 <route color="df4600" latMax="34.23445" latMin="34.1002199" lonMax="-118.3252599" lonMin="-118.3966599" oppositeColor="ffffff" tag="222" title="222 Burbank Ritc- Hollywood Via Riversid">
  <stop lat="34.1575" lon="-118.34177" stopId="00218" tag="218" title="Hollywood Way / Oak"/>
  <stop lat="34.1748599" lon="-118.34916" stopId="00220" tag="220" title="Hollywood Way / Burbank"/>
  <stop lat="34.1323299" lon="-118.3530199" stopId="00548" tag="548" title="Cahuenga / Universal Studios"/>
  <stop lat="34.13497" lon="-118.36075" stopId="00551" tag="551" title="Cahuenga / Regal Pl"/>
  <stop lat="34.1286699" lon="-118.34731" stopId="00554" tag="554" title="Cahuenga / Barham"/>
  <stop lat="34.13297" lon="-118.35566" stopId="00556" tag="556" title="Cahuenga / Broadlawn"/>
  <stop lat="34.13055" lon="-118.35006" stopId="00558" tag="558" title="Cahuenga / Oakshire"/>
  <stop lat="34.1681899" lon="-118.34695" stopId="00756" tag="756" title="Hollywood Way / Magnolia"/>
  <stop lat="34.22899" lon="-118.36541" stopId="02217" tag="2217" title="Glenoaks / Helen"/>
  <stop lat="34.2215399" lon="-118.3574899" stopId="02236" tag="2236" title="Glenoaks / Roscoe South Jog"/>
  <stop lat="34.2182999" lon="-118.3541999" stopId="02238" tag="2238" title="Glenoaks / Lanark"/>
  <stop lat="34.22491" lon="-118.36147" stopId="02243" tag="2243" title="Glenoaks / Nettleton"/>
  <stop lat="34.22273" lon="-118.35933" stopId="02252" tag="2252" title="Glenoaks / Roscoe North Jog"/>
  <stop lat="34.2133199" lon="-118.34834" stopId="02253" tag="2253" title="Glenoaks / Hollywood Way"/>
  <stop lat="34.2231799" lon="-118.38712" tag="2333_ar" title="Tuxford / Lankershim"/>
  <stop lat="34.20288" lon="-118.3486199" stopId="02499" tag="2499" title="Hollywood Way / Tulare"/>
  <stop lat="34.1103599" lon="-118.3315199" stopId="03432" tag="3432" title="Cahuenga / Iris"/>
  <stop lat="34.19646" lon="-118.3487299" stopId="03625" tag="3625" title="Hollywood Way / Thornton"/>
  <stop lat="34.1521" lon="-118.3529" stopId="04503" tag="4503" title="Riverside / Forman"/>
  <stop lat="34.15218" lon="-118.3664599" stopId="04505" tag="4505" title="Riverside / Lankershim"/>
  <stop lat="34.15211" lon="-118.3502999" stopId="04507" tag="4507" title="Riverside / Mariota"/>
  <stop lat="34.15211" lon="-118.34663" stopId="04509" tag="4509" title="Riverside / Rose"/>
  <stop lat="34.2303199" lon="-118.3667" stopId="06366" tag="6366" title="Glenoaks / Sunland"/>
  <stop lat="34.14052" lon="-118.36999" stopId="06984" tag="6984" title="Ventura / Vineland"/>
  <stop lat="34.1716999" lon="-118.3486499" stopId="07780" tag="7780" title="Hollywood Way / Chandler"/>
  <stop lat="34.10547" lon="-118.33037" stopId="09132" tag="9132" title="Cahuenga / Franklin"/>
  <stop lat="34.1185499" lon="-118.3371099" stopId="09135" tag="9135" title="2700 Cahuenga"/>
  <stop lat="34.1146899" lon="-118.33571" stopId="09137" tag="9137" title="Cahuenga / John Anson Ford Theatre"/>
  <stop lat="34.1241299" lon="-118.3422299" stopId="09138" tag="9138" title="Cahuenga / Lakeridge"/>
  <stop lat="34.23445" lon="-118.3716499" stopId="10758" tag="10758" title="Tuxford / Glenoaks"/>
  <stop lat="34.23154" lon="-118.36797" stopId="10785" tag="10785" title="Glenoaks / Penrose"/>
  <stop lat="34.1002199" lon="-118.32561" stopId="11010" tag="11010" title="Hollywood / Vine Station"/>
  <stop lat="34.16436" lon="-118.34509" stopId="11037" tag="11037" title="Hollywood Way / Clark"/>
  <stop lat="34.16094" lon="-118.34343" stopId="12108" tag="12108" title="Hollywood Way / Verdugo"/>
  <stop lat="34.18821" lon="-118.3488999" stopId="12109" tag="12109" title="Hollywood Way / Pacific"/>
  <stop lat="34.1900699" lon="-118.34887" stopId="12112" tag="12112" title="Hollywood Way / Valhalla"/>
  <stop lat="34.18137" lon="-118.3490299" stopId="12114" tag="12114" title="Hollywood Way / Jeffries"/>
  <stop lat="34.18452" lon="-118.3489699" stopId="12115" tag="12115" title="Hollywood Way / Victory"/>
  <stop lat="34.1996099" lon="-118.34867" stopId="12116" tag="12116" title="Hollywood Way / Winona"/>
  <stop lat="34.15212" lon="-118.36116" stopId="12958" tag="12958" title="Riverside / Cahuenga"/>
  <stop lat="34.15211" lon="-118.35774" stopId="12963" tag="12963" title="Riverside / Moorpark"/>
  <stop lat="34.22507" lon="-118.3845299" stopId="14989" tag="14989" title="Tuxford / Telfair"/>
  <stop lat="34.2304599" lon="-118.37713" stopId="14990" tag="14990" title="Tuxford / Bradley"/>
  <stop lat="34.2276399" lon="-118.38101" stopId="14994" tag="14994" title="Tuxford / San Fernando"/>
  <stop lat="34.13962" lon="-118.36769" stopId="15388" tag="15388" title="Ventura / Campo De Cahuenga"/>
  <stop lat="34.1451399" lon="-118.37013" stopId="15542" tag="15542" title="Vineland / Aqua Vista"/>
  <stop lat="34.14187" lon="-118.37013" stopId="15543" tag="15543" title="Vineland / Bluffside"/>
  <stop lat="34.15059" lon="-118.37016" stopId="15554" tag="15554" title="Vineland / Moorpark"/>
  <stop lat="34.15445" lon="-118.34031" stopId="15837" tag="15837" title="Hollywood Way / Alameda"/>
  <stop lat="34.1527799" lon="-118.34401" stopId="15839" tag="15839" title="Alameda / Pass"/>
  <stop lat="34.1039799" lon="-118.3279799" stopId="16889" tag="16889" title="Yucca / Ivar"/>
  <stop lat="34.10405" lon="-118.32955" stopId="16890" tag="16890" title="Yucca / Cahuenga"/>
  <stop lat="34.1390499" lon="-118.36317" stopId="30002" tag="30002" title="Universal / Studio City Station"/>
  <stop lat="34.1934299" lon="-118.35145" stopId="30021" tag="30021" title="Burbank Airport Ritc"/>
  <stop lat="34.1017699" lon="-118.3265" stopId="13000144" tag="13000144" title="Vine / Hollywood"/>
  <stop lat="34.1053199" lon="-118.3306099" stopId="00546" tag="546" title="Cahuenga / Franklin"/>
  <stop lat="34.11938" lon="-118.3395" stopId="00549" tag="549" title="Cahuenga / Wright"/>
  <stop lat="34.12645" lon="-118.34537" stopId="00552" tag="552" title="Cahuenga / Oakcrest"/>
  <stop lat="34.1014199" lon="-118.3252599" stopId="01203" tag="1203" title="Argyle / Hollywood"/>
  <stop lat="34.22126" lon="-118.35758" stopId="02221" tag="2221" title="Glenoaks / Roscoe South Jog"/>
  <stop lat="34.2315799" lon="-118.3684199" stopId="02249" tag="2249" title="Glenoaks / Penrose"/>
  <stop lat="34.23422" lon="-118.37119" stopId="02257" tag="2257" title="Glenoaks / Tuxford"/>
  <stop lat="34.2231799" lon="-118.38712" stopId="02333" tag="2333" title="Tuxford / Lankershim"/>
  <stop lat="34.1645199" lon="-118.3454899" stopId="02503" tag="2503" title="Hollywood Way / Clark"/>
  <stop lat="34.1607199" lon="-118.3436599" stopId="02504" tag="2504" title="Hollywood Way / Verdugo"/>
  <stop lat="34.2192399" lon="-118.38762" stopId="02807" tag="2807" title="Lankershim / Cantara"/>
  <stop lat="34.1576599" lon="-118.3421699" stopId="03622" tag="3622" title="Hollywood Way / Oak"/>
  <stop lat="34.18849" lon="-118.3491999" stopId="03623" tag="3623" title="Hollywood Way / Pacific"/>
  <stop lat="34.1899399" lon="-118.34917" stopId="03627" tag="3627" title="Hollywood Way / Valhalla"/>
  <stop lat="34.18124" lon="-118.3493399" stopId="03630" tag="3630" title="Hollywood Way / Jeffries"/>
  <stop lat="34.1994799" lon="-118.34898" stopId="03631" tag="3631" title="Hollywood Way / Winona"/>
  <stop lat="34.11022" lon="-118.3351499" stopId="04101" tag="4101" title="Odin / Fairfield"/>
  <stop lat="34.15232" lon="-118.3612899" stopId="04500" tag="4500" title="Riverside / Cahuenga"/>
  <stop lat="34.1523399" lon="-118.35692" stopId="04508" tag="4508" title="Riverside / Ledge"/>
  <stop lat="34.22138" lon="-118.3966599" stopId="04553" tag="4553" title="Laurel Canyon / Roscoe"/>
  <stop lat="34.1523799" lon="-118.3666299" stopId="05088" tag="5088" title="Riverside / Lankershim"/>
  <stop lat="34.22469" lon="-118.3845799" stopId="06624" tag="6624" title="Tuxford / Telfair"/>
  <stop lat="34.2306399" lon="-118.37644" stopId="06625" tag="6625" title="Tuxford / Bradley"/>
  <stop lat="34.22261" lon="-118.3874299" stopId="06628" tag="6628" title="Tuxford / Lankershim"/>
  <stop lat="34.2275399" lon="-118.38069" stopId="06629" tag="6629" title="Tuxford / San Fernando"/>
  <stop lat="34.1401699" lon="-118.3698199" stopId="07051" tag="7051" title="Ventura / Vineland"/>
  <stop lat="34.14511" lon="-118.37043" stopId="07194" tag="7194" title="Vineland / Aqua Vista"/>
  <stop lat="34.1421999" lon="-118.3704399" stopId="07195" tag="7195" title="Vineland / Bluffside"/>
  <stop lat="34.1501099" lon="-118.3704599" stopId="07207" tag="7207" title="Vineland / Moorpark"/>
  <stop lat="34.10392" lon="-118.32937" stopId="08582" tag="8582" title="Yucca / Cahuenga"/>
  <stop lat="34.10371" lon="-118.3268999" stopId="08583" tag="8583" title="Yucca / Vine"/>
  <stop lat="34.13207" lon="-118.35307" stopId="09133" tag="9133" title="Cahuenga / Universal Studios"/>
  <stop lat="34.12368" lon="-118.34299" stopId="09134" tag="9134" title="Cahuenga / Woodrow Wilson"/>
  <stop lat="34.11741" lon="-118.33809" stopId="09140" tag="9140" title="Cahuenga / Hillpark"/>
  <stop lat="34.13473" lon="-118.36085" stopId="09141" tag="9141" title="Cahuenga / Regal"/>
  <stop lat="34.1277799" lon="-118.34669" stopId="09142" tag="9142" title="Cahuenga / Barham"/>
  <stop lat="34.13282" lon="-118.3561" stopId="09144" tag="9144" title="Cahuenga / Broadlawn"/>
  <stop lat="34.13031" lon="-118.35019" stopId="09146" tag="9146" title="Cahuenga / Oakshire"/>
  <stop lat="34.2130499" lon="-118.34845" stopId="10772" tag="10772" title="Glenoaks / Hollywood Way"/>
  <stop lat="34.2183999" lon="-118.3546699" stopId="10773" tag="10773" title="Glenoaks / Lanark"/>
  <stop lat="34.22502" lon="-118.36197" stopId="10779" tag="10779" title="Glenoaks / Nettleton"/>
  <stop lat="34.22247" lon="-118.35946" stopId="10788" tag="10788" title="Glenoaks / Roscoe North Jog"/>
  <stop lat="34.2300499" lon="-118.36683" stopId="10791" tag="10791" title="Glenoaks / Sunland"/>
  <stop lat="34.2288299" lon="-118.3656499" stopId="10796" tag="10796" title="Glenoaks / Vinedale"/>
  <stop lat="34.1002199" lon="-118.32561" tag="11010_ar" title="Hollywood / Vine Station"/>
  <stop lat="34.2027499" lon="-118.34893" stopId="11036" tag="11036" title="Hollywood Way / Tulare"/>
  <stop lat="34.1675799" lon="-118.34698" stopId="11039" tag="11039" title="Hollywood Way / Magnolia"/>
  <stop lat="34.22244" lon="-118.3881199" stopId="11326" tag="11326" title="Tuxford / Lankershim"/>
  <stop lat="34.11041" lon="-118.33197" stopId="11922" tag="11922" title="Cahuenga / Iris"/>
  <stop lat="34.1529799" lon="-118.3400899" stopId="12110" tag="12110" title="Riverside / Hollywood Way"/>
  <stop lat="34.19514" lon="-118.3490499" stopId="12111" tag="12111" title="Hollywood Way / Thornton"/>
  <stop lat="34.1539299" lon="-118.3403799" stopId="12113" tag="12113" title="Hollywood Way / Alameda"/>
  <stop lat="34.1523499" lon="-118.35306" stopId="12961" tag="12961" title="Riverside / Forman"/>
  <stop lat="34.15236" lon="-118.3509599" stopId="12965" tag="12965" title="Riverside / Mariota"/>
  <stop lat="34.1523599" lon="-118.3467899" stopId="12966" tag="12966" title="Riverside / Rose"/>
  <stop lat="34.2217599" lon="-118.39284" stopId="13038" tag="13038" title="Roscoe / Webb"/>
  <stop lat="34.1388599" lon="-118.36242" stopId="15025" tag="15025" title="Lankershim / Campo De Cahuenga"/>
  <stop lat="34.1751399" lon="-118.3494599" stopId="15883" tag="15883" title="Hollywood Way / Burbank"/>
  <stop lat="34.15214" lon="-118.34433" stopId="18129" tag="18129" title="Riverside / Pass"/>
  <stop lat="34.1390499" lon="-118.36317" tag="30002_ar" title="Universal / Studio City Station"/>
  <stop lat="34.1848599" lon="-118.34927" stopId="36496" tag="36496" title="Hollywood Way / Victory"/>
  <stop lat="34.17093" lon="-118.34861" stopId="140821" tag="140821" title="Hollywood Way / Chandler"/>
  <direction name="South" tag="222_81_1" title="South to Hollywood/Vine Sta" useForUI="true">
   <stop tag="2333"/>
   <stop tag="11326"/>
   <stop tag="13038"/>
   <stop tag="4553"/>
   <stop tag="2807"/>
   <stop tag="6628"/>
   <stop tag="6624"/>
   <stop tag="6629"/>
   <stop tag="6625"/>
   <stop tag="2257"/>
   <stop tag="2249"/>
   <stop tag="10791"/>
   <stop tag="10796"/>
   <stop tag="10779"/>
   <stop tag="10788"/>
   <stop tag="2221"/>
   <stop tag="10773"/>
   <stop tag="10772"/>
   <stop tag="11036"/>
   <stop tag="3631"/>
   <stop tag="12111"/>
   <stop tag="30021"/>
   <stop tag="3627"/>
   <stop tag="3623"/>
   <stop tag="36496"/>
   <stop tag="3630"/>
   <stop tag="15883"/>
   <stop tag="140821"/>
   <stop tag="11039"/>
   <stop tag="2503"/>
   <stop tag="2504"/>
   <stop tag="3622"/>
   <stop tag="12113"/>
   <stop tag="12110"/>
   <stop tag="18129"/>
   <stop tag="12966"/>
   <stop tag="12965"/>
   <stop tag="12961"/>
   <stop tag="4508"/>
   <stop tag="4500"/>
   <stop tag="5088"/>
   <stop tag="7207"/>
   <stop tag="7194"/>
   <stop tag="7195"/>
   <stop tag="7051"/>
   <stop tag="30002"/>
   <stop tag="15025"/>
   <stop tag="9141"/>
   <stop tag="9144"/>
   <stop tag="9133"/>
   <stop tag="9146"/>
   <stop tag="9142"/>
   <stop tag="552"/>
   <stop tag="9134"/>
   <stop tag="549"/>
   <stop tag="9140"/>
   <stop tag="4101"/>
   <stop tag="11922"/>
   <stop tag="546"/>
   <stop tag="8582"/>
   <stop tag="8583"/>
   <stop tag="1203"/>
   <stop tag="11010_ar"/>
  </direction>
  <direction name="North" tag="222_80_0" title="North to Sun Valley" useForUI="true">
   <stop tag="11010"/>
   <stop tag="13000144"/>
   <stop tag="16889"/>
   <stop tag="16890"/>
   <stop tag="9132"/>
   <stop tag="3432"/>
   <stop tag="9137"/>
   <stop tag="9135"/>
   <stop tag="9138"/>
   <stop tag="554"/>
   <stop tag="558"/>
   <stop tag="548"/>
   <stop tag="556"/>
   <stop tag="551"/>
   <stop tag="30002"/>
   <stop tag="15388"/>
   <stop tag="6984"/>
   <stop tag="15543"/>
   <stop tag="15542"/>
   <stop tag="15554"/>
   <stop tag="4505"/>
   <stop tag="12958"/>
   <stop tag="12963"/>
   <stop tag="4503"/>
   <stop tag="4507"/>
   <stop tag="4509"/>
   <stop tag="15839"/>
   <stop tag="15837"/>
   <stop tag="218"/>
   <stop tag="12108"/>
   <stop tag="11037"/>
   <stop tag="756"/>
   <stop tag="7780"/>
   <stop tag="220"/>
   <stop tag="12114"/>
   <stop tag="12115"/>
   <stop tag="12109"/>
   <stop tag="12112"/>
   <stop tag="30021"/>
   <stop tag="3625"/>
   <stop tag="12116"/>
   <stop tag="2499"/>
   <stop tag="2253"/>
   <stop tag="2238"/>
   <stop tag="2236"/>
   <stop tag="2252"/>
   <stop tag="2243"/>
   <stop tag="2217"/>
   <stop tag="6366"/>
   <stop tag="10785"/>
   <stop tag="10758"/>
   <stop tag="14990"/>
   <stop tag="14994"/>
   <stop tag="14989"/>
   <stop tag="2333_ar"/>
  </direction>
  <path>
   <point lat="34.16758" lon="-118.34698"/>
   <point lat="34.16452" lon="-118.34549"/>
   <point lat="34.16072" lon="-118.34366"/>
   <point lat="34.15766" lon="-118.34217"/>
   <point lat="34.15393" lon="-118.34038"/>
   <point lat="34.15297" lon="-118.33974"/>
   <point lat="34.15298" lon="-118.34009"/>
   <point lat="34.15271" lon="-118.34064"/>
   <point lat="34.15233" lon="-118.34179"/>
   <point lat="34.15197" lon="-118.34286"/>
   <point lat="34.1519199" lon="-118.34312"/>
   <point lat="34.15191" lon="-118.34319"/>
   <point lat="34.1519" lon="-118.34346"/>
   <point lat="34.15193" lon="-118.34373"/>
   <point lat="34.15197" lon="-118.34397"/>
   <point lat="34.15214" lon="-118.34433"/>
   <point lat="34.15236" lon="-118.34679"/>
   <point lat="34.15236" lon="-118.35096"/>
   <point lat="34.15235" lon="-118.35306"/>
   <point lat="34.15234" lon="-118.35692"/>
   <point lat="34.15232" lon="-118.36129"/>
   <point lat="34.15238" lon="-118.36663"/>
   <point lat="34.15228" lon="-118.36908"/>
   <point lat="34.15229" lon="-118.36935"/>
   <point lat="34.15235" lon="-118.36987"/>
   <point lat="34.15241" lon="-118.37021"/>
   <point lat="34.15242" lon="-118.37033"/>
   <point lat="34.15038" lon="-118.37031"/>
   <point lat="34.15011" lon="-118.37046"/>
   <point lat="34.14511" lon="-118.37043"/>
   <point lat="34.1422" lon="-118.37044"/>
   <point lat="34.14107" lon="-118.37025"/>
   <point lat="34.14017" lon="-118.36982"/>
   <point lat="34.13949" lon="-118.36773"/>
   <point lat="34.13942" lon="-118.36753"/>
   <point lat="34.13952" lon="-118.36747"/>
   <point lat="34.1399199" lon="-118.36655"/>
   <point lat="34.13996" lon="-118.36631"/>
   <point lat="34.13997" lon="-118.36608"/>
   <point lat="34.13997" lon="-118.3655"/>
   <point lat="34.13994" lon="-118.36504"/>
   <point lat="34.1399199" lon="-118.36485"/>
   <point lat="34.13989" lon="-118.36464"/>
   <point lat="34.13985" lon="-118.36428"/>
   <point lat="34.13976" lon="-118.36387"/>
   <point lat="34.13971" lon="-118.36371"/>
   <point lat="34.13958" lon="-118.36376"/>
   <point lat="34.13962" lon="-118.36384"/>
   <point lat="34.13952" lon="-118.36397"/>
   <point lat="34.13861" lon="-118.3629"/>
   <point lat="34.13867" lon="-118.36283"/>
   <point lat="34.13905" lon="-118.36317"/>
  </path>
  <path>
   <point lat="34.22318" lon="-118.38712"/>
   <point lat="34.22244" lon="-118.38812"/>
   <point lat="34.22199" lon="-118.38852"/>
   <point lat="34.22187" lon="-118.38874"/>
   <point lat="34.22182" lon="-118.38887"/>
   <point lat="34.22173" lon="-118.38912"/>
   <point lat="34.22171" lon="-118.38921"/>
   <point lat="34.22167" lon="-118.38937"/>
   <point lat="34.2216499" lon="-118.38951"/>
   <point lat="34.22162" lon="-118.38984"/>
   <point lat="34.22176" lon="-118.39284"/>
   <point lat="34.2216499" lon="-118.3948"/>
   <point lat="34.22138" lon="-118.39666"/>
   <point lat="34.21939" lon="-118.39651"/>
   <point lat="34.21575" lon="-118.3965"/>
   <point lat="34.2157399" lon="-118.3878"/>
   <point lat="34.21924" lon="-118.38762"/>
   <point lat="34.22252" lon="-118.38777"/>
   <point lat="34.22261" lon="-118.38743"/>
   <point lat="34.22366" lon="-118.38624"/>
   <point lat="34.22469" lon="-118.38458"/>
   <point lat="34.22754" lon="-118.38069"/>
   <point lat="34.23064" lon="-118.37644"/>
   <point lat="34.23427" lon="-118.37167"/>
   <point lat="34.23443" lon="-118.37144"/>
   <point lat="34.23451" lon="-118.3713"/>
   <point lat="34.23422" lon="-118.37119"/>
   <point lat="34.23355" lon="-118.37028"/>
   <point lat="34.23158" lon="-118.36842"/>
   <point lat="34.23005" lon="-118.36683"/>
  </path>
  <path>
   <point lat="34.19343" lon="-118.35145"/>
   <point lat="34.19362" lon="-118.35059"/>
   <point lat="34.19362" lon="-118.34989"/>
   <point lat="34.19352" lon="-118.34964"/>
   <point lat="34.19353" lon="-118.34888"/>
   <point lat="34.19573" lon="-118.3489"/>
   <point lat="34.1958399" lon="-118.34889"/>
   <point lat="34.19646" lon="-118.34873"/>
   <point lat="34.19961" lon="-118.34867"/>
   <point lat="34.20288" lon="-118.34862"/>
   <point lat="34.21268" lon="-118.34846"/>
   <point lat="34.21332" lon="-118.34834"/>
   <point lat="34.21484" lon="-118.35047"/>
   <point lat="34.2154" lon="-118.3513"/>
   <point lat="34.21566" lon="-118.35164"/>
   <point lat="34.2159" lon="-118.35194"/>
   <point lat="34.21629" lon="-118.35238"/>
   <point lat="34.2165" lon="-118.35264"/>
   <point lat="34.21681" lon="-118.353"/>
   <point lat="34.21703" lon="-118.35324"/>
   <point lat="34.21785" lon="-118.35398"/>
   <point lat="34.2183" lon="-118.3542"/>
   <point lat="34.21892" lon="-118.35492"/>
   <point lat="34.22042" lon="-118.35639"/>
   <point lat="34.22154" lon="-118.35749"/>
   <point lat="34.22195" lon="-118.35833"/>
   <point lat="34.22205" lon="-118.35863"/>
   <point lat="34.22273" lon="-118.35933"/>
   <point lat="34.2235299" lon="-118.36034"/>
   <point lat="34.22491" lon="-118.36147"/>
   <point lat="34.22899" lon="-118.36541"/>
   <point lat="34.23032" lon="-118.3667"/>
  </path>
  <path>
   <point lat="34.13905" lon="-118.36317"/>
   <point lat="34.13947" lon="-118.36361"/>
   <point lat="34.13958" lon="-118.36376"/>
   <point lat="34.13971" lon="-118.36371"/>
   <point lat="34.13976" lon="-118.36387"/>
   <point lat="34.13985" lon="-118.36428"/>
   <point lat="34.13989" lon="-118.36464"/>
   <point lat="34.1399199" lon="-118.36485"/>
   <point lat="34.13994" lon="-118.36504"/>
   <point lat="34.13997" lon="-118.3655"/>
   <point lat="34.13997" lon="-118.36608"/>
   <point lat="34.13996" lon="-118.36631"/>
   <point lat="34.1399199" lon="-118.36655"/>
   <point lat="34.13987" lon="-118.36674"/>
   <point lat="34.13982" lon="-118.36691"/>
   <point lat="34.1398" lon="-118.36695"/>
   <point lat="34.13976" lon="-118.36706"/>
   <point lat="34.13962" lon="-118.36769"/>
   <point lat="34.13985" lon="-118.36865"/>
   <point lat="34.14052" lon="-118.36999"/>
   <point lat="34.14079" lon="-118.37021"/>
   <point lat="34.14187" lon="-118.37013"/>
   <point lat="34.14338" lon="-118.37028"/>
   <point lat="34.14514" lon="-118.37013"/>
   <point lat="34.15059" lon="-118.37016"/>
   <point lat="34.15129" lon="-118.37032"/>
   <point lat="34.15242" lon="-118.37033"/>
   <point lat="34.15241" lon="-118.37021"/>
   <point lat="34.15235" lon="-118.36987"/>
   <point lat="34.15229" lon="-118.36935"/>
   <point lat="34.15228" lon="-118.36908"/>
   <point lat="34.15218" lon="-118.36646"/>
   <point lat="34.15226" lon="-118.36478"/>
   <point lat="34.1521199" lon="-118.36116"/>
   <point lat="34.15211" lon="-118.35774"/>
   <point lat="34.1521" lon="-118.3529"/>
   <point lat="34.15211" lon="-118.3503"/>
   <point lat="34.15211" lon="-118.34663"/>
   <point lat="34.15231" lon="-118.34573"/>
   <point lat="34.15278" lon="-118.34401"/>
   <point lat="34.15415" lon="-118.34032"/>
   <point lat="34.15445" lon="-118.34031"/>
   <point lat="34.1575" lon="-118.34177"/>
   <point lat="34.1609399" lon="-118.34343"/>
   <point lat="34.16436" lon="-118.34509"/>
   <point lat="34.16819" lon="-118.34695"/>
  </path>
  <path>
   <point lat="34.16819" lon="-118.34695"/>
   <point lat="34.17124" lon="-118.34859"/>
   <point lat="34.1717" lon="-118.34865"/>
   <point lat="34.1728" lon="-118.34935"/>
   <point lat="34.17486" lon="-118.34916"/>
   <point lat="34.17745" lon="-118.34926"/>
   <point lat="34.18137" lon="-118.34903"/>
   <point lat="34.18452" lon="-118.34897"/>
   <point lat="34.18821" lon="-118.3489"/>
   <point lat="34.19007" lon="-118.34887"/>
   <point lat="34.19082" lon="-118.34893"/>
   <point lat="34.19177" lon="-118.34891"/>
   <point lat="34.19195" lon="-118.3489"/>
   <point lat="34.1922799" lon="-118.3489"/>
   <point lat="34.1932199" lon="-118.34888"/>
   <point lat="34.19353" lon="-118.34888"/>
   <point lat="34.19352" lon="-118.34964"/>
   <point lat="34.19362" lon="-118.34989"/>
   <point lat="34.19361" lon="-118.35175"/>
   <point lat="34.1932" lon="-118.35175"/>
   <point lat="34.19343" lon="-118.35145"/>
  </path>
  <path>
   <point lat="34.12778" lon="-118.34669"/>
   <point lat="34.12704" lon="-118.34572"/>
   <point lat="34.12645" lon="-118.34537"/>
   <point lat="34.1253" lon="-118.34442"/>
   <point lat="34.12368" lon="-118.34299"/>
   <point lat="34.1231" lon="-118.34212"/>
   <point lat="34.12218" lon="-118.34108"/>
   <point lat="34.12204" lon="-118.34094"/>
   <point lat="34.12193" lon="-118.34084"/>
   <point lat="34.12176" lon="-118.34071"/>
   <point lat="34.12137" lon="-118.34051"/>
   <point lat="34.12124" lon="-118.34045"/>
   <point lat="34.1211" lon="-118.34039"/>
   <point lat="34.1206" lon="-118.34024"/>
   <point lat="34.11938" lon="-118.3395"/>
   <point lat="34.1191" lon="-118.33893"/>
   <point lat="34.11888" lon="-118.33869"/>
   <point lat="34.11865" lon="-118.3385"/>
   <point lat="34.11856" lon="-118.33843"/>
   <point lat="34.1184" lon="-118.33834"/>
   <point lat="34.11741" lon="-118.33809"/>
   <point lat="34.1166" lon="-118.33764"/>
   <point lat="34.1108199" lon="-118.33588"/>
   <point lat="34.11045" lon="-118.33597"/>
   <point lat="34.11022" lon="-118.33515"/>
   <point lat="34.11032" lon="-118.33478"/>
   <point lat="34.11057" lon="-118.33425"/>
   <point lat="34.11063" lon="-118.33417"/>
   <point lat="34.11068" lon="-118.33412"/>
   <point lat="34.1107299" lon="-118.3341"/>
   <point lat="34.11086" lon="-118.33404"/>
   <point lat="34.11097" lon="-118.334"/>
   <point lat="34.11104" lon="-118.33396"/>
   <point lat="34.1111" lon="-118.33392"/>
   <point lat="34.11116" lon="-118.33385"/>
   <point lat="34.11127" lon="-118.33363"/>
   <point lat="34.11127" lon="-118.33342"/>
   <point lat="34.11126" lon="-118.33315"/>
   <point lat="34.11119" lon="-118.33282"/>
   <point lat="34.11112" lon="-118.33265"/>
   <point lat="34.11109" lon="-118.33259"/>
   <point lat="34.11101" lon="-118.33246"/>
   <point lat="34.11094" lon="-118.33236"/>
   <point lat="34.11041" lon="-118.33197"/>
   <point lat="34.11018" lon="-118.33155"/>
   <point lat="34.10989" lon="-118.33131"/>
   <point lat="34.10969" lon="-118.33117"/>
   <point lat="34.10958" lon="-118.33112"/>
   <point lat="34.1095" lon="-118.33109"/>
   <point lat="34.10938" lon="-118.33106"/>
   <point lat="34.10926" lon="-118.33105"/>
   <point lat="34.1086699" lon="-118.33091"/>
   <point lat="34.10809" lon="-118.33081"/>
   <point lat="34.10754" lon="-118.33069"/>
   <point lat="34.10747" lon="-118.33069"/>
   <point lat="34.10743" lon="-118.33068"/>
   <point lat="34.10669" lon="-118.33066"/>
   <point lat="34.10532" lon="-118.33061"/>
   <point lat="34.1039699" lon="-118.3297"/>
   <point lat="34.10392" lon="-118.32937"/>
   <point lat="34.10371" lon="-118.3269"/>
   <point lat="34.10374" lon="-118.32588"/>
   <point lat="34.10374" lon="-118.32522"/>
   <point lat="34.10179" lon="-118.32519"/>
   <point lat="34.10142" lon="-118.32526"/>
   <point lat="34.10021" lon="-118.32515"/>
   <point lat="34.10022" lon="-118.32561"/>
  </path>
  <path>
   <point lat="34.12867" lon="-118.34731"/>
   <point lat="34.13055" lon="-118.35006"/>
   <point lat="34.1319" lon="-118.35238"/>
   <point lat="34.13233" lon="-118.35302"/>
   <point lat="34.13297" lon="-118.35566"/>
   <point lat="34.1336" lon="-118.3572"/>
   <point lat="34.13497" lon="-118.36075"/>
   <point lat="34.1350399" lon="-118.36117"/>
   <point lat="34.13508" lon="-118.36124"/>
   <point lat="34.1352199" lon="-118.36141"/>
   <point lat="34.13527" lon="-118.36146"/>
   <point lat="34.13704" lon="-118.36311"/>
   <point lat="34.13718" lon="-118.36325"/>
   <point lat="34.13727" lon="-118.36317"/>
   <point lat="34.13768" lon="-118.36292"/>
   <point lat="34.13801" lon="-118.36274"/>
   <point lat="34.13906" lon="-118.36214"/>
   <point lat="34.13971" lon="-118.36371"/>
   <point lat="34.13958" lon="-118.36376"/>
   <point lat="34.13962" lon="-118.36384"/>
   <point lat="34.13952" lon="-118.36397"/>
   <point lat="34.13905" lon="-118.36317"/>
  </path>
  <path>
   <point lat="34.23005" lon="-118.36683"/>
   <point lat="34.22883" lon="-118.36565"/>
   <point lat="34.22502" lon="-118.36197"/>
   <point lat="34.22247" lon="-118.35946"/>
   <point lat="34.22205" lon="-118.35863"/>
   <point lat="34.22126" lon="-118.35758"/>
   <point lat="34.22042" lon="-118.35639"/>
   <point lat="34.2184" lon="-118.35467"/>
   <point lat="34.21703" lon="-118.35324"/>
   <point lat="34.21305" lon="-118.34845"/>
   <point lat="34.21268" lon="-118.34846"/>
   <point lat="34.20275" lon="-118.34893"/>
   <point lat="34.19948" lon="-118.34898"/>
   <point lat="34.19514" lon="-118.34905"/>
   <point lat="34.1938" lon="-118.34888"/>
   <point lat="34.19353" lon="-118.34888"/>
   <point lat="34.19352" lon="-118.34964"/>
   <point lat="34.19362" lon="-118.34989"/>
   <point lat="34.19361" lon="-118.35175"/>
   <point lat="34.1932" lon="-118.35175"/>
   <point lat="34.19343" lon="-118.35145"/>
  </path>
  <path>
   <point lat="34.19343" lon="-118.35145"/>
   <point lat="34.19362" lon="-118.35059"/>
   <point lat="34.19362" lon="-118.34989"/>
   <point lat="34.19352" lon="-118.34964"/>
   <point lat="34.19353" lon="-118.34888"/>
   <point lat="34.1932199" lon="-118.34888"/>
   <point lat="34.1922799" lon="-118.3489"/>
   <point lat="34.19195" lon="-118.3489"/>
   <point lat="34.19177" lon="-118.34891"/>
   <point lat="34.19082" lon="-118.34893"/>
   <point lat="34.19058" lon="-118.34896"/>
   <point lat="34.19021" lon="-118.34902"/>
   <point lat="34.18994" lon="-118.34917"/>
   <point lat="34.18849" lon="-118.3492"/>
   <point lat="34.18486" lon="-118.34927"/>
   <point lat="34.18124" lon="-118.34934"/>
   <point lat="34.17745" lon="-118.34926"/>
   <point lat="34.17514" lon="-118.34946"/>
   <point lat="34.1728" lon="-118.34935"/>
   <point lat="34.17139" lon="-118.34867"/>
   <point lat="34.17093" lon="-118.34861"/>
   <point lat="34.16758" lon="-118.34698"/>
  </path>
  <path>
   <point lat="34.23032" lon="-118.3667"/>
   <point lat="34.23154" lon="-118.36797"/>
   <point lat="34.23451" lon="-118.3713"/>
   <point lat="34.23445" lon="-118.37165"/>
   <point lat="34.23046" lon="-118.37713"/>
   <point lat="34.22764" lon="-118.38101"/>
   <point lat="34.22507" lon="-118.38453"/>
   <point lat="34.22366" lon="-118.38624"/>
   <point lat="34.22318" lon="-118.38712"/>
  </path>
  <path>
   <point lat="34.13905" lon="-118.36317"/>
   <point lat="34.13947" lon="-118.36361"/>
   <point lat="34.13958" lon="-118.36376"/>
   <point lat="34.13971" lon="-118.36371"/>
   <point lat="34.13906" lon="-118.36214"/>
   <point lat="34.13886" lon="-118.36242"/>
   <point lat="34.13816" lon="-118.36264"/>
   <point lat="34.13801" lon="-118.36274"/>
   <point lat="34.13768" lon="-118.36292"/>
   <point lat="34.13727" lon="-118.36317"/>
   <point lat="34.13718" lon="-118.36325"/>
   <point lat="34.13704" lon="-118.36311"/>
   <point lat="34.13527" lon="-118.36146"/>
   <point lat="34.1352199" lon="-118.36141"/>
   <point lat="34.13508" lon="-118.36124"/>
   <point lat="34.13473" lon="-118.36085"/>
   <point lat="34.13402" lon="-118.35805"/>
   <point lat="34.13389" lon="-118.3577"/>
   <point lat="34.13384" lon="-118.35758"/>
   <point lat="34.1336" lon="-118.3572"/>
   <point lat="34.13318" lon="-118.35656"/>
   <point lat="34.13282" lon="-118.3561"/>
   <point lat="34.13207" lon="-118.35307"/>
   <point lat="34.1319" lon="-118.35238"/>
   <point lat="34.13031" lon="-118.35019"/>
   <point lat="34.12843" lon="-118.34722"/>
   <point lat="34.12778" lon="-118.34669"/>
  </path>
  <path>
   <point lat="34.16758" lon="-118.34698"/>
   <point lat="34.16452" lon="-118.34549"/>
   <point lat="34.16072" lon="-118.34366"/>
   <point lat="34.15766" lon="-118.34217"/>
   <point lat="34.15393" lon="-118.34038"/>
   <point lat="34.15297" lon="-118.33974"/>
   <point lat="34.15298" lon="-118.34009"/>
   <point lat="34.15271" lon="-118.34064"/>
   <point lat="34.15233" lon="-118.34179"/>
   <point lat="34.15197" lon="-118.34286"/>
   <point lat="34.1519199" lon="-118.34312"/>
   <point lat="34.15191" lon="-118.34319"/>
   <point lat="34.1519" lon="-118.34346"/>
   <point lat="34.15193" lon="-118.34373"/>
   <point lat="34.15197" lon="-118.34397"/>
   <point lat="34.15214" lon="-118.34433"/>
   <point lat="34.15236" lon="-118.34679"/>
   <point lat="34.15236" lon="-118.35096"/>
   <point lat="34.15235" lon="-118.35306"/>
   <point lat="34.15234" lon="-118.35692"/>
   <point lat="34.15232" lon="-118.36129"/>
   <point lat="34.15226" lon="-118.36478"/>
   <point lat="34.15238" lon="-118.36663"/>
   <point lat="34.15228" lon="-118.36908"/>
   <point lat="34.15229" lon="-118.36935"/>
   <point lat="34.15235" lon="-118.36987"/>
   <point lat="34.15241" lon="-118.37021"/>
   <point lat="34.15242" lon="-118.37033"/>
   <point lat="34.15038" lon="-118.37031"/>
   <point lat="34.15011" lon="-118.37046"/>
   <point lat="34.14511" lon="-118.37043"/>
   <point lat="34.1422" lon="-118.37044"/>
   <point lat="34.14107" lon="-118.37025"/>
   <point lat="34.14017" lon="-118.36982"/>
   <point lat="34.13949" lon="-118.36773"/>
   <point lat="34.13942" lon="-118.36753"/>
   <point lat="34.13952" lon="-118.36747"/>
   <point lat="34.1399199" lon="-118.36655"/>
   <point lat="34.13996" lon="-118.36631"/>
   <point lat="34.13997" lon="-118.36608"/>
   <point lat="34.13997" lon="-118.3655"/>
   <point lat="34.13994" lon="-118.36504"/>
   <point lat="34.1399199" lon="-118.36485"/>
   <point lat="34.13989" lon="-118.36464"/>
   <point lat="34.13985" lon="-118.36428"/>
   <point lat="34.13976" lon="-118.36387"/>
   <point lat="34.13971" lon="-118.36371"/>
   <point lat="34.13958" lon="-118.36376"/>
   <point lat="34.13962" lon="-118.36384"/>
   <point lat="34.13952" lon="-118.36397"/>
   <point lat="34.13861" lon="-118.3629"/>
   <point lat="34.13867" lon="-118.36283"/>
   <point lat="34.13905" lon="-118.36317"/>
  </path>
  <path>
   <point lat="34.10022" lon="-118.32561"/>
   <point lat="34.0998" lon="-118.32565"/>
   <point lat="34.0998" lon="-118.32666"/>
   <point lat="34.10177" lon="-118.3265"/>
   <point lat="34.10377" lon="-118.32666"/>
   <point lat="34.1038" lon="-118.32715"/>
   <point lat="34.10398" lon="-118.32798"/>
   <point lat="34.104" lon="-118.32913"/>
   <point lat="34.10405" lon="-118.32955"/>
   <point lat="34.10431" lon="-118.32987"/>
   <point lat="34.1054699" lon="-118.33037"/>
   <point lat="34.10635" lon="-118.33066"/>
   <point lat="34.11036" lon="-118.33152"/>
   <point lat="34.11101" lon="-118.33246"/>
   <point lat="34.11119" lon="-118.33282"/>
   <point lat="34.11126" lon="-118.33315"/>
   <point lat="34.11127" lon="-118.33342"/>
   <point lat="34.11127" lon="-118.33363"/>
   <point lat="34.11128" lon="-118.33382"/>
   <point lat="34.1113" lon="-118.33398"/>
   <point lat="34.11134" lon="-118.33415"/>
   <point lat="34.11144" lon="-118.33448"/>
   <point lat="34.11149" lon="-118.3346"/>
   <point lat="34.11156" lon="-118.33476"/>
   <point lat="34.11166" lon="-118.33492"/>
   <point lat="34.11169" lon="-118.33496"/>
   <point lat="34.11174" lon="-118.33501"/>
   <point lat="34.11194" lon="-118.33515"/>
   <point lat="34.11202" lon="-118.33519"/>
   <point lat="34.11239" lon="-118.33533"/>
   <point lat="34.11336" lon="-118.33567"/>
   <point lat="34.11366" lon="-118.33575"/>
   <point lat="34.11386" lon="-118.33578"/>
   <point lat="34.11418" lon="-118.33579"/>
   <point lat="34.11469" lon="-118.33571"/>
   <point lat="34.11491" lon="-118.3359"/>
   <point lat="34.11855" lon="-118.33711"/>
   <point lat="34.12016" lon="-118.33826"/>
   <point lat="34.1211" lon="-118.33901"/>
   <point lat="34.12139" lon="-118.33926"/>
   <point lat="34.12195" lon="-118.33981"/>
   <point lat="34.12215" lon="-118.34002"/>
   <point lat="34.12413" lon="-118.34223"/>
   <point lat="34.12643" lon="-118.34434"/>
   <point lat="34.12682" lon="-118.34457"/>
   <point lat="34.12704" lon="-118.34471"/>
   <point lat="34.12715" lon="-118.3448"/>
   <point lat="34.12738" lon="-118.34501"/>
   <point lat="34.12793" lon="-118.34554"/>
   <point lat="34.12816" lon="-118.34578"/>
   <point lat="34.12851" lon="-118.34618"/>
   <point lat="34.12867" lon="-118.34635"/>
   <point lat="34.12877" lon="-118.34645"/>
   <point lat="34.12894" lon="-118.34659"/>
   <point lat="34.12908" lon="-118.34672"/>
   <point lat="34.12895" lon="-118.34682"/>
   <point lat="34.12885" lon="-118.34691"/>
   <point lat="34.12867" lon="-118.34731"/>
  </path>
  <path>
   <point lat="34.19343" lon="-118.35145"/>
   <point lat="34.19362" lon="-118.35059"/>
   <point lat="34.19362" lon="-118.34989"/>
   <point lat="34.19352" lon="-118.34964"/>
   <point lat="34.19353" lon="-118.34888"/>
   <point lat="34.1932199" lon="-118.34888"/>
   <point lat="34.1922799" lon="-118.3489"/>
   <point lat="34.19195" lon="-118.3489"/>
   <point lat="34.19177" lon="-118.34891"/>
   <point lat="34.19082" lon="-118.34893"/>
   <point lat="34.19058" lon="-118.34896"/>
   <point lat="34.19021" lon="-118.34902"/>
   <point lat="34.18994" lon="-118.34917"/>
   <point lat="34.18849" lon="-118.3492"/>
   <point lat="34.18486" lon="-118.34927"/>
   <point lat="34.18124" lon="-118.34934"/>
   <point lat="34.17514" lon="-118.34946"/>
   <point lat="34.1728" lon="-118.34935"/>
   <point lat="34.17139" lon="-118.34867"/>
   <point lat="34.17093" lon="-118.34861"/>
   <point lat="34.16758" lon="-118.34698"/>
  </path>
  <path>
   <point lat="34.23005" lon="-118.36683"/>
   <point lat="34.22883" lon="-118.36565"/>
   <point lat="34.22502" lon="-118.36197"/>
   <point lat="34.2235299" lon="-118.36034"/>
   <point lat="34.22247" lon="-118.35946"/>
   <point lat="34.22205" lon="-118.35863"/>
   <point lat="34.22195" lon="-118.35833"/>
   <point lat="34.22126" lon="-118.35758"/>
   <point lat="34.22042" lon="-118.35639"/>
   <point lat="34.21892" lon="-118.35492"/>
   <point lat="34.2184" lon="-118.35467"/>
   <point lat="34.21785" lon="-118.35398"/>
   <point lat="34.21703" lon="-118.35324"/>
   <point lat="34.21681" lon="-118.353"/>
   <point lat="34.2165" lon="-118.35264"/>
   <point lat="34.21629" lon="-118.35238"/>
   <point lat="34.2159" lon="-118.35194"/>
   <point lat="34.21566" lon="-118.35164"/>
   <point lat="34.2154" lon="-118.3513"/>
   <point lat="34.21484" lon="-118.35047"/>
   <point lat="34.21305" lon="-118.34845"/>
   <point lat="34.21268" lon="-118.34846"/>
   <point lat="34.20275" lon="-118.34893"/>
   <point lat="34.19948" lon="-118.34898"/>
   <point lat="34.19514" lon="-118.34905"/>
   <point lat="34.1938" lon="-118.34888"/>
   <point lat="34.19353" lon="-118.34888"/>
   <point lat="34.19352" lon="-118.34964"/>
   <point lat="34.19362" lon="-118.34989"/>
   <point lat="34.19361" lon="-118.35175"/>
   <point lat="34.1932" lon="-118.35175"/>
   <point lat="34.19343" lon="-118.35145"/>
  </path>
 </route>
</body>