<?xml version="1.0" encoding="utf-8"?>
<body copyright="All data copyright Los Angeles Metro 2022.">
 <route color="ef5600" latMax="34.0855499" latMin="34.0334999" lonMax="-118.2448" lonMin="-118.38317" oppositeColor="000000" tag="10" title="10 W Hollywood-Dtwn LA -Avalon Sta Via">
  <stop lat="34.04576" lon="-118.2547699" stopId="02456" tag="2456" title="Hill / 7th"/>
  <stop lat="34.0833699" lon="-118.32619" stopId="03202" tag="3202" title="Melrose / Arden"/>
  <stop lat="34.0829299" lon="-118.32611" stopId="03203" tag="3203" title="Arden Layover"/>
  <stop lat="34.08346" lon="-118.2954699" stopId="03205" tag="3205" title="Melrose / Heliotrope"/>
  <stop lat="34.08186" lon="-118.38052" stopId="03206" tag="3206" title="Melrose / Huntley"/>
  <stop lat="34.08363" lon="-118.3660399" stopId="03209" tag="3209" title="Melrose / Crescent Heights"/>
  <stop lat="34.08353" lon="-118.35339" stopId="03210" tag="3210" title="Melrose / Gardner"/>
  <stop lat="34.08358" lon="-118.3692199" stopId="03211" tag="3211" title="Melrose / Harper"/>
  <stop lat="34.08342" lon="-118.3047599" stopId="03212" tag="3212" title="Melrose / Harvard"/>
  <stop lat="34.08334" lon="-118.3382399" stopId="03213" tag="3213" title="Melrose / Highland"/>
  <stop lat="34.0833599" lon="-118.33433" stopId="03214" tag="3214" title="Melrose / June"/>
  <stop lat="34.08333" lon="-118.34421" stopId="03215" tag="3215" title="Melrose / La Brea"/>
  <stop lat="34.0818299" lon="-118.37668" stopId="03216" tag="3216" title="Melrose / La Cienega"/>
  <stop lat="34.08337" lon="-118.3238299" stopId="03217" tag="3217" title="Melrose / Larchmont"/>
  <stop lat="34.08344" lon="-118.3006099" stopId="03221" tag="3221" title="Melrose / Normandie"/>
  <stop lat="34.0836699" lon="-118.3596199" stopId="03222" tag="3222" title="Melrose / Ogden"/>
  <stop lat="34.08328" lon="-118.3734199" stopId="03224" tag="3224" title="Melrose / Orlando"/>
  <stop lat="34.08343" lon="-118.34881" stopId="03225" tag="3225" title="Melrose / Poinsettia"/>
  <stop lat="34.0836199" lon="-118.3575299" stopId="03226" tag="3226" title="Melrose / Spaulding"/>
  <stop lat="34.08338" lon="-118.3158899" stopId="03227" tag="3227" title="Melrose / Van Ness"/>
  <stop lat="34.0834799" lon="-118.29187" stopId="03228" tag="3228" title="Melrose / Vermont"/>
  <stop lat="34.0834699" lon="-118.2869899" stopId="03229" tag="3229" title="Melrose / Virgil"/>
  <stop lat="34.0833899" lon="-118.31368" stopId="03231" tag="3231" title="Melrose / Wilton"/>
  <stop lat="34.0833799" lon="-118.31971" stopId="03232" tag="3232" title="Melrose / Windsor"/>
  <stop lat="34.08335" lon="-118.33113" stopId="03233" tag="3233" title="Melrose / Wilcox"/>
  <stop lat="34.0571099" lon="-118.2454399" stopId="03587" tag="3587" title="Temple / Grand"/>
  <stop lat="34.08084" lon="-118.2845499" stopId="03632" tag="3632" title="Hoover / Bellevue"/>
  <stop lat="34.07108" lon="-118.27089" stopId="03947" tag="3947" title="Temple / Rosemont"/>
  <stop lat="34.0833999" lon="-118.3088" stopId="04716" tag="4716" title="Melrose / Western"/>
  <stop lat="34.0701" lon="-118.26793" stopId="04719" tag="4719" title="Temple / Alvarado"/>
  <stop lat="34.05381" lon="-118.2472299" stopId="05133" tag="5133" title="Hill / 1st"/>
  <stop lat="34.0515" lon="-118.2494199" stopId="05135" tag="5135" title="Hill / 3rd"/>
  <stop lat="34.0443199" lon="-118.25608" stopId="05142" tag="5142" title="Hill / 8th"/>
  <stop lat="34.0855499" lon="-118.38277" stopId="06000" tag="6000" title="Santa Monica / Larrabee"/>
  <stop lat="34.04236" lon="-118.25633" stopId="07439" tag="7439" title="9th / Broadway"/>
  <stop lat="34.06718" lon="-118.25679" stopId="08085" tag="8085" title="Temple / Douglas"/>
  <stop lat="34.0664" lon="-118.2545" stopId="08086" tag="8086" title="Temple / Edgeware"/>
  <stop lat="34.0679599" lon="-118.2605799" stopId="08087" tag="8087" title="Temple / Glendale"/>
  <stop lat="34.0693699" lon="-118.2657099" stopId="08089" tag="8089" title="Temple / Bonnie Brae"/>
  <stop lat="34.06451" lon="-118.2526" stopId="08090" tag="8090" title="Temple / Boylston"/>
  <stop lat="34.07182" lon="-118.27312" stopId="08092" tag="8092" title="Temple / Carondelet"/>
  <stop lat="34.0599599" lon="-118.24883" stopId="08094" tag="8094" title="Temple / Figueroa"/>
  <stop lat="34.0736399" lon="-118.2777399" stopId="08099" tag="8099" title="Temple / Occidental"/>
  <stop lat="34.0723299" lon="-118.27467" stopId="08100" tag="8100" title="Temple / Rampart"/>
  <stop lat="34.0686299" lon="-118.2634399" stopId="08102" tag="8102" title="Temple / Union"/>
  <stop lat="34.0748199" lon="-118.2804599" stopId="08103" tag="8103" title="Temple / Vendome"/>
  <stop lat="34.0337999" lon="-118.2626" stopId="11606" tag="11606" title="Main / Venice"/>
  <stop lat="34.05044" lon="-118.2504099" stopId="13596" tag="13596" title="Hill / 4th"/>
  <stop lat="34.04861" lon="-118.2520499" stopId="13597" tag="13597" title="Hill / 5th"/>
  <stop lat="34.04723" lon="-118.2534099" stopId="13598" tag="13598" title="Hill / 6th"/>
  <stop lat="34.0456999" lon="-118.25453" tag="13600_ar" title="Hill / 7th"/>
  <stop lat="34.03926" lon="-118.2581799" stopId="13700" tag="13700" title="Main / 11th"/>
  <stop lat="34.04136" lon="-118.2556099" stopId="13714" tag="13714" title="Main / 9th"/>
  <stop lat="34.03679" lon="-118.2601799" stopId="13716" tag="13716" title="Main / Pico"/>
  <stop lat="34.0334999" lon="-118.26514" tag="14915_ar" title="Terminal 28 - West Lot"/>
  <stop lat="34.06289" lon="-118.25128" stopId="16374" tag="16374" title="Temple / Beaudry"/>
  <stop lat="34.0563699" lon="-118.2448" stopId="16381" tag="16381" title="Hill / Temple"/>
  <stop lat="34.0836999" lon="-118.36111" stopId="17013" tag="17013" title="Melrose / Fairfax"/>
  <stop lat="34.0763199" lon="-118.2837899" stopId="24249" tag="24249" title="Temple / Hoover"/>
  <stop lat="34.0817" lon="-118.2864799" stopId="24251" tag="24251" title="Clinton / Virgil"/>
  <stop lat="34.04859" lon="-118.2517599" stopId="00040" tag="40" title="Hill / 5th"/>
  <stop lat="34.0389" lon="-118.2581099" stopId="01131" tag="1131" title="Main / 11th"/>
  <stop lat="34.0336599" lon="-118.26235" stopId="03121" tag="3121" title="Main / 16th"/>
  <stop lat="34.0829299" lon="-118.32611" tag="3203_ar" title="Arden Layover"/>
  <stop lat="34.06961" lon="-118.2656" stopId="04723" tag="4723" title="Temple / Bonnie Brae"/>
  <stop lat="34.07177" lon="-118.27211" stopId="04724" tag="4724" title="Temple / Park View"/>
  <stop lat="34.0518099" lon="-118.24882" stopId="04771" tag="4771" title="Hill / 3rd"/>
  <stop lat="34.08387" lon="-118.35752" stopId="04963" tag="4963" title="Melrose / Spaulding"/>
  <stop lat="34.0361399" lon="-118.26033" stopId="05279" tag="5279" title="Main / Pico"/>
  <stop lat="34.04141" lon="-118.2550099" stopId="05292" tag="5292" title="Main / 9th"/>
  <stop lat="34.0855499" lon="-118.38277" tag="6000_ar" title="Santa Monica / Larrabee"/>
  <stop lat="34.0631399" lon="-118.2510999" stopId="08088" tag="8088" title="Temple / Beaudry"/>
  <stop lat="34.0602399" lon="-118.24871" stopId="08093" tag="8093" title="Temple / Figueroa"/>
  <stop lat="34.0584499" lon="-118.2465799" stopId="08095" tag="8095" title="Temple / Grand"/>
  <stop lat="34.06696" lon="-118.25476" stopId="08966" tag="8966" title="Temple / Edgeware"/>
  <stop lat="34.0836199" lon="-118.32694" stopId="11691" tag="11691" title="Melrose / Vine"/>
  <stop lat="34.0821099" lon="-118.3805399" stopId="11694" tag="11694" title="Melrose / Huntley"/>
  <stop lat="34.0838899" lon="-118.36572" stopId="11697" tag="11697" title="Melrose / Crescent Heights"/>
  <stop lat="34.08371" lon="-118.2958599" stopId="11698" tag="11698" title="Melrose / Edgemont"/>
  <stop lat="34.0839599" lon="-118.3617699" stopId="11699" tag="11699" title="Melrose / Fairfax"/>
  <stop lat="34.0837699" lon="-118.3530499" stopId="11700" tag="11700" title="Melrose / Gardner"/>
  <stop lat="34.0838399" lon="-118.3689" stopId="11701" tag="11701" title="Melrose / Harper"/>
  <stop lat="34.08368" lon="-118.3040899" stopId="11702" tag="11702" title="Melrose / Harvard"/>
  <stop lat="34.0836" lon="-118.3388999" stopId="11703" tag="11703" title="Melrose / Highland"/>
  <stop lat="34.0836199" lon="-118.33401" stopId="11704" tag="11704" title="Melrose / June"/>
  <stop lat="34.08358" lon="-118.3438799" stopId="11705" tag="11705" title="Melrose / La Brea"/>
  <stop lat="34.0820799" lon="-118.37685" stopId="11706" tag="11706" title="Melrose / La Cienega"/>
  <stop lat="34.08362" lon="-118.3234999" stopId="11707" tag="11707" title="Melrose / Larchmont"/>
  <stop lat="34.0836899" lon="-118.30028" stopId="11711" tag="11711" title="Melrose / Normandie"/>
  <stop lat="34.08392" lon="-118.35978" stopId="11712" tag="11712" title="Melrose / Ogden"/>
  <stop lat="34.08371" lon="-118.3730699" stopId="11714" tag="11714" title="Melrose / Orlando"/>
  <stop lat="34.0836699" lon="-118.3484799" stopId="11715" tag="11715" title="Melrose / Poinsettia"/>
  <stop lat="34.08168" lon="-118.38317" stopId="11716" tag="11716" title="San Vicente / Melrose"/>
  <stop lat="34.0836599" lon="-118.3159699" stopId="11718" tag="11718" title="Melrose / Van Ness"/>
  <stop lat="34.0837299" lon="-118.29223" stopId="11719" tag="11719" title="Melrose / Vermont"/>
  <stop lat="34.0836499" lon="-118.30946" stopId="11721" tag="11721" title="Melrose / Western"/>
  <stop lat="34.08364" lon="-118.31335" stopId="11722" tag="11722" title="Melrose / Wilton"/>
  <stop lat="34.08364" lon="-118.3193699" stopId="11723" tag="11723" title="Melrose / Windsor"/>
  <stop lat="34.0836" lon="-118.3307999" stopId="11724" tag="11724" title="Melrose / Wilcox"/>
  <stop lat="34.05475" lon="-118.2460399" stopId="12102" tag="12102" title="Hill / 1st"/>
  <stop lat="34.0805599" lon="-118.28431" stopId="12117" tag="12117" title="Hoover / Bellevue"/>
  <stop lat="34.05041" lon="-118.2501399" stopId="12409" tag="12409" title="Hill / 4th"/>
  <stop lat="34.07032" lon="-118.26775" stopId="12425" tag="12425" title="Temple / Alvarado"/>
  <stop lat="34.07118" lon="-118.27041" stopId="12426" tag="12426" title="Temple / Rosemont"/>
  <stop lat="34.0457" lon="-118.2545299" stopId="13600" tag="13600" title="Hill / 7th"/>
  <stop lat="34.04374" lon="-118.25447" stopId="15778" tag="15778" title="8th / Broadway"/>
  <stop lat="34.04446" lon="-118.2555599" stopId="15788" tag="15788" title="8th / Hill"/>
  <stop lat="34.0689099" lon="-118.2634799" stopId="16369" tag="16369" title="Temple / Belmont"/>
  <stop lat="34.0674599" lon="-118.2568799" stopId="16371" tag="16371" title="Temple / Douglas"/>
  <stop lat="34.0682399" lon="-118.2606699" stopId="16373" tag="16373" title="Temple / Glendale"/>
  <stop lat="34.0647799" lon="-118.2524599" stopId="16376" tag="16376" title="Temple / Boylston"/>
  <stop lat="34.0767" lon="-118.28396" stopId="16382" tag="16382" title="Temple / Hoover"/>
  <stop lat="34.07394" lon="-118.27775" stopId="16383" tag="16383" title="Temple / Occidental"/>
  <stop lat="34.0725899" lon="-118.27463" stopId="16384" tag="16384" title="Temple / Rampart"/>
  <stop lat="34.0751199" lon="-118.2804599" stopId="16386" tag="16386" title="Temple / Vendome"/>
  <stop lat="34.08373" lon="-118.28716" stopId="24250" tag="24250" title="Melrose / Virgil"/>
  <stop lat="34.0818499" lon="-118.28665" stopId="24252" tag="24252" title="Clinton / Virgil"/>
  <direction name="East" tag="10_734_0" title="East to Downtown LA - Main-Venice" useForUI="true">
   <stop tag="6000"/>
   <stop tag="3206"/>
   <stop tag="3216"/>
   <stop tag="3224"/>
   <stop tag="3211"/>
   <stop tag="3209"/>
   <stop tag="17013"/>
   <stop tag="3222"/>
   <stop tag="3226"/>
   <stop tag="3210"/>
   <stop tag="3225"/>
   <stop tag="3215"/>
   <stop tag="3213"/>
   <stop tag="3214"/>
   <stop tag="3233"/>
   <stop tag="3202"/>
   <stop tag="3217"/>
   <stop tag="3232"/>
   <stop tag="3227"/>
   <stop tag="3231"/>
   <stop tag="4716"/>
   <stop tag="3212"/>
   <stop tag="3221"/>
   <stop tag="3205"/>
   <stop tag="3228"/>
   <stop tag="3229"/>
   <stop tag="24251"/>
   <stop tag="3632"/>
   <stop tag="24249"/>
   <stop tag="8103"/>
   <stop tag="8099"/>
   <stop tag="8100"/>
   <stop tag="8092"/>
   <stop tag="3947"/>
   <stop tag="4719"/>
   <stop tag="8089"/>
   <stop tag="8102"/>
   <stop tag="8087"/>
   <stop tag="8085"/>
   <stop tag="8086"/>
   <stop tag="8090"/>
   <stop tag="16374"/>
   <stop tag="8094"/>
   <stop tag="3587"/>
   <stop tag="16381"/>
   <stop tag="5133"/>
   <stop tag="5135"/>
   <stop tag="13596"/>
   <stop tag="13597"/>
   <stop tag="13598"/>
   <stop tag="2456"/>
   <stop tag="5142"/>
   <stop tag="7439"/>
   <stop tag="13714"/>
   <stop tag="13700"/>
   <stop tag="13716"/>
   <stop tag="11606"/>
   <stop tag="14915_ar"/>
  </direction>
  <direction name="West" tag="10_740_1" title="West to West Hollywood" useForUI="true">
   <stop tag="3121"/>
   <stop tag="5279"/>
   <stop tag="1131"/>
   <stop tag="5292"/>
   <stop tag="15778"/>
   <stop tag="15788"/>
   <stop tag="13600"/>
   <stop tag="40"/>
   <stop tag="12409"/>
   <stop tag="4771"/>
   <stop tag="12102"/>
   <stop tag="8095"/>
   <stop tag="8093"/>
   <stop tag="8088"/>
   <stop tag="16376"/>
   <stop tag="8966"/>
   <stop tag="16371"/>
   <stop tag="16373"/>
   <stop tag="16369"/>
   <stop tag="4723"/>
   <stop tag="12425"/>
   <stop tag="12426"/>
   <stop tag="4724"/>
   <stop tag="16384"/>
   <stop tag="16383"/>
   <stop tag="16386"/>
   <stop tag="16382"/>
   <stop tag="12117"/>
   <stop tag="24252"/>
   <stop tag="24250"/>
   <stop tag="11719"/>
   <stop tag="11698"/>
   <stop tag="11711"/>
   <stop tag="11702"/>
   <stop tag="11721"/>
   <stop tag="11722"/>
   <stop tag="11718"/>
   <stop tag="11723"/>
   <stop tag="11707"/>
   <stop tag="11691"/>
   <stop tag="11724"/>
   <stop tag="11704"/>
   <stop tag="11703"/>
   <stop tag="11705"/>
   <stop tag="11715"/>
   <stop tag="11700"/>
   <stop tag="4963"/>
   <stop tag="11712"/>
   <stop tag="11699"/>
   <stop tag="11697"/>
   <stop tag="11701"/>
   <stop tag="11714"/>
   <stop tag="11706"/>
   <stop tag="11694"/>
   <stop tag="11716"/>
   <stop tag="6000_ar"/>
  </direction>
  <path>
   <point lat="34.07233" lon="-118.27467"/>
   <point lat="34.07182" lon="-118.27312"/>
   <point lat="34.07108" lon="-118.27089"/>
   <point lat="34.0700999" lon="-118.26793"/>
   <point lat="34.06937" lon="-118.26571"/>
   <point lat="34.06863" lon="-118.26344"/>
   <point lat="34.06796" lon="-118.26058"/>
   <point lat="34.06718" lon="-118.25679"/>
   <point lat="34.06708" lon="-118.25566"/>
   <point lat="34.06704" lon="-118.25545"/>
   <point lat="34.06691" lon="-118.25498"/>
   <point lat="34.06686" lon="-118.25487"/>
   <point lat="34.0668099" lon="-118.25479"/>
   <point lat="34.06668" lon="-118.25461"/>
   <point lat="34.0664" lon="-118.2545"/>
   <point lat="34.06615" lon="-118.25407"/>
   <point lat="34.06451" lon="-118.2526"/>
   <point lat="34.06319" lon="-118.25133"/>
   <point lat="34.06289" lon="-118.25128"/>
   <point lat="34.06062" lon="-118.24933"/>
   <point lat="34.0599599" lon="-118.24883"/>
  </path>
  <path>
   <point lat="34.06024" lon="-118.24871"/>
   <point lat="34.06062" lon="-118.24933"/>
   <point lat="34.06314" lon="-118.2511"/>
   <point lat="34.06478" lon="-118.25246"/>
   <point lat="34.06654" lon="-118.25444"/>
   <point lat="34.06696" lon="-118.25476"/>
   <point lat="34.0674599" lon="-118.25688"/>
   <point lat="34.06824" lon="-118.26067"/>
   <point lat="34.06891" lon="-118.26348"/>
   <point lat="34.06961" lon="-118.2656"/>
   <point lat="34.07032" lon="-118.26775"/>
   <point lat="34.07118" lon="-118.27041"/>
   <point lat="34.07177" lon="-118.27211"/>
   <point lat="34.07259" lon="-118.27463"/>
  </path>
  <path>
   <point lat="34.0834" lon="-118.3088"/>
   <point lat="34.0834199" lon="-118.30476"/>
   <point lat="34.08344" lon="-118.30061"/>
   <point lat="34.08346" lon="-118.29547"/>
   <point lat="34.08348" lon="-118.29187"/>
   <point lat="34.08347" lon="-118.28699"/>
   <point lat="34.08178" lon="-118.28681"/>
   <point lat="34.0817" lon="-118.28648"/>
   <point lat="34.08178" lon="-118.28563"/>
   <point lat="34.08177" lon="-118.28445"/>
   <point lat="34.08084" lon="-118.28455"/>
   <point lat="34.07964" lon="-118.28442"/>
   <point lat="34.07718" lon="-118.28441"/>
   <point lat="34.07672" lon="-118.2844"/>
   <point lat="34.07668" lon="-118.28424"/>
   <point lat="34.07661" lon="-118.28411"/>
   <point lat="34.07632" lon="-118.28379"/>
   <point lat="34.0763" lon="-118.28339"/>
   <point lat="34.07482" lon="-118.28046"/>
   <point lat="34.07364" lon="-118.27774"/>
   <point lat="34.0733" lon="-118.27662"/>
   <point lat="34.07233" lon="-118.27467"/>
  </path>
  <path>
   <point lat="34.08555" lon="-118.38277"/>
   <point lat="34.08612" lon="-118.38209"/>
   <point lat="34.08664" lon="-118.38136"/>
   <point lat="34.085" lon="-118.38137"/>
   <point lat="34.08422" lon="-118.38374"/>
   <point lat="34.08387" lon="-118.38371"/>
   <point lat="34.0826" lon="-118.3837"/>
   <point lat="34.0825" lon="-118.38371"/>
   <point lat="34.0824" lon="-118.3837"/>
   <point lat="34.08232" lon="-118.38366"/>
   <point lat="34.08176" lon="-118.38335"/>
   <point lat="34.08139" lon="-118.38312"/>
   <point lat="34.08171" lon="-118.38216"/>
   <point lat="34.08175" lon="-118.38202"/>
   <point lat="34.08181" lon="-118.38179"/>
   <point lat="34.08184" lon="-118.38165"/>
   <point lat="34.0819199" lon="-118.38134"/>
   <point lat="34.08197" lon="-118.38098"/>
   <point lat="34.08186" lon="-118.38052"/>
   <point lat="34.08194" lon="-118.37732"/>
   <point lat="34.0818299" lon="-118.37668"/>
  </path>
  <path>
   <point lat="34.08362" lon="-118.32694"/>
   <point lat="34.0835999" lon="-118.3308"/>
   <point lat="34.08362" lon="-118.33401"/>
   <point lat="34.0835999" lon="-118.3389"/>
   <point lat="34.08358" lon="-118.34388"/>
   <point lat="34.08367" lon="-118.34848"/>
   <point lat="34.08377" lon="-118.35305"/>
   <point lat="34.08387" lon="-118.35752"/>
   <point lat="34.08392" lon="-118.35978"/>
   <point lat="34.08396" lon="-118.36177"/>
   <point lat="34.0838899" lon="-118.36572"/>
   <point lat="34.08384" lon="-118.3689"/>
   <point lat="34.08371" lon="-118.37307"/>
   <point lat="34.08213" lon="-118.37619"/>
   <point lat="34.08208" lon="-118.37685"/>
  </path>
  <path>
   <point lat="34.08365" lon="-118.30946"/>
   <point lat="34.08364" lon="-118.31335"/>
   <point lat="34.08366" lon="-118.31597"/>
   <point lat="34.08364" lon="-118.31937"/>
   <point lat="34.08362" lon="-118.3235"/>
   <point lat="34.08362" lon="-118.32694"/>
  </path>
  <path>
   <point lat="34.0818299" lon="-118.37668"/>
   <point lat="34.08213" lon="-118.37619"/>
   <point lat="34.08328" lon="-118.37342"/>
   <point lat="34.08361" lon="-118.37299"/>
   <point lat="34.08364" lon="-118.37286"/>
   <point lat="34.08365" lon="-118.3728"/>
   <point lat="34.08367" lon="-118.3722"/>
   <point lat="34.08369" lon="-118.37028"/>
   <point lat="34.08358" lon="-118.36922"/>
   <point lat="34.08363" lon="-118.36604"/>
   <point lat="34.0837" lon="-118.36111"/>
   <point lat="34.08367" lon="-118.35962"/>
   <point lat="34.08362" lon="-118.35753"/>
   <point lat="34.08353" lon="-118.35339"/>
   <point lat="34.08343" lon="-118.34881"/>
   <point lat="34.0833299" lon="-118.34421"/>
   <point lat="34.08334" lon="-118.33824"/>
   <point lat="34.08336" lon="-118.33433"/>
   <point lat="34.08335" lon="-118.33113"/>
   <point lat="34.08337" lon="-118.32619"/>
  </path>
  <path>
   <point lat="34.08208" lon="-118.37685"/>
   <point lat="34.08194" lon="-118.37732"/>
   <point lat="34.08211" lon="-118.38054"/>
   <point lat="34.0819199" lon="-118.38134"/>
   <point lat="34.08139" lon="-118.38312"/>
   <point lat="34.08168" lon="-118.38317"/>
   <point lat="34.08232" lon="-118.38366"/>
   <point lat="34.0824" lon="-118.3837"/>
   <point lat="34.0825" lon="-118.38371"/>
   <point lat="34.0826" lon="-118.3837"/>
   <point lat="34.08387" lon="-118.38371"/>
   <point lat="34.08434" lon="-118.38375"/>
   <point lat="34.0844499" lon="-118.38379"/>
   <point lat="34.08458" lon="-118.38383"/>
   <point lat="34.08466" lon="-118.38387"/>
   <point lat="34.0848299" lon="-118.38398"/>
   <point lat="34.08491" lon="-118.38386"/>
   <point lat="34.08535" lon="-118.38325"/>
   <point lat="34.08555" lon="-118.38277"/>
  </path>
  <path>
   <point lat="34.03366" lon="-118.26235"/>
   <point lat="34.03614" lon="-118.26033"/>
   <point lat="34.0389" lon="-118.25811"/>
   <point lat="34.03967" lon="-118.25767"/>
   <point lat="34.0398" lon="-118.25756"/>
   <point lat="34.03983" lon="-118.25752"/>
   <point lat="34.04001" lon="-118.25735"/>
   <point lat="34.0401" lon="-118.25724"/>
   <point lat="34.04017" lon="-118.25716"/>
   <point lat="34.04122" lon="-118.25558"/>
   <point lat="34.04141" lon="-118.25501"/>
   <point lat="34.04207" lon="-118.25425"/>
   <point lat="34.04275" lon="-118.25316"/>
   <point lat="34.0430599" lon="-118.25364"/>
   <point lat="34.04338" lon="-118.25411"/>
   <point lat="34.04374" lon="-118.25447"/>
   <point lat="34.04446" lon="-118.25556"/>
   <point lat="34.0456999" lon="-118.25453"/>
   <point lat="34.0473799" lon="-118.25311"/>
   <point lat="34.04859" lon="-118.25176"/>
   <point lat="34.05041" lon="-118.25014"/>
   <point lat="34.05181" lon="-118.24882"/>
   <point lat="34.05475" lon="-118.24604"/>
   <point lat="34.0556399" lon="-118.24538"/>
   <point lat="34.05597" lon="-118.24506"/>
   <point lat="34.05642" lon="-118.24459"/>
   <point lat="34.0565" lon="-118.24449"/>
   <point lat="34.05663" lon="-118.24465"/>
   <point lat="34.05816" lon="-118.24646"/>
   <point lat="34.05845" lon="-118.24658"/>
   <point lat="34.05903" lon="-118.24749"/>
   <point lat="34.06024" lon="-118.24871"/>
  </path>
  <path>
   <point lat="34.07259" lon="-118.27463"/>
   <point lat="34.0733" lon="-118.27662"/>
   <point lat="34.07394" lon="-118.27775"/>
   <point lat="34.07512" lon="-118.28046"/>
   <point lat="34.0763" lon="-118.28339"/>
   <point lat="34.0767" lon="-118.28396"/>
   <point lat="34.07672" lon="-118.2844"/>
   <point lat="34.07718" lon="-118.28441"/>
   <point lat="34.07873" lon="-118.28442"/>
   <point lat="34.08056" lon="-118.28431"/>
   <point lat="34.08177" lon="-118.28445"/>
   <point lat="34.08185" lon="-118.28665"/>
   <point lat="34.08178" lon="-118.28681"/>
   <point lat="34.08373" lon="-118.28716"/>
   <point lat="34.08373" lon="-118.29223"/>
   <point lat="34.08371" lon="-118.29586"/>
   <point lat="34.08369" lon="-118.30028"/>
   <point lat="34.08368" lon="-118.30409"/>
   <point lat="34.08365" lon="-118.30946"/>
  </path>
  <path>
   <point lat="34.0456999" lon="-118.25453"/>
   <point lat="34.0473799" lon="-118.25311"/>
   <point lat="34.04859" lon="-118.25176"/>
   <point lat="34.05041" lon="-118.25014"/>
   <point lat="34.05181" lon="-118.24882"/>
   <point lat="34.05475" lon="-118.24604"/>
   <point lat="34.0556399" lon="-118.24538"/>
   <point lat="34.05597" lon="-118.24506"/>
   <point lat="34.05642" lon="-118.24459"/>
   <point lat="34.0565" lon="-118.24449"/>
   <point lat="34.05663" lon="-118.24465"/>
   <point lat="34.05816" lon="-118.24646"/>
   <point lat="34.05845" lon="-118.24658"/>
   <point lat="34.05903" lon="-118.24749"/>
   <point lat="34.06024" lon="-118.24871"/>
  </path>
  <path>
   <point lat="34.08337" lon="-118.32619"/>
   <point lat="34.08337" lon="-118.32383"/>
   <point lat="34.08338" lon="-118.31971"/>
   <point lat="34.08338" lon="-118.31589"/>
   <point lat="34.08339" lon="-118.31368"/>
   <point lat="34.0834" lon="-118.3088"/>
  </path>
  <path>
   <point lat="34.08293" lon="-118.32611"/>
   <point lat="34.08266" lon="-118.32602"/>
   <point lat="34.08312" lon="-118.32662"/>
   <point lat="34.0834199" lon="-118.32661"/>
   <point lat="34.08349" lon="-118.32661"/>
   <point lat="34.08337" lon="-118.32619"/>
   <point lat="34.08337" lon="-118.32383"/>
   <point lat="34.08338" lon="-118.31971"/>
   <point lat="34.08338" lon="-118.31589"/>
   <point lat="34.08339" lon="-118.31368"/>
   <point lat="34.0834" lon="-118.3088"/>
  </path>
  <path>
   <point lat="34.0599599" lon="-118.24883"/>
   <point lat="34.05903" lon="-118.24749"/>
   <point lat="34.05711" lon="-118.24544"/>
   <point lat="34.0565" lon="-118.24449"/>
   <point lat="34.05637" lon="-118.2448"/>
   <point lat="34.05597" lon="-118.24506"/>
   <point lat="34.05381" lon="-118.24723"/>
   <point lat="34.0515" lon="-118.24942"/>
   <point lat="34.05044" lon="-118.25041"/>
   <point lat="34.0486099" lon="-118.25205"/>
   <point lat="34.04723" lon="-118.25341"/>
   <point lat="34.04576" lon="-118.25477"/>
   <point lat="34.04432" lon="-118.25608"/>
   <point lat="34.04302" lon="-118.25714"/>
   <point lat="34.04236" lon="-118.25633"/>
   <point lat="34.04189" lon="-118.25543"/>
   <point lat="34.0416" lon="-118.25498"/>
   <point lat="34.04136" lon="-118.25561"/>
   <point lat="34.04047" lon="-118.2567"/>
   <point lat="34.03926" lon="-118.25818"/>
   <point lat="34.03679" lon="-118.26018"/>
   <point lat="34.0338" lon="-118.2626"/>
  </path>
  <path>
   <point lat="34.0834" lon="-118.3088"/>
   <point lat="34.0834199" lon="-118.30476"/>
   <point lat="34.08344" lon="-118.30061"/>
   <point lat="34.08346" lon="-118.29547"/>
   <point lat="34.08348" lon="-118.29187"/>
   <point lat="34.08347" lon="-118.28699"/>
   <point lat="34.08178" lon="-118.28681"/>
   <point lat="34.0817" lon="-118.28648"/>
   <point lat="34.08178" lon="-118.28563"/>
   <point lat="34.08177" lon="-118.28445"/>
   <point lat="34.08084" lon="-118.28455"/>
   <point lat="34.07964" lon="-118.28442"/>
   <point lat="34.07718" lon="-118.28441"/>
   <point lat="34.07672" lon="-118.2844"/>
   <point lat="34.07668" lon="-118.28424"/>
   <point lat="34.07661" lon="-118.28411"/>
   <point lat="34.07632" lon="-118.28379"/>
   <point lat="34.07482" lon="-118.28046"/>
   <point lat="34.07364" lon="-118.27774"/>
   <point lat="34.07233" lon="-118.27467"/>
  </path>
  <path>
   <point lat="34.0338" lon="-118.2626"/>
   <point lat="34.03289" lon="-118.26315"/>
   <point lat="34.03346" lon="-118.26413"/>
   <point lat="34.03385" lon="-118.26481"/>
   <point lat="34.0334999" lon="-118.26514"/>
  </path>
  <path>
   <point lat="34.0599599" lon="-118.24883"/>
   <point lat="34.05903" lon="-118.24749"/>
   <point lat="34.05711" lon="-118.24544"/>
   <point lat="34.0565" lon="-118.24449"/>
   <point lat="34.05637" lon="-118.2448"/>
   <point lat="34.05597" lon="-118.24506"/>
   <point lat="34.05381" lon="-118.24723"/>
   <point lat="34.0515" lon="-118.24942"/>
   <point lat="34.05044" lon="-118.25041"/>
   <point lat="34.0486099" lon="-118.25205"/>
   <point lat="34.0473799" lon="-118.25311"/>
   <point lat="34.04723" lon="-118.25341"/>
   <point lat="34.04576" lon="-118.25477"/>
   <point lat="34.04432" lon="-118.25608"/>
   <point lat="34.04302" lon="-118.25714"/>
   <point lat="34.04236" lon="-118.25633"/>
   <point lat="34.04189" lon="-118.25543"/>
   <point lat="34.0416" lon="-118.25498"/>
   <point lat="34.04136" lon="-118.25561"/>
   <point lat="34.04122" lon="-118.25558"/>
   <point lat="34.04047" lon="-118.2567"/>
   <point lat="34.04017" lon="-118.25716"/>
   <point lat="34.0401" lon="-118.25724"/>
   <point lat="34.04001" lon="-118.25735"/>
   <point lat="34.03983" lon="-118.25752"/>
   <point lat="34.0398" lon="-118.25756"/>
   <point lat="34.03967" lon="-118.25767"/>
   <point lat="34.03926" lon="-118.25818"/>
   <point lat="34.03679" lon="-118.26018"/>
   <point lat="34.0338" lon="-118.2626"/>
  </path>
  <path>
   <point lat="34.0837" lon="-118.36111"/>
   <point lat="34.08367" lon="-118.35962"/>
   <point lat="34.08362" lon="-118.35753"/>
   <point lat="34.08353" lon="-118.35339"/>
   <point lat="34.08343" lon="-118.34881"/>
   <point lat="34.0833299" lon="-118.34421"/>
   <point lat="34.08334" lon="-118.33824"/>
   <point lat="34.08336" lon="-118.33433"/>
   <point lat="34.08335" lon="-118.33113"/>
   <point lat="34.08337" lon="-118.32619"/>
  </path>
  <path>
   <point lat="34.03366" lon="-118.26235"/>
   <point lat="34.03614" lon="-118.26033"/>
   <point lat="34.0389" lon="-118.25811"/>
   <point lat="34.03967" lon="-118.25767"/>
   <point lat="34.0398" lon="-118.25756"/>
   <point lat="34.03983" lon="-118.25752"/>
   <point lat="34.04001" lon="-118.25735"/>
   <point lat="34.0401" lon="-118.25724"/>
   <point lat="34.04017" lon="-118.25716"/>
   <point lat="34.04122" lon="-118.25558"/>
   <point lat="34.04141" lon="-118.25501"/>
   <point lat="34.04207" lon="-118.25425"/>
   <point lat="34.04275" lon="-118.25316"/>
   <point lat="34.0430599" lon="-118.25364"/>
   <point lat="34.04338" lon="-118.25411"/>
   <point lat="34.04374" lon="-118.25447"/>
   <point lat="34.04446" lon="-118.25556"/>
   <point lat="34.0456999" lon="-118.25453"/>
  </path>
  <path>
   <point lat="34.0334999" lon="-118.26514"/>
   <point lat="34.03313" lon="-118.26539"/>
   <point lat="34.03287" lon="-118.26491"/>
   <point lat="34.0327399" lon="-118.26472"/>
   <point lat="34.03216" lon="-118.26374"/>
   <point lat="34.03221" lon="-118.26369"/>
   <point lat="34.0324" lon="-118.26354"/>
   <point lat="34.03246" lon="-118.2635"/>
   <point lat="34.03366" lon="-118.26235"/>
  </path>
  <path>
   <point lat="34.0599599" lon="-118.24883"/>
   <point lat="34.05903" lon="-118.24749"/>
   <point lat="34.05711" lon="-118.24544"/>
   <point lat="34.0565" lon="-118.24449"/>
   <point lat="34.05637" lon="-118.2448"/>
   <point lat="34.05597" lon="-118.24506"/>
   <point lat="34.05381" lon="-118.24723"/>
   <point lat="34.0515" lon="-118.24942"/>
   <point lat="34.05044" lon="-118.25041"/>
   <point lat="34.0486099" lon="-118.25205"/>
   <point lat="34.0473799" lon="-118.25311"/>
   <point lat="34.04723" lon="-118.25341"/>
   <point lat="34.04576" lon="-118.25477"/>
   <point lat="34.04469" lon="-118.25559"/>
   <point lat="34.04448" lon="-118.25579"/>
   <point lat="34.04302" lon="-118.25714"/>
   <point lat="34.0423199" lon="-118.25608"/>
   <point lat="34.04284" lon="-118.25558"/>
   <point lat="34.04378" lon="-118.25472"/>
   <point lat="34.04448" lon="-118.25579"/>
   <point lat="34.04469" lon="-118.25559"/>
   <point lat="34.0456999" lon="-118.25453"/>
  </path>
  <path>
   <point lat="34.08365" lon="-118.30946"/>
   <point lat="34.08364" lon="-118.31335"/>
   <point lat="34.08366" lon="-118.31597"/>
   <point lat="34.08364" lon="-118.31937"/>
   <point lat="34.08362" lon="-118.3235"/>
   <point lat="34.08349" lon="-118.32602"/>
   <point lat="34.08293" lon="-118.32611"/>
  </path>
 </route>
</body>