<?xml version="1.0" encoding="utf-8"?>
<body copyright="All data copyright Los Angeles Metro 2022.">
 <route color="df4600" latMax="34.0502099" latMin="33.80685" lonMax="-117.91347" lonMin="-118.28103" oppositeColor="ffffff" tag="460" title="460 Downtown LA - Disneyland Via Harbor">
  <stop lat="33.8650999" lon="-117.9982499" stopId="00370" tag="370" title="Beach / 9th"/>
  <stop lat="33.8630999" lon="-117.9982299" stopId="00371" tag="371" title="Beach / 11th"/>
  <stop lat="33.85921" lon="-117.99818" stopId="00375" tag="375" title="Beach / Orangethorpe"/>
  <stop lat="33.8512499" lon="-117.9980599" stopId="00376" tag="376" title="Wax Museum"/>
  <stop lat="33.89855" lon="-118.0467199" stopId="00602" tag="602" title="Carmenita / Mapledale"/>
  <stop lat="33.9021799" lon="-118.04674" stopId="00607" tag="607" title="Carmenita / Rosecrans"/>
  <stop lat="33.8103599" lon="-117.91591" tag="1060_ar" title="Disneyland Employee S Entrance"/>
  <stop lat="33.90227" lon="-118.0549599" stopId="01560" tag="1560" title="Rosecrans / Shoemaker"/>
  <stop lat="34.03032" lon="-118.2730199" stopId="01813" tag="1813" title="Flower / 23rd"/>
  <stop lat="33.8586199" lon="-117.98081" stopId="02097" tag="2097" title="Fullerton Park / Ride Dock 14"/>
  <stop lat="34.0371499" lon="-118.26884" stopId="02150" tag="2150" title="Flower / Venice"/>
  <stop lat="33.8881099" lon="-117.9993999" stopId="02351" tag="2351" title="La Mirada / Alondra"/>
  <stop lat="34.03988" lon="-118.2670999" stopId="02377" tag="2377" title="Flower / Pico"/>
  <stop lat="34.0336399" lon="-118.27107" stopId="02378" tag="2378" title="Flower / Washington"/>
  <stop lat="33.9169799" lon="-118.0944999" stopId="02628" tag="2628" title="Imperial / Fairford"/>
  <stop lat="33.91698" lon="-118.0863299" stopId="02637" tag="2637" title="Imperial / Jersey"/>
  <stop lat="33.91697" lon="-118.0906699" stopId="02651" tag="2651" title="Imperial / Orr And Day"/>
  <stop lat="33.91698" lon="-118.0988999" stopId="02661" tag="2661" title="Imperial / Studebaker"/>
  <stop lat="33.8466499" lon="-117.98551" stopId="02774" tag="2774" title="La Palma / Dale"/>
  <stop lat="33.8466099" lon="-117.98969" stopId="02775" tag="2775" title="North Entry Buena Park Mall"/>
  <stop lat="33.84659" lon="-117.9932399" stopId="02776" tag="2776" title="La Palma / Stanton"/>
  <stop lat="33.8466999" lon="-117.98194" stopId="02777" tag="2777" title="La Palma / Tamarack"/>
  <stop lat="33.8467199" lon="-117.97788" stopId="02778" tag="2778" title="La Palma / Woodland"/>
  <stop lat="33.9022399" lon="-118.05979" stopId="03097" tag="3097" title="Rosecrans / Firestone"/>
  <stop lat="34.04855" lon="-118.2590599" stopId="03674" tag="3674" title="Flower / 7th"/>
  <stop lat="33.84728" lon="-117.97594" stopId="03769" tag="3769" title="Magnolia / La Palma"/>
  <stop lat="33.8496299" lon="-117.9759699" stopId="03770" tag="3770" title="Magnolia / Woodland"/>
  <stop lat="33.85902" lon="-117.9787999" stopId="04133" tag="4133" title="Orangethorpe / East Entry Park / Ride"/>
  <stop lat="33.91244" lon="-118.0819199" stopId="04383" tag="4383" title="Pioneer / Firestone"/>
  <stop lat="33.9101699" lon="-118.0823" stopId="04384" tag="4384" title="Pioneer / Foster"/>
  <stop lat="33.9168399" lon="-118.0819299" stopId="04385" tag="4385" title="Pioneer / Imperial"/>
  <stop lat="33.90527" lon="-118.0827699" stopId="04388" tag="4388" title="Pioneer / Orange"/>
  <stop lat="33.9022299" lon="-118.06417" stopId="04593" tag="4593" title="Rosecrans / Bloomfield"/>
  <stop lat="33.90209" lon="-118.0795399" stopId="04594" tag="4594" title="Rosecrans / Clarkdale"/>
  <stop lat="33.9022999" lon="-118.05106" stopId="04595" tag="4595" title="Rosecrans / Dinard"/>
  <stop lat="33.9021099" lon="-118.07606" stopId="04596" tag="4596" title="Rosecrans / Grayland"/>
  <stop lat="33.9022599" lon="-118.05741" stopId="04597" tag="4597" title="Rosecrans / Greenstone"/>
  <stop lat="33.90213" lon="-118.06927" stopId="04598" tag="4598" title="Rosecrans / Helwig"/>
  <stop lat="33.90213" lon="-118.0726399" stopId="04599" tag="4599" title="Rosecrans / Norwalk"/>
  <stop lat="33.9020699" lon="-118.08223" stopId="04600" tag="4600" title="Rosecrans / Pioneer"/>
  <stop lat="34.0442199" lon="-118.26308" stopId="04675" tag="4675" title="Flower / Olympic"/>
  <stop lat="34.0462499" lon="-118.24768" stopId="08634" tag="8634" title="5th / Los Angeles"/>
  <stop lat="33.8586199" lon="-117.9788" stopId="10640" tag="10640" title="Fullerton Park And Ride"/>
  <stop lat="34.0178199" lon="-118.2803" stopId="10848" tag="10848" title="Harbor Transitway / 37th St / USC"/>
  <stop lat="33.9596399" lon="-118.28103" stopId="10853" tag="10853" title="Harbor Transitway / Manchester"/>
  <stop lat="33.9888699" lon="-118.28073" stopId="10994" tag="10994" title="Harbor Transitway / Slauson"/>
  <stop lat="33.859" lon="-117.98077" stopId="12615" tag="12615" title="Orangethorpe / Auto Center"/>
  <stop lat="34.0461199" lon="-118.26137" stopId="13495" tag="13495" title="Flower / 9th"/>
  <stop lat="34.05007" lon="-118.2542699" stopId="13561" tag="13561" title="Grand / 5th"/>
  <stop lat="34.0476499" lon="-118.2498099" stopId="15693" tag="15693" title="5th / Spring"/>
  <stop lat="34.0491" lon="-118.2521" stopId="15694" tag="15694" title="5th / Hill"/>
  <stop lat="34.02743" lon="-118.2750899" stopId="15820" tag="15820" title="Flower / Adams"/>
  <stop lat="33.85902" lon="-117.97695" stopId="16926" tag="16926" title="Orangethorpe / Magnolia"/>
  <stop lat="33.80999" lon="-117.9154599" stopId="16944" tag="16944" title="Disneyland"/>
  <stop lat="33.8877999" lon="-118.04314" stopId="17199" tag="17199" title="Alondra / Commerce"/>
  <stop lat="33.88783" lon="-118.0380399" stopId="17200" tag="17200" title="Alondra / Marquardt"/>
  <stop lat="33.8879499" lon="-118.02171" stopId="17203" tag="17203" title="Alondra / Phoebe"/>
  <stop lat="33.88798" lon="-118.0156899" stopId="17204" tag="17204" title="Alondra / Trojan"/>
  <stop lat="33.888" lon="-118.0113" stopId="17205" tag="17205" title="Alondra / Stage"/>
  <stop lat="33.88806" lon="-118.0048099" stopId="17206" tag="17206" title="Alondra / Barbata"/>
  <stop lat="33.88789" lon="-118.0291699" stopId="20452" tag="20452" title="Alondra / Valley View"/>
  <stop lat="33.86961" lon="-117.99832" stopId="25006" tag="25006" title="Beach / Commonwealth"/>
  <stop lat="33.8673199" lon="-117.9982999" stopId="25007" tag="25007" title="Beach / Auto Center Drive"/>
  <stop lat="33.8737199" lon="-117.9983499" stopId="25013" tag="25013" title="Beach / Artesia"/>
  <stop lat="33.88196" lon="-117.9979599" stopId="25015" tag="25015" title="Beach / Cascade"/>
  <stop lat="33.8465599" lon="-117.99755" stopId="28500" tag="28500" title="Knotts Berry Farm"/>
  <stop lat="33.9131399" lon="-118.10402" stopId="30016" tag="30016" title="Norwalk Station"/>
  <stop lat="33.88777" lon="-118.0460099" stopId="142333" tag="142333" title="Alondra / Carmenita"/>
  <stop lat="33.8842599" lon="-117.99582" stopId="142334" tag="142334" title="Beach / La Mirada"/>
  <stop lat="33.87701" lon="-117.9983799" stopId="142428" tag="142428" title="Beach / Franklin"/>
  <stop lat="33.8103599" lon="-117.91591" stopId="01060" tag="1060" title="Disneyland Employee S Entrance"/>
  <stop lat="34.0176599" lon="-118.27992" stopId="02315" tag="2315" title="Harbor Transitway / 37th St / USC"/>
  <stop lat="33.9597999" lon="-118.28056" stopId="02320" tag="2320" title="Harbor Transitway / Manchester"/>
  <stop lat="33.98869" lon="-118.2802" stopId="02322" tag="2322" title="Harbor Transitway / Slauson"/>
  <stop lat="33.8468399" lon="-117.99406" stopId="02578" tag="2578" title="La Palma / Stanton"/>
  <stop lat="34.0428899" lon="-118.2482" tag="3161_ar" title="Maple Lot"/>
  <stop lat="34.0404699" lon="-118.26797" stopId="04652" tag="4652" title="Figueroa / Pico"/>
  <stop lat="34.0491599" lon="-118.25989" stopId="05019" tag="5019" title="Figueroa / 7th"/>
  <stop lat="34.0451299" lon="-118.26365" stopId="05040" tag="5040" title="Figueroa / Olympic"/>
  <stop lat="34.03457" lon="-118.2717399" stopId="05049" tag="5049" title="Figueroa / Washington"/>
  <stop lat="34.0502099" lon="-118.25891" stopId="05050" tag="5050" title="Figueroa / Wilshire"/>
  <stop lat="34.0473899" lon="-118.2533099" stopId="05138" tag="5138" title="6th / Hill"/>
  <stop lat="34.04669" lon="-118.25227" stopId="07345" tag="7345" title="6th / Broadway"/>
  <stop lat="33.8469599" lon="-117.99772" stopId="08958" tag="8958" title="Knotts Berry Farm"/>
  <stop lat="33.86389" lon="-117.99793" stopId="08959" tag="8959" title="Beach / 10th"/>
  <stop lat="33.85175" lon="-117.99775" stopId="08961" tag="8961" title="Wax Museum"/>
  <stop lat="33.8593" lon="-117.99788" stopId="08962" tag="8962" title="Beach / Orangethorpe"/>
  <stop lat="33.89869" lon="-118.04642" stopId="09169" tag="9169" title="Carmenita / Mapledale"/>
  <stop lat="34.04434" lon="-118.24879" stopId="09744" tag="9744" title="6th / Los Angeles"/>
  <stop lat="33.9172399" lon="-118.09466" stopId="11145" tag="11145" title="Imperial / Fairford"/>
  <stop lat="33.91723" lon="-118.0859999" stopId="11152" tag="11152" title="Imperial / Jersey"/>
  <stop lat="33.9172399" lon="-118.0821099" stopId="11158" tag="11158" title="Imperial / Pioneer"/>
  <stop lat="33.8469499" lon="-117.98161" stopId="11268" tag="11268" title="La Palma / Tamarack"/>
  <stop lat="33.8469099" lon="-117.98469" stopId="11269" tag="11269" title="La Palma / Dale"/>
  <stop lat="33.84686" lon="-117.9903999" stopId="11270" tag="11270" title="North Entry Buena Park Mall"/>
  <stop lat="33.8469599" lon="-117.9795299" stopId="11272" tag="11272" title="La Palma / Woodland"/>
  <stop lat="33.8494899" lon="-117.9762799" stopId="12265" tag="12265" title="Magnolia / Woodland"/>
  <stop lat="33.91299" lon="-118.08162" stopId="12843" tag="12843" title="Pioneer / Firestone"/>
  <stop lat="33.90916" lon="-118.0823799" stopId="12844" tag="12844" title="Pioneer / Lesser"/>
  <stop lat="33.9051599" lon="-118.08247" stopId="12846" tag="12846" title="Pioneer / Orange"/>
  <stop lat="33.90248" lon="-118.0643299" stopId="13048" tag="13048" title="Rosecrans / Bloomfield"/>
  <stop lat="33.9025599" lon="-118.05073" stopId="13050" tag="13050" title="Rosecrans / Dinard"/>
  <stop lat="33.9023699" lon="-118.07607" stopId="13051" tag="13051" title="Rosecrans / Grayland"/>
  <stop lat="33.90239" lon="-118.0691099" stopId="13052" tag="13052" title="Rosecrans / Helwig"/>
  <stop lat="33.9025799" lon="-118.04692" stopId="13053" tag="13053" title="Rosecrans / Carmenita"/>
  <stop lat="33.9023499" lon="-118.07989" stopId="13054" tag="13054" title="Rosecrans / Clarkdale"/>
  <stop lat="33.9025099" lon="-118.05824" stopId="13055" tag="13055" title="Rosecrans / Greenstone"/>
  <stop lat="33.9023899" lon="-118.0734599" stopId="13056" tag="13056" title="Rosecrans / Norwalk"/>
  <stop lat="33.9029899" lon="-118.0824" stopId="13057" tag="13057" title="Pioneer / Rosecrans"/>
  <stop lat="33.90253" lon="-118.0556199" stopId="13058" tag="13058" title="Rosecrans / Shoemaker"/>
  <stop lat="34.0285399" lon="-118.27464" stopId="13460" tag="13460" title="Hov Roadway / Adams"/>
  <stop lat="34.0372399" lon="-118.27005" stopId="13554" tag="13554" title="Figueroa / Venice"/>
  <stop lat="34.0499" lon="-118.25723" stopId="15713" tag="15713" title="6th / Flower"/>
  <stop lat="34.0490299" lon="-118.2558899" stopId="15718" tag="15718" title="6th / Hope"/>
  <stop lat="33.8469899" lon="-117.97642" stopId="16064" tag="16064" title="La Palma / Magnolia"/>
  <stop lat="33.8127699" lon="-117.91515" stopId="16925" tag="16925" title="Manchester / Harbor"/>
  <stop lat="33.8882299" lon="-118.0160999" stopId="17211" tag="17211" title="Alondra / Trojan"/>
  <stop lat="33.8882" lon="-118.0213799" stopId="17212" tag="17212" title="Alondra / Phoebe"/>
  <stop lat="33.8880899" lon="-118.0381299" stopId="17215" tag="17215" title="Alondra / Firestone"/>
  <stop lat="33.8880599" lon="-118.04265" stopId="17216" tag="17216" title="Alondra / Commerce"/>
  <stop lat="33.8882599" lon="-118.0113" stopId="17300" tag="17300" title="Alondra / Escalona"/>
  <stop lat="33.9024899" lon="-118.06012" stopId="17530" tag="17530" title="Rosecrans / Firestone"/>
  <stop lat="33.9168299" lon="-118.0993799" stopId="17880" tag="17880" title="Studebaker / Imperial"/>
  <stop lat="33.86787" lon="-117.99798" stopId="25008" tag="25008" title="Beach / Auto Center Drive"/>
  <stop lat="33.8701599" lon="-117.9980099" stopId="25009" tag="25009" title="Beach / Commonwealth"/>
  <stop lat="33.8739299" lon="-117.9980399" stopId="25014" tag="25014" title="Beach / Artesia"/>
  <stop lat="33.8883399" lon="-118.00123" stopId="25017" tag="25017" title="Alondra / La Barca"/>
  <stop lat="33.91723" lon="-118.0908399" stopId="36513" tag="36513" title="Imperial / Firestone"/>
  <stop lat="33.8771499" lon="-117.9980699" stopId="142457" tag="142457" title="Beach / Franklin"/>
  <stop lat="33.88185" lon="-117.9976699" stopId="142458" tag="142458" title="Beach / Cascade"/>
  <stop lat="33.8849299" lon="-117.9957" stopId="142459" tag="142459" title="La Mirada / Beach"/>
  <stop lat="33.88802" lon="-118.04626" stopId="142460" tag="142460" title="Alondra / Carmenita"/>
  <stop lat="33.88814" lon="-118.0292499" stopId="12800001" tag="12800001" title="Alondra / Valley View"/>
  <stop lat="33.80685" lon="-117.91347" stopId="13000131" tag="13000131" title="Disney Way / Harbor"/>
  <direction name="West" tag="460_201_1" title="West to Downtown LA - 6th-Los Angeles" useForUI="true">
   <stop tag="1060"/>
   <stop tag="16944"/>
   <stop tag="13000131"/>
   <stop tag="16925"/>
   <stop tag="10640"/>
   <stop tag="2097"/>
   <stop tag="12615"/>
   <stop tag="4133"/>
   <stop tag="16926"/>
   <stop tag="12265"/>
   <stop tag="16064"/>
   <stop tag="11272"/>
   <stop tag="11268"/>
   <stop tag="11269"/>
   <stop tag="11270"/>
   <stop tag="2578"/>
   <stop tag="8958"/>
   <stop tag="8961"/>
   <stop tag="8962"/>
   <stop tag="8959"/>
   <stop tag="25008"/>
   <stop tag="25009"/>
   <stop tag="25014"/>
   <stop tag="142457"/>
   <stop tag="142458"/>
   <stop tag="142459"/>
   <stop tag="25017"/>
   <stop tag="17300"/>
   <stop tag="17211"/>
   <stop tag="17212"/>
   <stop tag="12800001"/>
   <stop tag="17215"/>
   <stop tag="17216"/>
   <stop tag="142460"/>
   <stop tag="9169"/>
   <stop tag="13053"/>
   <stop tag="13050"/>
   <stop tag="13058"/>
   <stop tag="13055"/>
   <stop tag="17530"/>
   <stop tag="13048"/>
   <stop tag="13052"/>
   <stop tag="13056"/>
   <stop tag="13051"/>
   <stop tag="13054"/>
   <stop tag="13057"/>
   <stop tag="12846"/>
   <stop tag="12844"/>
   <stop tag="12843"/>
   <stop tag="11158"/>
   <stop tag="11152"/>
   <stop tag="36513"/>
   <stop tag="11145"/>
   <stop tag="17880"/>
   <stop tag="30016"/>
   <stop tag="2320"/>
   <stop tag="2322"/>
   <stop tag="2315"/>
   <stop tag="13460"/>
   <stop tag="5049"/>
   <stop tag="13554"/>
   <stop tag="4652"/>
   <stop tag="5040"/>
   <stop tag="5019"/>
   <stop tag="5050"/>
   <stop tag="15713"/>
   <stop tag="15718"/>
   <stop tag="5138"/>
   <stop tag="7345"/>
   <stop tag="9744"/>
   <stop tag="3161_ar"/>
  </direction>
  <direction name="East" tag="460_199_0" title="East to Disneyland" useForUI="true">
   <stop tag="8634"/>
   <stop tag="15693"/>
   <stop tag="15694"/>
   <stop tag="13561"/>
   <stop tag="3674"/>
   <stop tag="13495"/>
   <stop tag="4675"/>
   <stop tag="2377"/>
   <stop tag="2150"/>
   <stop tag="2378"/>
   <stop tag="1813"/>
   <stop tag="15820"/>
   <stop tag="10848"/>
   <stop tag="10994"/>
   <stop tag="10853"/>
   <stop tag="30016"/>
   <stop tag="2661"/>
   <stop tag="2628"/>
   <stop tag="2651"/>
   <stop tag="2637"/>
   <stop tag="4385"/>
   <stop tag="4383"/>
   <stop tag="4384"/>
   <stop tag="4388"/>
   <stop tag="4600"/>
   <stop tag="4594"/>
   <stop tag="4596"/>
   <stop tag="4599"/>
   <stop tag="4598"/>
   <stop tag="4593"/>
   <stop tag="3097"/>
   <stop tag="4597"/>
   <stop tag="1560"/>
   <stop tag="4595"/>
   <stop tag="607"/>
   <stop tag="602"/>
   <stop tag="142333"/>
   <stop tag="17199"/>
   <stop tag="17200"/>
   <stop tag="20452"/>
   <stop tag="17203"/>
   <stop tag="17204"/>
   <stop tag="17205"/>
   <stop tag="17206"/>
   <stop tag="2351"/>
   <stop tag="142334"/>
   <stop tag="25015"/>
   <stop tag="142428"/>
   <stop tag="25013"/>
   <stop tag="25006"/>
   <stop tag="25007"/>
   <stop tag="370"/>
   <stop tag="371"/>
   <stop tag="375"/>
   <stop tag="376"/>
   <stop tag="28500"/>
   <stop tag="2776"/>
   <stop tag="2775"/>
   <stop tag="2774"/>
   <stop tag="2777"/>
   <stop tag="2778"/>
   <stop tag="3769"/>
   <stop tag="3770"/>
   <stop tag="10640"/>
   <stop tag="2097"/>
   <stop tag="12615"/>
   <stop tag="4133"/>
   <stop tag="16926"/>
   <stop tag="16944"/>
   <stop tag="1060_ar"/>
  </direction>
  <path>
   <point lat="33.81036" lon="-117.91591"/>
   <point lat="33.81071" lon="-117.91596"/>
   <point lat="33.80999" lon="-117.91546"/>
   <point lat="33.80908" lon="-117.91531"/>
   <point lat="33.80692" lon="-117.91525"/>
   <point lat="33.80685" lon="-117.91347"/>
   <point lat="33.80693" lon="-117.91183"/>
   <point lat="33.80693" lon="-117.91"/>
   <point lat="33.8072299" lon="-117.90998"/>
   <point lat="33.80801" lon="-117.90998"/>
   <point lat="33.8082" lon="-117.90995"/>
   <point lat="33.80867" lon="-117.90984"/>
   <point lat="33.8089" lon="-117.90974"/>
   <point lat="33.80897" lon="-117.90972"/>
   <point lat="33.80922" lon="-117.90968"/>
   <point lat="33.80936" lon="-117.90967"/>
   <point lat="33.8095" lon="-117.90968"/>
   <point lat="33.80953" lon="-117.90968"/>
   <point lat="33.80964" lon="-117.90973"/>
   <point lat="33.80971" lon="-117.90977"/>
   <point lat="33.80979" lon="-117.90983"/>
   <point lat="33.8098699" lon="-117.9099"/>
   <point lat="33.81012" lon="-117.91017"/>
   <point lat="33.81093" lon="-117.91098"/>
   <point lat="33.81166" lon="-117.91176"/>
   <point lat="33.8117" lon="-117.91179"/>
   <point lat="33.81197" lon="-117.91212"/>
   <point lat="33.81207" lon="-117.91228"/>
   <point lat="33.8122" lon="-117.91246"/>
   <point lat="33.81235" lon="-117.91263"/>
   <point lat="33.81251" lon="-117.91284"/>
   <point lat="33.81254" lon="-117.91289"/>
   <point lat="33.81261" lon="-117.91303"/>
   <point lat="33.81263" lon="-117.91308"/>
   <point lat="33.81266" lon="-117.91319"/>
   <point lat="33.81267" lon="-117.91329"/>
   <point lat="33.81266" lon="-117.9134"/>
   <point lat="33.81263" lon="-117.91359"/>
   <point lat="33.81262" lon="-117.91373"/>
   <point lat="33.81262" lon="-117.91387"/>
   <point lat="33.81264" lon="-117.91415"/>
   <point lat="33.81268" lon="-117.91452"/>
   <point lat="33.81269" lon="-117.91473"/>
   <point lat="33.81277" lon="-117.91515"/>
  </path>
  <path>
   <point lat="33.9598" lon="-118.28056"/>
   <point lat="33.9602099" lon="-118.28068"/>
   <point lat="33.98036" lon="-118.28069"/>
   <point lat="33.9808" lon="-118.28068"/>
   <point lat="33.9817899" lon="-118.28058"/>
   <point lat="33.98869" lon="-118.2802"/>
   <point lat="33.99505" lon="-118.28026"/>
   <point lat="33.99807" lon="-118.28046"/>
   <point lat="33.9999899" lon="-118.28069"/>
   <point lat="34.00136" lon="-118.28082"/>
   <point lat="34.00268" lon="-118.28086"/>
   <point lat="34.00561" lon="-118.28087"/>
   <point lat="34.01123" lon="-118.2808"/>
   <point lat="34.01334" lon="-118.2809"/>
   <point lat="34.01371" lon="-118.28091"/>
   <point lat="34.01401" lon="-118.28091"/>
   <point lat="34.01442" lon="-118.2809"/>
   <point lat="34.01449" lon="-118.28089"/>
   <point lat="34.01488" lon="-118.28087"/>
   <point lat="34.01504" lon="-118.28085"/>
   <point lat="34.01516" lon="-118.28083"/>
   <point lat="34.01542" lon="-118.28078"/>
   <point lat="34.0164199" lon="-118.28051"/>
   <point lat="34.01694" lon="-118.28034"/>
   <point lat="34.01714" lon="-118.28027"/>
   <point lat="34.01725" lon="-118.28022"/>
   <point lat="34.01766" lon="-118.27992"/>
   <point lat="34.018" lon="-118.2799"/>
   <point lat="34.02102" lon="-118.27792"/>
   <point lat="34.02119" lon="-118.27782"/>
   <point lat="34.02409" lon="-118.27627"/>
   <point lat="34.02422" lon="-118.27619"/>
   <point lat="34.02579" lon="-118.27531"/>
   <point lat="34.02601" lon="-118.27517"/>
   <point lat="34.02664" lon="-118.27481"/>
   <point lat="34.02684" lon="-118.27472"/>
   <point lat="34.02704" lon="-118.27462"/>
   <point lat="34.02734" lon="-118.27451"/>
   <point lat="34.02747" lon="-118.27447"/>
   <point lat="34.0275899" lon="-118.27474"/>
   <point lat="34.02765" lon="-118.27486"/>
   <point lat="34.02854" lon="-118.27464"/>
   <point lat="34.02881" lon="-118.27465"/>
   <point lat="34.02939" lon="-118.27469"/>
   <point lat="34.02953" lon="-118.27469"/>
   <point lat="34.02963" lon="-118.27476"/>
   <point lat="34.02972" lon="-118.27483"/>
   <point lat="34.02987" lon="-118.27492"/>
   <point lat="34.02991" lon="-118.27489"/>
   <point lat="34.03129" lon="-118.274"/>
   <point lat="34.03159" lon="-118.27382"/>
   <point lat="34.03213" lon="-118.27347"/>
   <point lat="34.03225" lon="-118.2734"/>
   <point lat="34.03439" lon="-118.27203"/>
   <point lat="34.03457" lon="-118.27174"/>
   <point lat="34.03643" lon="-118.27073"/>
   <point lat="34.03724" lon="-118.27005"/>
   <point lat="34.04047" lon="-118.26797"/>
   <point lat="34.0419" lon="-118.26689"/>
   <point lat="34.04513" lon="-118.26365"/>
   <point lat="34.04793" lon="-118.26116"/>
   <point lat="34.04916" lon="-118.25989"/>
  </path>
  <path>
   <point lat="33.90299" lon="-118.0824"/>
   <point lat="33.90398" lon="-118.0826"/>
   <point lat="33.90516" lon="-118.08247"/>
   <point lat="33.90916" lon="-118.08238"/>
   <point lat="33.9099999" lon="-118.08222"/>
   <point lat="33.91299" lon="-118.08162"/>
   <point lat="33.91711" lon="-118.08178"/>
   <point lat="33.91724" lon="-118.08211"/>
   <point lat="33.91723" lon="-118.086"/>
   <point lat="33.91723" lon="-118.09084"/>
   <point lat="33.91724" lon="-118.09466"/>
   <point lat="33.9171" lon="-118.09923"/>
   <point lat="33.91683" lon="-118.09938"/>
   <point lat="33.91583" lon="-118.09923"/>
   <point lat="33.91458" lon="-118.09924"/>
   <point lat="33.91454" lon="-118.10117"/>
   <point lat="33.91457" lon="-118.10146"/>
   <point lat="33.9146" lon="-118.10212"/>
   <point lat="33.91456" lon="-118.10351"/>
   <point lat="33.91376" lon="-118.10351"/>
   <point lat="33.91314" lon="-118.10402"/>
  </path>
  <path>
   <point lat="33.95964" lon="-118.28103"/>
   <point lat="33.95702" lon="-118.28091"/>
   <point lat="33.95575" lon="-118.28091"/>
   <point lat="33.95524" lon="-118.28089"/>
   <point lat="33.95491" lon="-118.28087"/>
   <point lat="33.95442" lon="-118.28082"/>
   <point lat="33.95292" lon="-118.28055"/>
   <point lat="33.9528" lon="-118.28052"/>
   <point lat="33.9526899" lon="-118.2805"/>
   <point lat="33.95064" lon="-118.28005"/>
   <point lat="33.94976" lon="-118.27987"/>
   <point lat="33.94929" lon="-118.2798"/>
   <point lat="33.94908" lon="-118.27976"/>
   <point lat="33.94874" lon="-118.27967"/>
   <point lat="33.94863" lon="-118.27965"/>
   <point lat="33.94822" lon="-118.27961"/>
   <point lat="33.948" lon="-118.2796"/>
   <point lat="33.94752" lon="-118.27959"/>
   <point lat="33.9472" lon="-118.2796"/>
   <point lat="33.94683" lon="-118.27962"/>
   <point lat="33.9464" lon="-118.27967"/>
   <point lat="33.94604" lon="-118.27973"/>
   <point lat="33.94571" lon="-118.27976"/>
   <point lat="33.94555" lon="-118.27979"/>
   <point lat="33.94542" lon="-118.27982"/>
   <point lat="33.94436" lon="-118.27995"/>
   <point lat="33.94363" lon="-118.28002"/>
   <point lat="33.94338" lon="-118.28003"/>
   <point lat="33.93841" lon="-118.27999"/>
   <point lat="33.93826" lon="-118.28"/>
   <point lat="33.93757" lon="-118.28"/>
   <point lat="33.9371" lon="-118.28001"/>
   <point lat="33.93706" lon="-118.28002"/>
   <point lat="33.93631" lon="-118.28005"/>
   <point lat="33.93566" lon="-118.28009"/>
   <point lat="33.93532" lon="-118.28012"/>
   <point lat="33.93391" lon="-118.2803"/>
   <point lat="33.93351" lon="-118.28034"/>
   <point lat="33.93144" lon="-118.2806"/>
   <point lat="33.93119" lon="-118.2806"/>
   <point lat="33.93113" lon="-118.28058"/>
   <point lat="33.93108" lon="-118.28057"/>
   <point lat="33.93101" lon="-118.28055"/>
   <point lat="33.93091" lon="-118.28054"/>
   <point lat="33.9308" lon="-118.2805"/>
   <point lat="33.93029" lon="-118.28028"/>
   <point lat="33.93001" lon="-118.28011"/>
   <point lat="33.92992" lon="-118.28006"/>
   <point lat="33.92975" lon="-118.27994"/>
   <point lat="33.92963" lon="-118.27984"/>
   <point lat="33.92951" lon="-118.27973"/>
   <point lat="33.92933" lon="-118.27952"/>
   <point lat="33.92921" lon="-118.27936"/>
   <point lat="33.92915" lon="-118.27929"/>
   <point lat="33.92899" lon="-118.27906"/>
   <point lat="33.92894" lon="-118.27901"/>
   <point lat="33.92879" lon="-118.27877"/>
   <point lat="33.9287599" lon="-118.27873"/>
   <point lat="33.9287" lon="-118.2786"/>
   <point lat="33.92863" lon="-118.27842"/>
   <point lat="33.92861" lon="-118.27833"/>
   <point lat="33.92859" lon="-118.27823"/>
   <point lat="33.92857" lon="-118.27814"/>
   <point lat="33.92845" lon="-118.27709"/>
   <point lat="33.92836" lon="-118.27662"/>
   <point lat="33.9283" lon="-118.2762"/>
   <point lat="33.92818" lon="-118.27552"/>
   <point lat="33.92784" lon="-118.27389"/>
   <point lat="33.9278" lon="-118.27362"/>
   <point lat="33.92765" lon="-118.27283"/>
   <point lat="33.92756" lon="-118.27195"/>
   <point lat="33.92751" lon="-118.27116"/>
   <point lat="33.9275" lon="-118.27086"/>
   <point lat="33.9275" lon="-118.2699"/>
   <point lat="33.92751" lon="-118.26953"/>
   <point lat="33.92752" lon="-118.26931"/>
   <point lat="33.92746" lon="-118.26561"/>
   <point lat="33.92747" lon="-118.26518"/>
   <point lat="33.92748" lon="-118.26216"/>
   <point lat="33.92766" lon="-118.2586"/>
   <point lat="33.92793" lon="-118.25454"/>
   <point lat="33.92799" lon="-118.25402"/>
   <point lat="33.9281" lon="-118.25322"/>
   <point lat="33.92817" lon="-118.25279"/>
   <point lat="33.92857" lon="-118.24997"/>
   <point lat="33.9285799" lon="-118.24954"/>
   <point lat="33.9285799" lon="-118.24944"/>
   <point lat="33.92863" lon="-118.24839"/>
   <point lat="33.92865" lon="-118.2476"/>
   <point lat="33.92864" lon="-118.24701"/>
   <point lat="33.92864" lon="-118.24681"/>
   <point lat="33.92861" lon="-118.24644"/>
   <point lat="33.9286" lon="-118.24624"/>
   <point lat="33.9286" lon="-118.24602"/>
   <point lat="33.92815" lon="-118.23906"/>
   <point lat="33.92809" lon="-118.23832"/>
   <point lat="33.92804" lon="-118.23789"/>
   <point lat="33.92799" lon="-118.23702"/>
   <point lat="33.92793" lon="-118.23462"/>
   <point lat="33.92793" lon="-118.23383"/>
   <point lat="33.92795" lon="-118.23267"/>
   <point lat="33.928" lon="-118.23149"/>
   <point lat="33.9281099" lon="-118.23036"/>
   <point lat="33.92813" lon="-118.2301"/>
   <point lat="33.92816" lon="-118.22987"/>
   <point lat="33.92819" lon="-118.22961"/>
   <point lat="33.92888" lon="-118.22575"/>
   <point lat="33.92907" lon="-118.22451"/>
   <point lat="33.92915" lon="-118.22392"/>
   <point lat="33.9292299" lon="-118.22274"/>
   <point lat="33.92922" lon="-118.22244"/>
   <point lat="33.92922" lon="-118.22224"/>
   <point lat="33.92919" lon="-118.22185"/>
   <point lat="33.92908" lon="-118.22109"/>
   <point lat="33.92878" lon="-118.21972"/>
   <point lat="33.92864" lon="-118.21915"/>
   <point lat="33.9285799" lon="-118.21896"/>
   <point lat="33.92827" lon="-118.21805"/>
   <point lat="33.928" lon="-118.21738"/>
   <point lat="33.92466" lon="-118.21006"/>
  </path>
  <path>
   <point lat="33.92517" lon="-118.20982"/>
   <point lat="33.92559" lon="-118.21106"/>
   <point lat="33.92845" lon="-118.21757"/>
   <point lat="33.92879" lon="-118.21848"/>
   <point lat="33.92897" lon="-118.21903"/>
   <point lat="33.9290499" lon="-118.21931"/>
   <point lat="33.92942" lon="-118.22109"/>
   <point lat="33.9295199" lon="-118.22175"/>
   <point lat="33.92957" lon="-118.22238"/>
   <point lat="33.92956" lon="-118.22305"/>
   <point lat="33.92954" lon="-118.22323"/>
   <point lat="33.92951" lon="-118.2237"/>
   <point lat="33.92947" lon="-118.2242"/>
   <point lat="33.92929" lon="-118.22529"/>
   <point lat="33.92928" lon="-118.22536"/>
   <point lat="33.92924" lon="-118.22555"/>
   <point lat="33.9292" lon="-118.2258"/>
   <point lat="33.92846" lon="-118.22968"/>
   <point lat="33.92841" lon="-118.23017"/>
   <point lat="33.92839" lon="-118.23042"/>
   <point lat="33.92832" lon="-118.23153"/>
   <point lat="33.92825" lon="-118.23352"/>
   <point lat="33.92824" lon="-118.23431"/>
   <point lat="33.92825" lon="-118.2351"/>
   <point lat="33.92831" lon="-118.23719"/>
   <point lat="33.92834" lon="-118.23772"/>
   <point lat="33.92844" lon="-118.23869"/>
   <point lat="33.92847" lon="-118.23906"/>
   <point lat="33.92847" lon="-118.2392"/>
   <point lat="33.92887" lon="-118.24624"/>
   <point lat="33.92889" lon="-118.24644"/>
   <point lat="33.92891" lon="-118.24696"/>
   <point lat="33.92891" lon="-118.24746"/>
   <point lat="33.9289" lon="-118.24776"/>
   <point lat="33.92887" lon="-118.24835"/>
   <point lat="33.92881" lon="-118.24909"/>
   <point lat="33.9288" lon="-118.24926"/>
   <point lat="33.92878" lon="-118.24944"/>
   <point lat="33.9287599" lon="-118.24965"/>
   <point lat="33.92874" lon="-118.24999"/>
   <point lat="33.9283" lon="-118.25335"/>
   <point lat="33.92812" lon="-118.25453"/>
   <point lat="33.92772" lon="-118.26216"/>
   <point lat="33.9277299" lon="-118.26484"/>
   <point lat="33.92774" lon="-118.26517"/>
   <point lat="33.9277299" lon="-118.26562"/>
   <point lat="33.92774" lon="-118.26931"/>
   <point lat="33.92775" lon="-118.26953"/>
   <point lat="33.92776" lon="-118.26987"/>
   <point lat="33.92778" lon="-118.27027"/>
   <point lat="33.92781" lon="-118.27066"/>
   <point lat="33.92786" lon="-118.27115"/>
   <point lat="33.92798" lon="-118.27203"/>
   <point lat="33.92808" lon="-118.27261"/>
   <point lat="33.92814" lon="-118.2729"/>
   <point lat="33.9283" lon="-118.2736"/>
   <point lat="33.92835" lon="-118.27389"/>
   <point lat="33.92841" lon="-118.27417"/>
   <point lat="33.9286" lon="-118.2749"/>
   <point lat="33.92869" lon="-118.27538"/>
   <point lat="33.92874" lon="-118.27568"/>
   <point lat="33.9287599" lon="-118.27584"/>
   <point lat="33.92872" lon="-118.27657"/>
   <point lat="33.92872" lon="-118.27717"/>
   <point lat="33.92873" lon="-118.27722"/>
   <point lat="33.92874" lon="-118.27736"/>
   <point lat="33.92882" lon="-118.27774"/>
   <point lat="33.92888" lon="-118.27795"/>
   <point lat="33.92895" lon="-118.27814"/>
   <point lat="33.9290499" lon="-118.27836"/>
   <point lat="33.9291" lon="-118.27845"/>
   <point lat="33.92927" lon="-118.27868"/>
   <point lat="33.92941" lon="-118.27885"/>
   <point lat="33.92992" lon="-118.27944"/>
   <point lat="33.93031" lon="-118.27983"/>
   <point lat="33.93043" lon="-118.27994"/>
   <point lat="33.93051" lon="-118.27999"/>
   <point lat="33.93057" lon="-118.28004"/>
   <point lat="33.9307299" lon="-118.28012"/>
   <point lat="33.93092" lon="-118.28021"/>
   <point lat="33.931" lon="-118.28026"/>
   <point lat="33.93108" lon="-118.2803"/>
   <point lat="33.93124" lon="-118.28039"/>
   <point lat="33.93349" lon="-118.28013"/>
   <point lat="33.93563" lon="-118.27993"/>
   <point lat="33.93624" lon="-118.27989"/>
   <point lat="33.93657" lon="-118.27985"/>
   <point lat="33.93706" lon="-118.27984"/>
   <point lat="33.93742" lon="-118.2798"/>
   <point lat="33.93767" lon="-118.27982"/>
   <point lat="33.93808" lon="-118.27984"/>
   <point lat="33.9384299" lon="-118.27982"/>
   <point lat="33.94201" lon="-118.27984"/>
   <point lat="33.9423699" lon="-118.27982"/>
   <point lat="33.94363" lon="-118.27984"/>
   <point lat="33.94384" lon="-118.27982"/>
   <point lat="33.94421" lon="-118.27977"/>
   <point lat="33.9453699" lon="-118.27964"/>
   <point lat="33.94555" lon="-118.27961"/>
   <point lat="33.94611" lon="-118.27954"/>
   <point lat="33.94632" lon="-118.2795"/>
   <point lat="33.9471" lon="-118.27941"/>
   <point lat="33.94786" lon="-118.27941"/>
   <point lat="33.94823" lon="-118.27943"/>
   <point lat="33.94864" lon="-118.27948"/>
   <point lat="33.94903" lon="-118.27955"/>
   <point lat="33.94919" lon="-118.27959"/>
   <point lat="33.94926" lon="-118.2796"/>
   <point lat="33.94966" lon="-118.2797"/>
   <point lat="33.95067" lon="-118.27991"/>
   <point lat="33.95266" lon="-118.28027"/>
   <point lat="33.9528" lon="-118.2803"/>
   <point lat="33.95292" lon="-118.28033"/>
   <point lat="33.95361" lon="-118.28047"/>
   <point lat="33.95436" lon="-118.2806"/>
   <point lat="33.95515" lon="-118.28069"/>
   <point lat="33.95547" lon="-118.2807"/>
   <point lat="33.9598" lon="-118.28056"/>
  </path>
  <path>
   <point lat="33.88426" lon="-117.99582"/>
   <point lat="33.88376" lon="-117.99599"/>
   <point lat="33.88196" lon="-117.99796"/>
   <point lat="33.88117" lon="-117.99829"/>
   <point lat="33.87701" lon="-117.99838"/>
   <point lat="33.87372" lon="-117.99835"/>
   <point lat="33.86961" lon="-117.99832"/>
   <point lat="33.86732" lon="-117.9983"/>
   <point lat="33.8651" lon="-117.99825"/>
   <point lat="33.8631" lon="-117.99823"/>
   <point lat="33.85921" lon="-117.99818"/>
   <point lat="33.85125" lon="-117.99806"/>
   <point lat="33.84669" lon="-117.99788"/>
   <point lat="33.8465599" lon="-117.99755"/>
  </path>
  <path>
   <point lat="33.85862" lon="-117.9788"/>
   <point lat="33.85862" lon="-117.98081"/>
   <point lat="33.85858" lon="-117.98128"/>
   <point lat="33.8587599" lon="-117.98128"/>
   <point lat="33.85912" lon="-117.98124"/>
   <point lat="33.859" lon="-117.98077"/>
   <point lat="33.85913" lon="-117.97994"/>
   <point lat="33.85902" lon="-117.9788"/>
   <point lat="33.85902" lon="-117.97695"/>
   <point lat="33.85915" lon="-117.97623"/>
   <point lat="33.85729" lon="-117.97622"/>
   <point lat="33.8568799" lon="-117.97621"/>
   <point lat="33.85638" lon="-117.97621"/>
   <point lat="33.85561" lon="-117.97619"/>
   <point lat="33.85544" lon="-117.97618"/>
   <point lat="33.85474" lon="-117.97618"/>
   <point lat="33.85126" lon="-117.97614"/>
   <point lat="33.84949" lon="-117.97628"/>
   <point lat="33.84687" lon="-117.97609"/>
   <point lat="33.84699" lon="-117.97642"/>
   <point lat="33.84684" lon="-117.97921"/>
   <point lat="33.84696" lon="-117.97953"/>
   <point lat="33.84695" lon="-117.98161"/>
   <point lat="33.84691" lon="-117.98469"/>
   <point lat="33.84686" lon="-117.9904"/>
   <point lat="33.84684" lon="-117.99406"/>
   <point lat="33.84669" lon="-117.99788"/>
   <point lat="33.84696" lon="-117.99772"/>
  </path>
  <path>
   <point lat="34.04625" lon="-118.24768"/>
   <point lat="34.04765" lon="-118.24981"/>
   <point lat="34.0491" lon="-118.2521"/>
   <point lat="34.05022" lon="-118.25395"/>
   <point lat="34.05007" lon="-118.25427"/>
   <point lat="34.04875" lon="-118.25525"/>
   <point lat="34.04854" lon="-118.25543"/>
   <point lat="34.04795" lon="-118.25598"/>
   <point lat="34.04868" lon="-118.25706"/>
   <point lat="34.04937" lon="-118.25814"/>
   <point lat="34.04899" lon="-118.2585"/>
   <point lat="34.04855" lon="-118.25906"/>
   <point lat="34.04612" lon="-118.26137"/>
   <point lat="34.04422" lon="-118.26308"/>
  </path>
  <path>
   <point lat="33.81277" lon="-117.91515"/>
   <point lat="33.81363" lon="-117.91532"/>
   <point lat="33.81599" lon="-117.91533"/>
   <point lat="33.81606" lon="-117.9153"/>
   <point lat="33.81623" lon="-117.91518"/>
   <point lat="33.81627" lon="-117.91512"/>
   <point lat="33.81632" lon="-117.91503"/>
   <point lat="33.8163399" lon="-117.91498"/>
   <point lat="33.81636" lon="-117.91489"/>
   <point lat="33.81636" lon="-117.91471"/>
   <point lat="33.8163" lon="-117.91457"/>
   <point lat="33.81628" lon="-117.91452"/>
   <point lat="33.81626" lon="-117.91449"/>
   <point lat="33.81622" lon="-117.91445"/>
   <point lat="33.81614" lon="-117.9144"/>
   <point lat="33.81603" lon="-117.91434"/>
   <point lat="33.81588" lon="-117.91432"/>
   <point lat="33.81582" lon="-117.91432"/>
   <point lat="33.81571" lon="-117.91434"/>
   <point lat="33.81565" lon="-117.91436"/>
   <point lat="33.81556" lon="-117.91444"/>
   <point lat="33.81546" lon="-117.91457"/>
   <point lat="33.81542" lon="-117.91465"/>
   <point lat="33.81541" lon="-117.91469"/>
   <point lat="33.8153999" lon="-117.91481"/>
   <point lat="33.81541" lon="-117.9149"/>
   <point lat="33.81544" lon="-117.915"/>
   <point lat="33.81548" lon="-117.91508"/>
   <point lat="33.81807" lon="-117.91785"/>
   <point lat="33.8181299" lon="-117.9179"/>
   <point lat="33.8192499" lon="-117.91905"/>
   <point lat="33.81976" lon="-117.91955"/>
   <point lat="33.82071" lon="-117.92055"/>
   <point lat="33.82282" lon="-117.92252"/>
   <point lat="33.82433" lon="-117.92387"/>
   <point lat="33.82738" lon="-117.92645"/>
   <point lat="33.82783" lon="-117.92681"/>
   <point lat="33.82803" lon="-117.92696"/>
   <point lat="33.82858" lon="-117.92746"/>
   <point lat="33.82977" lon="-117.92876"/>
   <point lat="33.83018" lon="-117.92926"/>
   <point lat="33.8303" lon="-117.92942"/>
   <point lat="33.83279" lon="-117.93246"/>
   <point lat="33.8333299" lon="-117.93317"/>
   <point lat="33.8335999" lon="-117.93359"/>
   <point lat="33.8337999" lon="-117.93395"/>
   <point lat="33.8339799" lon="-117.93432"/>
   <point lat="33.83412" lon="-117.93467"/>
   <point lat="33.83441" lon="-117.93553"/>
   <point lat="33.83451" lon="-117.93587"/>
   <point lat="33.83464" lon="-117.93664"/>
   <point lat="33.83467" lon="-117.93724"/>
   <point lat="33.83468" lon="-117.93783"/>
   <point lat="33.8347" lon="-117.93831"/>
   <point lat="33.8347399" lon="-117.93867"/>
   <point lat="33.83475" lon="-117.93882"/>
   <point lat="33.83482" lon="-117.93914"/>
   <point lat="33.83502" lon="-117.93995"/>
   <point lat="33.83519" lon="-117.94051"/>
   <point lat="33.8352999" lon="-117.94079"/>
   <point lat="33.83542" lon="-117.94104"/>
   <point lat="33.83581" lon="-117.94173"/>
   <point lat="33.84164" lon="-117.95257"/>
   <point lat="33.84229" lon="-117.95367"/>
   <point lat="33.84249" lon="-117.95405"/>
   <point lat="33.84269" lon="-117.95449"/>
   <point lat="33.84297" lon="-117.95503"/>
   <point lat="33.84328" lon="-117.95554"/>
   <point lat="33.84376" lon="-117.95622"/>
   <point lat="33.84454" lon="-117.95711"/>
   <point lat="33.8446799" lon="-117.95729"/>
   <point lat="33.84491" lon="-117.9576"/>
   <point lat="33.84513" lon="-117.95792"/>
   <point lat="33.8454" lon="-117.95841"/>
   <point lat="33.84563" lon="-117.95887"/>
   <point lat="33.8457" lon="-117.95905"/>
   <point lat="33.84591" lon="-117.95964"/>
   <point lat="33.8465" lon="-117.96143"/>
   <point lat="33.8469399" lon="-117.96236"/>
   <point lat="33.8498" lon="-117.96756"/>
   <point lat="33.85165" lon="-117.971"/>
   <point lat="33.8525599" lon="-117.9726"/>
   <point lat="33.85279" lon="-117.97296"/>
   <point lat="33.85291" lon="-117.97313"/>
   <point lat="33.8534999" lon="-117.97392"/>
   <point lat="33.85425" lon="-117.97463"/>
   <point lat="33.85441" lon="-117.97477"/>
   <point lat="33.85458" lon="-117.97496"/>
   <point lat="33.85477" lon="-117.97523"/>
   <point lat="33.85498" lon="-117.97554"/>
   <point lat="33.85544" lon="-117.97618"/>
   <point lat="33.85581" lon="-117.97663"/>
   <point lat="33.85589" lon="-117.97671"/>
   <point lat="33.85601" lon="-117.97676"/>
   <point lat="33.85613" lon="-117.97677"/>
   <point lat="33.85621" lon="-117.97676"/>
   <point lat="33.85626" lon="-117.97674"/>
   <point lat="33.8563" lon="-117.9767"/>
   <point lat="33.8563199" lon="-117.97667"/>
   <point lat="33.85635" lon="-117.97661"/>
   <point lat="33.85637" lon="-117.97654"/>
   <point lat="33.85638" lon="-117.9765"/>
   <point lat="33.85638" lon="-117.97621"/>
   <point lat="33.8568799" lon="-117.97621"/>
   <point lat="33.85729" lon="-117.97622"/>
   <point lat="33.8578" lon="-117.97622"/>
   <point lat="33.85786" lon="-117.97644"/>
   <point lat="33.85792" lon="-117.9767"/>
   <point lat="33.85801" lon="-117.97681"/>
   <point lat="33.85824" lon="-117.97719"/>
   <point lat="33.85837" lon="-117.97755"/>
   <point lat="33.85858" lon="-117.97792"/>
   <point lat="33.85862" lon="-117.9788"/>
  </path>
  <path>
   <point lat="33.91314" lon="-118.10402"/>
   <point lat="33.91246" lon="-118.10399"/>
   <point lat="33.91246" lon="-118.10351"/>
   <point lat="33.91335" lon="-118.10351"/>
   <point lat="33.91425" lon="-118.10116"/>
   <point lat="33.91428" lon="-118.10074"/>
   <point lat="33.9143" lon="-118.09923"/>
   <point lat="33.91458" lon="-118.09924"/>
   <point lat="33.9171" lon="-118.09923"/>
   <point lat="33.91698" lon="-118.0989"/>
   <point lat="33.91711" lon="-118.09805"/>
   <point lat="33.91698" lon="-118.0945"/>
   <point lat="33.91697" lon="-118.09067"/>
   <point lat="33.91698" lon="-118.08633"/>
   <point lat="33.91711" lon="-118.08178"/>
   <point lat="33.91684" lon="-118.08193"/>
   <point lat="33.91349" lon="-118.08177"/>
   <point lat="33.9124399" lon="-118.08192"/>
   <point lat="33.91134" lon="-118.08178"/>
   <point lat="33.91124" lon="-118.08179"/>
   <point lat="33.91107" lon="-118.08182"/>
   <point lat="33.9109399" lon="-118.08185"/>
   <point lat="33.91058" lon="-118.08197"/>
   <point lat="33.91017" lon="-118.0823"/>
   <point lat="33.90937" lon="-118.08247"/>
   <point lat="33.90527" lon="-118.08277"/>
   <point lat="33.90219" lon="-118.08256"/>
   <point lat="33.90207" lon="-118.08223"/>
  </path>
  <path>
   <point lat="34.04422" lon="-118.26308"/>
   <point lat="34.04014" lon="-118.26674"/>
   <point lat="34.0398799" lon="-118.2671"/>
   <point lat="34.0371499" lon="-118.26884"/>
   <point lat="34.03364" lon="-118.27107"/>
   <point lat="34.03174" lon="-118.27211"/>
   <point lat="34.03032" lon="-118.27302"/>
   <point lat="34.02846" lon="-118.27412"/>
   <point lat="34.02743" lon="-118.27509"/>
   <point lat="34.026" lon="-118.27576"/>
   <point lat="34.02463" lon="-118.27623"/>
   <point lat="34.02447" lon="-118.27627"/>
   <point lat="34.0242999" lon="-118.27637"/>
   <point lat="34.0222399" lon="-118.27745"/>
   <point lat="34.0210999" lon="-118.2781"/>
   <point lat="34.01955" lon="-118.27909"/>
   <point lat="34.01782" lon="-118.2803"/>
   <point lat="34.01664" lon="-118.28064"/>
   <point lat="34.01584" lon="-118.28085"/>
   <point lat="34.01537" lon="-118.28094"/>
   <point lat="34.01508" lon="-118.28098"/>
   <point lat="34.0144499" lon="-118.28105"/>
   <point lat="34.01404" lon="-118.28107"/>
   <point lat="34.01325" lon="-118.28107"/>
   <point lat="34.0064" lon="-118.28125"/>
   <point lat="34.00294" lon="-118.28127"/>
   <point lat="34.0019599" lon="-118.28126"/>
   <point lat="34.00106" lon="-118.28118"/>
   <point lat="33.99954" lon="-118.28098"/>
   <point lat="33.99832" lon="-118.28088"/>
   <point lat="33.98887" lon="-118.28073"/>
   <point lat="33.9806" lon="-118.28087"/>
   <point lat="33.95964" lon="-118.28103"/>
  </path>
  <path>
   <point lat="33.90218" lon="-118.04674"/>
   <point lat="33.90062" lon="-118.04658"/>
   <point lat="33.89855" lon="-118.04672"/>
   <point lat="33.88855" lon="-118.04649"/>
   <point lat="33.88789" lon="-118.04651"/>
   <point lat="33.88777" lon="-118.04601"/>
   <point lat="33.8878" lon="-118.04314"/>
   <point lat="33.88783" lon="-118.03804"/>
   <point lat="33.88789" lon="-118.02917"/>
   <point lat="33.8879499" lon="-118.02171"/>
   <point lat="33.88798" lon="-118.01569"/>
   <point lat="33.88812" lon="-118.01247"/>
   <point lat="33.888" lon="-118.0113"/>
   <point lat="33.88806" lon="-118.00481"/>
   <point lat="33.88811" lon="-117.9994"/>
   <point lat="33.88478" lon="-117.99573"/>
   <point lat="33.88455" lon="-117.99544"/>
   <point lat="33.88426" lon="-117.99582"/>
  </path>
  <path>
   <point lat="33.84696" lon="-117.99772"/>
   <point lat="33.84793" lon="-117.99786"/>
   <point lat="33.85175" lon="-117.99775"/>
   <point lat="33.85826" lon="-117.99799"/>
   <point lat="33.8593" lon="-117.99788"/>
   <point lat="33.86244" lon="-117.99806"/>
   <point lat="33.86389" lon="-117.99793"/>
   <point lat="33.86787" lon="-117.99798"/>
   <point lat="33.87016" lon="-117.99801"/>
   <point lat="33.87393" lon="-117.99804"/>
   <point lat="33.87715" lon="-117.99807"/>
   <point lat="33.87915" lon="-117.99829"/>
   <point lat="33.8793999" lon="-117.9983"/>
   <point lat="33.88" lon="-117.99836"/>
   <point lat="33.88021" lon="-117.99837"/>
   <point lat="33.88061" lon="-117.99837"/>
   <point lat="33.88074" lon="-117.99835"/>
   <point lat="33.88096" lon="-117.99831"/>
   <point lat="33.88117" lon="-117.99829"/>
   <point lat="33.88134" lon="-117.99821"/>
   <point lat="33.88159" lon="-117.99807"/>
   <point lat="33.88171" lon="-117.99799"/>
   <point lat="33.88185" lon="-117.99767"/>
   <point lat="33.88245" lon="-117.99726"/>
   <point lat="33.8833" lon="-117.99633"/>
   <point lat="33.88376" lon="-117.99599"/>
   <point lat="33.88455" lon="-117.99544"/>
   <point lat="33.88493" lon="-117.9957"/>
  </path>
  <path>
   <point lat="33.92466" lon="-118.21006"/>
   <point lat="33.924" lon="-118.20833"/>
   <point lat="33.92375" lon="-118.2078"/>
   <point lat="33.92303" lon="-118.20605"/>
   <point lat="33.9225" lon="-118.20485"/>
   <point lat="33.92243" lon="-118.20466"/>
   <point lat="33.92236" lon="-118.20449"/>
   <point lat="33.92139" lon="-118.20236"/>
   <point lat="33.92132" lon="-118.20219"/>
   <point lat="33.92125" lon="-118.20201"/>
   <point lat="33.92115" lon="-118.2018"/>
   <point lat="33.9197599" lon="-118.19858"/>
   <point lat="33.91968" lon="-118.19842"/>
   <point lat="33.91807" lon="-118.19486"/>
   <point lat="33.91801" lon="-118.19469"/>
   <point lat="33.91795" lon="-118.19454"/>
   <point lat="33.91789" lon="-118.19438"/>
   <point lat="33.9178" lon="-118.19416"/>
   <point lat="33.91729" lon="-118.19316"/>
   <point lat="33.91666" lon="-118.19183"/>
   <point lat="33.91558" lon="-118.18975"/>
   <point lat="33.91546" lon="-118.18946"/>
   <point lat="33.91513" lon="-118.18862"/>
   <point lat="33.91434" lon="-118.1864"/>
   <point lat="33.9139399" lon="-118.18517"/>
   <point lat="33.91387" lon="-118.18492"/>
   <point lat="33.91382" lon="-118.18477"/>
   <point lat="33.91284" lon="-118.18141"/>
   <point lat="33.91277" lon="-118.18119"/>
   <point lat="33.91263" lon="-118.1807"/>
   <point lat="33.9126" lon="-118.18061"/>
   <point lat="33.91243" lon="-118.18007"/>
   <point lat="33.9124" lon="-118.17999"/>
   <point lat="33.91236" lon="-118.17986"/>
   <point lat="33.91229" lon="-118.17967"/>
   <point lat="33.91211" lon="-118.17922"/>
   <point lat="33.9120599" lon="-118.17907"/>
   <point lat="33.91201" lon="-118.17894"/>
   <point lat="33.91177" lon="-118.17819"/>
   <point lat="33.91166" lon="-118.17782"/>
   <point lat="33.91147" lon="-118.17706"/>
   <point lat="33.91134" lon="-118.17639"/>
   <point lat="33.91106" lon="-118.17474"/>
   <point lat="33.91101" lon="-118.17435"/>
   <point lat="33.91097" lon="-118.17396"/>
   <point lat="33.9109" lon="-118.17297"/>
   <point lat="33.91087" lon="-118.17238"/>
   <point lat="33.91082" lon="-118.1707"/>
   <point lat="33.91091" lon="-118.16528"/>
   <point lat="33.91092" lon="-118.16521"/>
   <point lat="33.91127" lon="-118.16313"/>
   <point lat="33.91139" lon="-118.16258"/>
   <point lat="33.91151" lon="-118.16198"/>
   <point lat="33.9116" lon="-118.16147"/>
   <point lat="33.9116799" lon="-118.16109"/>
   <point lat="33.91181" lon="-118.16008"/>
   <point lat="33.91182" lon="-118.15987"/>
   <point lat="33.9126" lon="-118.15039"/>
   <point lat="33.91272" lon="-118.14803"/>
   <point lat="33.91276" lon="-118.14753"/>
   <point lat="33.91277" lon="-118.14733"/>
   <point lat="33.91283" lon="-118.14508"/>
   <point lat="33.91284" lon="-118.14493"/>
   <point lat="33.91284" lon="-118.14472"/>
   <point lat="33.9129099" lon="-118.14315"/>
   <point lat="33.91295" lon="-118.14267"/>
   <point lat="33.91295" lon="-118.13963"/>
   <point lat="33.91292" lon="-118.13759"/>
   <point lat="33.9129999" lon="-118.13411"/>
   <point lat="33.91302" lon="-118.13053"/>
   <point lat="33.91305" lon="-118.12932"/>
   <point lat="33.91304" lon="-118.12756"/>
   <point lat="33.91305" lon="-118.12709"/>
   <point lat="33.91304" lon="-118.12662"/>
   <point lat="33.91304" lon="-118.125"/>
   <point lat="33.9130899" lon="-118.1242"/>
   <point lat="33.9131" lon="-118.1239"/>
   <point lat="33.91337" lon="-118.12109"/>
   <point lat="33.9133799" lon="-118.12101"/>
   <point lat="33.9134699" lon="-118.11978"/>
   <point lat="33.91355" lon="-118.1183"/>
   <point lat="33.91364" lon="-118.11563"/>
   <point lat="33.91366" lon="-118.11316"/>
   <point lat="33.9136499" lon="-118.11241"/>
   <point lat="33.91364" lon="-118.11217"/>
   <point lat="33.9136499" lon="-118.11022"/>
   <point lat="33.91367" lon="-118.10634"/>
   <point lat="33.91367" lon="-118.10586"/>
   <point lat="33.9135599" lon="-118.10493"/>
   <point lat="33.9134" lon="-118.10483"/>
   <point lat="33.91256" lon="-118.10457"/>
   <point lat="33.91245" lon="-118.10452"/>
   <point lat="33.91224" lon="-118.10452"/>
   <point lat="33.91223" lon="-118.10352"/>
   <point lat="33.91246" lon="-118.10351"/>
   <point lat="33.91335" lon="-118.10351"/>
   <point lat="33.91314" lon="-118.10402"/>
  </path>
  <path>
   <point lat="33.8465599" lon="-117.99755"/>
   <point lat="33.84659" lon="-117.99324"/>
   <point lat="33.84661" lon="-117.98969"/>
   <point lat="33.8466499" lon="-117.98551"/>
   <point lat="33.8467" lon="-117.98194"/>
   <point lat="33.84672" lon="-117.97788"/>
   <point lat="33.84687" lon="-117.97609"/>
   <point lat="33.84728" lon="-117.97594"/>
   <point lat="33.84963" lon="-117.97597"/>
   <point lat="33.85126" lon="-117.97614"/>
   <point lat="33.8543499" lon="-117.97617"/>
   <point lat="33.85474" lon="-117.97618"/>
   <point lat="33.85544" lon="-117.97618"/>
   <point lat="33.85561" lon="-117.97619"/>
   <point lat="33.85638" lon="-117.97621"/>
   <point lat="33.8568799" lon="-117.97621"/>
   <point lat="33.85729" lon="-117.97622"/>
   <point lat="33.8578" lon="-117.97622"/>
   <point lat="33.85786" lon="-117.97644"/>
   <point lat="33.85792" lon="-117.9767"/>
   <point lat="33.85801" lon="-117.97681"/>
   <point lat="33.85824" lon="-117.97719"/>
   <point lat="33.85837" lon="-117.97755"/>
   <point lat="33.85858" lon="-117.97792"/>
   <point lat="33.85862" lon="-117.9788"/>
  </path>
  <path>
   <point lat="33.91314" lon="-118.10402"/>
   <point lat="33.91246" lon="-118.10399"/>
   <point lat="33.91246" lon="-118.10351"/>
   <point lat="33.91335" lon="-118.10351"/>
   <point lat="33.91456" lon="-118.10351"/>
   <point lat="33.91436" lon="-118.10424"/>
   <point lat="33.91434" lon="-118.10434"/>
   <point lat="33.91431" lon="-118.10445"/>
   <point lat="33.91425" lon="-118.10469"/>
   <point lat="33.91421" lon="-118.10491"/>
   <point lat="33.91418" lon="-118.10502"/>
   <point lat="33.91407" lon="-118.10562"/>
   <point lat="33.91401" lon="-118.10608"/>
   <point lat="33.914" lon="-118.10794"/>
   <point lat="33.91404" lon="-118.11032"/>
   <point lat="33.91407" lon="-118.1161"/>
   <point lat="33.91404" lon="-118.11667"/>
   <point lat="33.91404" lon="-118.1168"/>
   <point lat="33.91388" lon="-118.11976"/>
   <point lat="33.91379" lon="-118.121"/>
   <point lat="33.91379" lon="-118.12111"/>
   <point lat="33.91371" lon="-118.12537"/>
   <point lat="33.91344" lon="-118.12948"/>
   <point lat="33.91343" lon="-118.13396"/>
   <point lat="33.91342" lon="-118.1341"/>
   <point lat="33.91335" lon="-118.13759"/>
   <point lat="33.9134" lon="-118.14047"/>
   <point lat="33.9134" lon="-118.14137"/>
   <point lat="33.91339" lon="-118.14189"/>
   <point lat="33.9133799" lon="-118.14216"/>
   <point lat="33.91335" lon="-118.14256"/>
   <point lat="33.9133" lon="-118.14385"/>
   <point lat="33.91325" lon="-118.1459"/>
   <point lat="33.9132" lon="-118.14722"/>
   <point lat="33.9129999" lon="-118.15035"/>
   <point lat="33.91219" lon="-118.15993"/>
   <point lat="33.91219" lon="-118.15999"/>
   <point lat="33.91217" lon="-118.16022"/>
   <point lat="33.91211" lon="-118.16078"/>
   <point lat="33.91203" lon="-118.16135"/>
   <point lat="33.91198" lon="-118.16164"/>
   <point lat="33.91154" lon="-118.16366"/>
   <point lat="33.91145" lon="-118.16414"/>
   <point lat="33.91139" lon="-118.16457"/>
   <point lat="33.91131" lon="-118.1653"/>
   <point lat="33.91126" lon="-118.1677"/>
   <point lat="33.91126" lon="-118.1679"/>
   <point lat="33.91124" lon="-118.16823"/>
   <point lat="33.91123" lon="-118.17146"/>
   <point lat="33.91125" lon="-118.17215"/>
   <point lat="33.91129" lon="-118.17304"/>
   <point lat="33.91136" lon="-118.17393"/>
   <point lat="33.9114999" lon="-118.1752"/>
   <point lat="33.91156" lon="-118.1756"/>
   <point lat="33.9117" lon="-118.17637"/>
   <point lat="33.91195" lon="-118.17741"/>
   <point lat="33.9121" lon="-118.17798"/>
   <point lat="33.91229" lon="-118.17865"/>
   <point lat="33.91237" lon="-118.17891"/>
   <point lat="33.91242" lon="-118.17906"/>
   <point lat="33.91246" lon="-118.1792"/>
   <point lat="33.91259" lon="-118.17958"/>
   <point lat="33.91265" lon="-118.17979"/>
   <point lat="33.91269" lon="-118.17991"/>
   <point lat="33.91271" lon="-118.17999"/>
   <point lat="33.91273" lon="-118.18004"/>
   <point lat="33.91285" lon="-118.18043"/>
   <point lat="33.91289" lon="-118.18055"/>
   <point lat="33.91293" lon="-118.18065"/>
   <point lat="33.9136499" lon="-118.18298"/>
   <point lat="33.91378" lon="-118.18345"/>
   <point lat="33.9142" lon="-118.18506"/>
   <point lat="33.91458" lon="-118.18629"/>
   <point lat="33.91537" lon="-118.18849"/>
   <point lat="33.91584" lon="-118.18965"/>
   <point lat="33.91604" lon="-118.19002"/>
   <point lat="33.91733" lon="-118.19258"/>
   <point lat="33.91772" lon="-118.19333"/>
   <point lat="33.91818" lon="-118.19426"/>
   <point lat="33.91824" lon="-118.19442"/>
   <point lat="33.91829" lon="-118.19456"/>
   <point lat="33.91916" lon="-118.19652"/>
   <point lat="33.91966" lon="-118.19769"/>
   <point lat="33.91989" lon="-118.19815"/>
   <point lat="33.91996" lon="-118.1983"/>
   <point lat="33.92004" lon="-118.19845"/>
   <point lat="33.92252" lon="-118.20423"/>
   <point lat="33.9226" lon="-118.20441"/>
   <point lat="33.92268" lon="-118.20457"/>
   <point lat="33.92476" lon="-118.20914"/>
   <point lat="33.92517" lon="-118.20982"/>
  </path>
  <path>
   <point lat="34.04916" lon="-118.25989"/>
   <point lat="34.05021" lon="-118.25891"/>
   <point lat="34.05084" lon="-118.2585"/>
   <point lat="34.05014" lon="-118.25742"/>
   <point lat="34.0499" lon="-118.25723"/>
   <point lat="34.04944" lon="-118.25634"/>
   <point lat="34.04903" lon="-118.25589"/>
   <point lat="34.04739" lon="-118.25331"/>
   <point lat="34.04669" lon="-118.25227"/>
   <point lat="34.04459" lon="-118.24898"/>
   <point lat="34.04434" lon="-118.24879"/>
  </path>
  <path>
   <point lat="33.90258" lon="-118.04692"/>
   <point lat="33.90256" lon="-118.05073"/>
   <point lat="33.90253" lon="-118.05562"/>
   <point lat="33.90251" lon="-118.05824"/>
   <point lat="33.90249" lon="-118.06012"/>
   <point lat="33.90248" lon="-118.06433"/>
   <point lat="33.9023899" lon="-118.06911"/>
   <point lat="33.9023899" lon="-118.07346"/>
   <point lat="33.90237" lon="-118.07607"/>
   <point lat="33.90235" lon="-118.07989"/>
   <point lat="33.90222" lon="-118.08072"/>
   <point lat="33.9022" lon="-118.08244"/>
   <point lat="33.90219" lon="-118.08256"/>
   <point lat="33.90299" lon="-118.0824"/>
  </path>
  <path>
   <point lat="34.04916" lon="-118.25989"/>
   <point lat="34.05021" lon="-118.25891"/>
   <point lat="34.05084" lon="-118.2585"/>
   <point lat="34.05014" lon="-118.25742"/>
   <point lat="34.0499" lon="-118.25723"/>
   <point lat="34.04944" lon="-118.25634"/>
   <point lat="34.04903" lon="-118.25589"/>
   <point lat="34.04739" lon="-118.25331"/>
   <point lat="34.04669" lon="-118.25227"/>
   <point lat="34.04459" lon="-118.24898"/>
   <point lat="34.04434" lon="-118.24879"/>
   <point lat="34.04393" lon="-118.24788"/>
   <point lat="34.04375" lon="-118.248"/>
   <point lat="34.04369" lon="-118.24806"/>
   <point lat="34.04314" lon="-118.24855"/>
   <point lat="34.04289" lon="-118.2482"/>
  </path>
  <path>
   <point lat="34.04289" lon="-118.2482"/>
   <point lat="34.04265" lon="-118.24784"/>
   <point lat="34.04347" lon="-118.24712"/>
   <point lat="34.04488" lon="-118.24582"/>
   <point lat="34.04505" lon="-118.24609"/>
   <point lat="34.0454099" lon="-118.24657"/>
   <point lat="34.04625" lon="-118.24768"/>
  </path>
  <path>
   <point lat="33.88493" lon="-117.9957"/>
   <point lat="33.88685" lon="-117.99845"/>
   <point lat="33.88809" lon="-117.9992"/>
   <point lat="33.88829" lon="-117.99933"/>
   <point lat="33.88834" lon="-118.00123"/>
   <point lat="33.88826" lon="-118.0113"/>
   <point lat="33.88812" lon="-118.01247"/>
   <point lat="33.88823" lon="-118.0161"/>
   <point lat="33.8882" lon="-118.02138"/>
   <point lat="33.88814" lon="-118.02925"/>
   <point lat="33.88798" lon="-118.03582"/>
   <point lat="33.88809" lon="-118.03813"/>
   <point lat="33.88806" lon="-118.04265"/>
   <point lat="33.88802" lon="-118.04626"/>
   <point lat="33.88855" lon="-118.04649"/>
   <point lat="33.89869" lon="-118.04642"/>
   <point lat="33.90246" lon="-118.04659"/>
   <point lat="33.90258" lon="-118.04692"/>
  </path>
  <path>
   <point lat="33.85862" lon="-117.9788"/>
   <point lat="33.85862" lon="-117.98081"/>
   <point lat="33.85858" lon="-117.98128"/>
   <point lat="33.8587599" lon="-117.98128"/>
   <point lat="33.85912" lon="-117.98124"/>
   <point lat="33.859" lon="-117.98077"/>
   <point lat="33.85913" lon="-117.97994"/>
   <point lat="33.85902" lon="-117.9788"/>
   <point lat="33.85902" lon="-117.97695"/>
   <point lat="33.85915" lon="-117.97623"/>
   <point lat="33.8581" lon="-117.97622"/>
   <point lat="33.85729" lon="-117.97622"/>
   <point lat="33.8568799" lon="-117.97621"/>
   <point lat="33.85638" lon="-117.97621"/>
   <point lat="33.85561" lon="-117.97619"/>
   <point lat="33.85544" lon="-117.97618"/>
   <point lat="33.85474" lon="-117.97618"/>
   <point lat="33.8543499" lon="-117.97617"/>
   <point lat="33.85422" lon="-117.97617"/>
   <point lat="33.85419" lon="-117.97599"/>
   <point lat="33.85414" lon="-117.97584"/>
   <point lat="33.85409" lon="-117.97573"/>
   <point lat="33.8533" lon="-117.97445"/>
   <point lat="33.85287" lon="-117.9737"/>
   <point lat="33.85273" lon="-117.97347"/>
   <point lat="33.85212" lon="-117.9724"/>
   <point lat="33.84673" lon="-117.96226"/>
   <point lat="33.84652" lon="-117.96181"/>
   <point lat="33.84619" lon="-117.96133"/>
   <point lat="33.84578" lon="-117.9605"/>
   <point lat="33.84472" lon="-117.9584"/>
   <point lat="33.84338" lon="-117.95588"/>
   <point lat="33.84316" lon="-117.95556"/>
   <point lat="33.84258" lon="-117.95457"/>
   <point lat="33.84238" lon="-117.95419"/>
   <point lat="33.8357" lon="-117.94186"/>
   <point lat="33.83545" lon="-117.94143"/>
   <point lat="33.83528" lon="-117.94108"/>
   <point lat="33.83511" lon="-117.94077"/>
   <point lat="33.83505" lon="-117.94059"/>
   <point lat="33.83497" lon="-117.94038"/>
   <point lat="33.83487" lon="-117.94004"/>
   <point lat="33.83468" lon="-117.93926"/>
   <point lat="33.83463" lon="-117.93895"/>
   <point lat="33.83459" lon="-117.93875"/>
   <point lat="33.83457" lon="-117.93823"/>
   <point lat="33.8345399" lon="-117.93803"/>
   <point lat="33.8345" lon="-117.93766"/>
   <point lat="33.83448" lon="-117.93734"/>
   <point lat="33.83447" lon="-117.93707"/>
   <point lat="33.83444" lon="-117.9367"/>
   <point lat="33.83439" lon="-117.93631"/>
   <point lat="33.83433" lon="-117.93596"/>
   <point lat="33.83416" lon="-117.93526"/>
   <point lat="33.83411" lon="-117.93509"/>
   <point lat="33.83406" lon="-117.93495"/>
   <point lat="33.83391" lon="-117.93464"/>
   <point lat="33.83369" lon="-117.9341"/>
   <point lat="33.83352" lon="-117.93376"/>
   <point lat="33.83335" lon="-117.93347"/>
   <point lat="33.83318" lon="-117.93321"/>
   <point lat="33.83282" lon="-117.93277"/>
   <point lat="33.8327" lon="-117.9326"/>
   <point lat="33.83246" lon="-117.93228"/>
   <point lat="33.83129" lon="-117.9309"/>
   <point lat="33.82972" lon="-117.92895"/>
   <point lat="33.8286" lon="-117.92776"/>
   <point lat="33.82848" lon="-117.92765"/>
   <point lat="33.82837" lon="-117.92756"/>
   <point lat="33.82808" lon="-117.92738"/>
   <point lat="33.82626" lon="-117.92603"/>
   <point lat="33.82465" lon="-117.9247"/>
   <point lat="33.82306" lon="-117.92327"/>
   <point lat="33.82204" lon="-117.92226"/>
   <point lat="33.82185" lon="-117.92208"/>
   <point lat="33.82097" lon="-117.92118"/>
   <point lat="33.82045" lon="-117.9206"/>
   <point lat="33.81914" lon="-117.91925"/>
   <point lat="33.8185" lon="-117.91856"/>
   <point lat="33.8173" lon="-117.91735"/>
   <point lat="33.81704" lon="-117.91716"/>
   <point lat="33.81689" lon="-117.91704"/>
   <point lat="33.81658" lon="-117.91676"/>
   <point lat="33.81645" lon="-117.91665"/>
   <point lat="33.81631" lon="-117.91657"/>
   <point lat="33.81616" lon="-117.9165"/>
   <point lat="33.81605" lon="-117.91648"/>
   <point lat="33.81593" lon="-117.91648"/>
   <point lat="33.81571" lon="-117.91645"/>
   <point lat="33.8152199" lon="-117.91646"/>
   <point lat="33.81504" lon="-117.91645"/>
   <point lat="33.8149" lon="-117.91643"/>
   <point lat="33.81482" lon="-117.9164"/>
   <point lat="33.81469" lon="-117.9163"/>
   <point lat="33.81464" lon="-117.91626"/>
   <point lat="33.81461" lon="-117.91621"/>
   <point lat="33.81456" lon="-117.91612"/>
   <point lat="33.81452" lon="-117.91602"/>
   <point lat="33.8144599" lon="-117.91591"/>
   <point lat="33.81429" lon="-117.91567"/>
   <point lat="33.81425" lon="-117.91562"/>
   <point lat="33.8141" lon="-117.91547"/>
   <point lat="33.81401" lon="-117.91543"/>
   <point lat="33.81372" lon="-117.91535"/>
   <point lat="33.81363" lon="-117.91532"/>
   <point lat="33.80999" lon="-117.91546"/>
   <point lat="33.80939" lon="-117.91531"/>
   <point lat="33.80939" lon="-117.91596"/>
   <point lat="33.81036" lon="-117.91591"/>
  </path>
  <path>
   <point lat="33.90207" lon="-118.08223"/>
   <point lat="33.90209" lon="-118.07954"/>
   <point lat="33.90211" lon="-118.07606"/>
   <point lat="33.90213" lon="-118.07264"/>
   <point lat="33.90213" lon="-118.06927"/>
   <point lat="33.90223" lon="-118.06417"/>
   <point lat="33.90224" lon="-118.05979"/>
   <point lat="33.90226" lon="-118.05741"/>
   <point lat="33.90227" lon="-118.05496"/>
   <point lat="33.9022999" lon="-118.05106"/>
   <point lat="33.90246" lon="-118.04659"/>
   <point lat="33.90218" lon="-118.04674"/>
  </path>
 </route>
</body>