<?xml version="1.0" encoding="utf-8"?>
<body copyright="All data copyright Los Angeles Metro 2022.">
 <route color="e74d00" latMax="34.0721999" latMin="34.0334999" lonMax="-118.04227" lonMin="-118.2655899" oppositeColor="ffffff" tag="70" title="70 Downtown LA - El Monte Via Cesar Cha">
  <stop lat="34.04006" lon="-118.1506" stopId="00306" tag="306" title="Avenida Cesar Chavez / Schoolside"/>
  <stop lat="34.04051" lon="-118.1563799" stopId="00307" tag="307" title="Avenida Cesar Chavez / Vancouver"/>
  <stop lat="34.0405299" lon="-118.1535399" stopId="00308" tag="308" title="Avenida Cesar Chavez / Westcott"/>
  <stop lat="34.03962" lon="-118.14949" stopId="00309" tag="309" title="East La. College"/>
  <stop lat="34.04043" lon="-118.1732699" stopId="00397" tag="397" title="Cesar E Chavez / Eastern"/>
  <stop lat="34.0540899" lon="-118.2255199" stopId="00648" tag="648" title="Cesar E Chavez / Mission"/>
  <stop lat="34.04682" lon="-118.20815" stopId="00650" tag="650" title="Cesar E Chavez / Soto"/>
  <stop lat="34.0578399" lon="-118.23663" stopId="00656" tag="656" title="Cesar E Chavez / Alameda"/>
  <stop lat="34.04049" lon="-118.1585799" stopId="00658" tag="658" title="Belvedere County Park"/>
  <stop lat="34.0509499" lon="-118.2173799" stopId="00659" tag="659" title="Cesar E Chavez / Boyle"/>
  <stop lat="34.0404699" lon="-118.16498" stopId="00661" tag="661" title="Cesar E Chavez / Dangler"/>
  <stop lat="34.0435" lon="-118.20061" stopId="00664" tag="664" title="Cesar E Chavez / Evergreen"/>
  <stop lat="34.0404499" lon="-118.16885" stopId="00665" tag="665" title="Cesar E Chavez / Ford"/>
  <stop lat="34.04171" lon="-118.19659" stopId="00666" tag="666" title="Cesar E Chavez / Fresno"/>
  <stop lat="34.0404099" lon="-118.18002" stopId="00669" tag="669" title="Cesar E Chavez / Hazard"/>
  <stop lat="34.04044" lon="-118.1715399" stopId="00670" tag="670" title="Cesar E Chavez / Humphreys"/>
  <stop lat="34.04035" lon="-118.1921299" stopId="00671" tag="671" title="Cesar E Chavez / Indiana"/>
  <stop lat="34.0404199" lon="-118.17539" stopId="00674" tag="674" title="Cesar E Chavez / Marianna"/>
  <stop lat="34.04046" lon="-118.1666699" stopId="00675" tag="675" title="Cesar E Chavez / McDonnell"/>
  <stop lat="34.0450999" lon="-118.2042599" stopId="00677" tag="677" title="Cesar E Chavez / Mott"/>
  <stop lat="34.0404" lon="-118.18193" stopId="00679" tag="679" title="Cesar E Chavez / Record"/>
  <stop lat="34.0484" lon="-118.21169" stopId="00681" tag="681" title="Cesar E Chavez / Saint Louis"/>
  <stop lat="34.05004" lon="-118.21535" stopId="00682" tag="682" title="Cesar E Chavez / State"/>
  <stop lat="34.05224" lon="-118.22023" stopId="00684" tag="684" title="Cesar E Chavez / Warren"/>
  <stop lat="34.0626199" lon="-118.04714" stopId="01455" tag="1455" title="Garvey / Central"/>
  <stop lat="34.06259" lon="-118.0630199" stopId="01456" tag="1456" title="Garvey / Lashbrook"/>
  <stop lat="34.0626" lon="-118.0515399" stopId="01457" tag="1457" title="Garvey / Merced"/>
  <stop lat="34.06239" lon="-118.11659" stopId="01458" tag="1458" title="Garvey / Alhambra"/>
  <stop lat="34.0624399" lon="-118.11067" stopId="01459" tag="1459" title="Garvey / Florence"/>
  <stop lat="34.06239" lon="-118.1208899" stopId="01460" tag="1460" title="Garvey / Lincoln"/>
  <stop lat="34.0624599" lon="-118.1083" stopId="01461" tag="1461" title="Garvey / New"/>
  <stop lat="34.06241" lon="-118.1141299" stopId="01462" tag="1462" title="Garvey / Rural"/>
  <stop lat="34.0626" lon="-118.05585" stopId="01464" tag="1464" title="Garvey / Potrero"/>
  <stop lat="34.0625799" lon="-118.06506" stopId="01465" tag="1465" title="Garvey / Rosemead"/>
  <stop lat="34.0626" lon="-118.0601899" stopId="02172" tag="2172" title="Garvey / Chico"/>
  <stop lat="34.06253" lon="-118.0864899" stopId="02173" tag="2173" title="Garvey / Delta"/>
  <stop lat="34.0625199" lon="-118.09484" stopId="02175" tag="2175" title="Garvey / Kelburn"/>
  <stop lat="34.0625799" lon="-118.06697" stopId="02176" tag="2176" title="Garvey / Lee"/>
  <stop lat="34.0625" lon="-118.0991899" stopId="02178" tag="2178" title="Garvey / Del Mar"/>
  <stop lat="34.06248" lon="-118.1039199" stopId="02179" tag="2179" title="Garvey / Jackson"/>
  <stop lat="34.0625599" lon="-118.07739" stopId="02180" tag="2180" title="Garvey / Muscatel"/>
  <stop lat="34.06251" lon="-118.09016" stopId="02181" tag="2181" title="Garvey / San Gabriel"/>
  <stop lat="34.06255" lon="-118.0821399" stopId="02182" tag="2182" title="Garvey / Walnut Grove"/>
  <stop lat="34.0564199" lon="-118.2316399" stopId="03103" tag="3103" title="Cesar E Chavez / Vignes"/>
  <stop lat="34.0575099" lon="-118.24008" stopId="03931" tag="3931" title="Spring / Cesar E Chavez"/>
  <stop lat="34.0547" lon="-118.2426999" stopId="03935" tag="3935" title="Spring / Temple"/>
  <stop lat="34.0425699" lon="-118.14127" stopId="04682" tag="4682" title="Atlantic / Brightwood"/>
  <stop lat="34.0513099" lon="-118.13764" stopId="04683" tag="4683" title="Atlantic / Cadiz"/>
  <stop lat="34.05386" lon="-118.1360999" stopId="04692" tag="4692" title="Atlantic / El Portal"/>
  <stop lat="34.04886" lon="-118.1391199" stopId="04697" tag="4697" title="Atlantic / Sevilla"/>
  <stop lat="34.0467099" lon="-118.14007" stopId="04701" tag="4701" title="Atlantic / El Repetto"/>
  <stop lat="34.03943" lon="-118.1431799" stopId="04702" tag="4702" title="Atlantic / Floral"/>
  <stop lat="34.0562599" lon="-118.13466" stopId="04706" tag="4706" title="Atlantic / Harding"/>
  <stop lat="34.0596299" lon="-118.13346" stopId="04709" tag="4709" title="Atlantic / Newmark"/>
  <stop lat="34.0375699" lon="-118.14606" stopId="04711" tag="4711" title="Atlantic / Riggin"/>
  <stop lat="34.0406499" lon="-118.26094" stopId="05370" tag="5370" title="Olive / 11th"/>
  <stop lat="34.03643" lon="-118.2642899" stopId="05372" tag="5372" title="Olive / 14th"/>
  <stop lat="34.05442" lon="-118.24696" stopId="05377" tag="5377" title="1st / Hill"/>
  <stop lat="34.0467699" lon="-118.25526" stopId="05382" tag="5382" title="Olive / 7th"/>
  <stop lat="34.0450099" lon="-118.25688" stopId="05383" tag="5383" title="Olive / 8th"/>
  <stop lat="34.03808" lon="-118.2632499" stopId="05388" tag="5388" title="Olive / Pico"/>
  <stop lat="34.06417" lon="-118.04247" stopId="05948" tag="5948" title="Santa Anita / Bodger"/>
  <stop lat="34.0630699" lon="-118.04234" stopId="05951" tag="5951" title="Santa Anita / Garvey"/>
  <stop lat="34.0669699" lon="-118.04227" stopId="05955" tag="5955" title="Santa Anita / Mildred"/>
  <stop lat="34.0350599" lon="-118.2654" stopId="06952" tag="6952" title="Olive / Venice"/>
  <stop lat="34.0623699" lon="-118.13392" stopId="07665" tag="7665" title="Garvey / Atlantic"/>
  <stop lat="34.0623899" lon="-118.12249" stopId="07667" tag="7667" title="Garvey / Garfield"/>
  <stop lat="34.0623699" lon="-118.12524" stopId="07668" tag="7668" title="Garvey / Ramona"/>
  <stop lat="34.06235" lon="-118.1288799" stopId="07669" tag="7669" title="Garvey / Ynez"/>
  <stop lat="34.0404" lon="-118.1843799" stopId="10647" tag="10647" title="Cesar E Chavez / Gage"/>
  <stop lat="34.04047" lon="-118.1622" stopId="11687" tag="11687" title="Cesar E Chavez / Mednik"/>
  <stop lat="34.0538899" lon="-118.24346" stopId="11917" tag="11917" title="Spring / 1st - City Hall"/>
  <stop lat="34.04925" lon="-118.2529599" stopId="15715" tag="15715" title="Olive / 5th"/>
  <stop lat="34.0425299" lon="-118.25919" stopId="16168" tag="16168" title="Olive / Olympic"/>
  <stop lat="34.0403899" lon="-118.18668" stopId="16956" tag="16956" title="Cesar E Chavez / Rowan"/>
  <stop lat="34.0721999" lon="-118.04512" tag="30020_ar" title="El Monte Station - Lower Level"/>
  <stop lat="34.0625799" lon="-118.0712799" stopId="142046" tag="142046" title="Garvey / Garvey Community Center"/>
  <stop lat="34.0532599" lon="-118.24915" stopId="70500012" tag="70500012" title="Olive / General Thaddeus Kosciuszko"/>
  <stop lat="34.0342099" lon="-118.2653399" stopId="70500036" tag="70500036" title="17th / Hill"/>
  <stop lat="34.03979" lon="-118.14922" stopId="00304" tag="304" title="East La. College"/>
  <stop lat="34.0407299" lon="-118.1622" stopId="00457" tag="457" title="Cesar E Chavez / Mednik"/>
  <stop lat="34.04069" lon="-118.1739299" stopId="00469" tag="469" title="Cesar E Chavez / Eastern"/>
  <stop lat="34.05683" lon="-118.23214" stopId="00683" tag="683" title="Cesar E Chavez / Vignes"/>
  <stop lat="34.0470999" lon="-118.25701" stopId="02201" tag="2201" title="Grand / 7th"/>
  <stop lat="34.05432" lon="-118.2502099" stopId="02397" tag="2397" title="Grand / 2nd"/>
  <stop lat="34.0352099" lon="-118.2655899" stopId="05104" tag="5104" title="Venice / Olive"/>
  <stop lat="34.0341999" lon="-118.26381" stopId="05129" tag="5129" title="Venice / Broadway"/>
  <stop lat="34.0385399" lon="-118.14729" stopId="08892" tag="8892" title="Avenida Cesar Chavez / Atlantic"/>
  <stop lat="34.0407599" lon="-118.157" stopId="08894" tag="8894" title="Cesar E Chavez / Vancouver"/>
  <stop lat="34.0407799" lon="-118.1531999" stopId="08895" tag="8895" title="Avenida Cesar Chavez / Westcott"/>
  <stop lat="34.05363" lon="-118.24524" stopId="09061" tag="9061" title="1st / Broadway"/>
  <stop lat="34.05426" lon="-118.22524" stopId="09213" tag="9213" title="Cesar E Chavez / Mission"/>
  <stop lat="34.0406399" lon="-118.18768" stopId="09214" tag="9214" title="Cesar E Chavez / Rowan"/>
  <stop lat="34.0468199" lon="-118.2075099" stopId="09215" tag="9215" title="Cesar E Chavez / Soto"/>
  <stop lat="34.0581299" lon="-118.23668" stopId="09218" tag="9218" title="Cesar E Chavez / Alameda"/>
  <stop lat="34.0407399" lon="-118.15875" stopId="09219" tag="9219" title="Belvedere County Park"/>
  <stop lat="34.05124" lon="-118.21739" stopId="09220" tag="9220" title="Cesar E Chavez / Boyle"/>
  <stop lat="34.04072" lon="-118.1646499" stopId="09223" tag="9223" title="Cesar E Chavez / Dangler"/>
  <stop lat="34.0437899" lon="-118.2006099" stopId="09227" tag="9227" title="Cesar E Chavez / Evergreen"/>
  <stop lat="34.0407" lon="-118.1690199" stopId="09228" tag="9228" title="Cesar E Chavez / Ford"/>
  <stop lat="34.04181" lon="-118.19616" stopId="09229" tag="9229" title="Cesar E Chavez / Fresno"/>
  <stop lat="34.04065" lon="-118.1844599" stopId="09230" tag="9230" title="Cesar E Chavez / Gage"/>
  <stop lat="34.04066" lon="-118.1796899" stopId="09232" tag="9232" title="Cesar E Chavez / Hazard"/>
  <stop lat="34.0406999" lon="-118.17121" stopId="09233" tag="9233" title="Cesar E Chavez / Humphreys"/>
  <stop lat="34.0406099" lon="-118.1921" stopId="09234" tag="9234" title="Cesar E Chavez / Indiana"/>
  <stop lat="34.04068" lon="-118.1755599" stopId="09236" tag="9236" title="Cesar E Chavez / Marianna"/>
  <stop lat="34.04071" lon="-118.1668299" stopId="09237" tag="9237" title="Cesar E Chavez / McDonnell"/>
  <stop lat="34.04519" lon="-118.20383" stopId="09239" tag="9239" title="Cesar E Chavez / Mott"/>
  <stop lat="34.04066" lon="-118.1820999" stopId="09241" tag="9241" title="Cesar E Chavez / Record"/>
  <stop lat="34.0484999" lon="-118.2112599" stopId="09243" tag="9243" title="Cesar E Chavez / Saint Louis"/>
  <stop lat="34.0503399" lon="-118.2153699" stopId="09244" tag="9244" title="Cesar E Chavez / State"/>
  <stop lat="34.0526499" lon="-118.2205299" stopId="09246" tag="9246" title="Cesar E Chavez / Warren"/>
  <stop lat="34.06284" lon="-118.04703" stopId="09987" tag="9987" title="Garvey / Central"/>
  <stop lat="34.06285" lon="-118.0629699" stopId="09988" tag="9988" title="Garvey / Lashbrook"/>
  <stop lat="34.06285" lon="-118.05116" stopId="09989" tag="9989" title="Garvey / Merced"/>
  <stop lat="34.06263" lon="-118.1171299" stopId="09990" tag="9990" title="Garvey / Alhambra"/>
  <stop lat="34.06269" lon="-118.1104199" stopId="09991" tag="9991" title="Garvey / Florence"/>
  <stop lat="34.0626499" lon="-118.1210199" stopId="09992" tag="9992" title="Garvey / Lincoln"/>
  <stop lat="34.0627199" lon="-118.10785" stopId="09993" tag="9993" title="Garvey / New"/>
  <stop lat="34.0626699" lon="-118.11391" stopId="09994" tag="9994" title="Garvey / Rural"/>
  <stop lat="34.06285" lon="-118.0554999" stopId="09996" tag="9996" title="Garvey / Potrero"/>
  <stop lat="34.0628299" lon="-118.06588" stopId="09997" tag="9997" title="Garvey / Rosemead"/>
  <stop lat="34.06285" lon="-118.0598299" stopId="10707" tag="10707" title="Garvey / Chico"/>
  <stop lat="34.0627899" lon="-118.08616" stopId="10708" tag="10708" title="Garvey / Delta"/>
  <stop lat="34.0626099" lon="-118.1258" stopId="10710" tag="10710" title="Garvey / Huntington"/>
  <stop lat="34.06277" lon="-118.0948399" stopId="10711" tag="10711" title="Garvey / Kelburn"/>
  <stop lat="34.06275" lon="-118.0997999" stopId="10712" tag="10712" title="Garvey / Del Mar"/>
  <stop lat="34.06272" lon="-118.10355" stopId="10713" tag="10713" title="Garvey / Jackson"/>
  <stop lat="34.06279" lon="-118.0774399" stopId="10714" tag="10714" title="Garvey / Muscatel"/>
  <stop lat="34.0627699" lon="-118.0908199" stopId="10716" tag="10716" title="Garvey / San Gabriel"/>
  <stop lat="34.0629099" lon="-118.0427999" stopId="10717" tag="10717" title="Garvey / Santa Anita"/>
  <stop lat="34.06277" lon="-118.0821999" stopId="10718" tag="10718" title="Garvey / Walnut Grove"/>
  <stop lat="34.05425" lon="-118.2433599" stopId="12416" tag="12416" title="Spring / Temple"/>
  <stop lat="34.0420999" lon="-118.1417199" stopId="13137" tag="13137" title="Atlantic / Brightwood"/>
  <stop lat="34.05179" lon="-118.1376899" stopId="13138" tag="13138" title="Atlantic / Cadiz"/>
  <stop lat="34.0544599" lon="-118.13609" stopId="13146" tag="13146" title="Atlantic / El Portal"/>
  <stop lat="34.04847" lon="-118.1396599" stopId="13150" tag="13150" title="Atlantic / Sevilla"/>
  <stop lat="34.0462399" lon="-118.14052" stopId="13158" tag="13158" title="Atlantic / El Repetto"/>
  <stop lat="34.0392899" lon="-118.14389" stopId="13159" tag="13159" title="Atlantic / Floral"/>
  <stop lat="34.0621899" lon="-118.1343599" stopId="13161" tag="13161" title="Atlantic / Garvey"/>
  <stop lat="34.05661" lon="-118.1347799" stopId="13162" tag="13162" title="Atlantic / Harding"/>
  <stop lat="34.0595299" lon="-118.1337799" stopId="13165" tag="13165" title="Atlantic / Newmark"/>
  <stop lat="34.0417699" lon="-118.26197" stopId="13551" tag="13551" title="Grand / 11th"/>
  <stop lat="34.0374" lon="-118.2654399" stopId="13553" tag="13553" title="Grand / 14th"/>
  <stop lat="34.0528799" lon="-118.25157" stopId="13560" tag="13560" title="Grand / 3rd"/>
  <stop lat="34.05007" lon="-118.2542699" stopId="13561" tag="13561" title="Grand / 5th"/>
  <stop lat="34.04893" lon="-118.2552699" stopId="13562" tag="13562" title="Grand / 6th"/>
  <stop lat="34.0457199" lon="-118.25825" stopId="13568" tag="13568" title="Grand / 8th"/>
  <stop lat="34.0644399" lon="-118.0428099" stopId="14316" tag="14316" title="Santa Anita / Bodger"/>
  <stop lat="34.0672799" lon="-118.04251" stopId="14324" tag="14324" title="Santa Anita / Mildred"/>
  <stop lat="34.07044" lon="-118.0423099" stopId="14333" tag="14333" title="Santa Anita / Amador"/>
  <stop lat="34.0573099" lon="-118.2405" stopId="14694" tag="14694" title="Spring / Cesar E Chavez"/>
  <stop lat="34.0334999" lon="-118.26514" tag="14915_ar" title="Terminal 28 - West Lot"/>
  <stop lat="34.0546199" lon="-118.2467799" stopId="15612" tag="15612" title="1st / Hill"/>
  <stop lat="34.0626399" lon="-118.12316" stopId="16009" tag="16009" title="Garvey / Garfield"/>
  <stop lat="34.06258" lon="-118.1293699" stopId="16010" tag="16010" title="Garvey / Ynez"/>
  <stop lat="34.0721999" lon="-118.04512" stopId="30020" tag="30020" title="El Monte Station - Lower Level"/>
  <stop lat="34.0628299" lon="-118.07157" stopId="142045" tag="142045" title="Garvey / Garvey Community Center"/>
  <stop lat="34.0427699" lon="-118.26103" stopId="70500010" tag="70500010" title="Grand / Olympic"/>
  <stop lat="34.0387" lon="-118.2645699" stopId="70500011" tag="70500011" title="Grand / Pico"/>
  <direction name="East" tag="70_288_0" title="East to El Monte Station" useForUI="true">
   <stop tag="70500036"/>
   <stop tag="6952"/>
   <stop tag="5372"/>
   <stop tag="5388"/>
   <stop tag="5370"/>
   <stop tag="16168"/>
   <stop tag="5383"/>
   <stop tag="5382"/>
   <stop tag="15715"/>
   <stop tag="70500012"/>
   <stop tag="5377"/>
   <stop tag="11917"/>
   <stop tag="3935"/>
   <stop tag="3931"/>
   <stop tag="656"/>
   <stop tag="3103"/>
   <stop tag="648"/>
   <stop tag="684"/>
   <stop tag="659"/>
   <stop tag="682"/>
   <stop tag="681"/>
   <stop tag="650"/>
   <stop tag="677"/>
   <stop tag="664"/>
   <stop tag="666"/>
   <stop tag="671"/>
   <stop tag="16956"/>
   <stop tag="10647"/>
   <stop tag="679"/>
   <stop tag="669"/>
   <stop tag="674"/>
   <stop tag="397"/>
   <stop tag="670"/>
   <stop tag="665"/>
   <stop tag="675"/>
   <stop tag="661"/>
   <stop tag="11687"/>
   <stop tag="658"/>
   <stop tag="307"/>
   <stop tag="308"/>
   <stop tag="306"/>
   <stop tag="309"/>
   <stop tag="4711"/>
   <stop tag="4702"/>
   <stop tag="4682"/>
   <stop tag="4701"/>
   <stop tag="4697"/>
   <stop tag="4683"/>
   <stop tag="4692"/>
   <stop tag="4706"/>
   <stop tag="4709"/>
   <stop tag="7665"/>
   <stop tag="7669"/>
   <stop tag="7668"/>
   <stop tag="7667"/>
   <stop tag="1460"/>
   <stop tag="1458"/>
   <stop tag="1462"/>
   <stop tag="1459"/>
   <stop tag="1461"/>
   <stop tag="2179"/>
   <stop tag="2178"/>
   <stop tag="2175"/>
   <stop tag="2181"/>
   <stop tag="2173"/>
   <stop tag="2182"/>
   <stop tag="2180"/>
   <stop tag="142046"/>
   <stop tag="2176"/>
   <stop tag="1465"/>
   <stop tag="1456"/>
   <stop tag="2172"/>
   <stop tag="1464"/>
   <stop tag="1457"/>
   <stop tag="1455"/>
   <stop tag="5951"/>
   <stop tag="5948"/>
   <stop tag="5955"/>
   <stop tag="30020_ar"/>
  </direction>
  <direction name="West" tag="70_290_1" title="West to Downtown LA - Broadway-Venice" useForUI="true">
   <stop tag="30020"/>
   <stop tag="14333"/>
   <stop tag="14324"/>
   <stop tag="14316"/>
   <stop tag="10717"/>
   <stop tag="9987"/>
   <stop tag="9989"/>
   <stop tag="9996"/>
   <stop tag="10707"/>
   <stop tag="9988"/>
   <stop tag="9997"/>
   <stop tag="142045"/>
   <stop tag="10714"/>
   <stop tag="10718"/>
   <stop tag="10708"/>
   <stop tag="10716"/>
   <stop tag="10711"/>
   <stop tag="10712"/>
   <stop tag="10713"/>
   <stop tag="9993"/>
   <stop tag="9991"/>
   <stop tag="9994"/>
   <stop tag="9990"/>
   <stop tag="9992"/>
   <stop tag="16009"/>
   <stop tag="10710"/>
   <stop tag="16010"/>
   <stop tag="13161"/>
   <stop tag="13165"/>
   <stop tag="13162"/>
   <stop tag="13146"/>
   <stop tag="13138"/>
   <stop tag="13150"/>
   <stop tag="13158"/>
   <stop tag="13137"/>
   <stop tag="13159"/>
   <stop tag="8892"/>
   <stop tag="304"/>
   <stop tag="8895"/>
   <stop tag="8894"/>
   <stop tag="9219"/>
   <stop tag="457"/>
   <stop tag="9223"/>
   <stop tag="9237"/>
   <stop tag="9228"/>
   <stop tag="9233"/>
   <stop tag="469"/>
   <stop tag="9236"/>
   <stop tag="9232"/>
   <stop tag="9241"/>
   <stop tag="9230"/>
   <stop tag="9214"/>
   <stop tag="9234"/>
   <stop tag="9229"/>
   <stop tag="9227"/>
   <stop tag="9239"/>
   <stop tag="9215"/>
   <stop tag="9243"/>
   <stop tag="9244"/>
   <stop tag="9220"/>
   <stop tag="9246"/>
   <stop tag="9213"/>
   <stop tag="683"/>
   <stop tag="9218"/>
   <stop tag="14694"/>
   <stop tag="12416"/>
   <stop tag="9061"/>
   <stop tag="15612"/>
   <stop tag="2397"/>
   <stop tag="13560"/>
   <stop tag="13561"/>
   <stop tag="13562"/>
   <stop tag="2201"/>
   <stop tag="13568"/>
   <stop tag="70500010"/>
   <stop tag="13551"/>
   <stop tag="70500011"/>
   <stop tag="13553"/>
   <stop tag="5104"/>
   <stop tag="5129"/>
   <stop tag="14915_ar"/>
  </direction>
  <path>
   <point lat="34.04039" lon="-118.18668"/>
   <point lat="34.0404" lon="-118.18438"/>
   <point lat="34.0404" lon="-118.18193"/>
   <point lat="34.04041" lon="-118.18002"/>
   <point lat="34.04042" lon="-118.17539"/>
   <point lat="34.04043" lon="-118.17327"/>
   <point lat="34.0404399" lon="-118.17154"/>
   <point lat="34.04045" lon="-118.16885"/>
   <point lat="34.04046" lon="-118.16667"/>
   <point lat="34.04047" lon="-118.16498"/>
   <point lat="34.04047" lon="-118.1622"/>
   <point lat="34.04049" lon="-118.15858"/>
   <point lat="34.04051" lon="-118.15638"/>
   <point lat="34.0405299" lon="-118.15354"/>
   <point lat="34.0405299" lon="-118.15198"/>
   <point lat="34.0400599" lon="-118.1506"/>
   <point lat="34.03962" lon="-118.14949"/>
   <point lat="34.0390299" lon="-118.14814"/>
   <point lat="34.03757" lon="-118.14606"/>
  </path>
  <path>
   <point lat="34.03506" lon="-118.2654"/>
   <point lat="34.03588" lon="-118.26484"/>
   <point lat="34.03643" lon="-118.26429"/>
   <point lat="34.03743" lon="-118.2636"/>
   <point lat="34.03808" lon="-118.26325"/>
   <point lat="34.03944" lon="-118.26221"/>
   <point lat="34.04065" lon="-118.26094"/>
   <point lat="34.04253" lon="-118.25919"/>
   <point lat="34.04501" lon="-118.25688"/>
   <point lat="34.04677" lon="-118.25526"/>
   <point lat="34.04925" lon="-118.25296"/>
   <point lat="34.05326" lon="-118.24915"/>
   <point lat="34.05377" lon="-118.24882"/>
   <point lat="34.05385" lon="-118.24875"/>
   <point lat="34.0539" lon="-118.24871"/>
   <point lat="34.05393" lon="-118.24867"/>
   <point lat="34.055" lon="-118.24766"/>
   <point lat="34.05442" lon="-118.24696"/>
   <point lat="34.05435" lon="-118.24658"/>
   <point lat="34.05364" lon="-118.24551"/>
   <point lat="34.05296" lon="-118.24444"/>
   <point lat="34.05389" lon="-118.24346"/>
   <point lat="34.05615" lon="-118.24144"/>
   <point lat="34.05624" lon="-118.24137"/>
   <point lat="34.05751" lon="-118.24008"/>
   <point lat="34.05788" lon="-118.23984"/>
   <point lat="34.05807" lon="-118.23965"/>
   <point lat="34.05826" lon="-118.23949"/>
   <point lat="34.05824" lon="-118.23937"/>
   <point lat="34.05823" lon="-118.23926"/>
   <point lat="34.05822" lon="-118.2389"/>
   <point lat="34.05825" lon="-118.238"/>
   <point lat="34.05824" lon="-118.23782"/>
   <point lat="34.05824" lon="-118.23768"/>
   <point lat="34.0582" lon="-118.23743"/>
   <point lat="34.05818" lon="-118.23737"/>
   <point lat="34.0581" lon="-118.23705"/>
   <point lat="34.05784" lon="-118.23663"/>
  </path>
  <path>
   <point lat="34.06283" lon="-118.06588"/>
   <point lat="34.06283" lon="-118.07157"/>
   <point lat="34.06279" lon="-118.07744"/>
   <point lat="34.06277" lon="-118.0822"/>
   <point lat="34.06279" lon="-118.08616"/>
   <point lat="34.06264" lon="-118.09049"/>
   <point lat="34.06277" lon="-118.09082"/>
   <point lat="34.06277" lon="-118.09484"/>
   <point lat="34.06275" lon="-118.0998"/>
   <point lat="34.06272" lon="-118.10355"/>
   <point lat="34.06272" lon="-118.10785"/>
   <point lat="34.06269" lon="-118.11042"/>
   <point lat="34.06267" lon="-118.11391"/>
   <point lat="34.06263" lon="-118.11713"/>
   <point lat="34.06265" lon="-118.12102"/>
   <point lat="34.06264" lon="-118.12316"/>
  </path>
  <path>
   <point lat="34.05784" lon="-118.23663"/>
   <point lat="34.0574299" lon="-118.23477"/>
   <point lat="34.05642" lon="-118.23164"/>
   <point lat="34.0551699" lon="-118.22763"/>
   <point lat="34.0549899" lon="-118.22721"/>
   <point lat="34.05409" lon="-118.22552"/>
   <point lat="34.05348" lon="-118.22376"/>
   <point lat="34.05338" lon="-118.22355"/>
   <point lat="34.05331" lon="-118.22337"/>
   <point lat="34.05327" lon="-118.22326"/>
   <point lat="34.0531999" lon="-118.22305"/>
   <point lat="34.05314" lon="-118.22291"/>
   <point lat="34.05312" lon="-118.22284"/>
   <point lat="34.05307" lon="-118.22272"/>
   <point lat="34.05297" lon="-118.22245"/>
   <point lat="34.05294" lon="-118.22236"/>
   <point lat="34.05287" lon="-118.22203"/>
   <point lat="34.05277" lon="-118.22113"/>
   <point lat="34.05224" lon="-118.22023"/>
   <point lat="34.05174" lon="-118.21883"/>
   <point lat="34.05095" lon="-118.21738"/>
   <point lat="34.05004" lon="-118.21535"/>
   <point lat="34.04901" lon="-118.21273"/>
   <point lat="34.049" lon="-118.21268"/>
   <point lat="34.0484" lon="-118.21169"/>
   <point lat="34.0468199" lon="-118.20815"/>
   <point lat="34.0451" lon="-118.20426"/>
   <point lat="34.0435" lon="-118.20061"/>
   <point lat="34.04276" lon="-118.19862"/>
   <point lat="34.04171" lon="-118.19659"/>
   <point lat="34.04139" lon="-118.19554"/>
   <point lat="34.04028" lon="-118.19302"/>
   <point lat="34.04047" lon="-118.19246"/>
   <point lat="34.0403499" lon="-118.19213"/>
   <point lat="34.04039" lon="-118.18668"/>
  </path>
  <path>
   <point lat="34.03506" lon="-118.2654"/>
   <point lat="34.03588" lon="-118.26484"/>
   <point lat="34.03643" lon="-118.26429"/>
   <point lat="34.03743" lon="-118.2636"/>
   <point lat="34.03808" lon="-118.26325"/>
   <point lat="34.03944" lon="-118.26221"/>
   <point lat="34.04065" lon="-118.26094"/>
   <point lat="34.04253" lon="-118.25919"/>
   <point lat="34.04501" lon="-118.25688"/>
   <point lat="34.04677" lon="-118.25526"/>
  </path>
  <path>
   <point lat="34.0722" lon="-118.04512"/>
   <point lat="34.07247" lon="-118.0451"/>
   <point lat="34.07247" lon="-118.04429"/>
   <point lat="34.07202" lon="-118.04429"/>
   <point lat="34.07202" lon="-118.04445"/>
   <point lat="34.07115" lon="-118.04445"/>
   <point lat="34.07115" lon="-118.04288"/>
   <point lat="34.07117" lon="-118.04217"/>
   <point lat="34.07044" lon="-118.04231"/>
   <point lat="34.06915" lon="-118.04214"/>
   <point lat="34.0672799" lon="-118.04251"/>
   <point lat="34.06444" lon="-118.04281"/>
   <point lat="34.0627799" lon="-118.04246"/>
   <point lat="34.06291" lon="-118.0428"/>
   <point lat="34.06276" lon="-118.04476"/>
   <point lat="34.06284" lon="-118.04703"/>
   <point lat="34.06285" lon="-118.05116"/>
   <point lat="34.06285" lon="-118.0555"/>
   <point lat="34.06285" lon="-118.05983"/>
   <point lat="34.06285" lon="-118.06297"/>
   <point lat="34.06283" lon="-118.06588"/>
  </path>
  <path>
   <point lat="34.03757" lon="-118.14606"/>
   <point lat="34.03943" lon="-118.14318"/>
   <point lat="34.04004" lon="-118.14249"/>
   <point lat="34.04025" lon="-118.14227"/>
   <point lat="34.0403499" lon="-118.14219"/>
   <point lat="34.04047" lon="-118.1421"/>
   <point lat="34.04057" lon="-118.14204"/>
   <point lat="34.0407" lon="-118.14198"/>
   <point lat="34.04089" lon="-118.1419"/>
   <point lat="34.0415599" lon="-118.1417"/>
   <point lat="34.04257" lon="-118.14127"/>
   <point lat="34.04671" lon="-118.14007"/>
   <point lat="34.0483" lon="-118.1396"/>
   <point lat="34.04886" lon="-118.13912"/>
   <point lat="34.05131" lon="-118.13764"/>
   <point lat="34.05386" lon="-118.1361"/>
   <point lat="34.05626" lon="-118.13466"/>
   <point lat="34.05745" lon="-118.13422"/>
   <point lat="34.0589299" lon="-118.13377"/>
   <point lat="34.05963" lon="-118.13346"/>
   <point lat="34.06066" lon="-118.13363"/>
   <point lat="34.06142" lon="-118.13409"/>
   <point lat="34.06153" lon="-118.13414"/>
   <point lat="34.06159" lon="-118.13416"/>
   <point lat="34.06167" lon="-118.13418"/>
   <point lat="34.0619299" lon="-118.13421"/>
   <point lat="34.06215" lon="-118.13422"/>
   <point lat="34.06237" lon="-118.13392"/>
   <point lat="34.06246" lon="-118.13204"/>
   <point lat="34.06235" lon="-118.12888"/>
   <point lat="34.06237" lon="-118.12524"/>
   <point lat="34.06239" lon="-118.12249"/>
  </path>
  <path>
   <point lat="34.04677" lon="-118.25526"/>
   <point lat="34.04925" lon="-118.25296"/>
   <point lat="34.05326" lon="-118.24915"/>
   <point lat="34.05377" lon="-118.24882"/>
   <point lat="34.05385" lon="-118.24875"/>
   <point lat="34.0539" lon="-118.24871"/>
   <point lat="34.05393" lon="-118.24867"/>
   <point lat="34.055" lon="-118.24766"/>
   <point lat="34.05442" lon="-118.24696"/>
   <point lat="34.05435" lon="-118.24658"/>
   <point lat="34.05364" lon="-118.24551"/>
   <point lat="34.05296" lon="-118.24444"/>
   <point lat="34.05389" lon="-118.24346"/>
   <point lat="34.0546999" lon="-118.2427"/>
   <point lat="34.05615" lon="-118.24144"/>
   <point lat="34.05751" lon="-118.24008"/>
   <point lat="34.05788" lon="-118.23984"/>
   <point lat="34.05807" lon="-118.23965"/>
   <point lat="34.05826" lon="-118.23949"/>
   <point lat="34.05824" lon="-118.23937"/>
   <point lat="34.05823" lon="-118.23926"/>
   <point lat="34.05822" lon="-118.2389"/>
   <point lat="34.05825" lon="-118.238"/>
   <point lat="34.05824" lon="-118.23782"/>
   <point lat="34.05824" lon="-118.23768"/>
   <point lat="34.0582" lon="-118.23743"/>
   <point lat="34.05818" lon="-118.23737"/>
   <point lat="34.0581" lon="-118.23705"/>
   <point lat="34.05784" lon="-118.23663"/>
  </path>
  <path>
   <point lat="34.06264" lon="-118.12316"/>
   <point lat="34.06261" lon="-118.1258"/>
   <point lat="34.0625799" lon="-118.12937"/>
   <point lat="34.06246" lon="-118.13421"/>
   <point lat="34.06219" lon="-118.13436"/>
   <point lat="34.06159" lon="-118.13416"/>
   <point lat="34.06071" lon="-118.13365"/>
   <point lat="34.06066" lon="-118.13363"/>
   <point lat="34.06048" lon="-118.13361"/>
   <point lat="34.06018" lon="-118.13359"/>
   <point lat="34.05982" lon="-118.13359"/>
   <point lat="34.05953" lon="-118.13378"/>
   <point lat="34.0589299" lon="-118.13377"/>
   <point lat="34.05745" lon="-118.13422"/>
   <point lat="34.05661" lon="-118.13478"/>
   <point lat="34.05446" lon="-118.13609"/>
   <point lat="34.0517899" lon="-118.13769"/>
   <point lat="34.04867" lon="-118.13939"/>
   <point lat="34.04847" lon="-118.13966"/>
   <point lat="34.04736" lon="-118.14002"/>
   <point lat="34.04624" lon="-118.14052"/>
   <point lat="34.0421" lon="-118.14172"/>
   <point lat="34.0415599" lon="-118.1417"/>
   <point lat="34.04089" lon="-118.1419"/>
   <point lat="34.0407" lon="-118.14198"/>
   <point lat="34.04057" lon="-118.14204"/>
   <point lat="34.04047" lon="-118.1421"/>
   <point lat="34.0403499" lon="-118.14219"/>
   <point lat="34.04025" lon="-118.14227"/>
   <point lat="34.04011" lon="-118.14242"/>
   <point lat="34.04004" lon="-118.14249"/>
   <point lat="34.0399699" lon="-118.14259"/>
   <point lat="34.03936" lon="-118.14353"/>
   <point lat="34.03929" lon="-118.14389"/>
   <point lat="34.0375" lon="-118.14642"/>
   <point lat="34.03777" lon="-118.14668"/>
   <point lat="34.0381799" lon="-118.14709"/>
   <point lat="34.03854" lon="-118.14729"/>
  </path>
  <path>
   <point lat="34.06239" lon="-118.12249"/>
   <point lat="34.06239" lon="-118.12089"/>
   <point lat="34.06239" lon="-118.11659"/>
   <point lat="34.06241" lon="-118.11413"/>
   <point lat="34.06244" lon="-118.11067"/>
   <point lat="34.06246" lon="-118.1083"/>
   <point lat="34.06248" lon="-118.10392"/>
   <point lat="34.0625" lon="-118.09919"/>
   <point lat="34.06252" lon="-118.09484"/>
   <point lat="34.06264" lon="-118.09049"/>
   <point lat="34.06251" lon="-118.09016"/>
   <point lat="34.06253" lon="-118.08649"/>
   <point lat="34.06255" lon="-118.08214"/>
   <point lat="34.06256" lon="-118.07739"/>
   <point lat="34.0625799" lon="-118.07128"/>
   <point lat="34.0625799" lon="-118.06697"/>
   <point lat="34.0625799" lon="-118.06506"/>
  </path>
  <path>
   <point lat="34.0334999" lon="-118.26514"/>
   <point lat="34.03313" lon="-118.26539"/>
   <point lat="34.03287" lon="-118.26491"/>
   <point lat="34.0327399" lon="-118.26472"/>
   <point lat="34.03299" lon="-118.26451"/>
   <point lat="34.03318" lon="-118.26436"/>
   <point lat="34.03346" lon="-118.26413"/>
   <point lat="34.03357" lon="-118.26431"/>
   <point lat="34.03401" lon="-118.2651"/>
   <point lat="34.03421" lon="-118.26534"/>
   <point lat="34.03434" lon="-118.26574"/>
   <point lat="34.03448" lon="-118.26598"/>
   <point lat="34.03506" lon="-118.2654"/>
  </path>
  <path>
   <point lat="34.03854" lon="-118.14729"/>
   <point lat="34.03886" lon="-118.1479"/>
   <point lat="34.03979" lon="-118.14922"/>
   <point lat="34.04014" lon="-118.1504"/>
   <point lat="34.04078" lon="-118.1532"/>
   <point lat="34.04076" lon="-118.157"/>
   <point lat="34.04074" lon="-118.15875"/>
   <point lat="34.04073" lon="-118.1622"/>
   <point lat="34.04072" lon="-118.16465"/>
   <point lat="34.04071" lon="-118.16683"/>
   <point lat="34.0407" lon="-118.16902"/>
   <point lat="34.0407" lon="-118.17121"/>
   <point lat="34.04069" lon="-118.17393"/>
   <point lat="34.04068" lon="-118.17556"/>
   <point lat="34.04066" lon="-118.17969"/>
   <point lat="34.04066" lon="-118.1821"/>
   <point lat="34.04065" lon="-118.18446"/>
   <point lat="34.04064" lon="-118.18768"/>
  </path>
  <path>
   <point lat="34.0625799" lon="-118.06506"/>
   <point lat="34.06259" lon="-118.06302"/>
   <point lat="34.0626" lon="-118.06019"/>
   <point lat="34.0626" lon="-118.05585"/>
   <point lat="34.0626" lon="-118.05154"/>
   <point lat="34.06262" lon="-118.04714"/>
   <point lat="34.0627799" lon="-118.04246"/>
   <point lat="34.06307" lon="-118.04234"/>
   <point lat="34.06417" lon="-118.04247"/>
   <point lat="34.0659" lon="-118.04257"/>
   <point lat="34.06697" lon="-118.04227"/>
   <point lat="34.06797" lon="-118.04229"/>
   <point lat="34.06915" lon="-118.04214"/>
   <point lat="34.07117" lon="-118.04217"/>
   <point lat="34.07115" lon="-118.04288"/>
   <point lat="34.07115" lon="-118.04445"/>
   <point lat="34.07202" lon="-118.04445"/>
   <point lat="34.07201" lon="-118.04598"/>
   <point lat="34.07223" lon="-118.04598"/>
   <point lat="34.0723399" lon="-118.04597"/>
   <point lat="34.07243" lon="-118.04578"/>
   <point lat="34.07248" lon="-118.04568"/>
   <point lat="34.07247" lon="-118.04556"/>
   <point lat="34.07247" lon="-118.0451"/>
   <point lat="34.0722" lon="-118.04512"/>
  </path>
  <path>
   <point lat="34.04064" lon="-118.18768"/>
   <point lat="34.04061" lon="-118.1921"/>
   <point lat="34.04048" lon="-118.19244"/>
   <point lat="34.04028" lon="-118.19302"/>
   <point lat="34.04139" lon="-118.19554"/>
   <point lat="34.04181" lon="-118.19616"/>
   <point lat="34.04276" lon="-118.19862"/>
   <point lat="34.04379" lon="-118.20061"/>
   <point lat="34.04519" lon="-118.20383"/>
   <point lat="34.0468199" lon="-118.20751"/>
   <point lat="34.0485" lon="-118.21126"/>
   <point lat="34.049" lon="-118.21268"/>
   <point lat="34.04901" lon="-118.21273"/>
   <point lat="34.05034" lon="-118.21537"/>
   <point lat="34.05124" lon="-118.21739"/>
   <point lat="34.05174" lon="-118.21883"/>
   <point lat="34.05265" lon="-118.22053"/>
   <point lat="34.05277" lon="-118.22113"/>
   <point lat="34.05287" lon="-118.22203"/>
   <point lat="34.05294" lon="-118.22236"/>
   <point lat="34.05297" lon="-118.22245"/>
   <point lat="34.05307" lon="-118.22272"/>
   <point lat="34.05312" lon="-118.22284"/>
   <point lat="34.05314" lon="-118.22291"/>
   <point lat="34.0531999" lon="-118.22305"/>
   <point lat="34.05327" lon="-118.22326"/>
   <point lat="34.05331" lon="-118.22337"/>
   <point lat="34.05338" lon="-118.22355"/>
   <point lat="34.05348" lon="-118.22376"/>
   <point lat="34.05426" lon="-118.22524"/>
   <point lat="34.0549899" lon="-118.22721"/>
   <point lat="34.0551699" lon="-118.22763"/>
   <point lat="34.05683" lon="-118.23214"/>
   <point lat="34.0574299" lon="-118.23477"/>
   <point lat="34.05813" lon="-118.23668"/>
  </path>
  <path>
   <point lat="34.0342" lon="-118.26381"/>
   <point lat="34.03362" lon="-118.26256"/>
   <point lat="34.03289" lon="-118.26315"/>
   <point lat="34.03346" lon="-118.26413"/>
   <point lat="34.03357" lon="-118.26431"/>
   <point lat="34.03385" lon="-118.26481"/>
   <point lat="34.0334999" lon="-118.26514"/>
  </path>
  <path>
   <point lat="34.05784" lon="-118.23663"/>
   <point lat="34.0574299" lon="-118.23477"/>
   <point lat="34.05642" lon="-118.23164"/>
   <point lat="34.0551699" lon="-118.22763"/>
   <point lat="34.05409" lon="-118.22552"/>
   <point lat="34.05327" lon="-118.22326"/>
   <point lat="34.05224" lon="-118.22023"/>
   <point lat="34.05174" lon="-118.21883"/>
   <point lat="34.05095" lon="-118.21738"/>
   <point lat="34.05004" lon="-118.21535"/>
   <point lat="34.04901" lon="-118.21273"/>
   <point lat="34.0484" lon="-118.21169"/>
   <point lat="34.0468199" lon="-118.20815"/>
   <point lat="34.0451" lon="-118.20426"/>
   <point lat="34.0435" lon="-118.20061"/>
   <point lat="34.04171" lon="-118.19659"/>
   <point lat="34.04028" lon="-118.19302"/>
   <point lat="34.04047" lon="-118.19246"/>
   <point lat="34.0403499" lon="-118.19213"/>
   <point lat="34.04039" lon="-118.18668"/>
  </path>
  <path>
   <point lat="34.05813" lon="-118.23668"/>
   <point lat="34.05824" lon="-118.23768"/>
   <point lat="34.05824" lon="-118.23782"/>
   <point lat="34.05825" lon="-118.238"/>
   <point lat="34.05822" lon="-118.2389"/>
   <point lat="34.05823" lon="-118.23926"/>
   <point lat="34.05824" lon="-118.23937"/>
   <point lat="34.05826" lon="-118.23949"/>
   <point lat="34.05807" lon="-118.23965"/>
   <point lat="34.05788" lon="-118.23984"/>
   <point lat="34.05731" lon="-118.2405"/>
   <point lat="34.05624" lon="-118.24137"/>
   <point lat="34.05615" lon="-118.24144"/>
   <point lat="34.05425" lon="-118.24336"/>
   <point lat="34.05296" lon="-118.24444"/>
   <point lat="34.05363" lon="-118.24524"/>
   <point lat="34.05435" lon="-118.24658"/>
   <point lat="34.05462" lon="-118.24678"/>
   <point lat="34.055" lon="-118.24766"/>
   <point lat="34.05569" lon="-118.24878"/>
   <point lat="34.05446" lon="-118.24989"/>
   <point lat="34.05432" lon="-118.25021"/>
   <point lat="34.05288" lon="-118.25157"/>
   <point lat="34.05022" lon="-118.25395"/>
   <point lat="34.05007" lon="-118.25427"/>
   <point lat="34.04893" lon="-118.25527"/>
   <point lat="34.0471" lon="-118.25701"/>
   <point lat="34.04572" lon="-118.25825"/>
   <point lat="34.04277" lon="-118.26103"/>
   <point lat="34.04177" lon="-118.26197"/>
   <point lat="34.0394099" lon="-118.26401"/>
   <point lat="34.0387" lon="-118.26457"/>
   <point lat="34.0374" lon="-118.26544"/>
   <point lat="34.03645" lon="-118.26587"/>
   <point lat="34.03577" lon="-118.26631"/>
   <point lat="34.0357399" lon="-118.26634"/>
   <point lat="34.03521" lon="-118.26559"/>
   <point lat="34.0342" lon="-118.26381"/>
  </path>
  <path>
   <point lat="34.03757" lon="-118.14606"/>
   <point lat="34.03943" lon="-118.14318"/>
   <point lat="34.04004" lon="-118.14249"/>
   <point lat="34.04025" lon="-118.14227"/>
   <point lat="34.0403499" lon="-118.14219"/>
   <point lat="34.04047" lon="-118.1421"/>
   <point lat="34.04057" lon="-118.14204"/>
   <point lat="34.0407" lon="-118.14198"/>
   <point lat="34.04089" lon="-118.1419"/>
   <point lat="34.0415599" lon="-118.1417"/>
   <point lat="34.04257" lon="-118.14127"/>
   <point lat="34.04671" lon="-118.14007"/>
   <point lat="34.0483" lon="-118.1396"/>
   <point lat="34.04886" lon="-118.13912"/>
   <point lat="34.05131" lon="-118.13764"/>
   <point lat="34.05386" lon="-118.1361"/>
   <point lat="34.05626" lon="-118.13466"/>
   <point lat="34.05745" lon="-118.13422"/>
   <point lat="34.05963" lon="-118.13346"/>
   <point lat="34.06066" lon="-118.13363"/>
   <point lat="34.06142" lon="-118.13409"/>
   <point lat="34.06153" lon="-118.13414"/>
   <point lat="34.06159" lon="-118.13416"/>
   <point lat="34.06167" lon="-118.13418"/>
   <point lat="34.0619299" lon="-118.13421"/>
   <point lat="34.06215" lon="-118.13422"/>
   <point lat="34.06237" lon="-118.13392"/>
   <point lat="34.06246" lon="-118.13204"/>
   <point lat="34.06235" lon="-118.12888"/>
   <point lat="34.06237" lon="-118.12524"/>
   <point lat="34.06239" lon="-118.12249"/>
  </path>
 </route>
</body>