<?xml version="1.0" encoding="utf-8"?>
<body copyright="All data copyright Los Angeles Metro 2022.">
 <predictions agencyTitle="Los Angeles Metro" routeTag="66" routeTitle="66 Wilshire Ctr-Dtwn LA-Montebello Via" stopTag="1582" stopTitle="Olympic / Los Palos">
  <direction title="East to Commerce Center">
   <prediction affectedByLayover="true" block="0660800" dirTag="66_409_0" epochTime="1670561524272" isDeparture="false" minutes="63" seconds="3806" tripTag="54630946" vehicle="8816"/>
  </direction>
  <direction title="East to Montebello Station">
   <prediction affectedByLayover="true" block="0662702" dirTag="66_394_0" epochTime="1670557866473" isDeparture="false" isScheduleBased="true" minutes="2" seconds="148" tripTag="54630955" vehicle="virtualVehicle_0662702"/>
  </direction>
 </predictions>
</body>