<?xml version="1.0" encoding="utf-8"?>
<body copyright="All data copyright Los Angeles Metro 2022.">
 <route color="e74d00" latMax="33.9619199" latMin="33.89454" lonMax="-118.35175" lonMin="-118.3698899" oppositeColor="ffffff" tag="215" title="215 Inglewood-South Bay Galleria Via Pra">
  <stop lat="33.9619199" lon="-118.35175" stopId="01562" tag="1562" title="Manchester / Market"/>
  <stop lat="33.92705" lon="-118.36145" stopId="02680" tag="2680" title="Inglewood / 118th"/>
  <stop lat="33.92381" lon="-118.36145" stopId="02681" tag="2681" title="Inglewood / 120th"/>
  <stop lat="33.9057099" lon="-118.36142" stopId="02682" tag="2682" title="Inglewood / 138th"/>
  <stop lat="33.8979999" lon="-118.3614499" stopId="02683" tag="2683" title="Inglewood / 147th"/>
  <stop lat="33.9197599" lon="-118.3614299" stopId="02684" tag="2684" title="Inglewood / 124th"/>
  <stop lat="33.9165499" lon="-118.36142" stopId="02685" tag="2685" title="Inglewood / El Segundo"/>
  <stop lat="33.93066" lon="-118.36146" stopId="02686" tag="2686" title="Inglewood / Imperial"/>
  <stop lat="33.91426" lon="-118.36142" stopId="02687" tag="2687" title="Inglewood / 130th"/>
  <stop lat="33.9128" lon="-118.36142" stopId="02688" tag="2688" title="Inglewood / 132nd"/>
  <stop lat="33.9101099" lon="-118.3614699" stopId="02689" tag="2689" title="Inglewood / 134th"/>
  <stop lat="33.9019699" lon="-118.36144" stopId="02690" tag="2690" title="Inglewood / Rosecrans"/>
  <stop lat="33.8947499" lon="-118.3617" stopId="03173" tag="3173" title="Marine / Inglewood"/>
  <stop lat="33.8947399" lon="-118.3690399" stopId="04456" tag="4456" title="Marine / Rr Xing"/>
  <stop lat="33.95894" lon="-118.35958" stopId="04951" tag="4951" title="Eucalyptus / Kelso"/>
  <stop lat="33.96142" lon="-118.3596099" stopId="04953" tag="4953" title="Eucalyptus / Manchester"/>
  <stop lat="33.95549" lon="-118.35953" stopId="04954" tag="4954" title="Eucalyptus / Spruce"/>
  <stop lat="33.9383299" lon="-118.36146" stopId="05163" tag="5163" title="Inglewood / Lennox"/>
  <stop lat="33.94154" lon="-118.36147" stopId="05164" tag="5164" title="Inglewood / 104th"/>
  <stop lat="33.9346899" lon="-118.3614799" stopId="05165" tag="5165" title="Inglewood / 111th"/>
  <stop lat="33.9325099" lon="-118.36146" stopId="05166" tag="5166" title="Inglewood / 112th"/>
  <stop lat="33.9455899" lon="-118.36148" stopId="05169" tag="5169" title="Inglewood / Century"/>
  <stop lat="33.9492399" lon="-118.3614999" stopId="05170" tag="5170" title="Inglewood / 96th"/>
  <stop lat="33.9618799" lon="-118.35537" stopId="10102" tag="10102" title="Manchester / Grevillea"/>
  <stop lat="33.8950699" lon="-118.36984" tag="19149_ar" title="Marine / Redondo Beach Station"/>
  <stop lat="33.95284" lon="-118.35949" stopId="141035" tag="141035" title="Eucalyptus / Arbor Vitae"/>
  <stop lat="33.9525299" lon="-118.3616999" stopId="141036" tag="141036" title="Inglewood / Arbor Vitae"/>
  <stop lat="33.9616299" lon="-118.35478" stopId="01558" tag="1558" title="Manchester / Grevillea"/>
  <stop lat="33.89454" lon="-118.3698899" stopId="04457" tag="4457" title="Marine / Redondo Beach Station"/>
  <stop lat="33.9525" lon="-118.36137" stopId="05167" tag="5167" title="Inglewood / Arbor Vitae"/>
  <stop lat="33.96158" lon="-118.3591999" stopId="07832" tag="7832" title="Manchester / Eucalyptus"/>
  <stop lat="33.9616" lon="-118.3575299" stopId="07833" tag="7833" title="Manchester / Fir"/>
  <stop lat="33.9021099" lon="-118.36113" stopId="11184" tag="11184" title="Inglewood / Rosecrans"/>
  <stop lat="33.9451699" lon="-118.36117" stopId="13619" tag="13619" title="Inglewood / Century"/>
  <stop lat="33.8950699" lon="-118.36984" stopId="19149" tag="19149" title="Marine / Redondo Beach Station"/>
  <stop lat="33.89492" lon="-118.3611599" stopId="141059" tag="141059" title="Inglewood / Marine"/>
  <stop lat="33.89843" lon="-118.3611499" stopId="141060" tag="141060" title="Inglewood / 147th"/>
  <stop lat="33.9067999" lon="-118.36112" stopId="141061" tag="141061" title="Inglewood / 137th"/>
  <stop lat="33.90971" lon="-118.3611199" stopId="141062" tag="141062" title="Inglewood / 135th"/>
  <stop lat="33.91252" lon="-118.36111" stopId="141063" tag="141063" title="Inglewood / 132nd"/>
  <stop lat="33.9148099" lon="-118.3611199" stopId="141064" tag="141064" title="Inglewood / 130th"/>
  <stop lat="33.9166899" lon="-118.36112" stopId="141065" tag="141065" title="Inglewood / El Segundo"/>
  <stop lat="33.9198999" lon="-118.3611299" stopId="141066" tag="141066" title="Inglewood / Broadway"/>
  <stop lat="33.9235399" lon="-118.3611499" stopId="141067" tag="141067" title="Inglewood / 120th"/>
  <stop lat="33.92719" lon="-118.36115" stopId="141068" tag="141068" title="Inglewood / 118th"/>
  <stop lat="33.93114" lon="-118.36116" stopId="141069" tag="141069" title="Inglewood / Imperial"/>
  <stop lat="33.9326499" lon="-118.36116" stopId="141070" tag="141070" title="Inglewood / 112th"/>
  <stop lat="33.9344099" lon="-118.36115" stopId="141071" tag="141071" title="Inglewood / 111th"/>
  <stop lat="33.9416799" lon="-118.36116" stopId="141072" tag="141072" title="Inglewood / 104th"/>
  <stop lat="33.93833" lon="-118.36116" stopId="141073" tag="141073" title="Inglewood / Lennox"/>
  <stop lat="33.9489299" lon="-118.36119" stopId="141074" tag="141074" title="Inglewood / Hardy"/>
  <stop lat="33.95298" lon="-118.35933" stopId="141075" tag="141075" title="Eucalyptus / Arbor Vitae"/>
  <stop lat="33.9551099" lon="-118.3593599" stopId="141076" tag="141076" title="Eucalyptus / Spruce"/>
  <stop lat="33.9586699" lon="-118.3594099" stopId="141077" tag="141077" title="Eucalyptus / Kelso"/>
  <direction name="South" tag="215_68_1" title="South to Inglewood" useForUI="true">
   <stop tag="19149"/>
   <stop tag="4457"/>
   <stop tag="141059"/>
   <stop tag="141060"/>
   <stop tag="11184"/>
   <stop tag="141061"/>
   <stop tag="141062"/>
   <stop tag="141063"/>
   <stop tag="141064"/>
   <stop tag="141065"/>
   <stop tag="141066"/>
   <stop tag="141067"/>
   <stop tag="141068"/>
   <stop tag="141069"/>
   <stop tag="141070"/>
   <stop tag="141071"/>
   <stop tag="141073"/>
   <stop tag="141072"/>
   <stop tag="13619"/>
   <stop tag="141074"/>
   <stop tag="5167"/>
   <stop tag="141075"/>
   <stop tag="141076"/>
   <stop tag="141077"/>
   <stop tag="7832"/>
   <stop tag="7833"/>
   <stop tag="1558"/>
  </direction>
  <direction name="North" tag="215_57_0" title="North to Redondo Beach Station" useForUI="true">
   <stop tag="1562"/>
   <stop tag="10102"/>
   <stop tag="4953"/>
   <stop tag="4951"/>
   <stop tag="4954"/>
   <stop tag="141035"/>
   <stop tag="141036"/>
   <stop tag="5170"/>
   <stop tag="5169"/>
   <stop tag="5164"/>
   <stop tag="5163"/>
   <stop tag="5165"/>
   <stop tag="5166"/>
   <stop tag="2686"/>
   <stop tag="2680"/>
   <stop tag="2681"/>
   <stop tag="2684"/>
   <stop tag="2685"/>
   <stop tag="2687"/>
   <stop tag="2688"/>
   <stop tag="2689"/>
   <stop tag="2682"/>
   <stop tag="2690"/>
   <stop tag="2683"/>
   <stop tag="3173"/>
   <stop tag="4456"/>
   <stop tag="19149_ar"/>
  </direction>
  <path>
   <point lat="33.8950699" lon="-118.36984"/>
   <point lat="33.8952699" lon="-118.37017"/>
   <point lat="33.89454" lon="-118.36989"/>
   <point lat="33.89465" lon="-118.36131"/>
   <point lat="33.89492" lon="-118.36116"/>
   <point lat="33.89843" lon="-118.36115"/>
   <point lat="33.90211" lon="-118.36113"/>
  </path>
  <path>
   <point lat="33.94559" lon="-118.36148"/>
   <point lat="33.94154" lon="-118.36147"/>
   <point lat="33.93833" lon="-118.36146"/>
   <point lat="33.93469" lon="-118.36148"/>
   <point lat="33.93251" lon="-118.36146"/>
   <point lat="33.93066" lon="-118.36146"/>
   <point lat="33.92705" lon="-118.36145"/>
   <point lat="33.92381" lon="-118.36145"/>
   <point lat="33.9197599" lon="-118.36143"/>
   <point lat="33.91655" lon="-118.36142"/>
   <point lat="33.91426" lon="-118.36142"/>
   <point lat="33.9128" lon="-118.36142"/>
   <point lat="33.91011" lon="-118.36147"/>
   <point lat="33.90571" lon="-118.36142"/>
   <point lat="33.90197" lon="-118.36144"/>
   <point lat="33.898" lon="-118.36145"/>
   <point lat="33.89465" lon="-118.36131"/>
   <point lat="33.89475" lon="-118.3617"/>
  </path>
  <path>
   <point lat="33.94517" lon="-118.36117"/>
   <point lat="33.94639" lon="-118.36133"/>
   <point lat="33.94893" lon="-118.36119"/>
   <point lat="33.95085" lon="-118.36134"/>
   <point lat="33.95208" lon="-118.36134"/>
   <point lat="33.9525" lon="-118.36137"/>
   <point lat="33.9527" lon="-118.3616"/>
   <point lat="33.9527" lon="-118.36018"/>
   <point lat="33.9529799" lon="-118.35933"/>
   <point lat="33.95511" lon="-118.35936"/>
   <point lat="33.95867" lon="-118.35941"/>
   <point lat="33.9617" lon="-118.35953"/>
   <point lat="33.96158" lon="-118.3592"/>
   <point lat="33.9616" lon="-118.35753"/>
   <point lat="33.96163" lon="-118.35478"/>
  </path>
  <path>
   <point lat="33.89475" lon="-118.3617"/>
   <point lat="33.89464" lon="-118.36631"/>
   <point lat="33.89474" lon="-118.36904"/>
   <point lat="33.8950699" lon="-118.36984"/>
  </path>
  <path>
   <point lat="33.90211" lon="-118.36113"/>
   <point lat="33.9067999" lon="-118.36112"/>
   <point lat="33.9097099" lon="-118.36112"/>
   <point lat="33.91252" lon="-118.36111"/>
   <point lat="33.91481" lon="-118.36112"/>
   <point lat="33.91669" lon="-118.36112"/>
   <point lat="33.9199" lon="-118.36113"/>
   <point lat="33.92354" lon="-118.36115"/>
   <point lat="33.92719" lon="-118.36115"/>
   <point lat="33.93114" lon="-118.36116"/>
   <point lat="33.93265" lon="-118.36116"/>
   <point lat="33.93441" lon="-118.36115"/>
   <point lat="33.93833" lon="-118.36116"/>
   <point lat="33.94168" lon="-118.36116"/>
   <point lat="33.94517" lon="-118.36117"/>
  </path>
  <path>
   <point lat="33.96192" lon="-118.35175"/>
   <point lat="33.96188" lon="-118.35537"/>
   <point lat="33.9617" lon="-118.35953"/>
   <point lat="33.9614199" lon="-118.35961"/>
   <point lat="33.95894" lon="-118.35958"/>
   <point lat="33.95549" lon="-118.35953"/>
   <point lat="33.95284" lon="-118.35949"/>
   <point lat="33.9527" lon="-118.36135"/>
   <point lat="33.95253" lon="-118.3617"/>
   <point lat="33.95208" lon="-118.36134"/>
   <point lat="33.95085" lon="-118.36134"/>
   <point lat="33.94924" lon="-118.3615"/>
   <point lat="33.94639" lon="-118.36133"/>
   <point lat="33.94559" lon="-118.36148"/>
  </path>
 </route>
</body>