<?xml version="1.0" encoding="utf-8"?>
<body copyright="All data copyright Los Angeles Metro 2022.">
 <route color="e74d00" latMax="33.9887799" latMin="33.9650999" lonMax="-118.14726" lonMin="-118.42849" oppositeColor="ffffff" tag="110" title="110 Playa Vista- Bell Gardens Via Jeffer">
  <stop lat="33.97633" lon="-118.3818299" stopId="00615" tag="615" title="Centinela / Sherbourne"/>
  <stop lat="33.97584" lon="-118.35459" stopId="00617" tag="617" title="Centinela / Edgewood"/>
  <stop lat="33.97691" lon="-118.38635" stopId="00618" tag="618" title="Centinela / Green Valley"/>
  <stop lat="33.9769199" lon="-118.3670199" stopId="00622" tag="622" title="Centinela / Beach"/>
  <stop lat="33.9764499" lon="-118.3614899" stopId="00623" tag="623" title="Centinela / Inglewood"/>
  <stop lat="33.9746099" lon="-118.24248" stopId="01410" tag="1410" title="Florence Station"/>
  <stop lat="33.97462" lon="-118.2456799" stopId="01420" tag="1420" title="Florence / Miramonte"/>
  <stop lat="33.98184" lon="-118.26485" stopId="01444" tag="1444" title="Gage / Avalon"/>
  <stop lat="33.9819799" lon="-118.2479199" stopId="01445" tag="1445" title="Gage / Compton"/>
  <stop lat="33.9819999" lon="-118.2517199" stopId="01448" tag="1448" title="Gage / Hooper"/>
  <stop lat="33.98184" lon="-118.2615499" stopId="01449" tag="1449" title="Gage / McKinley"/>
  <stop lat="33.9819" lon="-118.2566299" stopId="01450" tag="1450" title="Gage / Central"/>
  <stop lat="33.98235" lon="-118.2697099" stopId="01453" tag="1453" title="Gage / San Pedro"/>
  <stop lat="33.98191" lon="-118.2391799" stopId="01454" tag="1454" title="Gage / Wilmington"/>
  <stop lat="33.97907" lon="-118.3404499" stopId="01495" tag="1495" title="Hyde Park / Gay"/>
  <stop lat="33.97586" lon="-118.3523299" stopId="01498" tag="1498" title="Hyde Park / Centinela"/>
  <stop lat="33.97976" lon="-118.20451" stopId="02102" tag="2102" title="Gage / Salt Lake"/>
  <stop lat="33.97786" lon="-118.18664" stopId="02104" tag="2104" title="Gage / Atlantic"/>
  <stop lat="33.97901" lon="-118.19746" stopId="02105" tag="2105" title="Gage / Bear"/>
  <stop lat="33.97468" lon="-118.15714" stopId="02107" tag="2107" title="Gage / Colmar"/>
  <stop lat="33.97405" lon="-118.15052" stopId="02108" tag="2108" title="Gage / Darwell"/>
  <stop lat="33.97541" lon="-118.16392" stopId="02109" tag="2109" title="Gage / Eastern"/>
  <stop lat="33.97495" lon="-118.15978" stopId="02110" tag="2110" title="Gage / El Selinda"/>
  <stop lat="33.9771999" lon="-118.1804599" stopId="02111" tag="2111" title="Gage / Heliotrope"/>
  <stop lat="33.9800799" lon="-118.2075099" stopId="02112" tag="2112" title="Gage / Hollenbeck"/>
  <stop lat="33.9764499" lon="-118.1735099" stopId="02113" tag="2113" title="Gage / Walker"/>
  <stop lat="33.98032" lon="-118.20967" stopId="02114" tag="2114" title="Gage / Hood"/>
  <stop lat="33.9743099" lon="-118.1528899" stopId="02115" tag="2115" title="Gage / Jaboneria"/>
  <stop lat="33.9776" lon="-118.18434" stopId="02116" tag="2116" title="Gage / King"/>
  <stop lat="33.98152" lon="-118.2279" stopId="02117" tag="2117" title="Gage / Malabar"/>
  <stop lat="33.98097" lon="-118.21581" stopId="02118" tag="2118" title="Gage / Marconi"/>
  <stop lat="33.97953" lon="-118.20244" stopId="02119" tag="2119" title="Gage / Maywood"/>
  <stop lat="33.9784299" lon="-118.1921399" stopId="02121" tag="2121" title="Gage / Otis"/>
  <stop lat="33.9815199" lon="-118.22484" stopId="02122" tag="2122" title="Gage / Pacific"/>
  <stop lat="33.98152" lon="-118.2299299" stopId="02124" tag="2124" title="Gage / Santa Fe"/>
  <stop lat="33.9815099" lon="-118.2227999" stopId="02125" tag="2125" title="Gage / Seville"/>
  <stop lat="33.9806499" lon="-118.2127599" stopId="02126" tag="2126" title="Gage / State"/>
  <stop lat="33.9768099" lon="-118.1769" stopId="02127" tag="2127" title="Gage / Wilcox"/>
  <stop lat="33.9650999" lon="-118.15065" tag="2276_ar" title="Granger / Florence"/>
  <stop lat="33.982" lon="-118.29113" stopId="02451" tag="2451" title="Gage / Vermont"/>
  <stop lat="33.97945" lon="-118.24108" stopId="02508" tag="2508" title="Holmes / 66th"/>
  <stop lat="33.9818299" lon="-118.2410899" stopId="02512" tag="2512" title="Holmes / Gage"/>
  <stop lat="33.9805" lon="-118.3348799" stopId="02590" tag="2590" title="Hyde Park / West"/>
  <stop lat="33.9805499" lon="-118.3267199" stopId="02591" tag="2591" title="Hyde Park / 8th"/>
  <stop lat="33.9805199" lon="-118.33109" stopId="02592" tag="2592" title="Hyde Park / Crenshaw"/>
  <stop lat="33.9758999" lon="-118.34831" stopId="02593" tag="2593" title="Hyde Park / Hyde Park"/>
  <stop lat="33.97615" lon="-118.4206399" stopId="02701" tag="2701" title="Jefferson / Beethoven"/>
  <stop lat="33.97917" lon="-118.4136699" stopId="02703" tag="2703" title="Jefferson / Westlawn"/>
  <stop lat="33.98618" lon="-118.4012999" stopId="02705" tag="2705" title="Jefferson / Mesmer"/>
  <stop lat="33.9887199" lon="-118.3973599" stopId="02706" tag="2706" title="Jefferson / Slauson"/>
  <stop lat="33.97719" lon="-118.37211" stopId="03287" tag="3287" title="Centinela / La Tijera"/>
  <stop lat="33.9822399" lon="-118.28656" stopId="03617" tag="3617" title="Gage / Hoover"/>
  <stop lat="33.9760999" lon="-118.35729" stopId="05045" tag="5045" title="Centinela / La Brea"/>
  <stop lat="33.9735399" lon="-118.14726" stopId="05412" tag="5412" title="Garfield / Gage"/>
  <stop lat="33.9703199" lon="-118.14902" stopId="05414" tag="5414" title="Garfield / Loveland"/>
  <stop lat="33.9818399" lon="-118.32079" stopId="06315" tag="6315" title="Southwest / 3rd"/>
  <stop lat="33.9833" lon="-118.31598" stopId="07335" tag="7335" title="62nd / Cimarron"/>
  <stop lat="33.98331" lon="-118.3135899" stopId="07336" tag="7336" title="62nd / Gramercy"/>
  <stop lat="33.98331" lon="-118.31113" stopId="07337" tag="7337" title="62nd / Saint Andrews"/>
  <stop lat="33.9832899" lon="-118.31736" stopId="07339" tag="7339" title="62nd / Van Ness"/>
  <stop lat="33.9833199" lon="-118.30913" stopId="07340" tag="7340" title="62nd / Western"/>
  <stop lat="33.9769499" lon="-118.37648" stopId="07541" tag="7541" title="Centinela / Alvern"/>
  <stop lat="33.98226" lon="-118.3047399" stopId="07654" tag="7654" title="Gage / Denker"/>
  <stop lat="33.9823" lon="-118.2786499" stopId="07655" tag="7655" title="Gage / Broadway"/>
  <stop lat="33.98225" lon="-118.29551" stopId="07656" tag="7656" title="Gage / Budlong"/>
  <stop lat="33.9822699" lon="-118.2829" stopId="07657" tag="7657" title="Gage / Figueroa"/>
  <stop lat="33.98225" lon="-118.3004399" stopId="07659" tag="7659" title="Gage / Normandie"/>
  <stop lat="33.9801599" lon="-118.24784" stopId="09355" tag="9355" title="Compton / 66th"/>
  <stop lat="33.9781499" lon="-118.2478399" stopId="09356" tag="9356" title="Compton / 68th"/>
  <stop lat="33.97642" lon="-118.24783" stopId="09357" tag="9357" title="Compton / 70th"/>
  <stop lat="33.98151" lon="-118.2355399" stopId="09981" tag="9981" title="Gage / Alameda"/>
  <stop lat="33.9823299" lon="-118.27342" stopId="09984" tag="9984" title="Gage / Main"/>
  <stop lat="33.9770399" lon="-118.41856" stopId="11194" tag="11194" title="Jefferson / McConnell"/>
  <stop lat="33.9849599" lon="-118.39984" stopId="11730" tag="11730" title="Mesmer / Major"/>
  <stop lat="33.97931" lon="-118.3261699" stopId="14693" tag="14693" title="Southwest / 8th"/>
  <stop lat="33.9818799" lon="-118.30858" stopId="16002" tag="16002" title="Gage / Western"/>
  <stop lat="33.9879599" lon="-118.39465" stopId="30012" tag="30012" title="Culver City Transit Center"/>
  <stop lat="33.9750099" lon="-118.24107" stopId="32089" tag="32089" title="Holmes / Florence"/>
  <stop lat="33.98397" lon="-118.4046899" stopId="140878" tag="140878" title="Jefferson / Centinela"/>
  <stop lat="33.98852" lon="-118.39565" stopId="140921" tag="140921" title="Slauson / Sepulveda"/>
  <stop lat="33.9815199" lon="-118.2322" stopId="142298" tag="142298" title="Gage / Albany"/>
  <stop lat="33.9814899" lon="-118.2193099" stopId="142299" tag="142299" title="Gage / Miles"/>
  <stop lat="33.9746999" lon="-118.42393" stopId="176153" tag="176153" title="Jefferson / Concert Park"/>
  <stop lat="33.98693" lon="-118.3869299" stopId="176155" tag="176155" title="Bristol / Hannum"/>
  <stop lat="33.98372" lon="-118.3909499" stopId="176156" tag="176156" title="Bristol / Green Valley"/>
  <stop lat="33.9735099" lon="-118.42849" stopId="65300037" tag="65300037" title="Waters Edge / Jefferson"/>
  <stop lat="33.9798799" lon="-118.24753" stopId="00807" tag="807" title="Compton / 66th"/>
  <stop lat="33.97829" lon="-118.24753" stopId="00808" tag="808" title="Compton / 68th"/>
  <stop lat="33.97623" lon="-118.24752" stopId="00809" tag="809" title="Compton / 70th"/>
  <stop lat="33.9650999" lon="-118.15065" stopId="02276" tag="2276" title="Granger / Florence"/>
  <stop lat="33.9770499" lon="-118.41922" stopId="02702" tag="2702" title="Jefferson / McConnell"/>
  <stop lat="33.9698" lon="-118.1489799" stopId="05416" tag="5416" title="Garfield / Loveland"/>
  <stop lat="33.97942" lon="-118.3263099" stopId="06316" tag="6316" title="Southwest / 8th"/>
  <stop lat="33.9748699" lon="-118.42423" stopId="08683" tag="8683" title="Jefferson / Alla"/>
  <stop lat="33.9801599" lon="-118.39221" stopId="09056" tag="9056" title="Bristol / Centinela"/>
  <stop lat="33.97692" lon="-118.36389" stopId="09178" tag="9178" title="Centinela / Acacia"/>
  <stop lat="33.9761299" lon="-118.3548799" stopId="09181" tag="9181" title="Centinela / Edgewood"/>
  <stop lat="33.9765899" lon="-118.3819699" stopId="09182" tag="9182" title="Centinela / Sherbourne"/>
  <stop lat="33.9774399" lon="-118.37213" stopId="09185" tag="9185" title="Centinela / La Tijera"/>
  <stop lat="33.9771499" lon="-118.3666599" stopId="09188" tag="9188" title="Centinela / Beach"/>
  <stop lat="33.9767199" lon="-118.3616199" stopId="09189" tag="9189" title="Centinela / Inglewood"/>
  <stop lat="33.9764099" lon="-118.35791" stopId="09190" tag="9190" title="Centinela / La Brea"/>
  <stop lat="33.97488" lon="-118.24743" stopId="09940" tag="9940" title="Florence / Compton"/>
  <stop lat="33.9748699" lon="-118.24261" stopId="09942" tag="9942" title="Florence Station"/>
  <stop lat="33.9748799" lon="-118.2450599" stopId="09951" tag="9951" title="Florence / Miramonte"/>
  <stop lat="33.9822099" lon="-118.2654599" stopId="09975" tag="9975" title="Gage / Avalon"/>
  <stop lat="33.98219" lon="-118.24809" stopId="09976" tag="9976" title="Gage / Compton"/>
  <stop lat="33.9821999" lon="-118.25185" stopId="09979" tag="9979" title="Gage / Hooper"/>
  <stop lat="33.98205" lon="-118.26122" stopId="09980" tag="9980" title="Gage / McKinley"/>
  <stop lat="33.9820899" lon="-118.2567699" stopId="09982" tag="9982" title="Gage / Central"/>
  <stop lat="33.9825299" lon="-118.27369" stopId="09983" tag="9983" title="Gage / Main"/>
  <stop lat="33.9825399" lon="-118.26987" stopId="09985" tag="9985" title="Gage / San Pedro"/>
  <stop lat="33.9821099" lon="-118.23878" stopId="09986" tag="9986" title="Gage / Wilmington"/>
  <stop lat="33.9791799" lon="-118.3407" stopId="10033" tag="10033" title="Hyde Park / Gay"/>
  <stop lat="33.9802399" lon="-118.33824" stopId="10034" tag="10034" title="Hyde Park / Long"/>
  <stop lat="33.9774699" lon="-118.34468" stopId="10035" tag="10035" title="Hyde Park / Park"/>
  <stop lat="33.9760099" lon="-118.3524" stopId="10036" tag="10036" title="Hyde Park / Field"/>
  <stop lat="33.97604" lon="-118.3483699" stopId="10037" tag="10037" title="Hyde Park / Hyde Park"/>
  <stop lat="33.97998" lon="-118.20414" stopId="10643" tag="10643" title="Gage / Salt Lake"/>
  <stop lat="33.9781799" lon="-118.1872599" stopId="10645" tag="10645" title="Gage / Atlantic"/>
  <stop lat="33.9792799" lon="-118.1975799" stopId="10646" tag="10646" title="Gage / Bear"/>
  <stop lat="33.97495" lon="-118.15727" stopId="10648" tag="10648" title="Gage / Colmar"/>
  <stop lat="33.9742599" lon="-118.1500199" stopId="10649" tag="10649" title="Gage / Darwell"/>
  <stop lat="33.9756699" lon="-118.1639799" stopId="10650" tag="10650" title="Gage / Eastern"/>
  <stop lat="33.97521" lon="-118.1599" stopId="10651" tag="10651" title="Gage / El Selinda"/>
  <stop lat="33.97746" lon="-118.18053" stopId="10652" tag="10652" title="Gage / Heliotrope"/>
  <stop lat="33.9802999" lon="-118.2071399" stopId="10653" tag="10653" title="Gage / Hollenbeck"/>
  <stop lat="33.9767099" lon="-118.1736399" stopId="10654" tag="10654" title="Gage / Walker"/>
  <stop lat="33.98054" lon="-118.2093" stopId="10655" tag="10655" title="Gage / Hood"/>
  <stop lat="33.9745699" lon="-118.1529499" stopId="10656" tag="10656" title="Gage / Jaboneria"/>
  <stop lat="33.98177" lon="-118.2275699" stopId="10657" tag="10657" title="Gage / Malabar"/>
  <stop lat="33.9812399" lon="-118.2159299" stopId="10658" tag="10658" title="Gage / Marconi"/>
  <stop lat="33.97971" lon="-118.20164" stopId="10659" tag="10659" title="Gage / California"/>
  <stop lat="33.97877" lon="-118.19276" stopId="10661" tag="10661" title="Gage / Otis"/>
  <stop lat="33.9817699" lon="-118.22497" stopId="10663" tag="10663" title="Gage / Pacific"/>
  <stop lat="33.97776" lon="-118.18346" stopId="10664" tag="10664" title="Gage / Prospect"/>
  <stop lat="33.98177" lon="-118.23059" stopId="10665" tag="10665" title="Gage / Santa Fe"/>
  <stop lat="33.9817699" lon="-118.2223999" stopId="10666" tag="10666" title="Gage / Seville"/>
  <stop lat="33.9808599" lon="-118.2123199" stopId="10667" tag="10667" title="Gage / State"/>
  <stop lat="33.9837299" lon="-118.39119" stopId="10816" tag="10816" title="Green Valley / Bristol"/>
  <stop lat="33.9793399" lon="-118.2412599" stopId="11043" tag="11043" title="Holmes / 66th"/>
  <stop lat="33.98175" lon="-118.2412599" stopId="11047" tag="11047" title="Holmes / Gage"/>
  <stop lat="33.9803299" lon="-118.3263699" stopId="11128" tag="11128" title="8th / Hyde Park"/>
  <stop lat="33.9806999" lon="-118.33501" stopId="11130" tag="11130" title="Hyde Park / West"/>
  <stop lat="33.97612" lon="-118.4213699" stopId="11192" tag="11192" title="Jefferson / Beethoven"/>
  <stop lat="33.9863099" lon="-118.40159" stopId="11195" tag="11195" title="Jefferson / Mesmer"/>
  <stop lat="33.97942" lon="-118.4137499" stopId="11197" tag="11197" title="Jefferson / Westlawn"/>
  <stop lat="33.9849599" lon="-118.39984" tag="11730_ar" title="Mesmer / Major"/>
  <stop lat="33.98404" lon="-118.4050799" stopId="12124" tag="12124" title="Jefferson / Inglewood"/>
  <stop lat="33.98505" lon="-118.4035399" stopId="12125" tag="12125" title="Jefferson / Margaret"/>
  <stop lat="33.9887799" lon="-118.3956899" stopId="14660" tag="14660" title="Slauson / Sepulveda"/>
  <stop lat="33.9819299" lon="-118.32096" stopId="14692" tag="14692" title="Southwest / 3rd"/>
  <stop lat="33.9834399" lon="-118.31615" stopId="15696" tag="15696" title="62nd / Cimarron"/>
  <stop lat="33.9834499" lon="-118.31375" stopId="15697" tag="15697" title="62nd / Gramercy"/>
  <stop lat="33.98346" lon="-118.3117899" stopId="15698" tag="15698" title="62nd / Saint Andrews"/>
  <stop lat="33.9834299" lon="-118.3175" stopId="15700" tag="15700" title="62nd / Van Ness"/>
  <stop lat="33.9824599" lon="-118.30441" stopId="15995" tag="15995" title="Gage / Denker"/>
  <stop lat="33.98251" lon="-118.2779899" stopId="15996" tag="15996" title="Gage / Broadway"/>
  <stop lat="33.9824499" lon="-118.2961699" stopId="15997" tag="15997" title="Gage / Budlong"/>
  <stop lat="33.98248" lon="-118.2824399" stopId="15998" tag="15998" title="Gage / Figueroa"/>
  <stop lat="33.98218" lon="-118.2873799" stopId="15999" tag="15999" title="Gage / Hoover"/>
  <stop lat="33.98242" lon="-118.30004" stopId="16000" tag="16000" title="Gage / Normandie"/>
  <stop lat="33.9822499" lon="-118.2912399" stopId="16001" tag="16001" title="Gage / Vermont"/>
  <stop lat="33.9820399" lon="-118.30876" stopId="16003" tag="16003" title="Gage / Western"/>
  <stop lat="33.98859" lon="-118.3980799" stopId="16943" tag="16943" title="Jefferson / Slauson"/>
  <stop lat="33.9812799" lon="-118.4095" stopId="20501" tag="20501" title="Jefferson / Centinela"/>
  <stop lat="33.9766999" lon="-118.34647" stopId="28280" tag="28280" title="Hyde Park / Marlborough"/>
  <stop lat="33.9879599" lon="-118.39465" tag="30012_ar" title="Culver City Transit Center"/>
  <stop lat="33.9749" lon="-118.24125" stopId="32059" tag="32059" title="Holmes / Florence"/>
  <stop lat="33.9772" lon="-118.3766599" stopId="36561" tag="36561" title="Centinela / Alvern"/>
  <stop lat="33.97721" lon="-118.38635" stopId="36562" tag="36562" title="Centinela / Green Valley"/>
  <stop lat="33.9839999" lon="-118.39395" stopId="36563" tag="36563" title="Green Valley / Sepulveda"/>
  <stop lat="33.9771199" lon="-118.17736" stopId="55223" tag="55223" title="Gage / Wilcox"/>
  <stop lat="33.98346" lon="-118.30927" stopId="140926" tag="140926" title="62nd / Western"/>
  <stop lat="33.9817099" lon="-118.2189399" stopId="142300" tag="142300" title="Gage / Miles"/>
  <stop lat="33.98178" lon="-118.23286" stopId="142301" tag="142301" title="Gage / Albany"/>
  <stop lat="33.9819" lon="-118.23655" stopId="142302" tag="142302" title="Gage / Alameda"/>
  <stop lat="33.9807299" lon="-118.33063" stopId="142303" tag="142303" title="Hyde Park / Crenshaw"/>
  <stop lat="33.9735099" lon="-118.42849" tag="65300037_ar" title="Waters Edge / Jefferson"/>
  <direction name="East" tag="110_272_0" title="East to Bell Gardens" useForUI="true">
   <stop tag="65300037"/>
   <stop tag="176153"/>
   <stop tag="2701"/>
   <stop tag="11194"/>
   <stop tag="2703"/>
   <stop tag="140878"/>
   <stop tag="2705"/>
   <stop tag="2706"/>
   <stop tag="140921"/>
   <stop tag="30012"/>
   <stop tag="176155"/>
   <stop tag="176156"/>
   <stop tag="618"/>
   <stop tag="615"/>
   <stop tag="7541"/>
   <stop tag="3287"/>
   <stop tag="622"/>
   <stop tag="623"/>
   <stop tag="5045"/>
   <stop tag="617"/>
   <stop tag="1498"/>
   <stop tag="2593"/>
   <stop tag="1495"/>
   <stop tag="2590"/>
   <stop tag="2592"/>
   <stop tag="2591"/>
   <stop tag="14693"/>
   <stop tag="6315"/>
   <stop tag="7339"/>
   <stop tag="7335"/>
   <stop tag="7336"/>
   <stop tag="7337"/>
   <stop tag="7340"/>
   <stop tag="16002"/>
   <stop tag="7654"/>
   <stop tag="7659"/>
   <stop tag="7656"/>
   <stop tag="2451"/>
   <stop tag="3617"/>
   <stop tag="7657"/>
   <stop tag="7655"/>
   <stop tag="9984"/>
   <stop tag="1453"/>
   <stop tag="1444"/>
   <stop tag="1449"/>
   <stop tag="1450"/>
   <stop tag="1448"/>
   <stop tag="1445"/>
   <stop tag="9355"/>
   <stop tag="9356"/>
   <stop tag="9357"/>
   <stop tag="1420"/>
   <stop tag="1410"/>
   <stop tag="32089"/>
   <stop tag="2508"/>
   <stop tag="2512"/>
   <stop tag="1454"/>
   <stop tag="9981"/>
   <stop tag="142298"/>
   <stop tag="2124"/>
   <stop tag="2117"/>
   <stop tag="2122"/>
   <stop tag="2125"/>
   <stop tag="142299"/>
   <stop tag="2118"/>
   <stop tag="2126"/>
   <stop tag="2114"/>
   <stop tag="2112"/>
   <stop tag="2102"/>
   <stop tag="2119"/>
   <stop tag="2105"/>
   <stop tag="2121"/>
   <stop tag="2104"/>
   <stop tag="2116"/>
   <stop tag="2111"/>
   <stop tag="2127"/>
   <stop tag="2113"/>
   <stop tag="2109"/>
   <stop tag="2110"/>
   <stop tag="2107"/>
   <stop tag="2115"/>
   <stop tag="2108"/>
   <stop tag="5412"/>
   <stop tag="5414"/>
   <stop tag="2276_ar"/>
  </direction>
  <direction name="West" tag="110_273_1" title="West to Playa Vista" useForUI="true">
   <stop tag="2276"/>
   <stop tag="5416"/>
   <stop tag="10649"/>
   <stop tag="10656"/>
   <stop tag="10648"/>
   <stop tag="10651"/>
   <stop tag="10650"/>
   <stop tag="10654"/>
   <stop tag="55223"/>
   <stop tag="10652"/>
   <stop tag="10664"/>
   <stop tag="10645"/>
   <stop tag="10661"/>
   <stop tag="10646"/>
   <stop tag="10659"/>
   <stop tag="10643"/>
   <stop tag="10653"/>
   <stop tag="10655"/>
   <stop tag="10667"/>
   <stop tag="10658"/>
   <stop tag="142300"/>
   <stop tag="10666"/>
   <stop tag="10663"/>
   <stop tag="10657"/>
   <stop tag="10665"/>
   <stop tag="142301"/>
   <stop tag="142302"/>
   <stop tag="9986"/>
   <stop tag="11047"/>
   <stop tag="11043"/>
   <stop tag="32059"/>
   <stop tag="9942"/>
   <stop tag="9951"/>
   <stop tag="9940"/>
   <stop tag="809"/>
   <stop tag="808"/>
   <stop tag="807"/>
   <stop tag="9976"/>
   <stop tag="9979"/>
   <stop tag="9982"/>
   <stop tag="9980"/>
   <stop tag="9975"/>
   <stop tag="9985"/>
   <stop tag="9983"/>
   <stop tag="15996"/>
   <stop tag="15998"/>
   <stop tag="15999"/>
   <stop tag="16001"/>
   <stop tag="15997"/>
   <stop tag="16000"/>
   <stop tag="15995"/>
   <stop tag="16003"/>
   <stop tag="140926"/>
   <stop tag="15698"/>
   <stop tag="15697"/>
   <stop tag="15696"/>
   <stop tag="15700"/>
   <stop tag="14692"/>
   <stop tag="6316"/>
   <stop tag="11128"/>
   <stop tag="142303"/>
   <stop tag="11130"/>
   <stop tag="10034"/>
   <stop tag="10033"/>
   <stop tag="10035"/>
   <stop tag="28280"/>
   <stop tag="10037"/>
   <stop tag="10036"/>
   <stop tag="9181"/>
   <stop tag="9190"/>
   <stop tag="9189"/>
   <stop tag="9178"/>
   <stop tag="9188"/>
   <stop tag="9185"/>
   <stop tag="36561"/>
   <stop tag="9182"/>
   <stop tag="36562"/>
   <stop tag="9056"/>
   <stop tag="10816"/>
   <stop tag="36563"/>
   <stop tag="30012"/>
   <stop tag="14660"/>
   <stop tag="16943"/>
   <stop tag="11195"/>
   <stop tag="12125"/>
   <stop tag="12124"/>
   <stop tag="20501"/>
   <stop tag="11197"/>
   <stop tag="2702"/>
   <stop tag="11192"/>
   <stop tag="8683"/>
   <stop tag="65300037_ar"/>
  </direction>
  <path>
   <point lat="33.97712" lon="-118.17736"/>
   <point lat="33.97746" lon="-118.18053"/>
   <point lat="33.97776" lon="-118.18346"/>
   <point lat="33.97818" lon="-118.18726"/>
   <point lat="33.97877" lon="-118.19276"/>
   <point lat="33.97928" lon="-118.19758"/>
   <point lat="33.97971" lon="-118.20164"/>
   <point lat="33.97998" lon="-118.20414"/>
   <point lat="33.9803" lon="-118.20714"/>
   <point lat="33.98054" lon="-118.2093"/>
   <point lat="33.98086" lon="-118.21232"/>
   <point lat="33.98124" lon="-118.21593"/>
   <point lat="33.98136" lon="-118.21808"/>
   <point lat="33.98171" lon="-118.21894"/>
   <point lat="33.98177" lon="-118.2224"/>
   <point lat="33.98177" lon="-118.22497"/>
  </path>
  <path>
   <point lat="33.98204" lon="-118.30876"/>
   <point lat="33.98189" lon="-118.30894"/>
   <point lat="33.98234" lon="-118.30894"/>
   <point lat="33.98346" lon="-118.30927"/>
   <point lat="33.98346" lon="-118.31179"/>
   <point lat="33.98345" lon="-118.31375"/>
   <point lat="33.98344" lon="-118.31615"/>
   <point lat="33.98343" lon="-118.3175"/>
  </path>
  <path>
   <point lat="33.97354" lon="-118.14726"/>
   <point lat="33.97245" lon="-118.14771"/>
   <point lat="33.97032" lon="-118.14902"/>
   <point lat="33.96737" lon="-118.1505"/>
   <point lat="33.9664" lon="-118.15103"/>
   <point lat="33.96624" lon="-118.14956"/>
   <point lat="33.96529" lon="-118.15038"/>
   <point lat="33.9651" lon="-118.15065"/>
  </path>
  <path>
   <point lat="33.98177" lon="-118.22497"/>
   <point lat="33.98177" lon="-118.22757"/>
   <point lat="33.98177" lon="-118.23059"/>
   <point lat="33.98178" lon="-118.23286"/>
   <point lat="33.9819" lon="-118.23655"/>
   <point lat="33.98195" lon="-118.23707"/>
   <point lat="33.98211" lon="-118.23878"/>
   <point lat="33.98202" lon="-118.24118"/>
   <point lat="33.98175" lon="-118.24126"/>
   <point lat="33.97934" lon="-118.24126"/>
   <point lat="33.9749" lon="-118.24125"/>
   <point lat="33.97474" lon="-118.24222"/>
   <point lat="33.97487" lon="-118.24261"/>
  </path>
  <path>
   <point lat="33.98343" lon="-118.3175"/>
   <point lat="33.98328" lon="-118.31791"/>
   <point lat="33.98193" lon="-118.32096"/>
   <point lat="33.98154" lon="-118.3216"/>
   <point lat="33.97942" lon="-118.32631"/>
   <point lat="33.98033" lon="-118.32637"/>
   <point lat="33.98065" lon="-118.32649"/>
   <point lat="33.98064" lon="-118.32794"/>
   <point lat="33.98073" lon="-118.33063"/>
   <point lat="33.9806" lon="-118.33379"/>
   <point lat="33.9807" lon="-118.33501"/>
   <point lat="33.9806" lon="-118.33656"/>
   <point lat="33.98024" lon="-118.33824"/>
   <point lat="33.97918" lon="-118.3407"/>
   <point lat="33.9774699" lon="-118.34468"/>
   <point lat="33.9767" lon="-118.34647"/>
   <point lat="33.97604" lon="-118.34837"/>
   <point lat="33.97601" lon="-118.3524"/>
   <point lat="33.97573" lon="-118.35266"/>
   <point lat="33.97575" lon="-118.35272"/>
   <point lat="33.97578" lon="-118.35283"/>
   <point lat="33.97613" lon="-118.35488"/>
   <point lat="33.97641" lon="-118.35791"/>
  </path>
  <path>
   <point lat="33.9651" lon="-118.15065"/>
   <point lat="33.96486" lon="-118.15081"/>
   <point lat="33.96537" lon="-118.15158"/>
   <point lat="33.96737" lon="-118.1505"/>
   <point lat="33.9698" lon="-118.14898"/>
   <point lat="33.97245" lon="-118.14771"/>
   <point lat="33.97382" lon="-118.14693"/>
   <point lat="33.97426" lon="-118.15002"/>
   <point lat="33.97457" lon="-118.15295"/>
   <point lat="33.97473" lon="-118.15586"/>
   <point lat="33.97495" lon="-118.15727"/>
   <point lat="33.97521" lon="-118.1599"/>
   <point lat="33.97567" lon="-118.16398"/>
   <point lat="33.9759" lon="-118.16711"/>
   <point lat="33.97595" lon="-118.16786"/>
   <point lat="33.97671" lon="-118.17364"/>
   <point lat="33.97712" lon="-118.17736"/>
  </path>
  <path>
   <point lat="33.9832899" lon="-118.31736"/>
   <point lat="33.98337" lon="-118.31676"/>
   <point lat="33.9833" lon="-118.31598"/>
   <point lat="33.98331" lon="-118.31359"/>
   <point lat="33.98331" lon="-118.31113"/>
   <point lat="33.98332" lon="-118.30913"/>
   <point lat="33.98234" lon="-118.30894"/>
   <point lat="33.98189" lon="-118.30894"/>
   <point lat="33.9818799" lon="-118.30858"/>
  </path>
  <path>
   <point lat="33.97351" lon="-118.42849"/>
   <point lat="33.97433" lon="-118.42912"/>
   <point lat="33.97439" lon="-118.42912"/>
   <point lat="33.97445" lon="-118.42906"/>
   <point lat="33.9744699" lon="-118.42902"/>
   <point lat="33.97482" lon="-118.42821"/>
   <point lat="33.97322" lon="-118.42765"/>
   <point lat="33.97469" lon="-118.4243"/>
   <point lat="33.9747" lon="-118.42393"/>
  </path>
  <path>
   <point lat="33.9825299" lon="-118.27369"/>
   <point lat="33.98251" lon="-118.27799"/>
   <point lat="33.98248" lon="-118.28244"/>
   <point lat="33.98237" lon="-118.28648"/>
   <point lat="33.98218" lon="-118.28738"/>
   <point lat="33.98192" lon="-118.28801"/>
   <point lat="33.98191" lon="-118.28971"/>
   <point lat="33.98193" lon="-118.29044"/>
   <point lat="33.98195" lon="-118.29055"/>
   <point lat="33.9819699" lon="-118.29068"/>
   <point lat="33.98201" lon="-118.29084"/>
   <point lat="33.98225" lon="-118.29124"/>
   <point lat="33.98227" lon="-118.29167"/>
   <point lat="33.98245" lon="-118.29617"/>
   <point lat="33.98242" lon="-118.30004"/>
   <point lat="33.98236" lon="-118.30238"/>
   <point lat="33.98246" lon="-118.30441"/>
   <point lat="33.98237" lon="-118.30707"/>
   <point lat="33.98236" lon="-118.30728"/>
   <point lat="33.98236" lon="-118.30741"/>
   <point lat="33.98233" lon="-118.30752"/>
   <point lat="33.98232" lon="-118.30761"/>
   <point lat="33.98222" lon="-118.30793"/>
   <point lat="33.98204" lon="-118.30876"/>
  </path>
  <path>
   <point lat="33.9761" lon="-118.35729"/>
   <point lat="33.97584" lon="-118.35459"/>
   <point lat="33.97573" lon="-118.35266"/>
   <point lat="33.97586" lon="-118.35233"/>
   <point lat="33.9759" lon="-118.34831"/>
   <point lat="33.97613" lon="-118.34754"/>
   <point lat="33.97907" lon="-118.34045"/>
   <point lat="33.98008" lon="-118.33836"/>
   <point lat="33.9802899" lon="-118.33787"/>
   <point lat="33.98041" lon="-118.33753"/>
   <point lat="33.9805" lon="-118.33731"/>
   <point lat="33.98054" lon="-118.33714"/>
   <point lat="33.98057" lon="-118.33696"/>
   <point lat="33.9806" lon="-118.33656"/>
   <point lat="33.9806" lon="-118.33637"/>
   <point lat="33.98059" lon="-118.33574"/>
   <point lat="33.9806" lon="-118.33521"/>
   <point lat="33.9805" lon="-118.33488"/>
   <point lat="33.9806" lon="-118.33379"/>
   <point lat="33.98052" lon="-118.33109"/>
  </path>
  <path>
   <point lat="33.97712" lon="-118.17736"/>
   <point lat="33.97746" lon="-118.18053"/>
   <point lat="33.97776" lon="-118.18346"/>
   <point lat="33.97818" lon="-118.18726"/>
   <point lat="33.97877" lon="-118.19276"/>
   <point lat="33.97928" lon="-118.19758"/>
   <point lat="33.97971" lon="-118.20164"/>
   <point lat="33.97998" lon="-118.20414"/>
   <point lat="33.9803" lon="-118.20714"/>
   <point lat="33.98054" lon="-118.2093"/>
   <point lat="33.98086" lon="-118.21232"/>
   <point lat="33.98124" lon="-118.21593"/>
   <point lat="33.98171" lon="-118.21894"/>
   <point lat="33.98177" lon="-118.2224"/>
   <point lat="33.98177" lon="-118.22497"/>
  </path>
  <path>
   <point lat="33.98233" lon="-118.27342"/>
   <point lat="33.9823499" lon="-118.26971"/>
   <point lat="33.98246" lon="-118.26737"/>
   <point lat="33.98246" lon="-118.26653"/>
   <point lat="33.98237" lon="-118.26606"/>
   <point lat="33.98234" lon="-118.26598"/>
   <point lat="33.98224" lon="-118.2658"/>
   <point lat="33.98209" lon="-118.26545"/>
   <point lat="33.98184" lon="-118.26485"/>
   <point lat="33.98184" lon="-118.26155"/>
   <point lat="33.9819" lon="-118.25663"/>
   <point lat="33.98208" lon="-118.25533"/>
   <point lat="33.982" lon="-118.25172"/>
   <point lat="33.98198" lon="-118.24792"/>
   <point lat="33.98081" lon="-118.24769"/>
   <point lat="33.98016" lon="-118.24784"/>
   <point lat="33.97815" lon="-118.24784"/>
   <point lat="33.97642" lon="-118.24783"/>
   <point lat="33.97573" lon="-118.24766"/>
   <point lat="33.97475" lon="-118.24766"/>
   <point lat="33.97462" lon="-118.24568"/>
   <point lat="33.97474" lon="-118.24344"/>
   <point lat="33.97461" lon="-118.24248"/>
  </path>
  <path>
   <point lat="33.98343" lon="-118.3175"/>
   <point lat="33.98328" lon="-118.31791"/>
   <point lat="33.98193" lon="-118.32096"/>
   <point lat="33.97942" lon="-118.32631"/>
   <point lat="33.98033" lon="-118.32637"/>
   <point lat="33.98065" lon="-118.32649"/>
   <point lat="33.98064" lon="-118.32794"/>
   <point lat="33.98073" lon="-118.33063"/>
   <point lat="33.9807" lon="-118.33501"/>
   <point lat="33.9806" lon="-118.33656"/>
   <point lat="33.98024" lon="-118.33824"/>
   <point lat="33.97918" lon="-118.3407"/>
   <point lat="33.9774699" lon="-118.34468"/>
   <point lat="33.9767" lon="-118.34647"/>
   <point lat="33.97604" lon="-118.34837"/>
   <point lat="33.97601" lon="-118.3524"/>
   <point lat="33.97573" lon="-118.35266"/>
   <point lat="33.97575" lon="-118.35272"/>
   <point lat="33.97578" lon="-118.35283"/>
   <point lat="33.97613" lon="-118.35488"/>
   <point lat="33.97641" lon="-118.35791"/>
  </path>
  <path>
   <point lat="33.98796" lon="-118.39465"/>
   <point lat="33.98775" lon="-118.3939"/>
   <point lat="33.98853" lon="-118.39394"/>
   <point lat="33.98853" lon="-118.39401"/>
   <point lat="33.98854" lon="-118.39429"/>
   <point lat="33.98854" lon="-118.39454"/>
   <point lat="33.9885499" lon="-118.39477"/>
   <point lat="33.98856" lon="-118.3949"/>
   <point lat="33.98857" lon="-118.39509"/>
   <point lat="33.98878" lon="-118.39569"/>
   <point lat="33.98892" lon="-118.3973"/>
   <point lat="33.98859" lon="-118.39808"/>
   <point lat="33.98672" lon="-118.40075"/>
   <point lat="33.98631" lon="-118.40159"/>
   <point lat="33.98505" lon="-118.40354"/>
   <point lat="33.98404" lon="-118.40508"/>
   <point lat="33.98128" lon="-118.4095"/>
   <point lat="33.97994" lon="-118.41222"/>
   <point lat="33.97942" lon="-118.41375"/>
   <point lat="33.97705" lon="-118.41922"/>
   <point lat="33.97612" lon="-118.42137"/>
   <point lat="33.97487" lon="-118.42423"/>
  </path>
  <path>
   <point lat="33.97681" lon="-118.1769"/>
   <point lat="33.97645" lon="-118.17351"/>
   <point lat="33.97595" lon="-118.16786"/>
   <point lat="33.9754099" lon="-118.16392"/>
   <point lat="33.97495" lon="-118.15978"/>
   <point lat="33.97468" lon="-118.15714"/>
   <point lat="33.97431" lon="-118.15289"/>
   <point lat="33.97405" lon="-118.15052"/>
   <point lat="33.97382" lon="-118.14693"/>
   <point lat="33.97354" lon="-118.14726"/>
  </path>
  <path>
   <point lat="33.97461" lon="-118.24248"/>
   <point lat="33.97473" lon="-118.24116"/>
   <point lat="33.97501" lon="-118.24107"/>
   <point lat="33.97945" lon="-118.24108"/>
   <point lat="33.98183" lon="-118.24109"/>
   <point lat="33.98191" lon="-118.23918"/>
   <point lat="33.98201" lon="-118.23766"/>
   <point lat="33.982" lon="-118.23738"/>
   <point lat="33.9819699" lon="-118.23715"/>
   <point lat="33.98195" lon="-118.23707"/>
   <point lat="33.98173" lon="-118.23638"/>
   <point lat="33.98151" lon="-118.23554"/>
   <point lat="33.98152" lon="-118.2322"/>
   <point lat="33.98152" lon="-118.22993"/>
   <point lat="33.98152" lon="-118.2279"/>
   <point lat="33.98152" lon="-118.22484"/>
  </path>
  <path>
   <point lat="33.97641" lon="-118.35791"/>
   <point lat="33.97672" lon="-118.36162"/>
   <point lat="33.97692" lon="-118.36389"/>
   <point lat="33.97715" lon="-118.36666"/>
   <point lat="33.97735" lon="-118.37047"/>
   <point lat="33.97744" lon="-118.37213"/>
   <point lat="33.9772" lon="-118.37666"/>
   <point lat="33.9766" lon="-118.37914"/>
   <point lat="33.9764399" lon="-118.37991"/>
   <point lat="33.97641" lon="-118.3801"/>
   <point lat="33.97639" lon="-118.3803"/>
   <point lat="33.97639" lon="-118.38081"/>
   <point lat="33.9764399" lon="-118.38166"/>
   <point lat="33.97659" lon="-118.38197"/>
   <point lat="33.97661" lon="-118.38463"/>
   <point lat="33.97666" lon="-118.38517"/>
   <point lat="33.97674" lon="-118.38551"/>
   <point lat="33.9768" lon="-118.38569"/>
   <point lat="33.97686" lon="-118.38588"/>
   <point lat="33.97721" lon="-118.38635"/>
   <point lat="33.97735" lon="-118.38695"/>
   <point lat="33.97931" lon="-118.39115"/>
   <point lat="33.97993" lon="-118.39243"/>
   <point lat="33.98016" lon="-118.39221"/>
   <point lat="33.98173" lon="-118.39169"/>
   <point lat="33.98373" lon="-118.39119"/>
   <point lat="33.98407" lon="-118.3924"/>
   <point lat="33.984" lon="-118.39395"/>
   <point lat="33.98377" lon="-118.39426"/>
   <point lat="33.98349" lon="-118.39475"/>
   <point lat="33.98355" lon="-118.3948"/>
   <point lat="33.98401" lon="-118.39525"/>
   <point lat="33.98425" lon="-118.39547"/>
   <point lat="33.9844099" lon="-118.3956"/>
   <point lat="33.98449" lon="-118.39566"/>
   <point lat="33.98461" lon="-118.39571"/>
   <point lat="33.98477" lon="-118.39575"/>
   <point lat="33.98509" lon="-118.39578"/>
   <point lat="33.98551" lon="-118.39578"/>
   <point lat="33.98568" lon="-118.39577"/>
   <point lat="33.9871399" lon="-118.3956"/>
   <point lat="33.98753" lon="-118.39554"/>
   <point lat="33.98757" lon="-118.39554"/>
   <point lat="33.98771" lon="-118.39552"/>
   <point lat="33.98783" lon="-118.3955"/>
   <point lat="33.98777" lon="-118.39492"/>
   <point lat="33.98837" lon="-118.39479"/>
   <point lat="33.98838" lon="-118.39467"/>
   <point lat="33.98832" lon="-118.39455"/>
   <point lat="33.98796" lon="-118.39465"/>
  </path>
  <path>
   <point lat="33.98496" lon="-118.39984"/>
   <point lat="33.98571" lon="-118.40063"/>
   <point lat="33.98603" lon="-118.40091"/>
   <point lat="33.9863799" lon="-118.40124"/>
   <point lat="33.98656" lon="-118.40096"/>
   <point lat="33.98672" lon="-118.40075"/>
   <point lat="33.98675" lon="-118.40069"/>
   <point lat="33.98693" lon="-118.40039"/>
   <point lat="33.98717" lon="-118.40002"/>
   <point lat="33.98722" lon="-118.39993"/>
   <point lat="33.98735" lon="-118.39975"/>
   <point lat="33.98751" lon="-118.39951"/>
   <point lat="33.98754" lon="-118.39946"/>
   <point lat="33.98768" lon="-118.39924"/>
   <point lat="33.98771" lon="-118.3992"/>
   <point lat="33.98782" lon="-118.39903"/>
   <point lat="33.98798" lon="-118.39874"/>
   <point lat="33.98852" lon="-118.3979"/>
   <point lat="33.98872" lon="-118.39736"/>
   <point lat="33.98852" lon="-118.39565"/>
   <point lat="33.98858" lon="-118.39515"/>
   <point lat="33.98857" lon="-118.39509"/>
   <point lat="33.98856" lon="-118.3949"/>
   <point lat="33.9885499" lon="-118.39477"/>
   <point lat="33.98854" lon="-118.39454"/>
   <point lat="33.98854" lon="-118.39429"/>
   <point lat="33.98853" lon="-118.39401"/>
   <point lat="33.98853" lon="-118.39394"/>
   <point lat="33.98775" lon="-118.3939"/>
   <point lat="33.98777" lon="-118.39492"/>
   <point lat="33.98837" lon="-118.39479"/>
   <point lat="33.98838" lon="-118.39467"/>
   <point lat="33.98832" lon="-118.39455"/>
   <point lat="33.98777" lon="-118.39492"/>
   <point lat="33.98837" lon="-118.39479"/>
   <point lat="33.98838" lon="-118.39467"/>
   <point lat="33.98832" lon="-118.39455"/>
   <point lat="33.98796" lon="-118.39465"/>
  </path>
  <path>
   <point lat="33.97487" lon="-118.24261"/>
   <point lat="33.97474" lon="-118.24344"/>
   <point lat="33.97488" lon="-118.24506"/>
   <point lat="33.97488" lon="-118.24743"/>
   <point lat="33.97573" lon="-118.24766"/>
   <point lat="33.97623" lon="-118.24752"/>
   <point lat="33.97829" lon="-118.24753"/>
   <point lat="33.97988" lon="-118.24753"/>
   <point lat="33.98208" lon="-118.24769"/>
   <point lat="33.98219" lon="-118.24809"/>
   <point lat="33.9822" lon="-118.25185"/>
   <point lat="33.98208" lon="-118.25533"/>
   <point lat="33.98209" lon="-118.25677"/>
   <point lat="33.98205" lon="-118.26122"/>
   <point lat="33.98221" lon="-118.26546"/>
   <point lat="33.98224" lon="-118.2658"/>
   <point lat="33.98254" lon="-118.26987"/>
   <point lat="33.9825299" lon="-118.27369"/>
  </path>
  <path>
   <point lat="33.97487" lon="-118.42423"/>
   <point lat="33.97322" lon="-118.42765"/>
   <point lat="33.97295" lon="-118.42827"/>
   <point lat="33.97351" lon="-118.42849"/>
  </path>
  <path>
   <point lat="33.98204" lon="-118.30876"/>
   <point lat="33.98234" lon="-118.30894"/>
   <point lat="33.98346" lon="-118.30927"/>
   <point lat="33.98346" lon="-118.31179"/>
   <point lat="33.98345" lon="-118.31375"/>
   <point lat="33.98344" lon="-118.31615"/>
   <point lat="33.98343" lon="-118.3175"/>
  </path>
  <path>
   <point lat="33.9818799" lon="-118.30858"/>
   <point lat="33.98222" lon="-118.30793"/>
   <point lat="33.98232" lon="-118.30761"/>
   <point lat="33.98233" lon="-118.30752"/>
   <point lat="33.98236" lon="-118.30741"/>
   <point lat="33.98236" lon="-118.30728"/>
   <point lat="33.98237" lon="-118.30707"/>
   <point lat="33.9822599" lon="-118.30474"/>
   <point lat="33.98236" lon="-118.30238"/>
   <point lat="33.98225" lon="-118.30044"/>
   <point lat="33.98225" lon="-118.29551"/>
   <point lat="33.98233" lon="-118.29207"/>
   <point lat="33.98232" lon="-118.29196"/>
   <point lat="33.98227" lon="-118.29167"/>
   <point lat="33.982" lon="-118.29113"/>
   <point lat="33.9819699" lon="-118.29068"/>
   <point lat="33.98224" lon="-118.28656"/>
   <point lat="33.98227" lon="-118.2829"/>
   <point lat="33.9823" lon="-118.27865"/>
   <point lat="33.98233" lon="-118.27342"/>
  </path>
  <path>
   <point lat="33.98152" lon="-118.22484"/>
   <point lat="33.98151" lon="-118.2228"/>
   <point lat="33.98149" lon="-118.21931"/>
   <point lat="33.98136" lon="-118.21808"/>
   <point lat="33.98097" lon="-118.21581"/>
   <point lat="33.98065" lon="-118.21276"/>
   <point lat="33.98032" lon="-118.20967"/>
   <point lat="33.98008" lon="-118.20751"/>
   <point lat="33.97976" lon="-118.20451"/>
   <point lat="33.9795299" lon="-118.20244"/>
   <point lat="33.97901" lon="-118.19746"/>
   <point lat="33.97843" lon="-118.19214"/>
   <point lat="33.97786" lon="-118.18664"/>
   <point lat="33.9776" lon="-118.18434"/>
   <point lat="33.9772" lon="-118.18046"/>
   <point lat="33.97681" lon="-118.1769"/>
  </path>
  <path>
   <point lat="33.98796" lon="-118.39465"/>
   <point lat="33.98775" lon="-118.3939"/>
   <point lat="33.98853" lon="-118.39394"/>
   <point lat="33.98853" lon="-118.39352"/>
   <point lat="33.98852" lon="-118.39333"/>
   <point lat="33.98852" lon="-118.39303"/>
   <point lat="33.98854" lon="-118.39287"/>
   <point lat="33.9885499" lon="-118.39267"/>
   <point lat="33.98859" lon="-118.39219"/>
   <point lat="33.98859" lon="-118.39213"/>
   <point lat="33.98861" lon="-118.39193"/>
   <point lat="33.98794" lon="-118.39132"/>
   <point lat="33.98787" lon="-118.39127"/>
   <point lat="33.9876999" lon="-118.39114"/>
   <point lat="33.98708" lon="-118.39017"/>
   <point lat="33.98705" lon="-118.39006"/>
   <point lat="33.98703" lon="-118.38994"/>
   <point lat="33.98702" lon="-118.38977"/>
   <point lat="33.98702" lon="-118.38966"/>
   <point lat="33.98701" lon="-118.38938"/>
   <point lat="33.9872" lon="-118.38679"/>
   <point lat="33.98693" lon="-118.38693"/>
   <point lat="33.98653" lon="-118.38682"/>
   <point lat="33.98642" lon="-118.38684"/>
   <point lat="33.98633" lon="-118.38687"/>
   <point lat="33.98602" lon="-118.38703"/>
   <point lat="33.98579" lon="-118.38716"/>
   <point lat="33.98571" lon="-118.38723"/>
   <point lat="33.98549" lon="-118.38743"/>
   <point lat="33.9853499" lon="-118.38761"/>
   <point lat="33.98522" lon="-118.38779"/>
   <point lat="33.98509" lon="-118.38803"/>
   <point lat="33.98498" lon="-118.38826"/>
   <point lat="33.98491" lon="-118.38842"/>
   <point lat="33.9848799" lon="-118.38853"/>
   <point lat="33.98486" lon="-118.38856"/>
   <point lat="33.98446" lon="-118.38986"/>
   <point lat="33.98372" lon="-118.39095"/>
   <point lat="33.98229" lon="-118.39146"/>
   <point lat="33.97993" lon="-118.39243"/>
   <point lat="33.97889" lon="-118.39028"/>
   <point lat="33.97843" lon="-118.38926"/>
   <point lat="33.97789" lon="-118.38813"/>
   <point lat="33.97735" lon="-118.38695"/>
   <point lat="33.9769099" lon="-118.38635"/>
   <point lat="33.97686" lon="-118.38588"/>
   <point lat="33.9768" lon="-118.38569"/>
   <point lat="33.97674" lon="-118.38551"/>
   <point lat="33.97666" lon="-118.38517"/>
   <point lat="33.97661" lon="-118.38463"/>
   <point lat="33.97633" lon="-118.38183"/>
   <point lat="33.97639" lon="-118.38081"/>
   <point lat="33.97639" lon="-118.3803"/>
   <point lat="33.97641" lon="-118.3801"/>
   <point lat="33.9764399" lon="-118.37991"/>
   <point lat="33.9766" lon="-118.37914"/>
   <point lat="33.97695" lon="-118.37648"/>
   <point lat="33.9773" lon="-118.37258"/>
   <point lat="33.97719" lon="-118.37211"/>
   <point lat="33.97735" lon="-118.37047"/>
   <point lat="33.97692" lon="-118.36702"/>
   <point lat="33.97645" lon="-118.36149"/>
   <point lat="33.9761" lon="-118.35729"/>
  </path>
  <path>
   <point lat="33.98052" lon="-118.33109"/>
   <point lat="33.98055" lon="-118.32672"/>
   <point lat="33.97976" lon="-118.32649"/>
   <point lat="33.97924" lon="-118.3265"/>
   <point lat="33.97931" lon="-118.32617"/>
   <point lat="33.98154" lon="-118.3216"/>
   <point lat="33.98184" lon="-118.32079"/>
   <point lat="33.98328" lon="-118.31791"/>
   <point lat="33.9832899" lon="-118.31736"/>
  </path>
  <path>
   <point lat="33.97641" lon="-118.35791"/>
   <point lat="33.97672" lon="-118.36162"/>
   <point lat="33.97692" lon="-118.36389"/>
   <point lat="33.97715" lon="-118.36666"/>
   <point lat="33.97735" lon="-118.37047"/>
   <point lat="33.97744" lon="-118.37213"/>
   <point lat="33.9773" lon="-118.37258"/>
   <point lat="33.9772" lon="-118.37666"/>
   <point lat="33.9766" lon="-118.37914"/>
   <point lat="33.9764399" lon="-118.37991"/>
   <point lat="33.97641" lon="-118.3801"/>
   <point lat="33.97639" lon="-118.3803"/>
   <point lat="33.97639" lon="-118.38081"/>
   <point lat="33.9764399" lon="-118.38166"/>
   <point lat="33.97659" lon="-118.38197"/>
   <point lat="33.97661" lon="-118.38463"/>
   <point lat="33.97666" lon="-118.38517"/>
   <point lat="33.97674" lon="-118.38551"/>
   <point lat="33.9768" lon="-118.38569"/>
   <point lat="33.97686" lon="-118.38588"/>
   <point lat="33.97721" lon="-118.38635"/>
   <point lat="33.97735" lon="-118.38695"/>
   <point lat="33.97931" lon="-118.39115"/>
   <point lat="33.97993" lon="-118.39243"/>
   <point lat="33.98016" lon="-118.39221"/>
   <point lat="33.98173" lon="-118.39169"/>
   <point lat="33.98373" lon="-118.39119"/>
   <point lat="33.98407" lon="-118.3924"/>
   <point lat="33.984" lon="-118.39395"/>
   <point lat="33.98377" lon="-118.39426"/>
   <point lat="33.98349" lon="-118.39475"/>
   <point lat="33.98355" lon="-118.3948"/>
   <point lat="33.98401" lon="-118.39525"/>
   <point lat="33.98425" lon="-118.39547"/>
   <point lat="33.9844099" lon="-118.3956"/>
   <point lat="33.98449" lon="-118.39566"/>
   <point lat="33.98461" lon="-118.39571"/>
   <point lat="33.98477" lon="-118.39575"/>
   <point lat="33.98509" lon="-118.39578"/>
   <point lat="33.98551" lon="-118.39578"/>
   <point lat="33.98568" lon="-118.39577"/>
   <point lat="33.9871399" lon="-118.3956"/>
   <point lat="33.98753" lon="-118.39554"/>
   <point lat="33.98757" lon="-118.39554"/>
   <point lat="33.98771" lon="-118.39552"/>
   <point lat="33.98783" lon="-118.3955"/>
   <point lat="33.98777" lon="-118.39492"/>
   <point lat="33.98837" lon="-118.39479"/>
   <point lat="33.98838" lon="-118.39467"/>
   <point lat="33.98832" lon="-118.39455"/>
   <point lat="33.98796" lon="-118.39465"/>
   <point lat="33.98775" lon="-118.3939"/>
   <point lat="33.98853" lon="-118.39394"/>
   <point lat="33.98853" lon="-118.39401"/>
   <point lat="33.98854" lon="-118.39429"/>
   <point lat="33.98854" lon="-118.39454"/>
   <point lat="33.9885499" lon="-118.39477"/>
   <point lat="33.98856" lon="-118.3949"/>
   <point lat="33.98857" lon="-118.39509"/>
   <point lat="33.98858" lon="-118.39515"/>
   <point lat="33.98861" lon="-118.39539"/>
   <point lat="33.98783" lon="-118.3955"/>
   <point lat="33.98771" lon="-118.39552"/>
   <point lat="33.98568" lon="-118.39577"/>
   <point lat="33.98551" lon="-118.39578"/>
   <point lat="33.98509" lon="-118.39578"/>
   <point lat="33.98477" lon="-118.39575"/>
   <point lat="33.98461" lon="-118.39571"/>
   <point lat="33.98449" lon="-118.39566"/>
   <point lat="33.9844099" lon="-118.3956"/>
   <point lat="33.98425" lon="-118.39547"/>
   <point lat="33.98401" lon="-118.39525"/>
   <point lat="33.98355" lon="-118.3948"/>
   <point lat="33.98349" lon="-118.39475"/>
   <point lat="33.98345" lon="-118.39472"/>
   <point lat="33.98335" lon="-118.39466"/>
   <point lat="33.98313" lon="-118.39458"/>
   <point lat="33.98302" lon="-118.39455"/>
   <point lat="33.98283" lon="-118.39452"/>
   <point lat="33.98257" lon="-118.39454"/>
   <point lat="33.98159" lon="-118.39476"/>
   <point lat="33.98126" lon="-118.39479"/>
   <point lat="33.98108" lon="-118.39478"/>
   <point lat="33.98105" lon="-118.39478"/>
   <point lat="33.98127" lon="-118.39525"/>
   <point lat="33.98143" lon="-118.39563"/>
   <point lat="33.98149" lon="-118.39573"/>
   <point lat="33.98154" lon="-118.39586"/>
   <point lat="33.98163" lon="-118.39606"/>
   <point lat="33.98191" lon="-118.39657"/>
   <point lat="33.98202" lon="-118.39675"/>
   <point lat="33.98215" lon="-118.39694"/>
   <point lat="33.98245" lon="-118.39735"/>
   <point lat="33.98297" lon="-118.39815"/>
   <point lat="33.98383" lon="-118.39894"/>
   <point lat="33.98389" lon="-118.39899"/>
   <point lat="33.9839399" lon="-118.39903"/>
   <point lat="33.98447" lon="-118.39949"/>
   <point lat="33.98496" lon="-118.39984"/>
  </path>
  <path>
   <point lat="33.9747" lon="-118.42393"/>
   <point lat="33.9761499" lon="-118.42064"/>
   <point lat="33.97704" lon="-118.41856"/>
   <point lat="33.97917" lon="-118.41367"/>
   <point lat="33.98129" lon="-118.40914"/>
   <point lat="33.98144" lon="-118.40883"/>
   <point lat="33.98162" lon="-118.40852"/>
   <point lat="33.98397" lon="-118.40469"/>
   <point lat="33.98618" lon="-118.4013"/>
   <point lat="33.98672" lon="-118.40075"/>
   <point lat="33.98872" lon="-118.39736"/>
   <point lat="33.98852" lon="-118.39565"/>
   <point lat="33.98858" lon="-118.39515"/>
   <point lat="33.98857" lon="-118.39509"/>
   <point lat="33.98856" lon="-118.3949"/>
   <point lat="33.9885499" lon="-118.39477"/>
   <point lat="33.98854" lon="-118.39454"/>
   <point lat="33.98854" lon="-118.39429"/>
   <point lat="33.98853" lon="-118.39401"/>
   <point lat="33.98853" lon="-118.39394"/>
   <point lat="33.98775" lon="-118.3939"/>
   <point lat="33.98777" lon="-118.39492"/>
   <point lat="33.98837" lon="-118.39479"/>
   <point lat="33.98838" lon="-118.39467"/>
   <point lat="33.98832" lon="-118.39455"/>
   <point lat="33.98777" lon="-118.39492"/>
   <point lat="33.98837" lon="-118.39479"/>
   <point lat="33.98838" lon="-118.39467"/>
   <point lat="33.98832" lon="-118.39455"/>
   <point lat="33.98796" lon="-118.39465"/>
  </path>
  <path>
   <point lat="33.97681" lon="-118.1769"/>
   <point lat="33.97645" lon="-118.17351"/>
   <point lat="33.97595" lon="-118.16786"/>
   <point lat="33.9759" lon="-118.16711"/>
   <point lat="33.9754099" lon="-118.16392"/>
   <point lat="33.97495" lon="-118.15978"/>
   <point lat="33.97468" lon="-118.15714"/>
   <point lat="33.97473" lon="-118.15586"/>
   <point lat="33.97431" lon="-118.15289"/>
   <point lat="33.97405" lon="-118.15052"/>
   <point lat="33.97382" lon="-118.14693"/>
   <point lat="33.97354" lon="-118.14726"/>
  </path>
  <path>
   <point lat="33.9825299" lon="-118.27369"/>
   <point lat="33.98251" lon="-118.27799"/>
   <point lat="33.98248" lon="-118.28244"/>
   <point lat="33.98237" lon="-118.28648"/>
   <point lat="33.98218" lon="-118.28738"/>
   <point lat="33.98192" lon="-118.28801"/>
   <point lat="33.98191" lon="-118.28971"/>
   <point lat="33.98193" lon="-118.29044"/>
   <point lat="33.98195" lon="-118.29055"/>
   <point lat="33.9819699" lon="-118.29068"/>
   <point lat="33.98201" lon="-118.29084"/>
   <point lat="33.98225" lon="-118.29124"/>
   <point lat="33.98227" lon="-118.29167"/>
   <point lat="33.98245" lon="-118.29617"/>
   <point lat="33.98242" lon="-118.30004"/>
   <point lat="33.98246" lon="-118.30441"/>
   <point lat="33.98237" lon="-118.30707"/>
   <point lat="33.98204" lon="-118.30876"/>
  </path>
  <path>
   <point lat="33.97641" lon="-118.35791"/>
   <point lat="33.97672" lon="-118.36162"/>
   <point lat="33.97692" lon="-118.36389"/>
   <point lat="33.97715" lon="-118.36666"/>
   <point lat="33.97735" lon="-118.37047"/>
   <point lat="33.97744" lon="-118.37213"/>
   <point lat="33.9773" lon="-118.37258"/>
   <point lat="33.9772" lon="-118.37666"/>
   <point lat="33.9766" lon="-118.37914"/>
   <point lat="33.9764399" lon="-118.37991"/>
   <point lat="33.97641" lon="-118.3801"/>
   <point lat="33.97639" lon="-118.3803"/>
   <point lat="33.97639" lon="-118.38081"/>
   <point lat="33.9764399" lon="-118.38166"/>
   <point lat="33.97659" lon="-118.38197"/>
   <point lat="33.97661" lon="-118.38463"/>
   <point lat="33.97666" lon="-118.38517"/>
   <point lat="33.97674" lon="-118.38551"/>
   <point lat="33.9768" lon="-118.38569"/>
   <point lat="33.97686" lon="-118.38588"/>
   <point lat="33.97721" lon="-118.38635"/>
   <point lat="33.97735" lon="-118.38695"/>
   <point lat="33.97931" lon="-118.39115"/>
   <point lat="33.97993" lon="-118.39243"/>
   <point lat="33.98016" lon="-118.39221"/>
   <point lat="33.98173" lon="-118.39169"/>
   <point lat="33.98373" lon="-118.39119"/>
   <point lat="33.98407" lon="-118.3924"/>
   <point lat="33.984" lon="-118.39395"/>
   <point lat="33.98377" lon="-118.39426"/>
   <point lat="33.98349" lon="-118.39475"/>
   <point lat="33.98355" lon="-118.3948"/>
   <point lat="33.98401" lon="-118.39525"/>
   <point lat="33.98425" lon="-118.39547"/>
   <point lat="33.9844099" lon="-118.3956"/>
   <point lat="33.98449" lon="-118.39566"/>
   <point lat="33.98461" lon="-118.39571"/>
   <point lat="33.98477" lon="-118.39575"/>
   <point lat="33.98509" lon="-118.39578"/>
   <point lat="33.98551" lon="-118.39578"/>
   <point lat="33.98568" lon="-118.39577"/>
   <point lat="33.9871399" lon="-118.3956"/>
   <point lat="33.98753" lon="-118.39554"/>
   <point lat="33.98757" lon="-118.39554"/>
   <point lat="33.98771" lon="-118.39552"/>
   <point lat="33.98783" lon="-118.3955"/>
   <point lat="33.98777" lon="-118.39492"/>
   <point lat="33.98837" lon="-118.39479"/>
   <point lat="33.98838" lon="-118.39467"/>
   <point lat="33.98832" lon="-118.39455"/>
   <point lat="33.98796" lon="-118.39465"/>
  </path>
  <path>
   <point lat="33.97487" lon="-118.24261"/>
   <point lat="33.97488" lon="-118.24506"/>
   <point lat="33.97488" lon="-118.24743"/>
   <point lat="33.97573" lon="-118.24766"/>
   <point lat="33.97623" lon="-118.24752"/>
   <point lat="33.97829" lon="-118.24753"/>
   <point lat="33.97988" lon="-118.24753"/>
   <point lat="33.98208" lon="-118.24769"/>
   <point lat="33.98219" lon="-118.24809"/>
   <point lat="33.9822" lon="-118.25185"/>
   <point lat="33.98208" lon="-118.25533"/>
   <point lat="33.98209" lon="-118.25677"/>
   <point lat="33.98205" lon="-118.26122"/>
   <point lat="33.98221" lon="-118.26546"/>
   <point lat="33.98224" lon="-118.2658"/>
   <point lat="33.98254" lon="-118.26987"/>
   <point lat="33.9825299" lon="-118.27369"/>
  </path>
 </route>
</body>