<?xml version="1.0" encoding="utf-8"?>
<body copyright="All data copyright Los Angeles Metro 2022.">
 <route color="df4600" latMax="34.16967" latMin="34.0612099" lonMax="-118.0785" lonMin="-118.19379" oppositeColor="ffffff" tag="256" title="256 Cal State LA - Sierra Madre Villa St">
  <stop lat="34.0631799" lon="-118.16908" stopId="00708" tag="708" title="Cal State La Transit Center"/>
  <stop lat="34.1456599" lon="-118.15021" stopId="01323" tag="1323" title="Colorado / Fair Oaks"/>
  <stop lat="34.0669399" lon="-118.17807" stopId="01347" tag="1347" title="Valley / Marianna"/>
  <stop lat="34.15834" lon="-118.0890999" stopId="01616" tag="1616" title="Orange Grove / Sunnyslope"/>
  <stop lat="34.1582599" lon="-118.09443" stopId="01617" tag="1617" title="Orange Grove / Sierra Madre"/>
  <stop lat="34.15776" lon="-118.08177" stopId="01618" tag="1618" title="Orange Grove / Sierra Madre Villa"/>
  <stop lat="34.16898" lon="-118.11927" stopId="01710" tag="1710" title="Washington / Bresee"/>
  <stop lat="34.16902" lon="-118.10076" stopId="01711" tag="1711" title="Washington / Coolidge"/>
  <stop lat="34.16904" lon="-118.1126999" stopId="01717" tag="1717" title="Washington / Allen"/>
  <stop lat="34.1688999" lon="-118.12928" stopId="01718" tag="1718" title="Washington / Catalina"/>
  <stop lat="34.16895" lon="-118.1241499" stopId="01719" tag="1719" title="Washington / Chester"/>
  <stop lat="34.1688499" lon="-118.13676" stopId="01720" tag="1720" title="Washington / El Molino"/>
  <stop lat="34.1689899" lon="-118.12172" stopId="01721" tag="1721" title="Washington / Hill"/>
  <stop lat="34.1688799" lon="-118.13192" stopId="01722" tag="1722" title="Washington / Lake"/>
  <stop lat="34.16881" lon="-118.1412899" stopId="01723" tag="1723" title="Washington / Los Robles"/>
  <stop lat="34.16892" lon="-118.1265699" stopId="01724" tag="1724" title="Washington / Mar Vista"/>
  <stop lat="34.16877" lon="-118.14582" stopId="01725" tag="1725" title="Washington / Marengo"/>
  <stop lat="34.1690199" lon="-118.11511" stopId="01733" tag="1733" title="Washington / Sinaloa"/>
  <stop lat="34.08508" lon="-118.17793" stopId="01758" tag="1758" title="Eastern / Navarro"/>
  <stop lat="34.1134299" lon="-118.18622" stopId="01881" tag="1881" title="Figueroa / Arroyo Glen"/>
  <stop lat="34.1591499" lon="-118.1573699" stopId="02966" tag="2966" title="Lincoln / Barthe"/>
  <stop lat="34.15603" lon="-118.15478" stopId="02970" tag="2970" title="Lincoln / Orange Grove"/>
  <stop lat="34.1664099" lon="-118.15938" stopId="02972" tag="2972" title="Lincoln / Hammond"/>
  <stop lat="34.1620899" lon="-118.1597999" stopId="02977" tag="2977" title="Lincoln / Mountain"/>
  <stop lat="34.16967" lon="-118.15924" stopId="02978" tag="2978" title="Washington / Lincoln"/>
  <stop lat="34.1126299" lon="-118.19247" stopId="03294" tag="3294" title="Monte Vista / Avenue 59"/>
  <stop lat="34.1137799" lon="-118.1901099" stopId="03295" tag="3295" title="Monte Vista / Avenue 61"/>
  <stop lat="34.16613" lon="-118.0984899" stopId="03347" tag="3347" title="Altadena / Brigden"/>
  <stop lat="34.15818" lon="-118.09812" stopId="03350" tag="3350" title="Orange Grove / Altadena"/>
  <stop lat="34.1686599" lon="-118.09846" stopId="03352" tag="3352" title="Altadena / Washington"/>
  <stop lat="34.0826899" lon="-118.1779199" stopId="03453" tag="3453" title="Eastern / Converse"/>
  <stop lat="34.1120999" lon="-118.18774" stopId="03529" tag="3529" title="Figueroa / Avenue 61"/>
  <stop lat="34.1549399" lon="-118.07868" stopId="03856" tag="3856" title="Rosemead / Halstead"/>
  <stop lat="34.1545599" lon="-118.14593" stopId="05070" tag="5070" title="Marengo / Villa"/>
  <stop lat="34.1579099" lon="-118.15041" stopId="05072" tag="5072" title="Orange Grove / Fair Oaks"/>
  <stop lat="34.1579599" lon="-118.1465499" stopId="05078" tag="5078" title="Orange Grove / Marengo"/>
  <stop lat="34.1416599" lon="-118.17407" stopId="07571" tag="7571" title="Colorado / Club"/>
  <stop lat="34.14082" lon="-118.1774299" stopId="07572" tag="7572" title="Colorado / Melrose"/>
  <stop lat="34.1426" lon="-118.1706299" stopId="07574" tag="7574" title="Colorado / San Rafael"/>
  <stop lat="34.14564" lon="-118.1520099" stopId="07575" tag="7575" title="Colorado / De Lacey"/>
  <stop lat="34.14561" lon="-118.16039" stopId="07576" tag="7576" title="Colorado / Orange Grove"/>
  <stop lat="34.14562" lon="-118.1574299" stopId="07578" tag="7578" title="Colorado / Terrace"/>
  <stop lat="34.1690299" lon="-118.1561199" stopId="08167" tag="8167" title="Washington / Glen"/>
  <stop lat="34.1687399" lon="-118.15091" stopId="08170" tag="8170" title="Washington / Fair Oaks"/>
  <stop lat="34.16873" lon="-118.1533699" stopId="08171" tag="8171" title="Washington / Navarro"/>
  <stop lat="34.1690299" lon="-118.1058099" stopId="08241" tag="8241" title="Washington / Craig"/>
  <stop lat="34.1688599" lon="-118.13364" stopId="08242" tag="8242" title="Washington / Hudson"/>
  <stop lat="34.1690399" lon="-118.1097599" stopId="08243" tag="8243" title="Washington / Tierra Alta"/>
  <stop lat="34.1466399" lon="-118.1488" stopId="09809" tag="9809" title="Raymond / Union"/>
  <stop lat="34.14792" lon="-118.14881" stopId="09811" tag="9811" title="Raymond / Holly"/>
  <stop lat="34.0614599" lon="-118.17494" stopId="10106" tag="10106" title="Eastern / Tim"/>
  <stop lat="34.06252" lon="-118.17895" stopId="10108" tag="10108" title="Marianna / Worth"/>
  <stop lat="34.06407" lon="-118.17879" stopId="10113" tag="10113" title="1925 Marianna"/>
  <stop lat="34.0664699" lon="-118.18015" stopId="10125" tag="10125" title="Eastern / Valley"/>
  <stop lat="34.0693799" lon="-118.18032" stopId="10127" tag="10127" title="Eastern / Druid"/>
  <stop lat="34.07266" lon="-118.1802899" stopId="10152" tag="10152" title="Eastern / Norelle"/>
  <stop lat="34.0748899" lon="-118.18012" stopId="10155" tag="10155" title="Eastern / Klamath"/>
  <stop lat="34.07766" lon="-118.1782999" stopId="10160" tag="10160" title="Eastern / Lombardy"/>
  <stop lat="34.08131" lon="-118.17791" stopId="10175" tag="10175" title="Eastern / Gambier"/>
  <stop lat="34.0865499" lon="-118.18409" stopId="10202" tag="10202" title="Collis / Huntington"/>
  <stop lat="34.08785" lon="-118.1837199" stopId="10205" tag="10205" title="Collis / Cassatt"/>
  <stop lat="34.08917" lon="-118.1831699" stopId="10227" tag="10227" title="Collis / Edison"/>
  <stop lat="34.0908999" lon="-118.18246" stopId="10255" tag="10255" title="Collis / Carnegie"/>
  <stop lat="34.1494" lon="-118.1485799" stopId="10264" tag="10264" title="Walnut / Raymond"/>
  <stop lat="34.0926" lon="-118.1817499" stopId="10270" tag="10270" title="Collis / Cudahy"/>
  <stop lat="34.09435" lon="-118.1810199" stopId="10291" tag="10291" title="Collis / Yoakum"/>
  <stop lat="34.09605" lon="-118.1803199" stopId="10296" tag="10296" title="Collis / Burr"/>
  <stop lat="34.09813" lon="-118.1794499" stopId="10297" tag="10297" title="Collis / Pullman"/>
  <stop lat="34.09945" lon="-118.1788999" stopId="10310" tag="10310" title="Collis / Kendall"/>
  <stop lat="34.10145" lon="-118.1780699" stopId="10311" tag="10311" title="Collis / Coleman"/>
  <stop lat="34.1040199" lon="-118.1774699" stopId="10321" tag="10321" title="Hill / Collis"/>
  <stop lat="34.1049099" lon="-118.1812799" stopId="10322" tag="10322" title="Avenue 60 / Lomitas"/>
  <stop lat="34.1053899" lon="-118.1832599" stopId="10323" tag="10323" title="Avenue 60 / Pine Crest"/>
  <stop lat="34.1054599" lon="-118.18457" stopId="10337" tag="10337" title="Monterey / Avenue 60"/>
  <stop lat="34.1040599" lon="-118.1920899" stopId="10382" tag="10382" title="Via Marisol / Avenue 57"/>
  <stop lat="34.1040999" lon="-118.18796" stopId="10396" tag="10396" title="Via Marisol / Bushnell"/>
  <stop lat="34.1052699" lon="-118.1921899" stopId="10398" tag="10398" title="Avenue 57 / Omaha"/>
  <stop lat="34.1095099" lon="-118.1924299" stopId="10399" tag="10399" title="Avenue 57 / Figueroa"/>
  <stop lat="34.1104399" lon="-118.19335" stopId="10401" tag="10401" title="Avenue 57 / Marmion"/>
  <stop lat="34.11462" lon="-118.18121" stopId="10408" tag="10408" title="Avenue 64 / York"/>
  <stop lat="34.1170299" lon="-118.17981" stopId="10415" tag="10415" title="Avenue 64 / Crescent"/>
  <stop lat="34.1220299" lon="-118.17699" stopId="10453" tag="10453" title="Avenue 64 / Elder"/>
  <stop lat="34.1200099" lon="-118.17808" stopId="10469" tag="10469" title="Avenue 64 / Pollard"/>
  <stop lat="34.12537" lon="-118.1765399" stopId="10470" tag="10470" title="Avenue 64 / Church"/>
  <stop lat="34.12737" lon="-118.17634" stopId="10471" tag="10471" title="Avenue 64 / Burleigh"/>
  <stop lat="34.1308599" lon="-118.17689" stopId="10490" tag="10490" title="Avenue 64 / La Loma"/>
  <stop lat="34.0862299" lon="-118.17877" stopId="11067" tag="11067" title="Huntington / El Sereno"/>
  <stop lat="34.16324" lon="-118.0985299" stopId="11834" tag="11834" title="Altadena / Cooley"/>
  <stop lat="34.1594599" lon="-118.0985899" stopId="11842" tag="11842" title="Altadena / Paloma"/>
  <stop lat="34.1152499" lon="-118.18409" stopId="12027" tag="12027" title="York / Figueroa"/>
  <stop lat="34.1484499" lon="-118.08092" tag="140940_ar" title="Sierra Madre Villa Station"/>
  <stop lat="34.0861999" lon="-118.18398" stopId="70500026" tag="70500026" title="Huntington / Collis"/>
  <stop lat="34.0631799" lon="-118.16908" tag="708_ar" title="Cal State La Transit Center"/>
  <stop lat="34.0663399" lon="-118.17784" stopId="01270" tag="1270" title="Marianna / Valley"/>
  <stop lat="34.1496099" lon="-118.1463099" stopId="01708" tag="1708" title="Walnut / Marengo"/>
  <stop lat="34.14657" lon="-118.14898" stopId="02439" tag="2439" title="Raymond / Union"/>
  <stop lat="34.08531" lon="-118.1843599" stopId="02577" tag="2577" title="Huntington / Harriman"/>
  <stop lat="34.15053" lon="-118.07957" stopId="03015" tag="3015" title="Halstead / Foothill"/>
  <stop lat="34.1692199" lon="-118.09862" stopId="03348" tag="3348" title="Washington / Altadena"/>
  <stop lat="34.15959" lon="-118.0982799" stopId="03356" tag="3356" title="Altadena / Paloma"/>
  <stop lat="34.1537399" lon="-118.1460999" stopId="05071" tag="5071" title="Marengo / Villa"/>
  <stop lat="34.15766" lon="-118.1500799" stopId="05073" tag="5073" title="Orange Grove / Fair Oaks"/>
  <stop lat="34.15742" lon="-118.1461399" stopId="05075" tag="5075" title="Marengo / Orange Grove"/>
  <stop lat="34.16322" lon="-118.0982299" stopId="08696" tag="8696" title="Altadena / Cooley"/>
  <stop lat="34.1458999" lon="-118.1507" stopId="09849" tag="9849" title="Colorado / Fair Oaks"/>
  <stop lat="34.14792" lon="-118.1489799" stopId="09946" tag="9946" title="Raymond / Holly"/>
  <stop lat="34.0613" lon="-118.1736099" stopId="10105" tag="10105" title="Cal State University / Eastern"/>
  <stop lat="34.15843" lon="-118.09825" stopId="10167" tag="10167" title="Orange Grove / Altadena"/>
  <stop lat="34.1586199" lon="-118.08914" stopId="10168" tag="10168" title="Orange Grove / Sunnyslope"/>
  <stop lat="34.15851" lon="-118.0945199" stopId="10169" tag="10169" title="Orange Grove / Sierra Madre"/>
  <stop lat="34.1580099" lon="-118.08188" stopId="10170" tag="10170" title="Orange Grove / Sierra Madre Villa"/>
  <stop lat="34.16919" lon="-118.1185199" stopId="10265" tag="10265" title="Washington / Bresee"/>
  <stop lat="34.16922" lon="-118.1009299" stopId="10266" tag="10266" title="Washington / Coolidge"/>
  <stop lat="34.1692399" lon="-118.11336" stopId="10271" tag="10271" title="Washington / Allen"/>
  <stop lat="34.16909" lon="-118.1299399" stopId="10273" tag="10273" title="Washington / Catalina"/>
  <stop lat="34.16914" lon="-118.1248099" stopId="10274" tag="10274" title="Washington / Chester"/>
  <stop lat="34.1690399" lon="-118.13693" stopId="10275" tag="10275" title="Washington / El Molino"/>
  <stop lat="34.16917" lon="-118.1217599" stopId="10276" tag="10276" title="Washington / Hill"/>
  <stop lat="34.1690699" lon="-118.13209" stopId="10277" tag="10277" title="Washington / Lake"/>
  <stop lat="34.1689999" lon="-118.14195" stopId="10278" tag="10278" title="Washington / Los Robles"/>
  <stop lat="34.1691099" lon="-118.12755" stopId="10279" tag="10279" title="Washington / Mar Vista"/>
  <stop lat="34.1689599" lon="-118.14648" stopId="10280" tag="10280" title="Washington / Marengo"/>
  <stop lat="34.1692199" lon="-118.11528" stopId="10287" tag="10287" title="Washington / Sinaloa"/>
  <stop lat="34.14065" lon="-118.1778799" stopId="10993" tag="10993" title="Melrose / Colorado"/>
  <stop lat="34.13076" lon="-118.1771499" stopId="10999" tag="10999" title="Avenue 64 / La Loma"/>
  <stop lat="34.12705" lon="-118.1765799" stopId="11001" tag="11001" title="Avenue 64 / Burleigh"/>
  <stop lat="34.1249499" lon="-118.17683" stopId="11004" tag="11004" title="Avenue 64 / Church"/>
  <stop lat="34.1219599" lon="-118.1772699" stopId="11006" tag="11006" title="Avenue 64 / Elder"/>
  <stop lat="34.1199199" lon="-118.17839" stopId="11008" tag="11008" title="Avenue 64 / Meridian"/>
  <stop lat="34.1173599" lon="-118.17987" stopId="11009" tag="11009" title="Avenue 64 / Crescent"/>
  <stop lat="34.1093899" lon="-118.1925499" stopId="11033" tag="11033" title="Avenue 57 / Figueroa"/>
  <stop lat="34.1053899" lon="-118.1923799" stopId="11038" tag="11038" title="Avenue 57 / Omaha"/>
  <stop lat="34.10392" lon="-118.19193" stopId="11040" tag="11040" title="Via Marisol / Avenue 57"/>
  <stop lat="34.1039599" lon="-118.18788" stopId="11064" tag="11064" title="Via Marisol / Bushnell"/>
  <stop lat="34.1053399" lon="-118.18403" stopId="11070" tag="11070" title="Monterey / Avenue 60"/>
  <stop lat="34.10513" lon="-118.18304" stopId="11071" tag="11071" title="Avenue 60 / Ebey"/>
  <stop lat="34.10468" lon="-118.18118" stopId="11076" tag="11076" title="Avenue 60 / Lomitas"/>
  <stop lat="34.1038199" lon="-118.17751" stopId="11077" tag="11077" title="Hill / Collis"/>
  <stop lat="34.10151" lon="-118.1782899" stopId="11082" tag="11082" title="Collis / Coleman"/>
  <stop lat="34.0997699" lon="-118.17901" stopId="11085" tag="11085" title="Collis / Kendall"/>
  <stop lat="34.0980699" lon="-118.17973" stopId="11088" tag="11088" title="Collis / Pullman"/>
  <stop lat="34.0959799" lon="-118.18059" stopId="11089" tag="11089" title="Collis / Burr"/>
  <stop lat="34.09468" lon="-118.1811399" stopId="11098" tag="11098" title="Collis / Yoakum"/>
  <stop lat="34.09292" lon="-118.1818699" stopId="11099" tag="11099" title="Collis / Cudahy"/>
  <stop lat="34.09123" lon="-118.1825799" stopId="11100" tag="11100" title="Collis / Carnegie"/>
  <stop lat="34.0895" lon="-118.1832899" stopId="11102" tag="11102" title="Collis / Edison"/>
  <stop lat="34.08778" lon="-118.1839999" stopId="11107" tag="11107" title="Collis / Cassatt"/>
  <stop lat="34.08648" lon="-118.1843299" stopId="11111" tag="11111" title="Collis / Huntington"/>
  <stop lat="34.0851" lon="-118.18111" stopId="11118" tag="11118" title="Huntington / Paola"/>
  <stop lat="34.1107599" lon="-118.19379" stopId="11121" tag="11121" title="Avenue 57 / Marmion Way"/>
  <stop lat="34.08505" lon="-118.1866999" stopId="11126" tag="11126" title="Huntington / Edloft"/>
  <stop lat="34.0807599" lon="-118.17815" stopId="11206" tag="11206" title="Eastern / Gambier"/>
  <stop lat="34.078" lon="-118.1782699" stopId="11207" tag="11207" title="Eastern / Lombardy"/>
  <stop lat="34.07449" lon="-118.1803699" stopId="11208" tag="11208" title="Eastern / Klamath"/>
  <stop lat="34.0729499" lon="-118.1804999" stopId="11215" tag="11215" title="Eastern / Norelle"/>
  <stop lat="34.0696399" lon="-118.1805699" stopId="11218" tag="11218" title="Eastern / Druid"/>
  <stop lat="34.0640999" lon="-118.1793699" stopId="11285" tag="11285" title="1925 Marianna"/>
  <stop lat="34.0626499" lon="-118.1792599" stopId="11287" tag="11287" title="Marianna / Worth"/>
  <stop lat="34.0612099" lon="-118.1762899" stopId="11288" tag="11288" title="Eastern / Lansdowne"/>
  <stop lat="34.1585499" lon="-118.1572399" stopId="11456" tag="11456" title="Lincoln / Barthe"/>
  <stop lat="34.16183" lon="-118.15996" stopId="11461" tag="11461" title="Lincoln / Seco"/>
  <stop lat="34.1658599" lon="-118.15968" stopId="11463" tag="11463" title="Lincoln / Hammond"/>
  <stop lat="34.1695299" lon="-118.1596999" stopId="11469" tag="11469" title="Lincoln / Washington"/>
  <stop lat="34.11293" lon="-118.1922999" stopId="11783" tag="11783" title="Monte Vista / Avenue 59"/>
  <stop lat="34.1139299" lon="-118.19028" stopId="11784" tag="11784" title="Monte Vista / Avenue 61"/>
  <stop lat="34.166" lon="-118.09819" stopId="11833" tag="11833" title="Altadena / Brigden"/>
  <stop lat="34.0829299" lon="-118.1781599" stopId="11943" tag="11943" title="Eastern / Converse"/>
  <stop lat="34.08577" lon="-118.17817" stopId="11944" tag="11944" title="Eastern / Huntington"/>
  <stop lat="34.1147999" lon="-118.18522" stopId="12028" tag="12028" title="Figueroa / York"/>
  <stop lat="34.1551899" lon="-118.0785" stopId="12332" tag="12332" title="Rosemead / Greenhill"/>
  <stop lat="34.11327" lon="-118.1892499" stopId="12828" tag="12828" title="Piedmont / Avenue 61"/>
  <stop lat="34.1417599" lon="-118.17437" stopId="15916" tag="15916" title="Colorado / Club"/>
  <stop lat="34.1458899" lon="-118.1524499" stopId="15920" tag="15920" title="Colorado / De Lacey"/>
  <stop lat="34.14586" lon="-118.1605199" stopId="15921" tag="15921" title="Colorado / Orange Grove"/>
  <stop lat="34.1458699" lon="-118.15778" stopId="15923" tag="15923" title="Colorado / Terrace"/>
  <stop lat="34.16927" lon="-118.15616" stopId="16445" tag="16445" title="Washington / Glen"/>
  <stop lat="34.1689499" lon="-118.15099" stopId="16447" tag="16447" title="Washington / Fair Oaks"/>
  <stop lat="34.16922" lon="-118.10568" stopId="16517" tag="16517" title="Washington / Craig"/>
  <stop lat="34.1690599" lon="-118.1338" stopId="16518" tag="16518" title="Washington / Hudson"/>
  <stop lat="34.16892" lon="-118.1540299" stopId="16519" tag="16519" title="Washington / Navarro"/>
  <stop lat="34.16924" lon="-118.10943" stopId="16522" tag="16522" title="Washington / Tierra Alta"/>
  <stop lat="34.11463" lon="-118.18167" stopId="16878" tag="16878" title="York / Avenue 64"/>
  <stop lat="34.14998" lon="-118.0821799" stopId="125460" tag="125460" title="Foothill / Sierra Madre Villa"/>
  <stop lat="34.1484499" lon="-118.08092" stopId="140940" tag="140940" title="Sierra Madre Villa Station"/>
  <stop lat="34.1429999" lon="-118.1700999" stopId="142448" tag="142448" title="Colorado / San Rafael"/>
  <stop lat="34.0863699" lon="-118.18701" stopId="142451" tag="142451" title="Huntington / Monterey"/>
  <direction name="North" tag="256_103_0" title="North to Sierra Madre Villa Station" useForUI="true">
   <stop tag="708"/>
   <stop tag="10106"/>
   <stop tag="10108"/>
   <stop tag="10113"/>
   <stop tag="1347"/>
   <stop tag="10125"/>
   <stop tag="10127"/>
   <stop tag="10152"/>
   <stop tag="10155"/>
   <stop tag="10160"/>
   <stop tag="10175"/>
   <stop tag="3453"/>
   <stop tag="1758"/>
   <stop tag="11067"/>
   <stop tag="70500026"/>
   <stop tag="10202"/>
   <stop tag="10205"/>
   <stop tag="10227"/>
   <stop tag="10255"/>
   <stop tag="10270"/>
   <stop tag="10291"/>
   <stop tag="10296"/>
   <stop tag="10297"/>
   <stop tag="10310"/>
   <stop tag="10311"/>
   <stop tag="10321"/>
   <stop tag="10322"/>
   <stop tag="10323"/>
   <stop tag="10337"/>
   <stop tag="10396"/>
   <stop tag="10382"/>
   <stop tag="10398"/>
   <stop tag="10399"/>
   <stop tag="10401"/>
   <stop tag="3294"/>
   <stop tag="3295"/>
   <stop tag="3529"/>
   <stop tag="1881"/>
   <stop tag="12027"/>
   <stop tag="10408"/>
   <stop tag="10415"/>
   <stop tag="10469"/>
   <stop tag="10453"/>
   <stop tag="10470"/>
   <stop tag="10471"/>
   <stop tag="10490"/>
   <stop tag="7572"/>
   <stop tag="7571"/>
   <stop tag="7574"/>
   <stop tag="7576"/>
   <stop tag="7578"/>
   <stop tag="7575"/>
   <stop tag="1323"/>
   <stop tag="9809"/>
   <stop tag="9811"/>
   <stop tag="10264"/>
   <stop tag="5070"/>
   <stop tag="5078"/>
   <stop tag="5072"/>
   <stop tag="2970"/>
   <stop tag="2966"/>
   <stop tag="2977"/>
   <stop tag="2972"/>
   <stop tag="2978"/>
   <stop tag="8167"/>
   <stop tag="8171"/>
   <stop tag="8170"/>
   <stop tag="1725"/>
   <stop tag="1723"/>
   <stop tag="1720"/>
   <stop tag="8242"/>
   <stop tag="1722"/>
   <stop tag="1718"/>
   <stop tag="1724"/>
   <stop tag="1719"/>
   <stop tag="1721"/>
   <stop tag="1710"/>
   <stop tag="1733"/>
   <stop tag="1717"/>
   <stop tag="8243"/>
   <stop tag="8241"/>
   <stop tag="1711"/>
   <stop tag="3352"/>
   <stop tag="3347"/>
   <stop tag="11834"/>
   <stop tag="11842"/>
   <stop tag="3350"/>
   <stop tag="1617"/>
   <stop tag="1616"/>
   <stop tag="1618"/>
   <stop tag="3856"/>
   <stop tag="140940_ar"/>
  </direction>
  <direction name="South" tag="256_104_1" title="South to Csula Transit Center" useForUI="true">
   <stop tag="140940"/>
   <stop tag="125460"/>
   <stop tag="3015"/>
   <stop tag="12332"/>
   <stop tag="10170"/>
   <stop tag="10168"/>
   <stop tag="10169"/>
   <stop tag="10167"/>
   <stop tag="3356"/>
   <stop tag="8696"/>
   <stop tag="11833"/>
   <stop tag="3348"/>
   <stop tag="10266"/>
   <stop tag="16517"/>
   <stop tag="16522"/>
   <stop tag="10271"/>
   <stop tag="10287"/>
   <stop tag="10265"/>
   <stop tag="10276"/>
   <stop tag="10274"/>
   <stop tag="10279"/>
   <stop tag="10273"/>
   <stop tag="10277"/>
   <stop tag="16518"/>
   <stop tag="10275"/>
   <stop tag="10278"/>
   <stop tag="10280"/>
   <stop tag="16447"/>
   <stop tag="16519"/>
   <stop tag="16445"/>
   <stop tag="11469"/>
   <stop tag="11463"/>
   <stop tag="11461"/>
   <stop tag="11456"/>
   <stop tag="5073"/>
   <stop tag="5075"/>
   <stop tag="5071"/>
   <stop tag="1708"/>
   <stop tag="9946"/>
   <stop tag="2439"/>
   <stop tag="9849"/>
   <stop tag="15920"/>
   <stop tag="15923"/>
   <stop tag="15921"/>
   <stop tag="142448"/>
   <stop tag="15916"/>
   <stop tag="10993"/>
   <stop tag="10999"/>
   <stop tag="11001"/>
   <stop tag="11004"/>
   <stop tag="11006"/>
   <stop tag="11008"/>
   <stop tag="11009"/>
   <stop tag="16878"/>
   <stop tag="12028"/>
   <stop tag="12828"/>
   <stop tag="11784"/>
   <stop tag="11783"/>
   <stop tag="11121"/>
   <stop tag="11033"/>
   <stop tag="11038"/>
   <stop tag="11040"/>
   <stop tag="11064"/>
   <stop tag="11070"/>
   <stop tag="11071"/>
   <stop tag="11076"/>
   <stop tag="11077"/>
   <stop tag="11082"/>
   <stop tag="11085"/>
   <stop tag="11088"/>
   <stop tag="11089"/>
   <stop tag="11098"/>
   <stop tag="11099"/>
   <stop tag="11100"/>
   <stop tag="11102"/>
   <stop tag="11107"/>
   <stop tag="11111"/>
   <stop tag="142451"/>
   <stop tag="11126"/>
   <stop tag="2577"/>
   <stop tag="11118"/>
   <stop tag="11944"/>
   <stop tag="11943"/>
   <stop tag="11206"/>
   <stop tag="11207"/>
   <stop tag="11208"/>
   <stop tag="11215"/>
   <stop tag="11218"/>
   <stop tag="1270"/>
   <stop tag="11285"/>
   <stop tag="11287"/>
   <stop tag="11288"/>
   <stop tag="10105"/>
   <stop tag="708_ar"/>
  </direction>
  <path>
   <point lat="34.06318" lon="-118.16908"/>
   <point lat="34.06339" lon="-118.1699"/>
   <point lat="34.06338" lon="-118.17013"/>
   <point lat="34.06335" lon="-118.17052"/>
   <point lat="34.06315" lon="-118.17162"/>
   <point lat="34.0623999" lon="-118.17142"/>
   <point lat="34.06123" lon="-118.17394"/>
   <point lat="34.06118" lon="-118.17391"/>
   <point lat="34.06124" lon="-118.17406"/>
   <point lat="34.06127" lon="-118.17412"/>
   <point lat="34.0613" lon="-118.17421"/>
   <point lat="34.06133" lon="-118.17434"/>
   <point lat="34.06134" lon="-118.17451"/>
   <point lat="34.0614599" lon="-118.17494"/>
   <point lat="34.06133" lon="-118.17612"/>
   <point lat="34.06133" lon="-118.17711"/>
   <point lat="34.06132" lon="-118.17774"/>
   <point lat="34.06132" lon="-118.17791"/>
   <point lat="34.06135" lon="-118.17806"/>
   <point lat="34.06138" lon="-118.17815"/>
   <point lat="34.06149" lon="-118.1784"/>
   <point lat="34.0615499" lon="-118.17852"/>
   <point lat="34.06162" lon="-118.17862"/>
   <point lat="34.06172" lon="-118.17874"/>
   <point lat="34.06186" lon="-118.17886"/>
   <point lat="34.06195" lon="-118.17892"/>
   <point lat="34.0621" lon="-118.179"/>
   <point lat="34.06224" lon="-118.17906"/>
   <point lat="34.06252" lon="-118.17895"/>
   <point lat="34.06279" lon="-118.17911"/>
   <point lat="34.06407" lon="-118.17879"/>
   <point lat="34.06476" lon="-118.17888"/>
   <point lat="34.06601" lon="-118.17789"/>
   <point lat="34.0666" lon="-118.17738"/>
   <point lat="34.06686" lon="-118.17718"/>
   <point lat="34.06686" lon="-118.17769"/>
   <point lat="34.06694" lon="-118.17807"/>
   <point lat="34.06657" lon="-118.17945"/>
   <point lat="34.06626" lon="-118.17979"/>
   <point lat="34.06614" lon="-118.17989"/>
   <point lat="34.06599" lon="-118.18004"/>
   <point lat="34.0658699" lon="-118.18012"/>
   <point lat="34.06592" lon="-118.18019"/>
   <point lat="34.06597" lon="-118.18022"/>
   <point lat="34.06602" lon="-118.18023"/>
   <point lat="34.06617" lon="-118.18025"/>
   <point lat="34.06647" lon="-118.18015"/>
  </path>
  <path>
   <point lat="34.0862" lon="-118.18688"/>
   <point lat="34.08629" lon="-118.18525"/>
   <point lat="34.08655" lon="-118.18409"/>
   <point lat="34.08785" lon="-118.18372"/>
   <point lat="34.08917" lon="-118.18317"/>
   <point lat="34.0909" lon="-118.18246"/>
   <point lat="34.0926" lon="-118.18175"/>
   <point lat="34.09435" lon="-118.18102"/>
   <point lat="34.09605" lon="-118.18032"/>
   <point lat="34.09813" lon="-118.17945"/>
   <point lat="34.09945" lon="-118.1789"/>
   <point lat="34.10145" lon="-118.17807"/>
   <point lat="34.10384" lon="-118.17719"/>
   <point lat="34.10402" lon="-118.17747"/>
   <point lat="34.1049099" lon="-118.18128"/>
   <point lat="34.10539" lon="-118.18326"/>
   <point lat="34.10561" lon="-118.18425"/>
   <point lat="34.10546" lon="-118.18457"/>
   <point lat="34.10507" lon="-118.18471"/>
   <point lat="34.10492" lon="-118.18482"/>
   <point lat="34.10476" lon="-118.18489"/>
   <point lat="34.10468" lon="-118.18491"/>
   <point lat="34.10452" lon="-118.18499"/>
   <point lat="34.1042599" lon="-118.18657"/>
   <point lat="34.1041" lon="-118.18796"/>
   <point lat="34.10393" lon="-118.1885"/>
   <point lat="34.1040599" lon="-118.19209"/>
   <point lat="34.10527" lon="-118.19219"/>
   <point lat="34.10692" lon="-118.19229"/>
   <point lat="34.10899" lon="-118.1923"/>
   <point lat="34.10951" lon="-118.19243"/>
   <point lat="34.1104399" lon="-118.19335"/>
  </path>
  <path>
   <point lat="34.1104399" lon="-118.19335"/>
   <point lat="34.11068" lon="-118.19363"/>
   <point lat="34.11178" lon="-118.19442"/>
   <point lat="34.11263" lon="-118.19247"/>
   <point lat="34.11329" lon="-118.19136"/>
   <point lat="34.11378" lon="-118.19011"/>
   <point lat="34.11311" lon="-118.18941"/>
   <point lat="34.11173" lon="-118.18844"/>
   <point lat="34.11188" lon="-118.1882"/>
   <point lat="34.112" lon="-118.18805"/>
   <point lat="34.1121" lon="-118.18774"/>
   <point lat="34.11343" lon="-118.18622"/>
   <point lat="34.1155" lon="-118.18434"/>
   <point lat="34.11525" lon="-118.18409"/>
  </path>
  <path>
   <point lat="34.16874" lon="-118.15091"/>
   <point lat="34.16886" lon="-118.14615"/>
   <point lat="34.16877" lon="-118.14582"/>
   <point lat="34.16889" lon="-118.14291"/>
   <point lat="34.16881" lon="-118.14129"/>
   <point lat="34.16885" lon="-118.13676"/>
   <point lat="34.16886" lon="-118.13364"/>
   <point lat="34.16888" lon="-118.13192"/>
   <point lat="34.1689" lon="-118.12928"/>
   <point lat="34.16892" lon="-118.12657"/>
   <point lat="34.16895" lon="-118.12415"/>
   <point lat="34.16899" lon="-118.12172"/>
   <point lat="34.16898" lon="-118.11927"/>
   <point lat="34.16902" lon="-118.11511"/>
   <point lat="34.16904" lon="-118.1127"/>
   <point lat="34.16904" lon="-118.10976"/>
   <point lat="34.16903" lon="-118.10581"/>
   <point lat="34.16902" lon="-118.10076"/>
   <point lat="34.16912" lon="-118.09948"/>
   <point lat="34.16912" lon="-118.09829"/>
   <point lat="34.16866" lon="-118.09846"/>
  </path>
  <path>
   <point lat="34.16866" lon="-118.09846"/>
   <point lat="34.16705" lon="-118.09832"/>
   <point lat="34.16613" lon="-118.09849"/>
   <point lat="34.16324" lon="-118.09853"/>
   <point lat="34.15946" lon="-118.09859"/>
   <point lat="34.15829" lon="-118.09846"/>
   <point lat="34.15818" lon="-118.09812"/>
   <point lat="34.15826" lon="-118.09443"/>
   <point lat="34.15834" lon="-118.0891"/>
   <point lat="34.15853" lon="-118.08777"/>
   <point lat="34.15852" lon="-118.08759"/>
   <point lat="34.1584999" lon="-118.08705"/>
   <point lat="34.15849" lon="-118.08688"/>
   <point lat="34.15847" lon="-118.08677"/>
   <point lat="34.15842" lon="-118.08653"/>
   <point lat="34.1582099" lon="-118.08566"/>
   <point lat="34.15802" lon="-118.08489"/>
   <point lat="34.15796" lon="-118.08457"/>
   <point lat="34.15794" lon="-118.08444"/>
   <point lat="34.15791" lon="-118.0842"/>
   <point lat="34.15789" lon="-118.0839"/>
   <point lat="34.15776" lon="-118.08177"/>
   <point lat="34.15787" lon="-118.0814"/>
   <point lat="34.15786" lon="-118.0813"/>
   <point lat="34.15783" lon="-118.08114"/>
   <point lat="34.1578" lon="-118.08108"/>
   <point lat="34.15773" lon="-118.08095"/>
   <point lat="34.15767" lon="-118.08088"/>
   <point lat="34.15753" lon="-118.08071"/>
   <point lat="34.15749" lon="-118.08064"/>
   <point lat="34.15721" lon="-118.0804"/>
   <point lat="34.15666" lon="-118.07988"/>
   <point lat="34.15578" lon="-118.07911"/>
   <point lat="34.15528" lon="-118.07874"/>
   <point lat="34.15494" lon="-118.07868"/>
   <point lat="34.15466" lon="-118.07889"/>
   <point lat="34.15432" lon="-118.07928"/>
   <point lat="34.15419" lon="-118.0794"/>
   <point lat="34.15411" lon="-118.07946"/>
   <point lat="34.15398" lon="-118.07955"/>
   <point lat="34.1538899" lon="-118.07959"/>
   <point lat="34.1537099" lon="-118.07966"/>
   <point lat="34.15339" lon="-118.07972"/>
   <point lat="34.15321" lon="-118.07972"/>
   <point lat="34.15284" lon="-118.07973"/>
   <point lat="34.1484" lon="-118.0796"/>
   <point lat="34.1484499" lon="-118.08092"/>
  </path>
  <path>
   <point lat="34.16895" lon="-118.15099"/>
   <point lat="34.16892" lon="-118.15403"/>
   <point lat="34.16899" lon="-118.15575"/>
   <point lat="34.16927" lon="-118.15616"/>
   <point lat="34.16935" lon="-118.15659"/>
   <point lat="34.1697599" lon="-118.15917"/>
   <point lat="34.16981" lon="-118.15955"/>
   <point lat="34.16953" lon="-118.1597"/>
   <point lat="34.16586" lon="-118.15968"/>
   <point lat="34.16372" lon="-118.16004"/>
   <point lat="34.16323" lon="-118.16032"/>
   <point lat="34.16312" lon="-118.1604"/>
   <point lat="34.16299" lon="-118.16045"/>
   <point lat="34.16288" lon="-118.16047"/>
   <point lat="34.16278" lon="-118.16047"/>
   <point lat="34.16267" lon="-118.16046"/>
   <point lat="34.16183" lon="-118.15996"/>
   <point lat="34.15855" lon="-118.15724"/>
   <point lat="34.15768" lon="-118.15634"/>
   <point lat="34.15573" lon="-118.15471"/>
   <point lat="34.1558" lon="-118.15461"/>
   <point lat="34.1575" lon="-118.15167"/>
   <point lat="34.15758" lon="-118.15154"/>
   <point lat="34.15766" lon="-118.15008"/>
   <point lat="34.15782" lon="-118.14782"/>
   <point lat="34.15784" lon="-118.14605"/>
   <point lat="34.15742" lon="-118.14614"/>
   <point lat="34.15673" lon="-118.14604"/>
   <point lat="34.15374" lon="-118.1461"/>
   <point lat="34.14952" lon="-118.14598"/>
   <point lat="34.14961" lon="-118.14631"/>
   <point lat="34.1495" lon="-118.14891"/>
   <point lat="34.14903" lon="-118.14891"/>
   <point lat="34.14886" lon="-118.1489"/>
   <point lat="34.14792" lon="-118.14898"/>
   <point lat="34.1465699" lon="-118.14898"/>
   <point lat="34.14579" lon="-118.14888"/>
   <point lat="34.1459" lon="-118.1507"/>
  </path>
  <path>
   <point lat="34.06647" lon="-118.18015"/>
   <point lat="34.06718" lon="-118.18032"/>
   <point lat="34.06938" lon="-118.18032"/>
   <point lat="34.07203" lon="-118.18045"/>
   <point lat="34.07266" lon="-118.18029"/>
   <point lat="34.07428" lon="-118.18026"/>
   <point lat="34.07489" lon="-118.18012"/>
   <point lat="34.07538" lon="-118.18022"/>
   <point lat="34.07551" lon="-118.18018"/>
   <point lat="34.07562" lon="-118.18013"/>
   <point lat="34.07565" lon="-118.18011"/>
   <point lat="34.07581" lon="-118.18002"/>
   <point lat="34.07661" lon="-118.1795"/>
   <point lat="34.0770399" lon="-118.17919"/>
   <point lat="34.07731" lon="-118.17895"/>
   <point lat="34.07739" lon="-118.17887"/>
   <point lat="34.07749" lon="-118.17873"/>
   <point lat="34.07766" lon="-118.1783"/>
   <point lat="34.07799" lon="-118.17813"/>
   <point lat="34.08131" lon="-118.17791"/>
   <point lat="34.08269" lon="-118.17792"/>
   <point lat="34.08508" lon="-118.17793"/>
   <point lat="34.08592" lon="-118.17805"/>
   <point lat="34.08606" lon="-118.17821"/>
   <point lat="34.08622" lon="-118.17841"/>
   <point lat="34.08623" lon="-118.17877"/>
   <point lat="34.08583" lon="-118.17939"/>
   <point lat="34.0857" lon="-118.17982"/>
   <point lat="34.08565" lon="-118.18003"/>
   <point lat="34.08561" lon="-118.18027"/>
   <point lat="34.08559" lon="-118.18048"/>
   <point lat="34.08556" lon="-118.1809"/>
   <point lat="34.08556" lon="-118.18104"/>
   <point lat="34.08557" lon="-118.18116"/>
   <point lat="34.08561" lon="-118.18147"/>
   <point lat="34.08568" lon="-118.18181"/>
   <point lat="34.08581" lon="-118.18254"/>
   <point lat="34.0860399" lon="-118.18365"/>
   <point lat="34.0862" lon="-118.18398"/>
   <point lat="34.08616" lon="-118.18554"/>
   <point lat="34.08596" lon="-118.18726"/>
   <point lat="34.08588" lon="-118.1875"/>
   <point lat="34.08599" lon="-118.18751"/>
   <point lat="34.08622" lon="-118.18754"/>
   <point lat="34.0862" lon="-118.18688"/>
  </path>
  <path>
   <point lat="34.11525" lon="-118.18409"/>
   <point lat="34.1151399" lon="-118.18348"/>
   <point lat="34.11462" lon="-118.18121"/>
   <point lat="34.11703" lon="-118.17981"/>
   <point lat="34.11963" lon="-118.17842"/>
   <point lat="34.12001" lon="-118.17808"/>
   <point lat="34.12179" lon="-118.1772"/>
   <point lat="34.12203" lon="-118.17699"/>
   <point lat="34.1226" lon="-118.17701"/>
   <point lat="34.1253699" lon="-118.17654"/>
   <point lat="34.12699" lon="-118.17646"/>
   <point lat="34.12737" lon="-118.17634"/>
   <point lat="34.12788" lon="-118.17656"/>
   <point lat="34.12889" lon="-118.17718"/>
   <point lat="34.12898" lon="-118.17722"/>
   <point lat="34.12903" lon="-118.17724"/>
   <point lat="34.12911" lon="-118.17727"/>
   <point lat="34.12918" lon="-118.1773"/>
   <point lat="34.1293" lon="-118.17732"/>
   <point lat="34.12938" lon="-118.17733"/>
   <point lat="34.12946" lon="-118.17733"/>
   <point lat="34.12957" lon="-118.17732"/>
   <point lat="34.12999" lon="-118.17722"/>
   <point lat="34.13013" lon="-118.17717"/>
   <point lat="34.13086" lon="-118.17689"/>
   <point lat="34.13253" lon="-118.17664"/>
   <point lat="34.13409" lon="-118.17626"/>
   <point lat="34.13422" lon="-118.17624"/>
   <point lat="34.135" lon="-118.17614"/>
   <point lat="34.13521" lon="-118.17613"/>
   <point lat="34.13545" lon="-118.17614"/>
   <point lat="34.1357799" lon="-118.17619"/>
   <point lat="34.13596" lon="-118.17623"/>
   <point lat="34.13602" lon="-118.17625"/>
   <point lat="34.13615" lon="-118.17632"/>
   <point lat="34.13644" lon="-118.1765"/>
   <point lat="34.13667" lon="-118.17669"/>
   <point lat="34.13673" lon="-118.17673"/>
   <point lat="34.1370999" lon="-118.17692"/>
   <point lat="34.13717" lon="-118.17696"/>
   <point lat="34.13741" lon="-118.17701"/>
   <point lat="34.13763" lon="-118.17704"/>
   <point lat="34.1378" lon="-118.17704"/>
   <point lat="34.1381" lon="-118.1771"/>
   <point lat="34.1382" lon="-118.17714"/>
   <point lat="34.13935" lon="-118.17798"/>
   <point lat="34.13943" lon="-118.17804"/>
   <point lat="34.1395" lon="-118.17808"/>
   <point lat="34.1396" lon="-118.17811"/>
   <point lat="34.13982" lon="-118.17812"/>
   <point lat="34.13993" lon="-118.17811"/>
   <point lat="34.1403" lon="-118.17799"/>
   <point lat="34.14037" lon="-118.17795"/>
   <point lat="34.1406" lon="-118.17781"/>
   <point lat="34.14082" lon="-118.17743"/>
   <point lat="34.14097" lon="-118.17662"/>
   <point lat="34.14166" lon="-118.17407"/>
   <point lat="34.1426" lon="-118.17063"/>
   <point lat="34.14295" lon="-118.16992"/>
   <point lat="34.14321" lon="-118.16952"/>
   <point lat="34.1435" lon="-118.16912"/>
   <point lat="34.1437" lon="-118.16886"/>
   <point lat="34.14378" lon="-118.16876"/>
   <point lat="34.144" lon="-118.16842"/>
   <point lat="34.14421" lon="-118.16813"/>
   <point lat="34.14439" lon="-118.16785"/>
   <point lat="34.1444199" lon="-118.16783"/>
   <point lat="34.14449" lon="-118.16768"/>
   <point lat="34.14452" lon="-118.16759"/>
   <point lat="34.14454" lon="-118.16755"/>
   <point lat="34.14456" lon="-118.16746"/>
   <point lat="34.14458" lon="-118.16736"/>
   <point lat="34.14459" lon="-118.16722"/>
   <point lat="34.14459" lon="-118.16714"/>
   <point lat="34.14453" lon="-118.16597"/>
   <point lat="34.1445099" lon="-118.16589"/>
   <point lat="34.1445" lon="-118.16551"/>
   <point lat="34.1445" lon="-118.16506"/>
   <point lat="34.14514" lon="-118.16315"/>
   <point lat="34.14541" lon="-118.16283"/>
   <point lat="34.1454499" lon="-118.16271"/>
   <point lat="34.14549" lon="-118.16263"/>
   <point lat="34.14556" lon="-118.16254"/>
   <point lat="34.14558" lon="-118.16248"/>
   <point lat="34.14561" lon="-118.1624"/>
   <point lat="34.14563" lon="-118.16229"/>
   <point lat="34.14567" lon="-118.16205"/>
   <point lat="34.1457" lon="-118.16145"/>
   <point lat="34.14571" lon="-118.16139"/>
   <point lat="34.1457" lon="-118.16124"/>
   <point lat="34.1457" lon="-118.16092"/>
   <point lat="34.14561" lon="-118.16039"/>
   <point lat="34.14562" lon="-118.15743"/>
   <point lat="34.14564" lon="-118.15201"/>
   <point lat="34.14577" lon="-118.15107"/>
   <point lat="34.14566" lon="-118.15021"/>
   <point lat="34.14579" lon="-118.14888"/>
   <point lat="34.14626" lon="-118.14888"/>
   <point lat="34.14664" lon="-118.1488"/>
   <point lat="34.14792" lon="-118.14881"/>
  </path>
  <path>
   <point lat="34.11076" lon="-118.19379"/>
   <point lat="34.10957" lon="-118.19283"/>
   <point lat="34.10939" lon="-118.19255"/>
   <point lat="34.10899" lon="-118.1923"/>
   <point lat="34.10539" lon="-118.19238"/>
   <point lat="34.10399" lon="-118.19226"/>
   <point lat="34.10392" lon="-118.19193"/>
   <point lat="34.10393" lon="-118.1885"/>
   <point lat="34.10396" lon="-118.18788"/>
   <point lat="34.1045" lon="-118.18511"/>
   <point lat="34.10452" lon="-118.18499"/>
   <point lat="34.1045299" lon="-118.1848"/>
   <point lat="34.10487" lon="-118.18448"/>
   <point lat="34.10534" lon="-118.18403"/>
   <point lat="34.10513" lon="-118.18304"/>
   <point lat="34.10468" lon="-118.18118"/>
   <point lat="34.10382" lon="-118.17751"/>
   <point lat="34.10151" lon="-118.17829"/>
   <point lat="34.09977" lon="-118.17901"/>
   <point lat="34.09807" lon="-118.17973"/>
   <point lat="34.09598" lon="-118.18059"/>
   <point lat="34.0946799" lon="-118.18114"/>
   <point lat="34.09292" lon="-118.18187"/>
   <point lat="34.09123" lon="-118.18258"/>
   <point lat="34.0895" lon="-118.18329"/>
   <point lat="34.08778" lon="-118.184"/>
   <point lat="34.08722" lon="-118.18414"/>
   <point lat="34.08648" lon="-118.18433"/>
   <point lat="34.08628" lon="-118.1866"/>
   <point lat="34.08637" lon="-118.18701"/>
  </path>
  <path>
   <point lat="34.11525" lon="-118.18409"/>
   <point lat="34.1151399" lon="-118.18348"/>
   <point lat="34.11462" lon="-118.18121"/>
   <point lat="34.11703" lon="-118.17981"/>
   <point lat="34.11963" lon="-118.17842"/>
   <point lat="34.12001" lon="-118.17808"/>
   <point lat="34.12179" lon="-118.1772"/>
   <point lat="34.12203" lon="-118.17699"/>
   <point lat="34.1253699" lon="-118.17654"/>
   <point lat="34.12699" lon="-118.17646"/>
   <point lat="34.12737" lon="-118.17634"/>
   <point lat="34.12788" lon="-118.17656"/>
   <point lat="34.12889" lon="-118.17718"/>
   <point lat="34.12898" lon="-118.17722"/>
   <point lat="34.12903" lon="-118.17724"/>
   <point lat="34.12911" lon="-118.17727"/>
   <point lat="34.12918" lon="-118.1773"/>
   <point lat="34.1293" lon="-118.17732"/>
   <point lat="34.12938" lon="-118.17733"/>
   <point lat="34.12946" lon="-118.17733"/>
   <point lat="34.12957" lon="-118.17732"/>
   <point lat="34.12999" lon="-118.17722"/>
   <point lat="34.13013" lon="-118.17717"/>
   <point lat="34.13086" lon="-118.17689"/>
   <point lat="34.13253" lon="-118.17664"/>
   <point lat="34.13409" lon="-118.17626"/>
   <point lat="34.13422" lon="-118.17624"/>
   <point lat="34.135" lon="-118.17614"/>
   <point lat="34.13521" lon="-118.17613"/>
   <point lat="34.13545" lon="-118.17614"/>
   <point lat="34.1357799" lon="-118.17619"/>
   <point lat="34.13596" lon="-118.17623"/>
   <point lat="34.13602" lon="-118.17625"/>
   <point lat="34.13615" lon="-118.17632"/>
   <point lat="34.13644" lon="-118.1765"/>
   <point lat="34.13667" lon="-118.17669"/>
   <point lat="34.13673" lon="-118.17673"/>
   <point lat="34.1370999" lon="-118.17692"/>
   <point lat="34.13935" lon="-118.17798"/>
   <point lat="34.13943" lon="-118.17804"/>
   <point lat="34.1395" lon="-118.17808"/>
   <point lat="34.1396" lon="-118.17811"/>
   <point lat="34.13982" lon="-118.17812"/>
   <point lat="34.13993" lon="-118.17811"/>
   <point lat="34.1403" lon="-118.17799"/>
   <point lat="34.14037" lon="-118.17795"/>
   <point lat="34.1406" lon="-118.17781"/>
   <point lat="34.14082" lon="-118.17743"/>
   <point lat="34.14097" lon="-118.17662"/>
   <point lat="34.14166" lon="-118.17407"/>
   <point lat="34.1426" lon="-118.17063"/>
   <point lat="34.14295" lon="-118.16992"/>
   <point lat="34.14321" lon="-118.16952"/>
   <point lat="34.1435" lon="-118.16912"/>
   <point lat="34.1437" lon="-118.16886"/>
   <point lat="34.14378" lon="-118.16876"/>
   <point lat="34.144" lon="-118.16842"/>
   <point lat="34.14421" lon="-118.16813"/>
   <point lat="34.14439" lon="-118.16785"/>
   <point lat="34.1444199" lon="-118.16783"/>
   <point lat="34.14449" lon="-118.16768"/>
   <point lat="34.14452" lon="-118.16759"/>
   <point lat="34.14454" lon="-118.16755"/>
   <point lat="34.14456" lon="-118.16746"/>
   <point lat="34.14458" lon="-118.16736"/>
   <point lat="34.14459" lon="-118.16722"/>
   <point lat="34.14459" lon="-118.16714"/>
   <point lat="34.14453" lon="-118.16597"/>
   <point lat="34.1445099" lon="-118.16589"/>
   <point lat="34.1445" lon="-118.16551"/>
   <point lat="34.1445" lon="-118.16506"/>
   <point lat="34.14514" lon="-118.16315"/>
   <point lat="34.14541" lon="-118.16283"/>
   <point lat="34.1454499" lon="-118.16271"/>
   <point lat="34.14549" lon="-118.16263"/>
   <point lat="34.14556" lon="-118.16254"/>
   <point lat="34.14558" lon="-118.16248"/>
   <point lat="34.14561" lon="-118.1624"/>
   <point lat="34.14563" lon="-118.16229"/>
   <point lat="34.14567" lon="-118.16205"/>
   <point lat="34.1457" lon="-118.16145"/>
   <point lat="34.14571" lon="-118.16139"/>
   <point lat="34.1457" lon="-118.16124"/>
   <point lat="34.1457" lon="-118.16092"/>
   <point lat="34.14561" lon="-118.16039"/>
   <point lat="34.14562" lon="-118.15743"/>
   <point lat="34.14564" lon="-118.15201"/>
   <point lat="34.14566" lon="-118.15021"/>
  </path>
  <path>
   <point lat="34.1148" lon="-118.18522"/>
   <point lat="34.1144" lon="-118.18541"/>
   <point lat="34.11438" lon="-118.18549"/>
   <point lat="34.11399" lon="-118.18666"/>
   <point lat="34.11327" lon="-118.18925"/>
   <point lat="34.11393" lon="-118.19028"/>
   <point lat="34.11329" lon="-118.19136"/>
   <point lat="34.11293" lon="-118.1923"/>
   <point lat="34.11228" lon="-118.1934"/>
   <point lat="34.11178" lon="-118.19442"/>
   <point lat="34.11076" lon="-118.19379"/>
  </path>
  <path>
   <point lat="34.08637" lon="-118.18701"/>
   <point lat="34.08622" lon="-118.18754"/>
   <point lat="34.08599" lon="-118.18751"/>
   <point lat="34.08579" lon="-118.18749"/>
   <point lat="34.08571" lon="-118.18747"/>
   <point lat="34.0854" lon="-118.18732"/>
   <point lat="34.08505" lon="-118.1867"/>
   <point lat="34.08531" lon="-118.18436"/>
   <point lat="34.08558" lon="-118.18335"/>
   <point lat="34.0856" lon="-118.18318"/>
   <point lat="34.0855" lon="-118.18246"/>
   <point lat="34.08545" lon="-118.18225"/>
   <point lat="34.08533" lon="-118.18182"/>
   <point lat="34.0851" lon="-118.18111"/>
   <point lat="34.0852099" lon="-118.18031"/>
   <point lat="34.08606" lon="-118.17821"/>
   <point lat="34.0857699" lon="-118.17817"/>
   <point lat="34.08431" lon="-118.17804"/>
   <point lat="34.08293" lon="-118.17816"/>
   <point lat="34.08076" lon="-118.17815"/>
   <point lat="34.078" lon="-118.17827"/>
   <point lat="34.0775999" lon="-118.17855"/>
   <point lat="34.07661" lon="-118.1795"/>
   <point lat="34.07581" lon="-118.18002"/>
   <point lat="34.07565" lon="-118.18011"/>
   <point lat="34.07562" lon="-118.18013"/>
   <point lat="34.07551" lon="-118.18018"/>
   <point lat="34.07538" lon="-118.18022"/>
   <point lat="34.07518" lon="-118.18024"/>
   <point lat="34.07449" lon="-118.18037"/>
   <point lat="34.07428" lon="-118.18026"/>
   <point lat="34.07295" lon="-118.1805"/>
   <point lat="34.07203" lon="-118.18045"/>
   <point lat="34.06964" lon="-118.18057"/>
   <point lat="34.06768" lon="-118.18035"/>
   <point lat="34.06617" lon="-118.18025"/>
   <point lat="34.06602" lon="-118.18023"/>
   <point lat="34.06597" lon="-118.18022"/>
   <point lat="34.06592" lon="-118.18019"/>
   <point lat="34.0658699" lon="-118.18012"/>
   <point lat="34.06599" lon="-118.18004"/>
   <point lat="34.06614" lon="-118.17989"/>
   <point lat="34.06626" lon="-118.17979"/>
   <point lat="34.06638" lon="-118.17967"/>
   <point lat="34.06657" lon="-118.17945"/>
   <point lat="34.0667" lon="-118.17873"/>
   <point lat="34.06676" lon="-118.17812"/>
   <point lat="34.06686" lon="-118.17769"/>
   <point lat="34.06686" lon="-118.17718"/>
   <point lat="34.0666" lon="-118.17738"/>
   <point lat="34.0663399" lon="-118.17784"/>
  </path>
  <path>
   <point lat="34.1484499" lon="-118.08092"/>
   <point lat="34.14842" lon="-118.08223"/>
   <point lat="34.14887" lon="-118.08236"/>
   <point lat="34.14906" lon="-118.08243"/>
   <point lat="34.14923" lon="-118.08246"/>
   <point lat="34.14943" lon="-118.08249"/>
   <point lat="34.14966" lon="-118.08251"/>
   <point lat="34.14985" lon="-118.08252"/>
   <point lat="34.15007" lon="-118.08252"/>
   <point lat="34.14998" lon="-118.08218"/>
   <point lat="34.15011" lon="-118.07965"/>
   <point lat="34.15053" lon="-118.07957"/>
   <point lat="34.15172" lon="-118.07969"/>
   <point lat="34.15219" lon="-118.0797"/>
   <point lat="34.15284" lon="-118.07973"/>
   <point lat="34.15321" lon="-118.07972"/>
   <point lat="34.15339" lon="-118.07972"/>
   <point lat="34.1537099" lon="-118.07966"/>
   <point lat="34.1538899" lon="-118.07959"/>
   <point lat="34.15398" lon="-118.07955"/>
   <point lat="34.15411" lon="-118.07946"/>
   <point lat="34.15419" lon="-118.0794"/>
   <point lat="34.15432" lon="-118.07928"/>
   <point lat="34.15466" lon="-118.07889"/>
   <point lat="34.15519" lon="-118.0785"/>
   <point lat="34.15666" lon="-118.07988"/>
   <point lat="34.15721" lon="-118.0804"/>
   <point lat="34.15749" lon="-118.08064"/>
   <point lat="34.15753" lon="-118.08071"/>
   <point lat="34.15767" lon="-118.08088"/>
   <point lat="34.15773" lon="-118.08095"/>
   <point lat="34.1578" lon="-118.08108"/>
   <point lat="34.15783" lon="-118.08114"/>
   <point lat="34.15786" lon="-118.0813"/>
   <point lat="34.15801" lon="-118.08188"/>
   <point lat="34.15789" lon="-118.0839"/>
   <point lat="34.15791" lon="-118.0842"/>
   <point lat="34.15794" lon="-118.08444"/>
   <point lat="34.15796" lon="-118.08457"/>
   <point lat="34.15802" lon="-118.08489"/>
   <point lat="34.15842" lon="-118.08653"/>
   <point lat="34.15847" lon="-118.08677"/>
   <point lat="34.15849" lon="-118.08688"/>
   <point lat="34.1584999" lon="-118.08705"/>
   <point lat="34.15852" lon="-118.08759"/>
   <point lat="34.15853" lon="-118.08777"/>
   <point lat="34.15862" lon="-118.08914"/>
   <point lat="34.15851" lon="-118.09452"/>
   <point lat="34.15843" lon="-118.09825"/>
   <point lat="34.15932" lon="-118.09844"/>
   <point lat="34.15959" lon="-118.09828"/>
   <point lat="34.16322" lon="-118.09823"/>
   <point lat="34.1659999" lon="-118.09819"/>
   <point lat="34.16912" lon="-118.09829"/>
   <point lat="34.16922" lon="-118.09862"/>
  </path>
  <path>
   <point lat="34.16922" lon="-118.09862"/>
   <point lat="34.16922" lon="-118.10093"/>
   <point lat="34.16922" lon="-118.10568"/>
   <point lat="34.16924" lon="-118.10943"/>
   <point lat="34.16924" lon="-118.11336"/>
   <point lat="34.16922" lon="-118.11528"/>
   <point lat="34.16919" lon="-118.11852"/>
   <point lat="34.16917" lon="-118.12176"/>
   <point lat="34.16914" lon="-118.12481"/>
   <point lat="34.16911" lon="-118.12755"/>
   <point lat="34.16909" lon="-118.12994"/>
   <point lat="34.16907" lon="-118.13209"/>
   <point lat="34.16906" lon="-118.1338"/>
   <point lat="34.16904" lon="-118.13693"/>
   <point lat="34.1689999" lon="-118.14195"/>
   <point lat="34.16889" lon="-118.14291"/>
   <point lat="34.16886" lon="-118.14615"/>
   <point lat="34.16896" lon="-118.14648"/>
   <point lat="34.16895" lon="-118.15099"/>
  </path>
  <path>
   <point lat="34.14566" lon="-118.15021"/>
   <point lat="34.14579" lon="-118.14888"/>
   <point lat="34.14626" lon="-118.14888"/>
   <point lat="34.14664" lon="-118.1488"/>
   <point lat="34.14792" lon="-118.14881"/>
   <point lat="34.1495" lon="-118.14891"/>
   <point lat="34.1494" lon="-118.14858"/>
   <point lat="34.14952" lon="-118.1471"/>
   <point lat="34.14952" lon="-118.14598"/>
   <point lat="34.15106" lon="-118.146"/>
   <point lat="34.15125" lon="-118.14599"/>
   <point lat="34.15415" lon="-118.14601"/>
   <point lat="34.1545599" lon="-118.14593"/>
   <point lat="34.15784" lon="-118.14605"/>
   <point lat="34.15796" lon="-118.14655"/>
   <point lat="34.15791" lon="-118.15041"/>
   <point lat="34.15772" lon="-118.15122"/>
   <point lat="34.15573" lon="-118.15471"/>
   <point lat="34.15603" lon="-118.15478"/>
   <point lat="34.15676" lon="-118.15557"/>
   <point lat="34.1591499" lon="-118.15737"/>
   <point lat="34.16209" lon="-118.1598"/>
   <point lat="34.16267" lon="-118.16046"/>
   <point lat="34.16278" lon="-118.16047"/>
   <point lat="34.16288" lon="-118.16047"/>
   <point lat="34.16299" lon="-118.16045"/>
   <point lat="34.16312" lon="-118.1604"/>
   <point lat="34.16323" lon="-118.16032"/>
   <point lat="34.16442" lon="-118.15963"/>
   <point lat="34.16641" lon="-118.15938"/>
   <point lat="34.16981" lon="-118.15955"/>
   <point lat="34.16967" lon="-118.15924"/>
   <point lat="34.16957" lon="-118.15793"/>
   <point lat="34.16903" lon="-118.15612"/>
   <point lat="34.16889" lon="-118.15539"/>
   <point lat="34.1687299" lon="-118.15337"/>
   <point lat="34.16874" lon="-118.15091"/>
  </path>
  <path>
   <point lat="34.1459" lon="-118.1507"/>
   <point lat="34.14577" lon="-118.15107"/>
   <point lat="34.14589" lon="-118.15245"/>
   <point lat="34.14587" lon="-118.15778"/>
   <point lat="34.14586" lon="-118.16052"/>
   <point lat="34.1459" lon="-118.16175"/>
   <point lat="34.14591" lon="-118.16188"/>
   <point lat="34.14591" lon="-118.16202"/>
   <point lat="34.14585" lon="-118.16229"/>
   <point lat="34.1458299" lon="-118.16232"/>
   <point lat="34.14574" lon="-118.16248"/>
   <point lat="34.14562" lon="-118.16263"/>
   <point lat="34.14548" lon="-118.16276"/>
   <point lat="34.14541" lon="-118.16283"/>
   <point lat="34.14514" lon="-118.16315"/>
   <point lat="34.1445" lon="-118.16506"/>
   <point lat="34.1445" lon="-118.16551"/>
   <point lat="34.1445099" lon="-118.16589"/>
   <point lat="34.14453" lon="-118.16597"/>
   <point lat="34.14459" lon="-118.16714"/>
   <point lat="34.14459" lon="-118.16722"/>
   <point lat="34.14458" lon="-118.16736"/>
   <point lat="34.14456" lon="-118.16746"/>
   <point lat="34.14454" lon="-118.16755"/>
   <point lat="34.14452" lon="-118.16759"/>
   <point lat="34.14449" lon="-118.16768"/>
   <point lat="34.1444199" lon="-118.16783"/>
   <point lat="34.14439" lon="-118.16785"/>
   <point lat="34.14421" lon="-118.16813"/>
   <point lat="34.144" lon="-118.16842"/>
   <point lat="34.14378" lon="-118.16876"/>
   <point lat="34.1437" lon="-118.16886"/>
   <point lat="34.1435" lon="-118.16912"/>
   <point lat="34.14321" lon="-118.16952"/>
   <point lat="34.14295" lon="-118.16992"/>
   <point lat="34.143" lon="-118.1701"/>
   <point lat="34.14248" lon="-118.17192"/>
   <point lat="34.14176" lon="-118.17437"/>
   <point lat="34.14092" lon="-118.17742"/>
   <point lat="34.14065" lon="-118.17788"/>
   <point lat="34.14062" lon="-118.1778"/>
   <point lat="34.14037" lon="-118.17795"/>
   <point lat="34.1403" lon="-118.17799"/>
   <point lat="34.13993" lon="-118.17811"/>
   <point lat="34.13982" lon="-118.17812"/>
   <point lat="34.1396" lon="-118.17811"/>
   <point lat="34.1395" lon="-118.17808"/>
   <point lat="34.13943" lon="-118.17804"/>
   <point lat="34.13935" lon="-118.17798"/>
   <point lat="34.1382" lon="-118.17714"/>
   <point lat="34.1381" lon="-118.1771"/>
   <point lat="34.1378" lon="-118.17704"/>
   <point lat="34.13763" lon="-118.17704"/>
   <point lat="34.13741" lon="-118.17701"/>
   <point lat="34.13717" lon="-118.17696"/>
   <point lat="34.1370999" lon="-118.17692"/>
   <point lat="34.13673" lon="-118.17673"/>
   <point lat="34.13667" lon="-118.17669"/>
   <point lat="34.13644" lon="-118.1765"/>
   <point lat="34.13615" lon="-118.17632"/>
   <point lat="34.13602" lon="-118.17625"/>
   <point lat="34.13596" lon="-118.17623"/>
   <point lat="34.1357799" lon="-118.17619"/>
   <point lat="34.13545" lon="-118.17614"/>
   <point lat="34.13521" lon="-118.17613"/>
   <point lat="34.135" lon="-118.17614"/>
   <point lat="34.13422" lon="-118.17624"/>
   <point lat="34.13409" lon="-118.17626"/>
   <point lat="34.1313699" lon="-118.1769"/>
   <point lat="34.13076" lon="-118.17715"/>
   <point lat="34.13013" lon="-118.17717"/>
   <point lat="34.12999" lon="-118.17722"/>
   <point lat="34.12957" lon="-118.17732"/>
   <point lat="34.12946" lon="-118.17733"/>
   <point lat="34.12938" lon="-118.17733"/>
   <point lat="34.1293" lon="-118.17732"/>
   <point lat="34.12918" lon="-118.1773"/>
   <point lat="34.12911" lon="-118.17727"/>
   <point lat="34.12903" lon="-118.17724"/>
   <point lat="34.12898" lon="-118.17722"/>
   <point lat="34.12889" lon="-118.17718"/>
   <point lat="34.12788" lon="-118.17656"/>
   <point lat="34.1270499" lon="-118.17658"/>
   <point lat="34.12699" lon="-118.17646"/>
   <point lat="34.12495" lon="-118.17683"/>
   <point lat="34.1226" lon="-118.17701"/>
   <point lat="34.12196" lon="-118.17727"/>
   <point lat="34.12179" lon="-118.1772"/>
   <point lat="34.11992" lon="-118.17839"/>
   <point lat="34.11963" lon="-118.17842"/>
   <point lat="34.11736" lon="-118.17987"/>
   <point lat="34.11442" lon="-118.18145"/>
   <point lat="34.11463" lon="-118.18167"/>
   <point lat="34.11483" lon="-118.1826"/>
   <point lat="34.1151399" lon="-118.18348"/>
   <point lat="34.11543" lon="-118.1842"/>
   <point lat="34.1155" lon="-118.18434"/>
   <point lat="34.11491" lon="-118.18491"/>
   <point lat="34.1148" lon="-118.18522"/>
  </path>
  <path>
   <point lat="34.16866" lon="-118.09846"/>
   <point lat="34.16705" lon="-118.09832"/>
   <point lat="34.16613" lon="-118.09849"/>
   <point lat="34.16324" lon="-118.09853"/>
   <point lat="34.15946" lon="-118.09859"/>
   <point lat="34.15829" lon="-118.09846"/>
   <point lat="34.15818" lon="-118.09812"/>
   <point lat="34.15826" lon="-118.09443"/>
   <point lat="34.15834" lon="-118.0891"/>
   <point lat="34.15853" lon="-118.08777"/>
   <point lat="34.15852" lon="-118.08759"/>
   <point lat="34.1584999" lon="-118.08705"/>
   <point lat="34.15849" lon="-118.08688"/>
   <point lat="34.15847" lon="-118.08677"/>
   <point lat="34.15842" lon="-118.08653"/>
   <point lat="34.1582099" lon="-118.08566"/>
   <point lat="34.15776" lon="-118.08177"/>
   <point lat="34.15787" lon="-118.0814"/>
   <point lat="34.15786" lon="-118.0813"/>
   <point lat="34.15783" lon="-118.08114"/>
   <point lat="34.1578" lon="-118.08108"/>
   <point lat="34.15773" lon="-118.08095"/>
   <point lat="34.15767" lon="-118.08088"/>
   <point lat="34.15753" lon="-118.08071"/>
   <point lat="34.15749" lon="-118.08064"/>
   <point lat="34.15721" lon="-118.0804"/>
   <point lat="34.15666" lon="-118.07988"/>
   <point lat="34.15578" lon="-118.07911"/>
   <point lat="34.15528" lon="-118.07874"/>
   <point lat="34.15494" lon="-118.07868"/>
   <point lat="34.15466" lon="-118.07889"/>
   <point lat="34.15432" lon="-118.07928"/>
   <point lat="34.15419" lon="-118.0794"/>
   <point lat="34.15411" lon="-118.07946"/>
   <point lat="34.15398" lon="-118.07955"/>
   <point lat="34.1538899" lon="-118.07959"/>
   <point lat="34.1537099" lon="-118.07966"/>
   <point lat="34.15339" lon="-118.07972"/>
   <point lat="34.15321" lon="-118.07972"/>
   <point lat="34.15284" lon="-118.07973"/>
   <point lat="34.1484" lon="-118.0796"/>
   <point lat="34.1484499" lon="-118.08092"/>
  </path>
  <path>
   <point lat="34.11525" lon="-118.18409"/>
   <point lat="34.1151399" lon="-118.18348"/>
   <point lat="34.11462" lon="-118.18121"/>
   <point lat="34.11703" lon="-118.17981"/>
   <point lat="34.11963" lon="-118.17842"/>
   <point lat="34.12001" lon="-118.17808"/>
   <point lat="34.12179" lon="-118.1772"/>
   <point lat="34.12203" lon="-118.17699"/>
   <point lat="34.1226" lon="-118.17701"/>
   <point lat="34.1253699" lon="-118.17654"/>
   <point lat="34.12699" lon="-118.17646"/>
   <point lat="34.12737" lon="-118.17634"/>
   <point lat="34.12788" lon="-118.17656"/>
   <point lat="34.12889" lon="-118.17718"/>
   <point lat="34.12898" lon="-118.17722"/>
   <point lat="34.12903" lon="-118.17724"/>
   <point lat="34.12911" lon="-118.17727"/>
   <point lat="34.12918" lon="-118.1773"/>
   <point lat="34.1293" lon="-118.17732"/>
   <point lat="34.12938" lon="-118.17733"/>
   <point lat="34.12946" lon="-118.17733"/>
   <point lat="34.12957" lon="-118.17732"/>
   <point lat="34.12999" lon="-118.17722"/>
   <point lat="34.13013" lon="-118.17717"/>
   <point lat="34.13086" lon="-118.17689"/>
   <point lat="34.13253" lon="-118.17664"/>
   <point lat="34.13409" lon="-118.17626"/>
   <point lat="34.13422" lon="-118.17624"/>
   <point lat="34.135" lon="-118.17614"/>
   <point lat="34.13521" lon="-118.17613"/>
   <point lat="34.13545" lon="-118.17614"/>
   <point lat="34.1357799" lon="-118.17619"/>
   <point lat="34.13596" lon="-118.17623"/>
   <point lat="34.13602" lon="-118.17625"/>
   <point lat="34.13615" lon="-118.17632"/>
   <point lat="34.13644" lon="-118.1765"/>
   <point lat="34.13667" lon="-118.17669"/>
   <point lat="34.13673" lon="-118.17673"/>
   <point lat="34.1370999" lon="-118.17692"/>
   <point lat="34.13717" lon="-118.17696"/>
   <point lat="34.13741" lon="-118.17701"/>
   <point lat="34.13763" lon="-118.17704"/>
   <point lat="34.1378" lon="-118.17704"/>
   <point lat="34.1381" lon="-118.1771"/>
   <point lat="34.1382" lon="-118.17714"/>
   <point lat="34.13935" lon="-118.17798"/>
   <point lat="34.13943" lon="-118.17804"/>
   <point lat="34.1395" lon="-118.17808"/>
   <point lat="34.1396" lon="-118.17811"/>
   <point lat="34.13982" lon="-118.17812"/>
   <point lat="34.13993" lon="-118.17811"/>
   <point lat="34.1403" lon="-118.17799"/>
   <point lat="34.14037" lon="-118.17795"/>
   <point lat="34.1406" lon="-118.17781"/>
   <point lat="34.14082" lon="-118.17743"/>
   <point lat="34.14097" lon="-118.17662"/>
   <point lat="34.14166" lon="-118.17407"/>
   <point lat="34.1426" lon="-118.17063"/>
   <point lat="34.14295" lon="-118.16992"/>
   <point lat="34.14321" lon="-118.16952"/>
   <point lat="34.1435" lon="-118.16912"/>
   <point lat="34.1437" lon="-118.16886"/>
   <point lat="34.14378" lon="-118.16876"/>
   <point lat="34.144" lon="-118.16842"/>
   <point lat="34.14421" lon="-118.16813"/>
   <point lat="34.14439" lon="-118.16785"/>
   <point lat="34.1444199" lon="-118.16783"/>
   <point lat="34.14449" lon="-118.16768"/>
   <point lat="34.14452" lon="-118.16759"/>
   <point lat="34.14454" lon="-118.16755"/>
   <point lat="34.14456" lon="-118.16746"/>
   <point lat="34.14458" lon="-118.16736"/>
   <point lat="34.14459" lon="-118.16722"/>
   <point lat="34.14459" lon="-118.16714"/>
   <point lat="34.14453" lon="-118.16597"/>
   <point lat="34.1445099" lon="-118.16589"/>
   <point lat="34.1445" lon="-118.16551"/>
   <point lat="34.1445" lon="-118.16506"/>
   <point lat="34.14514" lon="-118.16315"/>
   <point lat="34.14541" lon="-118.16283"/>
   <point lat="34.1454499" lon="-118.16271"/>
   <point lat="34.14549" lon="-118.16263"/>
   <point lat="34.14556" lon="-118.16254"/>
   <point lat="34.14558" lon="-118.16248"/>
   <point lat="34.14561" lon="-118.1624"/>
   <point lat="34.14563" lon="-118.16229"/>
   <point lat="34.14567" lon="-118.16205"/>
   <point lat="34.1457" lon="-118.16145"/>
   <point lat="34.14571" lon="-118.16139"/>
   <point lat="34.1457" lon="-118.16124"/>
   <point lat="34.1457" lon="-118.16092"/>
   <point lat="34.14561" lon="-118.16039"/>
   <point lat="34.14562" lon="-118.15743"/>
   <point lat="34.14564" lon="-118.15201"/>
   <point lat="34.14577" lon="-118.15107"/>
   <point lat="34.14566" lon="-118.15021"/>
  </path>
  <path>
   <point lat="34.0663399" lon="-118.17784"/>
   <point lat="34.06601" lon="-118.17789"/>
   <point lat="34.0641" lon="-118.17937"/>
   <point lat="34.06265" lon="-118.17926"/>
   <point lat="34.06224" lon="-118.17906"/>
   <point lat="34.0621" lon="-118.179"/>
   <point lat="34.06195" lon="-118.17892"/>
   <point lat="34.06186" lon="-118.17886"/>
   <point lat="34.06172" lon="-118.17874"/>
   <point lat="34.06162" lon="-118.17862"/>
   <point lat="34.0615499" lon="-118.17852"/>
   <point lat="34.06149" lon="-118.1784"/>
   <point lat="34.06138" lon="-118.17815"/>
   <point lat="34.06135" lon="-118.17806"/>
   <point lat="34.06132" lon="-118.17791"/>
   <point lat="34.06132" lon="-118.17774"/>
   <point lat="34.06133" lon="-118.17711"/>
   <point lat="34.06121" lon="-118.17629"/>
   <point lat="34.06118" lon="-118.17391"/>
   <point lat="34.0613" lon="-118.17361"/>
   <point lat="34.06222" lon="-118.17176"/>
   <point lat="34.06315" lon="-118.17162"/>
   <point lat="34.06335" lon="-118.17052"/>
   <point lat="34.06338" lon="-118.17013"/>
   <point lat="34.06339" lon="-118.1699"/>
   <point lat="34.06328" lon="-118.16868"/>
   <point lat="34.06327" lon="-118.16817"/>
   <point lat="34.06323" lon="-118.16814"/>
   <point lat="34.06309" lon="-118.16817"/>
   <point lat="34.06309" lon="-118.16824"/>
   <point lat="34.0631" lon="-118.16867"/>
   <point lat="34.06318" lon="-118.16908"/>
  </path>
  <path>
   <point lat="34.06647" lon="-118.18015"/>
   <point lat="34.06718" lon="-118.18032"/>
   <point lat="34.06938" lon="-118.18032"/>
   <point lat="34.07203" lon="-118.18045"/>
   <point lat="34.07266" lon="-118.18029"/>
   <point lat="34.07428" lon="-118.18026"/>
   <point lat="34.07489" lon="-118.18012"/>
   <point lat="34.07538" lon="-118.18022"/>
   <point lat="34.07551" lon="-118.18018"/>
   <point lat="34.07562" lon="-118.18013"/>
   <point lat="34.07565" lon="-118.18011"/>
   <point lat="34.07581" lon="-118.18002"/>
   <point lat="34.07661" lon="-118.1795"/>
   <point lat="34.0770399" lon="-118.17919"/>
   <point lat="34.07731" lon="-118.17895"/>
   <point lat="34.07739" lon="-118.17887"/>
   <point lat="34.07749" lon="-118.17873"/>
   <point lat="34.07766" lon="-118.1783"/>
   <point lat="34.07799" lon="-118.17813"/>
   <point lat="34.08131" lon="-118.17791"/>
   <point lat="34.08269" lon="-118.17792"/>
   <point lat="34.08431" lon="-118.17804"/>
   <point lat="34.08508" lon="-118.17793"/>
   <point lat="34.08592" lon="-118.17805"/>
   <point lat="34.08606" lon="-118.17821"/>
   <point lat="34.08622" lon="-118.17841"/>
   <point lat="34.08623" lon="-118.17877"/>
   <point lat="34.08583" lon="-118.17939"/>
   <point lat="34.0857" lon="-118.17982"/>
   <point lat="34.08565" lon="-118.18003"/>
   <point lat="34.08561" lon="-118.18027"/>
   <point lat="34.08559" lon="-118.18048"/>
   <point lat="34.08556" lon="-118.1809"/>
   <point lat="34.08556" lon="-118.18104"/>
   <point lat="34.08557" lon="-118.18116"/>
   <point lat="34.08561" lon="-118.18147"/>
   <point lat="34.08568" lon="-118.18181"/>
   <point lat="34.08581" lon="-118.18254"/>
   <point lat="34.0860399" lon="-118.18365"/>
   <point lat="34.0862" lon="-118.18398"/>
   <point lat="34.08616" lon="-118.18554"/>
   <point lat="34.08596" lon="-118.18726"/>
   <point lat="34.08588" lon="-118.1875"/>
   <point lat="34.08599" lon="-118.18751"/>
   <point lat="34.08622" lon="-118.18754"/>
   <point lat="34.0862" lon="-118.18688"/>
  </path>
  <path>
   <point lat="34.0862" lon="-118.18688"/>
   <point lat="34.08629" lon="-118.18525"/>
   <point lat="34.08655" lon="-118.18409"/>
   <point lat="34.08785" lon="-118.18372"/>
   <point lat="34.08917" lon="-118.18317"/>
   <point lat="34.0909" lon="-118.18246"/>
   <point lat="34.0926" lon="-118.18175"/>
   <point lat="34.09435" lon="-118.18102"/>
   <point lat="34.09605" lon="-118.18032"/>
   <point lat="34.09813" lon="-118.17945"/>
   <point lat="34.09945" lon="-118.1789"/>
   <point lat="34.10145" lon="-118.17807"/>
   <point lat="34.10384" lon="-118.17719"/>
   <point lat="34.10402" lon="-118.17747"/>
   <point lat="34.1049099" lon="-118.18128"/>
   <point lat="34.10539" lon="-118.18326"/>
   <point lat="34.10561" lon="-118.18425"/>
   <point lat="34.10546" lon="-118.18457"/>
   <point lat="34.10507" lon="-118.18471"/>
   <point lat="34.10492" lon="-118.18482"/>
   <point lat="34.10476" lon="-118.18489"/>
   <point lat="34.10468" lon="-118.18491"/>
   <point lat="34.10452" lon="-118.18499"/>
   <point lat="34.1042599" lon="-118.18657"/>
   <point lat="34.1041" lon="-118.18796"/>
   <point lat="34.10393" lon="-118.1885"/>
   <point lat="34.1040599" lon="-118.19209"/>
   <point lat="34.10527" lon="-118.19219"/>
   <point lat="34.10692" lon="-118.19229"/>
   <point lat="34.10951" lon="-118.19243"/>
   <point lat="34.1104399" lon="-118.19335"/>
  </path>
 </route>
</body>