<?xml version="1.0" encoding="utf-8"?>
<body copyright="All data copyright Los Angeles Metro 2022.">
 <route color="e74d00" latMax="34.0581299" latMin="33.98746" lonMax="-118.23082" lonMin="-118.49773" oppositeColor="ffffff" tag="33" title="33 Downtown LA - Santa Monica Via Venic">
  <stop lat="34.0150299" lon="-118.49735" stopId="00029" tag="29" title="2nd / Santa Monica"/>
  <stop lat="34.0578399" lon="-118.2366299" stopId="00656" tag="656" title="Cesar E Chavez / Alameda"/>
  <stop lat="34.0388999" lon="-118.25811" stopId="01131" tag="1131" title="Main / 11th"/>
  <stop lat="34.0369799" lon="-118.2690599" stopId="01888" tag="1888" title="Venice / Flower"/>
  <stop lat="34.0285899" lon="-118.38922" stopId="02123" tag="2123" title="Venice / Culver City Station"/>
  <stop lat="34.0523599" lon="-118.24304" stopId="02519" tag="2519" title="Main / 1st"/>
  <stop lat="33.9921599" lon="-118.4741099" stopId="03105" tag="3105" title="Main / Brooks"/>
  <stop lat="34.0085199" lon="-118.4900299" stopId="03117" tag="3117" title="Main / Pico Layover"/>
  <stop lat="33.9942899" lon="-118.4762599" stopId="03119" tag="3119" title="Main / Sunset L.O."/>
  <stop lat="33.98746" lon="-118.47085" stopId="03123" tag="3123" title="Main / Venice"/>
  <stop lat="34.0132099" lon="-118.49519" stopId="03160" tag="3160" title="2nd / Broadway"/>
  <stop lat="34.0428899" lon="-118.2482" tag="3161_ar" title="Maple Lot"/>
  <stop lat="34.0567999" lon="-118.23169" stopId="03234" tag="3234" title="Vignes / Cesar E Chavez"/>
  <stop lat="34.0566999" lon="-118.23082" tag="3708_ar" title="Division 13 Layover"/>
  <stop lat="34.0541499" lon="-118.24137" stopId="03784" tag="3784" title="Main / Temple"/>
  <stop lat="34.0413899" lon="-118.2790199" stopId="04703" tag="4703" title="Venice / Toberman"/>
  <stop lat="34.0434399" lon="-118.31141" stopId="04782" tag="4782" title="Venice / Saint Andrews"/>
  <stop lat="34.0352099" lon="-118.2655899" stopId="05104" tag="5104" title="Venice / Olive"/>
  <stop lat="34.0342" lon="-118.26381" stopId="05129" tag="5129" title="Venice / Broadway"/>
  <stop lat="34.0492699" lon="-118.24592" stopId="05259" tag="5259" title="Main / 3rd"/>
  <stop lat="34.04652" lon="-118.2485199" stopId="05271" tag="5271" title="Main / 5th"/>
  <stop lat="34.0361399" lon="-118.26033" stopId="05279" tag="5279" title="Main / Pico"/>
  <stop lat="34.04404" lon="-118.2510299" stopId="05289" tag="5289" title="Main / 7th"/>
  <stop lat="34.04141" lon="-118.2550099" stopId="05292" tag="5292" title="Main / 9th"/>
  <stop lat="33.9888" lon="-118.4623399" stopId="05628" tag="5628" title="Venice / Abbot Kinney"/>
  <stop lat="33.9940399" lon="-118.45226" stopId="05629" tag="5629" title="Venice / Lincoln"/>
  <stop lat="33.9875299" lon="-118.46452" stopId="05630" tag="5630" title="Venice / Washington"/>
  <stop lat="34.0326699" lon="-118.38202" stopId="06901" tag="6901" title="Venice / Cattaraugus"/>
  <stop lat="34.02659" lon="-118.3928099" stopId="06902" tag="6902" title="Venice / Culver"/>
  <stop lat="34.0462999" lon="-118.3340099" stopId="06904" tag="6904" title="Venice / La Fayette"/>
  <stop lat="34.0440399" lon="-118.29674" stopId="06905" tag="6905" title="Venice / Loyola High"/>
  <stop lat="34.0293799" lon="-118.38782" stopId="06906" tag="6906" title="Venice / National"/>
  <stop lat="33.99808" lon="-118.4442299" stopId="06907" tag="6907" title="Venice High School"/>
  <stop lat="33.9923399" lon="-118.45562" stopId="06909" tag="6909" title="Venice / Grand View"/>
  <stop lat="34.0434499" lon="-118.3214399" stopId="06911" tag="6911" title="Venice / 4th"/>
  <stop lat="34.04346" lon="-118.32382" stopId="06912" tag="6912" title="Venice / 6th"/>
  <stop lat="34.04344" lon="-118.31788" stopId="06913" tag="6913" title="Venice / Arlington"/>
  <stop lat="34.0254099" lon="-118.39477" stopId="06914" tag="6914" title="Venice / Bagley"/>
  <stop lat="33.9997399" lon="-118.44098" stopId="06915" tag="6915" title="Venice / Beethoven"/>
  <stop lat="34.0375299" lon="-118.37345" stopId="06918" tag="6918" title="Venice / Cadillac"/>
  <stop lat="34.0164399" lon="-118.41056" stopId="06923" tag="6923" title="Venice / Girard"/>
  <stop lat="34.0048699" lon="-118.43098" stopId="06925" tag="6925" title="Venice / Grand View"/>
  <stop lat="34.0438799" lon="-118.35842" stopId="06926" tag="6926" title="Venice / Hauser"/>
  <stop lat="34.0309099" lon="-118.38511" stopId="06927" tag="6927" title="Venice / Helms"/>
  <stop lat="34.02311" lon="-118.3987699" stopId="06928" tag="6928" title="Venice / Hughes"/>
  <stop lat="34.00598" lon="-118.4289299" stopId="06930" tag="6930" title="Venice / Inglewood"/>
  <stop lat="34.02159" lon="-118.4014399" stopId="06931" tag="6931" title="Venice / Jasmine"/>
  <stop lat="34.0441299" lon="-118.2865299" stopId="06932" tag="6932" title="Venice / Magnolia"/>
  <stop lat="34.0084299" lon="-118.42462" stopId="06933" tag="6933" title="Venice / McLaughlin"/>
  <stop lat="34.02035" lon="-118.4036399" stopId="06935" tag="6935" title="Venice / Motor"/>
  <stop lat="34.0399" lon="-118.27573" stopId="06937" tag="6937" title="Venice / Oak"/>
  <stop lat="34.0186299" lon="-118.40666" stopId="06939" tag="6939" title="Venice / Overland"/>
  <stop lat="34.04237" lon="-118.28116" stopId="06941" tag="6941" title="Venice / Burlington"/>
  <stop lat="34.0034699" lon="-118.43358" stopId="06942" tag="6942" title="Venice / Centinela"/>
  <stop lat="34.04456" lon="-118.3539099" stopId="06944" tag="6944" title="Venice / Cochran"/>
  <stop lat="34.03988" lon="-118.3693099" stopId="06946" tag="6946" title="Venice / Fairfax"/>
  <stop lat="34.04358" lon="-118.28385" stopId="06948" tag="6948" title="Venice / Hoover"/>
  <stop lat="34.0457899" lon="-118.34515" stopId="06949" tag="6949" title="Venice / La Brea"/>
  <stop lat="34.0350999" lon="-118.3777" stopId="06951" tag="6951" title="Venice / La Cienega"/>
  <stop lat="34.0449799" lon="-118.35063" stopId="06953" tag="6953" title="Venice / Redondo"/>
  <stop lat="34.0464499" lon="-118.34068" stopId="06954" tag="6954" title="Venice / Rimpau"/>
  <stop lat="34.04345" lon="-118.3091699" stopId="06961" tag="6961" title="Venice / Western"/>
  <stop lat="34.04412" lon="-118.2893699" stopId="06962" tag="6962" title="Venice / Westmoreland"/>
  <stop lat="34.0434399" lon="-118.3146199" stopId="06963" tag="6963" title="Venice / Wilton"/>
  <stop lat="34.0113899" lon="-118.41947" stopId="06964" tag="6964" title="Venice / Sawtelle"/>
  <stop lat="34.0128999" lon="-118.41679" stopId="06965" tag="6965" title="Venice / Sepulveda"/>
  <stop lat="34.0425899" lon="-118.36439" stopId="06966" tag="6966" title="Venice / Thurman"/>
  <stop lat="34.04685" lon="-118.3368299" stopId="06967" tag="6967" title="Venice / Vineyard"/>
  <stop lat="34.0013799" lon="-118.43773" stopId="06969" tag="6969" title="Venice / Wade"/>
  <stop lat="33.99714" lon="-118.4460999" stopId="06970" tag="6970" title="Venice / Walgrove"/>
  <stop lat="34.04411" lon="-118.2944999" stopId="08122" tag="8122" title="Venice / Catalina"/>
  <stop lat="34.04347" lon="-118.30446" stopId="08123" tag="8123" title="Venice / Harvard"/>
  <stop lat="34.0438399" lon="-118.3261899" stopId="09391" tag="9391" title="Venice / 12th"/>
  <stop lat="34.04434" lon="-118.24879" stopId="09744" tag="9744" title="6th / Los Angeles"/>
  <stop lat="34.0441199" lon="-118.29138" stopId="15257" tag="15257" title="Venice / Vermont"/>
  <stop lat="34.04464" lon="-118.32872" stopId="15270" tag="15270" title="Venice / Crenshaw"/>
  <stop lat="34.0436699" lon="-118.29998" stopId="16404" tag="16404" title="Venice / Normandie"/>
  <stop lat="34.0553899" lon="-118.23312" tag="30000_ar" title="Patsaouras Transit Plaza"/>
  <stop lat="34.0375699" lon="-118.2706699" stopId="140718" tag="140718" title="Venice / Figueroa"/>
  <stop lat="34.0357499" lon="-118.2665099" stopId="140719" tag="140719" title="Venice / Grand"/>
  <stop lat="33.9983799" lon="-118.48011" stopId="65300025" tag="65300025" title="Main / Pier"/>
  <stop lat="34.0150299" lon="-118.49735" tag="29_ar" title="2nd / Santa Monica"/>
  <stop lat="34.0527599" lon="-118.24474" stopId="00475" tag="475" title="Spring / 1st"/>
  <stop lat="34.0568299" lon="-118.23214" stopId="00683" tag="683" title="Cesar E Chavez / Vignes"/>
  <stop lat="34.0439699" lon="-118.25293" stopId="02212" tag="2212" title="Spring / 7th"/>
  <stop lat="33.9942899" lon="-118.47626" tag="3119_ar" title="Main / Sunset L.O."/>
  <stop lat="34.0086099" lon="-118.48979" stopId="03157" tag="3157" title="Main / Pico"/>
  <stop lat="34.0566999" lon="-118.23082" stopId="03708" tag="3708" title="Division 13 Layover"/>
  <stop lat="34.0140399" lon="-118.49773" stopId="04096" tag="4096" title="Ocean / Santa Monica"/>
  <stop lat="34.0443899" lon="-118.28653" stopId="04690" tag="4690" title="Venice / Magnolia"/>
  <stop lat="34.0436999" lon="-118.31174" stopId="04790" tag="4790" title="Venice / Saint Andrews"/>
  <stop lat="34.03489" lon="-118.26459" stopId="05126" tag="5126" title="Venice / Hill"/>
  <stop lat="34.0443699" lon="-118.29174" stopId="05641" tag="5641" title="Venice / Vermont"/>
  <stop lat="34.0436999" lon="-118.30953" stopId="06959" tag="6959" title="Venice / Western"/>
  <stop lat="34.0462499" lon="-118.2476799" stopId="08634" tag="8634" title="5th / Los Angeles"/>
  <stop lat="34.0376399" lon="-118.37413" stopId="09131" tag="9131" title="Venice / Cadillac"/>
  <stop lat="34.0581299" lon="-118.2366799" stopId="09218" tag="9218" title="Cesar E Chavez / Alameda"/>
  <stop lat="34.0443399" lon="-118.29652" stopId="11562" tag="11562" title="Venice / Loyola High"/>
  <stop lat="33.99228" lon="-118.47393" stopId="11590" tag="11590" title="Main / Brooks"/>
  <stop lat="33.9879499" lon="-118.4707499" stopId="11599" tag="11599" title="Main / Grand"/>
  <stop lat="33.99462" lon="-118.47629" stopId="11604" tag="11604" title="Main / Sunset"/>
  <stop lat="34.0550999" lon="-118.24254" stopId="12411" tag="12411" title="Spring / Temple"/>
  <stop lat="33.9892099" lon="-118.46297" stopId="12427" tag="12427" title="Venice / Abbot Kinney"/>
  <stop lat="33.9927999" lon="-118.45579" stopId="12428" tag="12428" title="Venice / Meade"/>
  <stop lat="33.9910099" lon="-118.4594" stopId="12429" tag="12429" title="Venice / Shell"/>
  <stop lat="33.98775" lon="-118.4659399" stopId="12430" tag="12430" title="Venice Bl / Venice Wy"/>
  <stop lat="34.03926" lon="-118.2581799" stopId="13700" tag="13700" title="Main / 11th"/>
  <stop lat="34.04136" lon="-118.2556099" stopId="13714" tag="13714" title="Main / 9th"/>
  <stop lat="34.03679" lon="-118.2601799" stopId="13716" tag="13716" title="Main / Pico"/>
  <stop lat="34.0496599" lon="-118.24762" stopId="13968" tag="13968" title="Spring / 3rd"/>
  <stop lat="34.0461099" lon="-118.25091" stopId="13971" tag="13971" title="Spring / 6th"/>
  <stop lat="33.99409" lon="-118.4532199" stopId="14012" tag="14012" title="Venice / Lincoln"/>
  <stop lat="34.01295" lon="-118.4963999" stopId="14361" tag="14361" title="Broadway / Ocean"/>
  <stop lat="34.0467599" lon="-118.3342399" stopId="15255" tag="15255" title="Venice / La Fayette"/>
  <stop lat="34.0440699" lon="-118.3260799" stopId="15258" tag="15258" title="Venice / 12th"/>
  <stop lat="34.0436999" lon="-118.3211199" stopId="15259" tag="15259" title="Venice / 4th"/>
  <stop lat="34.0437199" lon="-118.3240799" stopId="15260" tag="15260" title="Venice / 6th"/>
  <stop lat="34.02574" lon="-118.3950499" stopId="15262" tag="15262" title="Venice / Bagley"/>
  <stop lat="33.99993" lon="-118.4415199" stopId="15263" tag="15263" title="Venice / Beethoven"/>
  <stop lat="34.03282" lon="-118.3826199" stopId="15268" tag="15268" title="Venice / Cattaraugus"/>
  <stop lat="34.0436999" lon="-118.2836299" stopId="15269" tag="15269" title="Venice / Hoover"/>
  <stop lat="34.04508" lon="-118.32888" stopId="15272" tag="15272" title="Venice / Crenshaw"/>
  <stop lat="34.01345" lon="-118.4166999" stopId="15273" tag="15273" title="Venice / Sepulveda"/>
  <stop lat="34.0269999" lon="-118.39291" stopId="15275" tag="15275" title="Venice / Culver"/>
  <stop lat="34.0050299" lon="-118.4315" stopId="15278" tag="15278" title="Venice / Grand View"/>
  <stop lat="34.04425" lon="-118.3587399" stopId="15279" tag="15279" title="Venice / Hauser"/>
  <stop lat="34.03122" lon="-118.3853999" stopId="15280" tag="15280" title="Venice / Helms"/>
  <stop lat="34.0236" lon="-118.3987699" stopId="15281" tag="15281" title="Venice / Hughes"/>
  <stop lat="34.00643" lon="-118.4289399" stopId="15282" tag="15282" title="Venice / Inglewood"/>
  <stop lat="34.0216699" lon="-118.40216" stopId="15283" tag="15283" title="Venice / Jasmine"/>
  <stop lat="33.9985" lon="-118.4443499" stopId="15285" tag="15285" title="Venice / Maplewood"/>
  <stop lat="34.0087499" lon="-118.42488" stopId="15286" tag="15286" title="Venice / McLaughlin"/>
  <stop lat="34.0165699" lon="-118.4112" stopId="15287" tag="15287" title="Venice / Midvale"/>
  <stop lat="34.02052" lon="-118.4041699" stopId="15289" tag="15289" title="Venice / Motor"/>
  <stop lat="34.0294099" lon="-118.38861" stopId="15290" tag="15290" title="Venice / National"/>
  <stop lat="34.03994" lon="-118.27533" stopId="15291" tag="15291" title="Venice / Oak"/>
  <stop lat="34.0188099" lon="-118.40721" stopId="15292" tag="15292" title="Venice / Overland"/>
  <stop lat="34.0423499" lon="-118.2806399" stopId="15295" tag="15295" title="Venice / Burlington"/>
  <stop lat="34.0037799" lon="-118.43391" stopId="15296" tag="15296" title="Venice / Centinela"/>
  <stop lat="34.0449899" lon="-118.35372" stopId="15298" tag="15298" title="Venice / Cochran"/>
  <stop lat="34.0398799" lon="-118.37015" stopId="15299" tag="15299" title="Venice / Fairfax"/>
  <stop lat="34.0461199" lon="-118.34563" stopId="15301" tag="15301" title="Venice / La Brea"/>
  <stop lat="34.0357599" lon="-118.37744" stopId="15303" tag="15303" title="Venice / La Cienega"/>
  <stop lat="34.0414199" lon="-118.3674" stopId="15304" tag="15304" title="Venice / Ogden"/>
  <stop lat="34.04537" lon="-118.3505599" stopId="15305" tag="15305" title="Venice / Redondo"/>
  <stop lat="34.0284699" lon="-118.39031" stopId="15307" tag="15307" title="Venice / Robertson"/>
  <stop lat="34.04274" lon="-118.3649999" stopId="15308" tag="15308" title="Venice / Spaulding"/>
  <stop lat="34.04157" lon="-118.27892" stopId="15310" tag="15310" title="Venice / Union"/>
  <stop lat="34.0443799" lon="-118.28904" stopId="15314" tag="15314" title="Venice / Westmoreland"/>
  <stop lat="34.04369" lon="-118.31429" stopId="15315" tag="15315" title="Venice / Wilton"/>
  <stop lat="34.0472999" lon="-118.3374099" stopId="15316" tag="15316" title="Venice / San Vicente"/>
  <stop lat="34.0115599" lon="-118.42" stopId="15317" tag="15317" title="Venice / Sawtelle"/>
  <stop lat="34.00172" lon="-118.4379699" stopId="15319" tag="15319" title="Venice / Wade"/>
  <stop lat="33.9975" lon="-118.4463699" stopId="15320" tag="15320" title="Venice / Walgrove"/>
  <stop lat="34.0336199" lon="-118.2642599" stopId="15605" tag="15605" title="17th / Broadway"/>
  <stop lat="34.0443599" lon="-118.29418" stopId="16402" tag="16402" title="Venice / Catalina"/>
  <stop lat="34.0437299" lon="-118.30397" stopId="16403" tag="16403" title="Venice / Harvard"/>
  <stop lat="34.0553899" lon="-118.23312" stopId="30000" tag="30000" title="Patsaouras Transit Plaza"/>
  <stop lat="34.0357399" lon="-118.2661299" stopId="140724" tag="140724" title="Venice / Grand"/>
  <stop lat="34.0366" lon="-118.26767" stopId="140725" tag="140725" title="Venice / Hope"/>
  <stop lat="34.0378999" lon="-118.2708799" stopId="140726" tag="140726" title="Venice / Figueroa"/>
  <stop lat="34.04369" lon="-118.3180499" stopId="140727" tag="140727" title="Venice / Arlington"/>
  <stop lat="34.0439399" lon="-118.30009" stopId="140728" tag="140728" title="Venice / Normandie"/>
  <stop lat="34.04693" lon="-118.3400999" stopId="140729" tag="140729" title="Venice / Rimpau"/>
  <stop lat="33.9980299" lon="-118.4794099" stopId="65300024" tag="65300024" title="Main / Marine"/>
  <direction name="East" tag="33_592_0" title="East to Downtown LA - Union Sta" useForUI="true">
   <stop tag="29"/>
   <stop tag="3160"/>
   <stop tag="3117"/>
   <stop tag="65300025"/>
   <stop tag="3119"/>
   <stop tag="3105"/>
   <stop tag="3123"/>
   <stop tag="5630"/>
   <stop tag="5628"/>
   <stop tag="6909"/>
   <stop tag="5629"/>
   <stop tag="6970"/>
   <stop tag="6907"/>
   <stop tag="6915"/>
   <stop tag="6969"/>
   <stop tag="6942"/>
   <stop tag="6925"/>
   <stop tag="6930"/>
   <stop tag="6933"/>
   <stop tag="6964"/>
   <stop tag="6965"/>
   <stop tag="6923"/>
   <stop tag="6939"/>
   <stop tag="6935"/>
   <stop tag="6931"/>
   <stop tag="6928"/>
   <stop tag="6914"/>
   <stop tag="6902"/>
   <stop tag="2123"/>
   <stop tag="6906"/>
   <stop tag="6927"/>
   <stop tag="6901"/>
   <stop tag="6951"/>
   <stop tag="6918"/>
   <stop tag="6946"/>
   <stop tag="6966"/>
   <stop tag="6926"/>
   <stop tag="6944"/>
   <stop tag="6953"/>
   <stop tag="6949"/>
   <stop tag="6954"/>
   <stop tag="6967"/>
   <stop tag="6904"/>
   <stop tag="15270"/>
   <stop tag="9391"/>
   <stop tag="6912"/>
   <stop tag="6911"/>
   <stop tag="6913"/>
   <stop tag="6963"/>
   <stop tag="4782"/>
   <stop tag="6961"/>
   <stop tag="8123"/>
   <stop tag="16404"/>
   <stop tag="6905"/>
   <stop tag="8122"/>
   <stop tag="15257"/>
   <stop tag="6962"/>
   <stop tag="6932"/>
   <stop tag="6948"/>
   <stop tag="6941"/>
   <stop tag="4703"/>
   <stop tag="6937"/>
   <stop tag="140718"/>
   <stop tag="1888"/>
   <stop tag="140719"/>
   <stop tag="5104"/>
   <stop tag="5129"/>
   <stop tag="5279"/>
   <stop tag="1131"/>
   <stop tag="5292"/>
   <stop tag="5289"/>
   <stop tag="5271"/>
   <stop tag="5259"/>
   <stop tag="2519"/>
   <stop tag="3784"/>
   <stop tag="656"/>
   <stop tag="3234"/>
   <stop tag="3708_ar"/>
  </direction>
  <direction name="West" tag="33_575_1" title="West to Santa Monica" useForUI="true">
   <stop tag="3708"/>
   <stop tag="30000"/>
   <stop tag="9218"/>
   <stop tag="12411"/>
   <stop tag="475"/>
   <stop tag="13968"/>
   <stop tag="13971"/>
   <stop tag="2212"/>
   <stop tag="13714"/>
   <stop tag="13700"/>
   <stop tag="13716"/>
   <stop tag="15605"/>
   <stop tag="5126"/>
   <stop tag="140724"/>
   <stop tag="140725"/>
   <stop tag="140726"/>
   <stop tag="15291"/>
   <stop tag="15310"/>
   <stop tag="15295"/>
   <stop tag="15269"/>
   <stop tag="4690"/>
   <stop tag="15314"/>
   <stop tag="5641"/>
   <stop tag="16402"/>
   <stop tag="11562"/>
   <stop tag="140728"/>
   <stop tag="16403"/>
   <stop tag="6959"/>
   <stop tag="4790"/>
   <stop tag="15315"/>
   <stop tag="140727"/>
   <stop tag="15259"/>
   <stop tag="15260"/>
   <stop tag="15258"/>
   <stop tag="15272"/>
   <stop tag="15255"/>
   <stop tag="15316"/>
   <stop tag="140729"/>
   <stop tag="15301"/>
   <stop tag="15305"/>
   <stop tag="15298"/>
   <stop tag="15279"/>
   <stop tag="15308"/>
   <stop tag="15304"/>
   <stop tag="15299"/>
   <stop tag="9131"/>
   <stop tag="15303"/>
   <stop tag="15268"/>
   <stop tag="15280"/>
   <stop tag="15290"/>
   <stop tag="15307"/>
   <stop tag="15275"/>
   <stop tag="15262"/>
   <stop tag="15281"/>
   <stop tag="15283"/>
   <stop tag="15289"/>
   <stop tag="15292"/>
   <stop tag="15287"/>
   <stop tag="15273"/>
   <stop tag="15317"/>
   <stop tag="15286"/>
   <stop tag="15282"/>
   <stop tag="15278"/>
   <stop tag="15296"/>
   <stop tag="15319"/>
   <stop tag="15263"/>
   <stop tag="15285"/>
   <stop tag="15320"/>
   <stop tag="14012"/>
   <stop tag="12428"/>
   <stop tag="12429"/>
   <stop tag="12427"/>
   <stop tag="12430"/>
   <stop tag="11599"/>
   <stop tag="11590"/>
   <stop tag="11604"/>
   <stop tag="65300024"/>
   <stop tag="3157"/>
   <stop tag="14361"/>
   <stop tag="4096"/>
   <stop tag="29_ar"/>
  </direction>
  <path>
   <point lat="34.00347" lon="-118.43358"/>
   <point lat="34.0048699" lon="-118.43098"/>
   <point lat="34.00598" lon="-118.42893"/>
   <point lat="34.00843" lon="-118.42462"/>
   <point lat="34.01139" lon="-118.41947"/>
   <point lat="34.0129" lon="-118.41679"/>
   <point lat="34.01644" lon="-118.41056"/>
   <point lat="34.01863" lon="-118.40666"/>
  </path>
  <path>
   <point lat="34.02847" lon="-118.39031"/>
   <point lat="34.027" lon="-118.39291"/>
   <point lat="34.02574" lon="-118.39505"/>
   <point lat="34.0236" lon="-118.39877"/>
   <point lat="34.02167" lon="-118.40216"/>
   <point lat="34.02052" lon="-118.40417"/>
   <point lat="34.01881" lon="-118.40721"/>
  </path>
  <path>
   <point lat="34.01881" lon="-118.40721"/>
   <point lat="34.01657" lon="-118.4112"/>
   <point lat="34.01345" lon="-118.4167"/>
   <point lat="34.01156" lon="-118.42"/>
   <point lat="34.00875" lon="-118.42488"/>
   <point lat="34.00643" lon="-118.42894"/>
   <point lat="34.00503" lon="-118.4315"/>
   <point lat="34.00378" lon="-118.43391"/>
  </path>
  <path>
   <point lat="34.01404" lon="-118.49773"/>
   <point lat="34.01443" lon="-118.49839"/>
   <point lat="34.01544" lon="-118.49961"/>
   <point lat="34.01624" lon="-118.49862"/>
   <point lat="34.01503" lon="-118.49735"/>
  </path>
  <path>
   <point lat="34.04437" lon="-118.29174"/>
   <point lat="34.04436" lon="-118.29418"/>
   <point lat="34.04434" lon="-118.29652"/>
   <point lat="34.04394" lon="-118.30009"/>
   <point lat="34.0436" lon="-118.30334"/>
   <point lat="34.0437299" lon="-118.30397"/>
   <point lat="34.04358" lon="-118.30693"/>
   <point lat="34.0437" lon="-118.30953"/>
  </path>
  <path>
   <point lat="34.04412" lon="-118.29138"/>
   <point lat="34.04412" lon="-118.28937"/>
   <point lat="34.04413" lon="-118.28653"/>
   <point lat="34.04408" lon="-118.28534"/>
   <point lat="34.04358" lon="-118.28385"/>
   <point lat="34.04328" lon="-118.28289"/>
   <point lat="34.04261" lon="-118.28145"/>
   <point lat="34.04237" lon="-118.28116"/>
   <point lat="34.04139" lon="-118.27902"/>
   <point lat="34.0399" lon="-118.27573"/>
   <point lat="34.03882" lon="-118.27312"/>
   <point lat="34.03757" lon="-118.27067"/>
   <point lat="34.03742" lon="-118.2701"/>
   <point lat="34.03698" lon="-118.26906"/>
   <point lat="34.03575" lon="-118.26651"/>
   <point lat="34.03521" lon="-118.26559"/>
   <point lat="34.0342" lon="-118.26381"/>
   <point lat="34.03362" lon="-118.26256"/>
   <point lat="34.03614" lon="-118.26033"/>
   <point lat="34.0389" lon="-118.25811"/>
   <point lat="34.03967" lon="-118.25767"/>
   <point lat="34.0398" lon="-118.25756"/>
   <point lat="34.03983" lon="-118.25752"/>
   <point lat="34.04001" lon="-118.25735"/>
   <point lat="34.0401" lon="-118.25724"/>
   <point lat="34.04017" lon="-118.25716"/>
   <point lat="34.04122" lon="-118.25558"/>
   <point lat="34.04141" lon="-118.25501"/>
   <point lat="34.04275" lon="-118.25316"/>
   <point lat="34.04404" lon="-118.25103"/>
   <point lat="34.04652" lon="-118.24852"/>
   <point lat="34.04927" lon="-118.24592"/>
   <point lat="34.05236" lon="-118.24304"/>
   <point lat="34.05415" lon="-118.24137"/>
   <point lat="34.05519" lon="-118.24063"/>
   <point lat="34.05536" lon="-118.24048"/>
   <point lat="34.05541" lon="-118.24043"/>
   <point lat="34.0555499" lon="-118.2403"/>
   <point lat="34.05566" lon="-118.24019"/>
   <point lat="34.05568" lon="-118.24016"/>
   <point lat="34.0557299" lon="-118.24012"/>
   <point lat="34.05824" lon="-118.23782"/>
   <point lat="34.05824" lon="-118.23768"/>
   <point lat="34.0582" lon="-118.23743"/>
   <point lat="34.05818" lon="-118.23737"/>
   <point lat="34.0581" lon="-118.23705"/>
   <point lat="34.05784" lon="-118.23663"/>
   <point lat="34.0574299" lon="-118.23477"/>
   <point lat="34.0568" lon="-118.23169"/>
  </path>
  <path>
   <point lat="34.00378" lon="-118.43391"/>
   <point lat="34.00172" lon="-118.43797"/>
   <point lat="33.99993" lon="-118.44152"/>
   <point lat="33.9985" lon="-118.44435"/>
   <point lat="33.9975" lon="-118.44637"/>
   <point lat="33.99409" lon="-118.45322"/>
  </path>
  <path>
   <point lat="33.99429" lon="-118.47626"/>
   <point lat="33.9935" lon="-118.47522"/>
   <point lat="33.99216" lon="-118.47411"/>
   <point lat="33.9915499" lon="-118.47351"/>
   <point lat="33.98746" lon="-118.47085"/>
   <point lat="33.98736" lon="-118.46981"/>
   <point lat="33.98725" lon="-118.46522"/>
   <point lat="33.98753" lon="-118.46452"/>
   <point lat="33.9888" lon="-118.46234"/>
   <point lat="33.99138" lon="-118.45781"/>
   <point lat="33.99234" lon="-118.45562"/>
   <point lat="33.99404" lon="-118.45226"/>
   <point lat="33.99714" lon="-118.4461"/>
   <point lat="33.99808" lon="-118.44423"/>
   <point lat="33.99974" lon="-118.44098"/>
   <point lat="34.00138" lon="-118.43773"/>
   <point lat="34.00347" lon="-118.43358"/>
  </path>
  <path>
   <point lat="34.03764" lon="-118.37413"/>
   <point lat="34.03576" lon="-118.37744"/>
   <point lat="34.03282" lon="-118.38262"/>
   <point lat="34.03122" lon="-118.3854"/>
   <point lat="34.02941" lon="-118.38861"/>
   <point lat="34.02847" lon="-118.39031"/>
  </path>
  <path>
   <point lat="34.0457899" lon="-118.34515"/>
   <point lat="34.04645" lon="-118.34068"/>
   <point lat="34.04685" lon="-118.33683"/>
   <point lat="34.04692" lon="-118.33612"/>
   <point lat="34.0463" lon="-118.33401"/>
   <point lat="34.04607" lon="-118.3329"/>
   <point lat="34.04464" lon="-118.32872"/>
   <point lat="34.04384" lon="-118.32619"/>
   <point lat="34.04378" lon="-118.32561"/>
   <point lat="34.04346" lon="-118.32382"/>
   <point lat="34.04345" lon="-118.32144"/>
   <point lat="34.0434399" lon="-118.31788"/>
   <point lat="34.0434399" lon="-118.31462"/>
   <point lat="34.0434399" lon="-118.31141"/>
   <point lat="34.04345" lon="-118.30917"/>
   <point lat="34.04358" lon="-118.30693"/>
   <point lat="34.04347" lon="-118.30446"/>
   <point lat="34.0436" lon="-118.30334"/>
   <point lat="34.04367" lon="-118.29998"/>
   <point lat="34.04404" lon="-118.29674"/>
   <point lat="34.04411" lon="-118.2945"/>
   <point lat="34.04412" lon="-118.29138"/>
  </path>
  <path>
   <point lat="34.00378" lon="-118.43391"/>
   <point lat="34.00172" lon="-118.43797"/>
   <point lat="33.99993" lon="-118.44152"/>
   <point lat="33.9985" lon="-118.44435"/>
   <point lat="33.9975" lon="-118.44637"/>
   <point lat="33.99409" lon="-118.45322"/>
   <point lat="33.9928" lon="-118.45579"/>
   <point lat="33.99101" lon="-118.4594"/>
   <point lat="33.99008" lon="-118.46109"/>
   <point lat="33.98921" lon="-118.46297"/>
   <point lat="33.98775" lon="-118.46594"/>
   <point lat="33.98756" lon="-118.46652"/>
   <point lat="33.98745" lon="-118.4682"/>
   <point lat="33.98744" lon="-118.46831"/>
   <point lat="33.98743" lon="-118.46853"/>
   <point lat="33.9874" lon="-118.46892"/>
   <point lat="33.98736" lon="-118.46981"/>
   <point lat="33.98736" lon="-118.47071"/>
   <point lat="33.98795" lon="-118.47075"/>
   <point lat="33.98833" lon="-118.47128"/>
   <point lat="33.99228" lon="-118.47393"/>
   <point lat="33.9935" lon="-118.47522"/>
   <point lat="33.99462" lon="-118.47629"/>
   <point lat="33.99486" lon="-118.47665"/>
   <point lat="33.99514" lon="-118.47692"/>
   <point lat="33.99529" lon="-118.47705"/>
   <point lat="33.99576" lon="-118.47739"/>
   <point lat="33.99592" lon="-118.47752"/>
   <point lat="33.99646" lon="-118.47798"/>
   <point lat="33.99672" lon="-118.47822"/>
   <point lat="33.9969899" lon="-118.47852"/>
   <point lat="33.99727" lon="-118.47881"/>
   <point lat="33.99781" lon="-118.47933"/>
   <point lat="33.99807" lon="-118.47961"/>
   <point lat="33.99762" lon="-118.48012"/>
   <point lat="33.99754" lon="-118.48005"/>
   <point lat="33.99733" lon="-118.4799"/>
   <point lat="33.99712" lon="-118.47973"/>
   <point lat="33.99703" lon="-118.47966"/>
   <point lat="33.99747" lon="-118.479"/>
   <point lat="33.99727" lon="-118.47881"/>
   <point lat="33.9969899" lon="-118.47852"/>
   <point lat="33.99672" lon="-118.47822"/>
   <point lat="33.99646" lon="-118.47798"/>
   <point lat="33.99592" lon="-118.47752"/>
   <point lat="33.99576" lon="-118.47739"/>
   <point lat="33.99529" lon="-118.47705"/>
   <point lat="33.99514" lon="-118.47692"/>
   <point lat="33.99486" lon="-118.47665"/>
   <point lat="33.99429" lon="-118.47626"/>
  </path>
  <path>
   <point lat="34.05539" lon="-118.23312"/>
   <point lat="34.0559" lon="-118.2331"/>
   <point lat="34.05598" lon="-118.23307"/>
   <point lat="34.0560199" lon="-118.23304"/>
   <point lat="34.05604" lon="-118.23301"/>
   <point lat="34.05604" lon="-118.23289"/>
   <point lat="34.05601" lon="-118.23283"/>
   <point lat="34.05596" lon="-118.23281"/>
   <point lat="34.05514" lon="-118.23295"/>
   <point lat="34.0550799" lon="-118.2325"/>
   <point lat="34.05525" lon="-118.2325"/>
   <point lat="34.0553" lon="-118.23249"/>
   <point lat="34.05538" lon="-118.23243"/>
   <point lat="34.05544" lon="-118.23245"/>
   <point lat="34.05663" lon="-118.2319"/>
   <point lat="34.0569599" lon="-118.2318"/>
   <point lat="34.05725" lon="-118.23175"/>
   <point lat="34.05747" lon="-118.23175"/>
   <point lat="34.05767" lon="-118.23178"/>
   <point lat="34.05781" lon="-118.23182"/>
   <point lat="34.0576999" lon="-118.23118"/>
   <point lat="34.05768" lon="-118.23096"/>
   <point lat="34.05682" lon="-118.23116"/>
   <point lat="34.0567" lon="-118.23082"/>
  </path>
  <path>
   <point lat="34.0437" lon="-118.30953"/>
   <point lat="34.0437" lon="-118.31174"/>
   <point lat="34.04369" lon="-118.31429"/>
   <point lat="34.04369" lon="-118.31805"/>
   <point lat="34.0437" lon="-118.32112"/>
   <point lat="34.04372" lon="-118.32408"/>
   <point lat="34.04378" lon="-118.32561"/>
   <point lat="34.04407" lon="-118.32608"/>
   <point lat="34.04435" lon="-118.32736"/>
   <point lat="34.04508" lon="-118.32888"/>
   <point lat="34.04676" lon="-118.33424"/>
   <point lat="34.04703" lon="-118.33579"/>
   <point lat="34.0473" lon="-118.33741"/>
   <point lat="34.04693" lon="-118.3401"/>
   <point lat="34.04612" lon="-118.34563"/>
  </path>
  <path>
   <point lat="33.99409" lon="-118.45322"/>
   <point lat="33.9928" lon="-118.45579"/>
   <point lat="33.99101" lon="-118.4594"/>
   <point lat="33.99008" lon="-118.46109"/>
   <point lat="33.98921" lon="-118.46297"/>
   <point lat="33.98775" lon="-118.46594"/>
   <point lat="33.98756" lon="-118.46652"/>
   <point lat="33.98745" lon="-118.4682"/>
   <point lat="33.98744" lon="-118.46831"/>
   <point lat="33.98743" lon="-118.46853"/>
   <point lat="33.9874" lon="-118.46892"/>
   <point lat="33.98736" lon="-118.46981"/>
   <point lat="33.98736" lon="-118.47071"/>
   <point lat="33.98795" lon="-118.47075"/>
   <point lat="33.98833" lon="-118.47128"/>
   <point lat="33.99228" lon="-118.47393"/>
   <point lat="33.9935" lon="-118.47522"/>
   <point lat="33.99462" lon="-118.47629"/>
   <point lat="33.99576" lon="-118.47739"/>
   <point lat="33.99803" lon="-118.47941"/>
   <point lat="34.00325" lon="-118.48479"/>
   <point lat="34.00424" lon="-118.48593"/>
   <point lat="34.0043099" lon="-118.48603"/>
   <point lat="34.00447" lon="-118.48616"/>
   <point lat="34.00459" lon="-118.48629"/>
   <point lat="34.00466" lon="-118.48638"/>
   <point lat="34.0048699" lon="-118.48661"/>
   <point lat="34.0056299" lon="-118.48733"/>
   <point lat="34.0064" lon="-118.48812"/>
   <point lat="34.00661" lon="-118.48835"/>
   <point lat="34.00753" lon="-118.48927"/>
   <point lat="34.00797" lon="-118.48969"/>
   <point lat="34.00831" lon="-118.48982"/>
   <point lat="34.00861" lon="-118.48979"/>
   <point lat="34.00909" lon="-118.49005"/>
   <point lat="34.00931" lon="-118.49013"/>
   <point lat="34.0095699" lon="-118.49024"/>
   <point lat="34.00986" lon="-118.49034"/>
   <point lat="34.00993" lon="-118.49038"/>
   <point lat="34.01002" lon="-118.49044"/>
   <point lat="34.01011" lon="-118.49052"/>
   <point lat="34.01021" lon="-118.49064"/>
   <point lat="34.01035" lon="-118.4908"/>
   <point lat="34.01056" lon="-118.49102"/>
   <point lat="34.01074" lon="-118.49125"/>
   <point lat="34.01091" lon="-118.49144"/>
   <point lat="34.01105" lon="-118.49158"/>
   <point lat="34.01118" lon="-118.49177"/>
   <point lat="34.01161" lon="-118.49223"/>
   <point lat="34.0118099" lon="-118.49247"/>
   <point lat="34.01197" lon="-118.49269"/>
   <point lat="34.01214" lon="-118.4929"/>
   <point lat="34.01222" lon="-118.49299"/>
   <point lat="34.01235" lon="-118.49316"/>
   <point lat="34.0125699" lon="-118.49348"/>
   <point lat="34.0125" lon="-118.49356"/>
   <point lat="34.01224" lon="-118.49394"/>
   <point lat="34.01355" lon="-118.49547"/>
   <point lat="34.01323" lon="-118.49589"/>
   <point lat="34.0129499" lon="-118.4964"/>
   <point lat="34.01404" lon="-118.49773"/>
  </path>
  <path>
   <point lat="34.0375299" lon="-118.37345"/>
   <point lat="34.0398799" lon="-118.36931"/>
   <point lat="34.0425899" lon="-118.36439"/>
   <point lat="34.04305" lon="-118.36347"/>
   <point lat="34.04323" lon="-118.36291"/>
   <point lat="34.0433499" lon="-118.36256"/>
   <point lat="34.0435" lon="-118.36181"/>
   <point lat="34.04355" lon="-118.36152"/>
   <point lat="34.04363" lon="-118.36112"/>
   <point lat="34.04363" lon="-118.36099"/>
   <point lat="34.04379" lon="-118.35995"/>
   <point lat="34.04388" lon="-118.35842"/>
   <point lat="34.04431" lon="-118.35638"/>
   <point lat="34.04456" lon="-118.35391"/>
   <point lat="34.04498" lon="-118.35063"/>
   <point lat="34.0457899" lon="-118.34515"/>
  </path>
  <path>
   <point lat="34.04412" lon="-118.29138"/>
   <point lat="34.04412" lon="-118.28937"/>
   <point lat="34.04413" lon="-118.28653"/>
   <point lat="34.04408" lon="-118.28534"/>
   <point lat="34.04358" lon="-118.28385"/>
   <point lat="34.04328" lon="-118.28289"/>
   <point lat="34.04261" lon="-118.28145"/>
   <point lat="34.04237" lon="-118.28116"/>
   <point lat="34.04139" lon="-118.27902"/>
   <point lat="34.0399" lon="-118.27573"/>
   <point lat="34.03882" lon="-118.27312"/>
   <point lat="34.03757" lon="-118.27067"/>
   <point lat="34.03742" lon="-118.2701"/>
   <point lat="34.03698" lon="-118.26906"/>
   <point lat="34.03575" lon="-118.26651"/>
   <point lat="34.03521" lon="-118.26559"/>
   <point lat="34.0342" lon="-118.26381"/>
   <point lat="34.03362" lon="-118.26256"/>
   <point lat="34.03614" lon="-118.26033"/>
   <point lat="34.0389" lon="-118.25811"/>
   <point lat="34.03967" lon="-118.25767"/>
   <point lat="34.0398" lon="-118.25756"/>
   <point lat="34.03983" lon="-118.25752"/>
   <point lat="34.04001" lon="-118.25735"/>
   <point lat="34.0401" lon="-118.25724"/>
   <point lat="34.04017" lon="-118.25716"/>
   <point lat="34.04122" lon="-118.25558"/>
   <point lat="34.04141" lon="-118.25501"/>
   <point lat="34.04275" lon="-118.25316"/>
   <point lat="34.04404" lon="-118.25103"/>
   <point lat="34.04527" lon="-118.24988"/>
   <point lat="34.04459" lon="-118.24898"/>
   <point lat="34.04434" lon="-118.24879"/>
   <point lat="34.04393" lon="-118.24788"/>
   <point lat="34.04375" lon="-118.248"/>
   <point lat="34.04369" lon="-118.24806"/>
   <point lat="34.04314" lon="-118.24855"/>
   <point lat="34.04289" lon="-118.2482"/>
  </path>
  <path>
   <point lat="34.04397" lon="-118.25293"/>
   <point lat="34.04222" lon="-118.25443"/>
   <point lat="34.04171" lon="-118.2548"/>
   <point lat="34.04159" lon="-118.25497"/>
   <point lat="34.04136" lon="-118.25561"/>
   <point lat="34.04047" lon="-118.2567"/>
   <point lat="34.03926" lon="-118.25818"/>
   <point lat="34.03679" lon="-118.26018"/>
   <point lat="34.03572" lon="-118.26086"/>
   <point lat="34.03289" lon="-118.26315"/>
   <point lat="34.03362" lon="-118.26426"/>
   <point lat="34.03401" lon="-118.2651"/>
   <point lat="34.03489" lon="-118.26459"/>
   <point lat="34.0357399" lon="-118.26613"/>
   <point lat="34.0366" lon="-118.26767"/>
   <point lat="34.03752" lon="-118.27004"/>
   <point lat="34.0379" lon="-118.27088"/>
   <point lat="34.03882" lon="-118.27312"/>
   <point lat="34.03994" lon="-118.27533"/>
   <point lat="34.04157" lon="-118.27892"/>
   <point lat="34.04235" lon="-118.28064"/>
   <point lat="34.04261" lon="-118.28143"/>
   <point lat="34.0437" lon="-118.28363"/>
   <point lat="34.04408" lon="-118.28534"/>
   <point lat="34.04439" lon="-118.28653"/>
   <point lat="34.0443799" lon="-118.28904"/>
   <point lat="34.04437" lon="-118.29174"/>
  </path>
  <path>
   <point lat="34.01863" lon="-118.40666"/>
   <point lat="34.02035" lon="-118.40364"/>
   <point lat="34.02159" lon="-118.40144"/>
   <point lat="34.02311" lon="-118.39877"/>
   <point lat="34.02541" lon="-118.39477"/>
   <point lat="34.02659" lon="-118.39281"/>
   <point lat="34.02859" lon="-118.38922"/>
  </path>
  <path>
   <point lat="34.04612" lon="-118.34563"/>
   <point lat="34.04537" lon="-118.35056"/>
   <point lat="34.04499" lon="-118.35372"/>
   <point lat="34.04425" lon="-118.35874"/>
   <point lat="34.04364" lon="-118.36183"/>
   <point lat="34.04274" lon="-118.365"/>
   <point lat="34.04142" lon="-118.3674"/>
   <point lat="34.0398799" lon="-118.37015"/>
   <point lat="34.03764" lon="-118.37413"/>
  </path>
  <path>
   <point lat="34.04611" lon="-118.25091"/>
   <point lat="34.04453" lon="-118.25231"/>
   <point lat="34.04397" lon="-118.25293"/>
  </path>
  <path>
   <point lat="34.05683" lon="-118.23214"/>
   <point lat="34.05698" lon="-118.23318"/>
   <point lat="34.05813" lon="-118.23668"/>
   <point lat="34.05818" lon="-118.23737"/>
   <point lat="34.0582" lon="-118.23743"/>
   <point lat="34.05824" lon="-118.23768"/>
   <point lat="34.05824" lon="-118.23782"/>
   <point lat="34.05825" lon="-118.238"/>
   <point lat="34.05822" lon="-118.2389"/>
   <point lat="34.05823" lon="-118.23926"/>
   <point lat="34.05824" lon="-118.23937"/>
   <point lat="34.05826" lon="-118.23949"/>
   <point lat="34.05807" lon="-118.23965"/>
   <point lat="34.05788" lon="-118.23984"/>
   <point lat="34.05729" lon="-118.2404"/>
   <point lat="34.0565" lon="-118.24112"/>
   <point lat="34.05645" lon="-118.24116"/>
   <point lat="34.05624" lon="-118.24137"/>
   <point lat="34.05615" lon="-118.24144"/>
   <point lat="34.05609" lon="-118.2415"/>
   <point lat="34.0551" lon="-118.24254"/>
   <point lat="34.05276" lon="-118.24474"/>
   <point lat="34.04966" lon="-118.24762"/>
   <point lat="34.04611" lon="-118.25091"/>
   <point lat="34.04453" lon="-118.25231"/>
   <point lat="34.04397" lon="-118.25293"/>
  </path>
  <path>
   <point lat="34.02859" lon="-118.38922"/>
   <point lat="34.02938" lon="-118.38782"/>
   <point lat="34.03091" lon="-118.38511"/>
   <point lat="34.03267" lon="-118.38202"/>
   <point lat="34.0351" lon="-118.3777"/>
   <point lat="34.0375299" lon="-118.37345"/>
  </path>
  <path>
   <point lat="34.04289" lon="-118.2482"/>
   <point lat="34.04265" lon="-118.24784"/>
   <point lat="34.04347" lon="-118.24712"/>
   <point lat="34.04488" lon="-118.24582"/>
   <point lat="34.04505" lon="-118.24609"/>
   <point lat="34.0454099" lon="-118.24657"/>
   <point lat="34.04625" lon="-118.24768"/>
   <point lat="34.0467" lon="-118.24853"/>
   <point lat="34.0474" lon="-118.24962"/>
   <point lat="34.04611" lon="-118.25091"/>
   <point lat="34.04453" lon="-118.25231"/>
   <point lat="34.04397" lon="-118.25293"/>
  </path>
  <path>
   <point lat="34.0567" lon="-118.23082"/>
   <point lat="34.0566699" lon="-118.23028"/>
   <point lat="34.05749" lon="-118.23006"/>
   <point lat="34.0576" lon="-118.23009"/>
   <point lat="34.05765" lon="-118.23012"/>
   <point lat="34.05774" lon="-118.23021"/>
   <point lat="34.05772" lon="-118.23028"/>
   <point lat="34.0576999" lon="-118.23039"/>
   <point lat="34.05767" lon="-118.23054"/>
   <point lat="34.05766" lon="-118.23072"/>
   <point lat="34.05767" lon="-118.23087"/>
   <point lat="34.05768" lon="-118.23096"/>
   <point lat="34.0576999" lon="-118.23118"/>
   <point lat="34.05781" lon="-118.23182"/>
   <point lat="34.05767" lon="-118.23178"/>
   <point lat="34.05747" lon="-118.23175"/>
   <point lat="34.05725" lon="-118.23175"/>
   <point lat="34.0569599" lon="-118.2318"/>
   <point lat="34.05683" lon="-118.23214"/>
  </path>
  <path>
   <point lat="33.99404" lon="-118.45226"/>
   <point lat="33.99714" lon="-118.4461"/>
   <point lat="33.99808" lon="-118.44423"/>
   <point lat="33.99974" lon="-118.44098"/>
   <point lat="34.00138" lon="-118.43773"/>
   <point lat="34.00347" lon="-118.43358"/>
  </path>
  <path>
   <point lat="34.01321" lon="-118.49519"/>
   <point lat="34.01224" lon="-118.49394"/>
   <point lat="34.0125" lon="-118.49356"/>
   <point lat="34.0125699" lon="-118.49348"/>
   <point lat="34.01235" lon="-118.49316"/>
   <point lat="34.01222" lon="-118.49299"/>
   <point lat="34.01214" lon="-118.4929"/>
   <point lat="34.01197" lon="-118.49269"/>
   <point lat="34.0118099" lon="-118.49247"/>
   <point lat="34.01161" lon="-118.49223"/>
   <point lat="34.01118" lon="-118.49177"/>
   <point lat="34.01105" lon="-118.49158"/>
   <point lat="34.01091" lon="-118.49144"/>
   <point lat="34.01074" lon="-118.49125"/>
   <point lat="34.01056" lon="-118.49102"/>
   <point lat="34.01035" lon="-118.4908"/>
   <point lat="34.01021" lon="-118.49064"/>
   <point lat="34.01011" lon="-118.49052"/>
   <point lat="34.01002" lon="-118.49044"/>
   <point lat="34.00993" lon="-118.49038"/>
   <point lat="34.00986" lon="-118.49034"/>
   <point lat="34.0095699" lon="-118.49024"/>
   <point lat="34.00931" lon="-118.49013"/>
   <point lat="34.00909" lon="-118.49005"/>
   <point lat="34.00852" lon="-118.49003"/>
   <point lat="34.00831" lon="-118.48982"/>
   <point lat="34.00799" lon="-118.4897"/>
   <point lat="34.00753" lon="-118.48927"/>
   <point lat="34.00661" lon="-118.48835"/>
   <point lat="34.0064" lon="-118.48812"/>
   <point lat="34.0056299" lon="-118.48733"/>
   <point lat="34.0048699" lon="-118.48661"/>
   <point lat="34.00466" lon="-118.48638"/>
   <point lat="34.00459" lon="-118.48629"/>
   <point lat="34.00447" lon="-118.48616"/>
   <point lat="34.0043099" lon="-118.48603"/>
   <point lat="34.00424" lon="-118.48593"/>
   <point lat="34.00325" lon="-118.48479"/>
   <point lat="33.99838" lon="-118.48011"/>
  </path>
  <path>
   <point lat="34.05539" lon="-118.23312"/>
   <point lat="34.0559" lon="-118.2331"/>
   <point lat="34.05598" lon="-118.23307"/>
   <point lat="34.0560199" lon="-118.23304"/>
   <point lat="34.05604" lon="-118.23301"/>
   <point lat="34.05604" lon="-118.23289"/>
   <point lat="34.05601" lon="-118.23283"/>
   <point lat="34.05596" lon="-118.23281"/>
   <point lat="34.05514" lon="-118.23295"/>
   <point lat="34.0550799" lon="-118.2325"/>
   <point lat="34.05525" lon="-118.2325"/>
   <point lat="34.0553" lon="-118.23249"/>
   <point lat="34.05538" lon="-118.23243"/>
   <point lat="34.05544" lon="-118.23245"/>
   <point lat="34.05663" lon="-118.2319"/>
   <point lat="34.05716" lon="-118.23381"/>
   <point lat="34.05727" lon="-118.23417"/>
   <point lat="34.0574299" lon="-118.23477"/>
   <point lat="34.05776" lon="-118.23591"/>
   <point lat="34.05813" lon="-118.23668"/>
   <point lat="34.05818" lon="-118.23737"/>
   <point lat="34.0582" lon="-118.23743"/>
   <point lat="34.05824" lon="-118.23768"/>
   <point lat="34.05824" lon="-118.23782"/>
   <point lat="34.05825" lon="-118.238"/>
   <point lat="34.05822" lon="-118.2389"/>
   <point lat="34.05823" lon="-118.23926"/>
   <point lat="34.05824" lon="-118.23937"/>
   <point lat="34.05826" lon="-118.23949"/>
   <point lat="34.05807" lon="-118.23965"/>
   <point lat="34.05788" lon="-118.23984"/>
   <point lat="34.05729" lon="-118.2404"/>
   <point lat="34.0565" lon="-118.24112"/>
   <point lat="34.05645" lon="-118.24116"/>
   <point lat="34.05624" lon="-118.24137"/>
   <point lat="34.05615" lon="-118.24144"/>
   <point lat="34.05609" lon="-118.2415"/>
   <point lat="34.0551" lon="-118.24254"/>
   <point lat="34.05276" lon="-118.24474"/>
   <point lat="34.04966" lon="-118.24762"/>
   <point lat="34.04611" lon="-118.25091"/>
   <point lat="34.04453" lon="-118.25231"/>
   <point lat="34.04397" lon="-118.25293"/>
  </path>
  <path>
   <point lat="34.04412" lon="-118.29138"/>
   <point lat="34.04412" lon="-118.28937"/>
   <point lat="34.04413" lon="-118.28653"/>
   <point lat="34.04408" lon="-118.28534"/>
   <point lat="34.04358" lon="-118.28385"/>
   <point lat="34.04328" lon="-118.28289"/>
   <point lat="34.04261" lon="-118.28145"/>
   <point lat="34.04237" lon="-118.28116"/>
   <point lat="34.04139" lon="-118.27902"/>
   <point lat="34.0399" lon="-118.27573"/>
   <point lat="34.03882" lon="-118.27312"/>
   <point lat="34.03757" lon="-118.27067"/>
   <point lat="34.03742" lon="-118.2701"/>
   <point lat="34.03698" lon="-118.26906"/>
   <point lat="34.03575" lon="-118.26651"/>
   <point lat="34.03521" lon="-118.26559"/>
   <point lat="34.0342" lon="-118.26381"/>
   <point lat="34.03362" lon="-118.26256"/>
   <point lat="34.03614" lon="-118.26033"/>
   <point lat="34.0389" lon="-118.25811"/>
   <point lat="34.03967" lon="-118.25767"/>
   <point lat="34.0398" lon="-118.25756"/>
   <point lat="34.03983" lon="-118.25752"/>
   <point lat="34.04001" lon="-118.25735"/>
   <point lat="34.0401" lon="-118.25724"/>
   <point lat="34.04017" lon="-118.25716"/>
   <point lat="34.04122" lon="-118.25558"/>
   <point lat="34.04141" lon="-118.25501"/>
   <point lat="34.04275" lon="-118.25316"/>
   <point lat="34.04404" lon="-118.25103"/>
  </path>
  <path>
   <point lat="34.0568" lon="-118.23169"/>
   <point lat="34.05725" lon="-118.23175"/>
   <point lat="34.05747" lon="-118.23175"/>
   <point lat="34.05767" lon="-118.23178"/>
   <point lat="34.05781" lon="-118.23182"/>
   <point lat="34.0576999" lon="-118.23118"/>
   <point lat="34.05768" lon="-118.23096"/>
   <point lat="34.05682" lon="-118.23116"/>
   <point lat="34.0567" lon="-118.23082"/>
  </path>
  <path>
   <point lat="34.04412" lon="-118.29138"/>
   <point lat="34.04412" lon="-118.28937"/>
   <point lat="34.04413" lon="-118.28653"/>
   <point lat="34.04408" lon="-118.28534"/>
   <point lat="34.04358" lon="-118.28385"/>
   <point lat="34.04328" lon="-118.28289"/>
   <point lat="34.04261" lon="-118.28145"/>
   <point lat="34.04237" lon="-118.28116"/>
   <point lat="34.04139" lon="-118.27902"/>
   <point lat="34.0399" lon="-118.27573"/>
   <point lat="34.03882" lon="-118.27312"/>
   <point lat="34.03757" lon="-118.27067"/>
   <point lat="34.03742" lon="-118.2701"/>
   <point lat="34.03698" lon="-118.26906"/>
   <point lat="34.03575" lon="-118.26651"/>
   <point lat="34.03521" lon="-118.26559"/>
   <point lat="34.0342" lon="-118.26381"/>
   <point lat="34.03362" lon="-118.26256"/>
   <point lat="34.03614" lon="-118.26033"/>
   <point lat="34.0389" lon="-118.25811"/>
   <point lat="34.03967" lon="-118.25767"/>
   <point lat="34.0398" lon="-118.25756"/>
   <point lat="34.03983" lon="-118.25752"/>
   <point lat="34.04001" lon="-118.25735"/>
   <point lat="34.0401" lon="-118.25724"/>
   <point lat="34.04017" lon="-118.25716"/>
   <point lat="34.04122" lon="-118.25558"/>
   <point lat="34.04141" lon="-118.25501"/>
   <point lat="34.04275" lon="-118.25316"/>
   <point lat="34.04404" lon="-118.25103"/>
   <point lat="34.04652" lon="-118.24852"/>
   <point lat="34.04927" lon="-118.24592"/>
   <point lat="34.05236" lon="-118.24304"/>
   <point lat="34.05415" lon="-118.24137"/>
   <point lat="34.05519" lon="-118.24063"/>
   <point lat="34.05536" lon="-118.24048"/>
   <point lat="34.05541" lon="-118.24043"/>
   <point lat="34.0555499" lon="-118.2403"/>
   <point lat="34.05566" lon="-118.24019"/>
   <point lat="34.05568" lon="-118.24016"/>
   <point lat="34.0557299" lon="-118.24012"/>
   <point lat="34.05824" lon="-118.23782"/>
   <point lat="34.05824" lon="-118.23768"/>
   <point lat="34.0582" lon="-118.23743"/>
   <point lat="34.05818" lon="-118.23737"/>
   <point lat="34.0581" lon="-118.23705"/>
   <point lat="34.05784" lon="-118.23663"/>
   <point lat="34.0574299" lon="-118.23477"/>
   <point lat="34.05727" lon="-118.23417"/>
   <point lat="34.05703" lon="-118.23336"/>
   <point lat="34.05663" lon="-118.2319"/>
   <point lat="34.05544" lon="-118.23245"/>
   <point lat="34.05538" lon="-118.23243"/>
   <point lat="34.0553" lon="-118.23249"/>
   <point lat="34.05525" lon="-118.2325"/>
   <point lat="34.0550799" lon="-118.2325"/>
   <point lat="34.05514" lon="-118.23295"/>
   <point lat="34.0546099" lon="-118.23304"/>
   <point lat="34.05453" lon="-118.23308"/>
   <point lat="34.05451" lon="-118.23312"/>
   <point lat="34.0545" lon="-118.23319"/>
   <point lat="34.05451" lon="-118.23325"/>
   <point lat="34.05454" lon="-118.2333"/>
   <point lat="34.05457" lon="-118.23332"/>
   <point lat="34.05463" lon="-118.23333"/>
   <point lat="34.05539" lon="-118.23312"/>
  </path>
  <path>
   <point lat="34.0567" lon="-118.23082"/>
   <point lat="34.0566699" lon="-118.23028"/>
   <point lat="34.05749" lon="-118.23006"/>
   <point lat="34.0576" lon="-118.23009"/>
   <point lat="34.05765" lon="-118.23012"/>
   <point lat="34.05774" lon="-118.23021"/>
   <point lat="34.05772" lon="-118.23028"/>
   <point lat="34.0576999" lon="-118.23039"/>
   <point lat="34.05767" lon="-118.23054"/>
   <point lat="34.05766" lon="-118.23072"/>
   <point lat="34.05767" lon="-118.23087"/>
   <point lat="34.05768" lon="-118.23096"/>
   <point lat="34.0576999" lon="-118.23118"/>
   <point lat="34.05781" lon="-118.23182"/>
   <point lat="34.05767" lon="-118.23178"/>
   <point lat="34.05747" lon="-118.23175"/>
   <point lat="34.05725" lon="-118.23175"/>
   <point lat="34.0569599" lon="-118.2318"/>
   <point lat="34.05663" lon="-118.2319"/>
   <point lat="34.05576" lon="-118.2323"/>
   <point lat="34.05544" lon="-118.23245"/>
   <point lat="34.05538" lon="-118.23243"/>
   <point lat="34.0553" lon="-118.23249"/>
   <point lat="34.05525" lon="-118.2325"/>
   <point lat="34.0550799" lon="-118.2325"/>
   <point lat="34.05514" lon="-118.23295"/>
   <point lat="34.0546099" lon="-118.23304"/>
   <point lat="34.05453" lon="-118.23308"/>
   <point lat="34.05451" lon="-118.23312"/>
   <point lat="34.0545" lon="-118.23319"/>
   <point lat="34.05451" lon="-118.23325"/>
   <point lat="34.05454" lon="-118.2333"/>
   <point lat="34.05457" lon="-118.23332"/>
   <point lat="34.05463" lon="-118.23333"/>
   <point lat="34.05539" lon="-118.23312"/>
  </path>
  <path>
   <point lat="34.01503" lon="-118.49735"/>
   <point lat="34.01321" lon="-118.49519"/>
  </path>
  <path>
   <point lat="33.99838" lon="-118.48011"/>
   <point lat="33.99576" lon="-118.47739"/>
   <point lat="33.99429" lon="-118.47626"/>
   <point lat="33.9935" lon="-118.47522"/>
   <point lat="33.99216" lon="-118.47411"/>
   <point lat="33.9915499" lon="-118.47351"/>
   <point lat="33.98746" lon="-118.47085"/>
   <point lat="33.98736" lon="-118.46981"/>
   <point lat="33.98725" lon="-118.46522"/>
   <point lat="33.98753" lon="-118.46452"/>
   <point lat="33.9888" lon="-118.46234"/>
   <point lat="33.99138" lon="-118.45781"/>
   <point lat="33.99234" lon="-118.45562"/>
   <point lat="33.99404" lon="-118.45226"/>
  </path>
 </route>
</body>