<?xml version="1.0" encoding="utf-8"?>
<body copyright="All data copyright Los Angeles Metro 2022.">
 <route color="e74d00" latMax="34.19475" latMin="34.17722" lonMax="-118.30727" lonMin="-118.6570399" oppositeColor="ffffff" tag="165" title="165 West Hills - Burbank Via Vanowen St">
  <stop lat="34.1938499" lon="-118.36384" stopId="00732" tag="732" title="Vanowen / Clybourn"/>
  <stop lat="34.17722" lon="-118.3074199" stopId="01682" tag="1682" title="Verdugo / Ikea"/>
  <stop lat="34.19174" lon="-118.33595" stopId="01816" tag="1816" title="Empire / Lincoln"/>
  <stop lat="34.19266" lon="-118.35168" stopId="03035" tag="3035" title="Empire / Burbank Airport Transit Center"/>
  <stop lat="34.1879999" lon="-118.64256" stopId="03043" tag="3043" title="Platt Layover"/>
  <stop lat="34.19171" lon="-118.3327099" stopId="04635" tag="4635" title="Empire / Valpreda"/>
  <stop lat="34.1786899" lon="-118.3087399" stopId="04639" tag="4639" title="Ikea / Angeleno"/>
  <stop lat="34.1937599" lon="-118.50566" stopId="06824" tag="6824" title="Vanowen / Amestoy"/>
  <stop lat="34.1937699" lon="-118.50136" stopId="06825" tag="6825" title="Vanowen / Balboa"/>
  <stop lat="34.19382" lon="-118.3830599" stopId="06826" tag="6826" title="Vanowen / Beck"/>
  <stop lat="34.19383" lon="-118.4090399" stopId="06827" tag="6827" title="Vanowen / Bellaire"/>
  <stop lat="34.19358" lon="-118.6347199" stopId="06828" tag="6828" title="Vanowen / Berquist"/>
  <stop lat="34.1936499" lon="-118.59256" stopId="06829" tag="6829" title="Vanowen / Variel"/>
  <stop lat="34.1938" lon="-118.45325" stopId="06830" tag="6830" title="Vanowen / Cedros"/>
  <stop lat="34.19382" lon="-118.4134199" stopId="06832" tag="6832" title="Vanowen / Coldwater Canyon"/>
  <stop lat="34.1937099" lon="-118.56193" stopId="06833" tag="6833" title="Vanowen / Corbin"/>
  <stop lat="34.1937799" lon="-118.49474" stopId="06834" tag="6834" title="Vanowen / De Celis"/>
  <stop lat="34.19366" lon="-118.5880999" stopId="06835" tag="6835" title="Vanowen / De Soto"/>
  <stop lat="34.19376" lon="-118.51437" stopId="06836" tag="6836" title="Vanowen / Encino"/>
  <stop lat="34.19382" lon="-118.4182899" stopId="06837" tag="6837" title="Vanowen / Ethel"/>
  <stop lat="34.1937399" lon="-118.53185" stopId="06838" tag="6838" title="Vanowen / Etiwanda"/>
  <stop lat="34.19383" lon="-118.3743199" stopId="06839" tag="6839" title="Vanowen / Fair"/>
  <stop lat="34.1935999" lon="-118.62364" stopId="06840" tag="6840" title="Vanowen / Fallbrook"/>
  <stop lat="34.1936399" lon="-118.61053" stopId="06842" tag="6842" title="Vanowen / Farralone"/>
  <stop lat="34.19377" lon="-118.49909" stopId="06843" tag="6843" title="Vanowen / Forbes"/>
  <stop lat="34.1938299" lon="-118.42265" stopId="06844" tag="6844" title="Vanowen / Fulton"/>
  <stop lat="34.19379" lon="-118.47944" stopId="06845" tag="6845" title="Vanowen / Gloria"/>
  <stop lat="34.19382" lon="-118.42591" stopId="06846" tag="6846" title="Vanowen / Greenbush"/>
  <stop lat="34.1938" lon="-118.4745799" stopId="06847" tag="6847" title="Vanowen / Haskell"/>
  <stop lat="34.1937799" lon="-118.49204" stopId="06848" tag="6848" title="Vanowen / Hayvenhurst"/>
  <stop lat="34.19382" lon="-118.4396599" stopId="06849" tag="6849" title="Vanowen / Hazeltine"/>
  <stop lat="34.1938199" lon="-118.45761" stopId="06850" tag="6850" title="Vanowen / Kester"/>
  <stop lat="34.19382" lon="-118.3879099" stopId="06851" tag="6851" title="Vanowen / Lankershim"/>
  <stop lat="34.1938199" lon="-118.39663" stopId="06853" tag="6853" title="Vanowen / Laurel Canyon"/>
  <stop lat="34.19383" lon="-118.401" stopId="06854" tag="6854" title="Vanowen / Laurelgrove"/>
  <stop lat="34.1936" lon="-118.6273399" stopId="06856" tag="6856" title="Vanowen / Lena"/>
  <stop lat="34.19374" lon="-118.5274699" stopId="06857" tag="6857" title="Vanowen / Lindley"/>
  <stop lat="34.1937699" lon="-118.5100099" stopId="06858" tag="6858" title="Vanowen / Louise"/>
  <stop lat="34.19366" lon="-118.5840099" stopId="06859" tag="6859" title="Vanowen / Lurline"/>
  <stop lat="34.1936699" lon="-118.57986" stopId="06860" tag="6860" title="Vanowen / Mason"/>
  <stop lat="34.19381" lon="-118.46171" stopId="06862" tag="6862" title="Vanowen / Noble"/>
  <stop lat="34.19369" lon="-118.5667499" stopId="06863" tag="6863" title="Vanowen / Oakdale"/>
  <stop lat="34.1938" lon="-118.4706999" stopId="06864" tag="6864" title="Vanowen / Orion"/>
  <stop lat="34.1936799" lon="-118.575" stopId="06865" tag="6865" title="Vanowen / Oso"/>
  <stop lat="34.19312" lon="-118.64217" stopId="06867" tag="6867" title="Vanowen / Platt"/>
  <stop lat="34.19382" lon="-118.3917799" stopId="06868" tag="6868" title="Vanowen / Radford"/>
  <stop lat="34.19382" lon="-118.43531" stopId="06869" tag="6869" title="Vanowen / Ranchito"/>
  <stop lat="34.1937299" lon="-118.53571" stopId="06870" tag="6870" title="Vanowen / Reseda"/>
  <stop lat="34.1938399" lon="-118.36607" stopId="06871" tag="6871" title="Vanowen / Riverton"/>
  <stop lat="34.19361" lon="-118.6187" stopId="06872" tag="6872" title="Vanowen / Sale"/>
  <stop lat="34.1938099" lon="-118.46644" stopId="06874" tag="6874" title="Vanowen / Sepulveda"/>
  <stop lat="34.19371" lon="-118.55804" stopId="06876" tag="6876" title="Vanowen / Shirley"/>
  <stop lat="34.19362" lon="-118.6148199" stopId="06877" tag="6877" title="Vanowen / Shoup"/>
  <stop lat="34.1937199" lon="-118.55316" stopId="06878" tag="6878" title="Vanowen / Tampa"/>
  <stop lat="34.1936199" lon="-118.60555" stopId="06879" tag="6879" title="Vanowen / Topanga Canyon"/>
  <stop lat="34.19383" lon="-118.3786699" stopId="06882" tag="6882" title="Vanowen / Tujunga"/>
  <stop lat="34.19381" lon="-118.4445199" stopId="06883" tag="6883" title="Vanowen / Tyrone"/>
  <stop lat="34.1938099" lon="-118.44884" stopId="06887" tag="6887" title="Vanowen / Van Nuys"/>
  <stop lat="34.1937299" lon="-118.5487999" stopId="06888" tag="6888" title="Vanowen / Vanalden"/>
  <stop lat="34.19383" lon="-118.36995" stopId="06889" tag="6889" title="Vanowen / Vineland"/>
  <stop lat="34.19383" lon="-118.40487" stopId="06891" tag="6891" title="Vanowen / Whitsett"/>
  <stop lat="34.19372" lon="-118.5449399" stopId="06892" tag="6892" title="Vanowen / Wilbur"/>
  <stop lat="34.19368" lon="-118.5706399" stopId="06893" tag="6893" title="Vanowen / Winnetka"/>
  <stop lat="34.19358" lon="-118.63166" stopId="06894" tag="6894" title="Vanowen / Woodlake"/>
  <stop lat="34.19379" lon="-118.4837999" stopId="06895" tag="6895" title="Vanowen / Woodley"/>
  <stop lat="34.19382" lon="-118.4308699" stopId="06896" tag="6896" title="Vanowen / Woodman"/>
  <stop lat="34.1937399" lon="-118.5405699" stopId="06897" tag="6897" title="Vanowen / Yolanda"/>
  <stop lat="34.1937499" lon="-118.52311" stopId="06898" tag="6898" title="Vanowen / Zelzah"/>
  <stop lat="34.1931399" lon="-118.35414" stopId="10359" tag="10359" title="Burbank Airport South"/>
  <stop lat="34.19177" lon="-118.33816" stopId="10361" tag="10361" title="Empire / Buena Vista"/>
  <stop lat="34.19182" lon="-118.34144" stopId="10362" tag="10362" title="Empire / Catalina"/>
  <stop lat="34.1918399" lon="-118.3431199" stopId="10363" tag="10363" title="Empire / Fairview"/>
  <stop lat="34.1834599" lon="-118.3151399" stopId="11811" tag="11811" title="1st / Cypress"/>
  <stop lat="34.18158" lon="-118.31267" stopId="11812" tag="11812" title="1st / Magnolia"/>
  <stop lat="34.1794799" lon="-118.30981" stopId="11813" tag="11813" title="1st / Olive"/>
  <stop lat="34.1880099" lon="-118.3186299" stopId="12343" tag="12343" title="San Fernando / Delaware"/>
  <stop lat="34.19153" lon="-118.3254299" stopId="12346" tag="12346" title="San Fernando / Grismer"/>
  <stop lat="34.1902299" lon="-118.3216599" stopId="12348" tag="12348" title="San Fernando / Scott"/>
  <stop lat="34.18602" lon="-118.31587" stopId="12349" tag="12349" title="San Fernando / Burbank"/>
  <stop lat="34.19303" lon="-118.6390699" stopId="15210" tag="15210" title="Vanowen / Lederer"/>
  <stop lat="34.19376" lon="-118.5187399" stopId="16571" tag="16571" title="Vanowen / White Oak"/>
  <stop lat="34.19364" lon="-118.6020599" stopId="20072" tag="20072" title="Vanowen / Owensmouth"/>
  <stop lat="34.19364" lon="-118.5967399" stopId="20339" tag="20339" title="Vanowen / G Line (Orange)"/>
  <stop lat="34.19215" lon="-118.34867" stopId="20344" tag="20344" title="Empire / Hollywood Way"/>
  <stop lat="34.1792899" lon="-118.31283" tag="30003_ar" title="Burbank Station"/>
  <stop lat="34.19191" lon="-118.33285" stopId="01249" tag="1249" title="Empire / Valpreda"/>
  <stop lat="34.18214" lon="-118.31319" stopId="01326" tag="1326" title="1st / Magnolia"/>
  <stop lat="34.1934499" lon="-118.35441" stopId="01815" tag="1815" title="Burbank Airport South"/>
  <stop lat="34.1919599" lon="-118.3378199" stopId="01817" tag="1817" title="Empire / Buena Vista"/>
  <stop lat="34.19203" lon="-118.34217" stopId="01820" tag="1820" title="Empire / Niagara"/>
  <stop lat="34.1920599" lon="-118.3443799" stopId="01821" tag="1821" title="Empire / Ontario"/>
  <stop lat="34.19287" lon="-118.35165" stopId="03036" tag="3036" title="Empire / Burbank Airport Transit Center"/>
  <stop lat="34.1879999" lon="-118.64256" tag="3043_ar" title="Platt Layover"/>
  <stop lat="34.1832699" lon="-118.3147699" stopId="03326" tag="3326" title="1st / Cypress"/>
  <stop lat="34.18997" lon="-118.32093" stopId="03865" tag="3865" title="San Fernando / Amherst"/>
  <stop lat="34.1882499" lon="-118.3185999" stopId="03866" tag="3866" title="San Fernando / Delaware"/>
  <stop lat="34.18622" lon="-118.31588" stopId="03867" tag="3867" title="San Fernando / Burbank"/>
  <stop lat="34.19173" lon="-118.3251" stopId="03868" tag="3868" title="San Fernando / Grismer"/>
  <stop lat="34.1796299" lon="-118.30977" stopId="04642" tag="4642" title="1st / Olive"/>
  <stop lat="34.1787899" lon="-118.3086299" stopId="06614" tag="6614" title="Ikea / Angeleno"/>
  <stop lat="34.19415" lon="-118.65037" stopId="06831" tag="6831" title="Vanowen / Cleomoore"/>
  <stop lat="34.1932699" lon="-118.63873" stopId="06855" tag="6855" title="Vanowen / Schoolcraft"/>
  <stop lat="34.1938899" lon="-118.60623" stopId="06880" tag="6880" title="Vanowen / Topanga Canyon"/>
  <stop lat="34.19475" lon="-118.6570399" stopId="06885" tag="6885" title="Valley Circle / Vanowen"/>
  <stop lat="34.1869099" lon="-118.64261" stopId="07149" tag="7149" title="Platt / Victory"/>
  <stop lat="34.19193" lon="-118.33562" stopId="10360" tag="10360" title="Empire / Lincoln"/>
  <stop lat="34.19385" lon="-118.6237" stopId="10424" tag="10424" title="Vanowen / Fallbrook"/>
  <stop lat="34.17781" lon="-118.30727" stopId="13101" tag="13101" title="Ikea / Verdugo"/>
  <stop lat="34.1879599" lon="-118.6556" stopId="15106" tag="15106" title="Valley Circle / Hamlin"/>
  <stop lat="34.19004" lon="-118.65624" stopId="15109" tag="15109" title="Valley Circle / Kittridge"/>
  <stop lat="34.19401" lon="-118.5053299" stopId="15179" tag="15179" title="Vanowen / Amestoy"/>
  <stop lat="34.1940299" lon="-118.50144" stopId="15181" tag="15181" title="Vanowen / Balboa"/>
  <stop lat="34.19407" lon="-118.3837199" stopId="15182" tag="15182" title="Vanowen / Beck"/>
  <stop lat="34.19408" lon="-118.4097" stopId="15183" tag="15183" title="Vanowen / Bellaire"/>
  <stop lat="34.1938299" lon="-118.63439" stopId="15184" tag="15184" title="Vanowen / Berquist"/>
  <stop lat="34.1938999" lon="-118.5978099" stopId="15185" tag="15185" title="Vanowen / Canoga"/>
  <stop lat="34.19405" lon="-118.45293" stopId="15186" tag="15186" title="Vanowen / Cedros"/>
  <stop lat="34.19411" lon="-118.3635099" stopId="15188" tag="15188" title="Vanowen / Clybourn"/>
  <stop lat="34.19408" lon="-118.41355" stopId="15189" tag="15189" title="Vanowen / Coldwater Canyon"/>
  <stop lat="34.1939599" lon="-118.56203" stopId="15190" tag="15190" title="Vanowen / Corbin"/>
  <stop lat="34.19403" lon="-118.4948999" stopId="15191" tag="15191" title="Vanowen / De Celis"/>
  <stop lat="34.19391" lon="-118.5887699" stopId="15192" tag="15192" title="Vanowen / De Soto"/>
  <stop lat="34.19401" lon="-118.51454" stopId="15193" tag="15193" title="Vanowen / Encino"/>
  <stop lat="34.19408" lon="-118.4179599" stopId="15194" tag="15194" title="Vanowen / Ethel"/>
  <stop lat="34.19399" lon="-118.53202" stopId="15195" tag="15195" title="Vanowen / Etiwanda"/>
  <stop lat="34.19408" lon="-118.37498" stopId="15196" tag="15196" title="Vanowen / Fair"/>
  <stop lat="34.19389" lon="-118.6106999" stopId="15197" tag="15197" title="Vanowen / Farralone"/>
  <stop lat="34.19403" lon="-118.4987699" stopId="15198" tag="15198" title="Vanowen / Forbes"/>
  <stop lat="34.19408" lon="-118.4227699" stopId="15199" tag="15199" title="Vanowen / Fulton"/>
  <stop lat="34.1940499" lon="-118.47911" stopId="15200" tag="15200" title="Vanowen / Gloria"/>
  <stop lat="34.19407" lon="-118.42558" stopId="15201" tag="15201" title="Vanowen / Greenbush"/>
  <stop lat="34.1940599" lon="-118.4747399" stopId="15202" tag="15202" title="Vanowen / Haskell"/>
  <stop lat="34.19404" lon="-118.4921399" stopId="15203" tag="15203" title="Vanowen / Hayvenhurst"/>
  <stop lat="34.1940699" lon="-118.44032" stopId="15204" tag="15204" title="Vanowen / Hazeltine"/>
  <stop lat="34.1940699" lon="-118.45728" stopId="15205" tag="15205" title="Vanowen / Kester"/>
  <stop lat="34.19407" lon="-118.38807" stopId="15206" tag="15206" title="Vanowen / Lankershim"/>
  <stop lat="34.1940799" lon="-118.3968" stopId="15208" tag="15208" title="Vanowen / Laurel Canyon"/>
  <stop lat="34.19408" lon="-118.4011699" stopId="15209" tag="15209" title="Vanowen / Laurelgrove"/>
  <stop lat="34.19385" lon="-118.6269999" stopId="15211" tag="15211" title="Vanowen / Lena"/>
  <stop lat="34.194" lon="-118.5271399" stopId="15212" tag="15212" title="Vanowen / Lindley"/>
  <stop lat="34.1940199" lon="-118.5096799" stopId="15213" tag="15213" title="Vanowen / Louise"/>
  <stop lat="34.19391" lon="-118.5841799" stopId="15214" tag="15214" title="Vanowen / Lurline"/>
  <stop lat="34.1939199" lon="-118.57947" stopId="15215" tag="15215" title="Vanowen / Mason"/>
  <stop lat="34.19406" lon="-118.46214" stopId="15216" tag="15216" title="Vanowen / Noble"/>
  <stop lat="34.19394" lon="-118.5664199" stopId="15217" tag="15217" title="Vanowen / Oakdale"/>
  <stop lat="34.19405" lon="-118.4703699" stopId="15218" tag="15218" title="Vanowen / Orion"/>
  <stop lat="34.1939299" lon="-118.57517" stopId="15219" tag="15219" title="Vanowen / Oso"/>
  <stop lat="34.1936899" lon="-118.6467999" stopId="15220" tag="15220" title="Vanowen / Peterson"/>
  <stop lat="34.19339" lon="-118.64282" stopId="15221" tag="15221" title="Vanowen / Platt"/>
  <stop lat="34.19407" lon="-118.39244" stopId="15222" tag="15222" title="Vanowen / Radford"/>
  <stop lat="34.19407" lon="-118.4358899" stopId="15223" tag="15223" title="Vanowen / Ranchito"/>
  <stop lat="34.1939899" lon="-118.53638" stopId="15224" tag="15224" title="Vanowen / Reseda"/>
  <stop lat="34.1941" lon="-118.3657399" stopId="15225" tag="15225" title="Vanowen / Riverton"/>
  <stop lat="34.1938599" lon="-118.61837" stopId="15226" tag="15226" title="Vanowen / Sale"/>
  <stop lat="34.1940599" lon="-118.46651" stopId="15228" tag="15228" title="Vanowen / Sepulveda"/>
  <stop lat="34.1947399" lon="-118.6538799" stopId="15229" tag="15229" title="Vanowen / Sheltondale"/>
  <stop lat="34.19396" lon="-118.55771" stopId="15230" tag="15230" title="Vanowen / Shirley"/>
  <stop lat="34.1938699" lon="-118.61442" stopId="15231" tag="15231" title="Vanowen / Shoup"/>
  <stop lat="34.1939799" lon="-118.55326" stopId="15232" tag="15232" title="Vanowen / Tampa"/>
  <stop lat="34.1940799" lon="-118.37884" stopId="15235" tag="15235" title="Vanowen / Tujunga"/>
  <stop lat="34.19406" lon="-118.4446799" stopId="15236" tag="15236" title="Vanowen / Tyrone"/>
  <stop lat="34.1940599" lon="-118.44842" stopId="15237" tag="15237" title="Vanowen / Van Nuys"/>
  <stop lat="34.19398" lon="-118.54896" stopId="15238" tag="15238" title="Vanowen / Vanalden"/>
  <stop lat="34.19391" lon="-118.5931399" stopId="15239" tag="15239" title="Vanowen / Variel"/>
  <stop lat="34.1940899" lon="-118.37002" stopId="15240" tag="15240" title="Vanowen / Vineland"/>
  <stop lat="34.19401" lon="-118.5183499" stopId="15241" tag="15241" title="Vanowen / White Oak"/>
  <stop lat="34.19408" lon="-118.4055299" stopId="15242" tag="15242" title="Vanowen / Whitsett"/>
  <stop lat="34.19398" lon="-118.5445499" stopId="15243" tag="15243" title="Vanowen / Wilbur"/>
  <stop lat="34.19383" lon="-118.63133" stopId="15244" tag="15244" title="Vanowen / Woodlake"/>
  <stop lat="34.19404" lon="-118.4834699" stopId="15245" tag="15245" title="Vanowen / Woodley"/>
  <stop lat="34.19407" lon="-118.43104" stopId="15246" tag="15246" title="Vanowen / Woodman"/>
  <stop lat="34.19399" lon="-118.5402399" stopId="15247" tag="15247" title="Vanowen / Yolanda"/>
  <stop lat="34.194" lon="-118.5227799" stopId="15248" tag="15248" title="Vanowen / Zelzah"/>
  <stop lat="34.18586" lon="-118.6477599" stopId="15490" tag="15490" title="Victory / Lockhurst"/>
  <stop lat="34.18506" lon="-118.6516199" stopId="15505" tag="15505" title="Victory / Sheltondale"/>
  <stop lat="34.1845099" lon="-118.65554" stopId="15513" tag="15513" title="Victory / Valley Circle"/>
  <stop lat="34.1925299" lon="-118.3496699" stopId="20438" tag="20438" title="Empire / Hollywood Way"/>
  <stop lat="34.1939399" lon="-118.5713" stopId="20439" tag="20439" title="Vanowen / Winnetka"/>
  <stop lat="34.19389" lon="-118.60188" stopId="20440" tag="20440" title="Vanowen / Owensmouth"/>
  <stop lat="34.1792899" lon="-118.31283" stopId="30003" tag="30003" title="Burbank Station"/>
  <direction name="East" tag="165_199_0" title="East to Burbank Station" useForUI="true">
   <stop tag="3043"/>
   <stop tag="6867"/>
   <stop tag="15210"/>
   <stop tag="6828"/>
   <stop tag="6894"/>
   <stop tag="6856"/>
   <stop tag="6840"/>
   <stop tag="6872"/>
   <stop tag="6877"/>
   <stop tag="6842"/>
   <stop tag="6879"/>
   <stop tag="20072"/>
   <stop tag="20339"/>
   <stop tag="6829"/>
   <stop tag="6835"/>
   <stop tag="6859"/>
   <stop tag="6860"/>
   <stop tag="6865"/>
   <stop tag="6893"/>
   <stop tag="6863"/>
   <stop tag="6833"/>
   <stop tag="6876"/>
   <stop tag="6878"/>
   <stop tag="6888"/>
   <stop tag="6892"/>
   <stop tag="6897"/>
   <stop tag="6870"/>
   <stop tag="6838"/>
   <stop tag="6857"/>
   <stop tag="6898"/>
   <stop tag="16571"/>
   <stop tag="6836"/>
   <stop tag="6858"/>
   <stop tag="6824"/>
   <stop tag="6825"/>
   <stop tag="6843"/>
   <stop tag="6834"/>
   <stop tag="6848"/>
   <stop tag="6895"/>
   <stop tag="6845"/>
   <stop tag="6847"/>
   <stop tag="6864"/>
   <stop tag="6874"/>
   <stop tag="6862"/>
   <stop tag="6850"/>
   <stop tag="6830"/>
   <stop tag="6887"/>
   <stop tag="6883"/>
   <stop tag="6849"/>
   <stop tag="6869"/>
   <stop tag="6896"/>
   <stop tag="6846"/>
   <stop tag="6844"/>
   <stop tag="6837"/>
   <stop tag="6832"/>
   <stop tag="6827"/>
   <stop tag="6891"/>
   <stop tag="6854"/>
   <stop tag="6853"/>
   <stop tag="6868"/>
   <stop tag="6851"/>
   <stop tag="6826"/>
   <stop tag="6882"/>
   <stop tag="6839"/>
   <stop tag="6889"/>
   <stop tag="6871"/>
   <stop tag="732"/>
   <stop tag="10359"/>
   <stop tag="3035"/>
   <stop tag="20344"/>
   <stop tag="10363"/>
   <stop tag="10362"/>
   <stop tag="10361"/>
   <stop tag="1816"/>
   <stop tag="4635"/>
   <stop tag="12346"/>
   <stop tag="12348"/>
   <stop tag="12343"/>
   <stop tag="12349"/>
   <stop tag="11811"/>
   <stop tag="11812"/>
   <stop tag="11813"/>
   <stop tag="4639"/>
   <stop tag="1682"/>
   <stop tag="30003_ar"/>
  </direction>
  <direction name="West" tag="165_198_1" title="West to West Hills" useForUI="true">
   <stop tag="30003"/>
   <stop tag="13101"/>
   <stop tag="6614"/>
   <stop tag="4642"/>
   <stop tag="1326"/>
   <stop tag="3326"/>
   <stop tag="3867"/>
   <stop tag="3866"/>
   <stop tag="3865"/>
   <stop tag="3868"/>
   <stop tag="1249"/>
   <stop tag="10360"/>
   <stop tag="1817"/>
   <stop tag="1820"/>
   <stop tag="1821"/>
   <stop tag="20438"/>
   <stop tag="3036"/>
   <stop tag="1815"/>
   <stop tag="15188"/>
   <stop tag="15225"/>
   <stop tag="15240"/>
   <stop tag="15196"/>
   <stop tag="15235"/>
   <stop tag="15182"/>
   <stop tag="15206"/>
   <stop tag="15222"/>
   <stop tag="15208"/>
   <stop tag="15209"/>
   <stop tag="15242"/>
   <stop tag="15183"/>
   <stop tag="15189"/>
   <stop tag="15194"/>
   <stop tag="15199"/>
   <stop tag="15201"/>
   <stop tag="15246"/>
   <stop tag="15223"/>
   <stop tag="15204"/>
   <stop tag="15236"/>
   <stop tag="15237"/>
   <stop tag="15186"/>
   <stop tag="15205"/>
   <stop tag="15216"/>
   <stop tag="15228"/>
   <stop tag="15218"/>
   <stop tag="15202"/>
   <stop tag="15200"/>
   <stop tag="15245"/>
   <stop tag="15203"/>
   <stop tag="15191"/>
   <stop tag="15198"/>
   <stop tag="15181"/>
   <stop tag="15179"/>
   <stop tag="15213"/>
   <stop tag="15193"/>
   <stop tag="15241"/>
   <stop tag="15248"/>
   <stop tag="15212"/>
   <stop tag="15195"/>
   <stop tag="15224"/>
   <stop tag="15247"/>
   <stop tag="15243"/>
   <stop tag="15238"/>
   <stop tag="15232"/>
   <stop tag="15230"/>
   <stop tag="15190"/>
   <stop tag="15217"/>
   <stop tag="20439"/>
   <stop tag="15219"/>
   <stop tag="15215"/>
   <stop tag="15214"/>
   <stop tag="15192"/>
   <stop tag="15239"/>
   <stop tag="15185"/>
   <stop tag="20440"/>
   <stop tag="6880"/>
   <stop tag="15197"/>
   <stop tag="15231"/>
   <stop tag="15226"/>
   <stop tag="10424"/>
   <stop tag="15211"/>
   <stop tag="15244"/>
   <stop tag="15184"/>
   <stop tag="6855"/>
   <stop tag="15221"/>
   <stop tag="15220"/>
   <stop tag="6831"/>
   <stop tag="15229"/>
   <stop tag="6885"/>
   <stop tag="15109"/>
   <stop tag="15106"/>
   <stop tag="15513"/>
   <stop tag="15505"/>
   <stop tag="15490"/>
   <stop tag="7149"/>
   <stop tag="3043_ar"/>
  </direction>
  <path>
   <point lat="34.19406" lon="-118.44842"/>
   <point lat="34.19405" lon="-118.45293"/>
   <point lat="34.19407" lon="-118.45728"/>
   <point lat="34.19406" lon="-118.46214"/>
   <point lat="34.19406" lon="-118.46651"/>
   <point lat="34.19405" lon="-118.47037"/>
   <point lat="34.19406" lon="-118.47474"/>
   <point lat="34.19405" lon="-118.47911"/>
   <point lat="34.19404" lon="-118.48347"/>
   <point lat="34.19404" lon="-118.49214"/>
   <point lat="34.19403" lon="-118.4949"/>
   <point lat="34.19403" lon="-118.49877"/>
   <point lat="34.19403" lon="-118.50144"/>
  </path>
  <path>
   <point lat="34.19377" lon="-118.50136"/>
   <point lat="34.19377" lon="-118.49909"/>
   <point lat="34.1937799" lon="-118.49474"/>
   <point lat="34.1937799" lon="-118.49204"/>
   <point lat="34.19379" lon="-118.4838"/>
   <point lat="34.19379" lon="-118.47944"/>
   <point lat="34.1938" lon="-118.47458"/>
   <point lat="34.1938" lon="-118.4707"/>
   <point lat="34.19381" lon="-118.46644"/>
   <point lat="34.19381" lon="-118.46171"/>
   <point lat="34.19382" lon="-118.45761"/>
   <point lat="34.1938" lon="-118.45325"/>
   <point lat="34.19381" lon="-118.44884"/>
  </path>
  <path>
   <point lat="34.19382" lon="-118.39663"/>
   <point lat="34.19382" lon="-118.39178"/>
   <point lat="34.19382" lon="-118.38791"/>
   <point lat="34.19382" lon="-118.38306"/>
   <point lat="34.19383" lon="-118.37867"/>
   <point lat="34.19396" lon="-118.37465"/>
   <point lat="34.19383" lon="-118.37432"/>
   <point lat="34.19383" lon="-118.36995"/>
   <point lat="34.19384" lon="-118.36607"/>
   <point lat="34.19385" lon="-118.36384"/>
   <point lat="34.19398" lon="-118.36161"/>
   <point lat="34.19398" lon="-118.36122"/>
   <point lat="34.19414" lon="-118.36115"/>
   <point lat="34.19436" lon="-118.36108"/>
   <point lat="34.1945" lon="-118.36103"/>
   <point lat="34.19454" lon="-118.36102"/>
   <point lat="34.1946" lon="-118.36098"/>
   <point lat="34.1946299" lon="-118.36093"/>
   <point lat="34.19461" lon="-118.36065"/>
   <point lat="34.19459" lon="-118.36056"/>
   <point lat="34.19455" lon="-118.36042"/>
   <point lat="34.19449" lon="-118.36026"/>
   <point lat="34.19314" lon="-118.35414"/>
  </path>
  <path>
   <point lat="34.19381" lon="-118.44884"/>
   <point lat="34.19381" lon="-118.44452"/>
   <point lat="34.19382" lon="-118.43966"/>
   <point lat="34.19382" lon="-118.43531"/>
   <point lat="34.19382" lon="-118.43087"/>
   <point lat="34.19382" lon="-118.42591"/>
   <point lat="34.19383" lon="-118.42265"/>
   <point lat="34.19382" lon="-118.41829"/>
   <point lat="34.19382" lon="-118.41342"/>
   <point lat="34.19383" lon="-118.40904"/>
   <point lat="34.19383" lon="-118.40487"/>
   <point lat="34.19383" lon="-118.401"/>
   <point lat="34.19382" lon="-118.39663"/>
  </path>
  <path>
   <point lat="34.17929" lon="-118.31283"/>
   <point lat="34.17864" lon="-118.3119"/>
   <point lat="34.17862" lon="-118.31182"/>
   <point lat="34.17863" lon="-118.31173"/>
   <point lat="34.1786699" lon="-118.31166"/>
   <point lat="34.17873" lon="-118.31155"/>
   <point lat="34.17851" lon="-118.31127"/>
   <point lat="34.17806" lon="-118.31063"/>
   <point lat="34.17643" lon="-118.30843"/>
   <point lat="34.17639" lon="-118.30834"/>
   <point lat="34.17638" lon="-118.3082"/>
   <point lat="34.17648" lon="-118.3079"/>
   <point lat="34.17663" lon="-118.30774"/>
   <point lat="34.17744" lon="-118.30692"/>
   <point lat="34.17781" lon="-118.30727"/>
   <point lat="34.17879" lon="-118.30863"/>
   <point lat="34.17963" lon="-118.30977"/>
  </path>
  <path>
   <point lat="34.19408" lon="-118.3968"/>
   <point lat="34.19408" lon="-118.40117"/>
   <point lat="34.19408" lon="-118.40553"/>
   <point lat="34.19408" lon="-118.4097"/>
   <point lat="34.19408" lon="-118.41355"/>
   <point lat="34.19408" lon="-118.41796"/>
   <point lat="34.19408" lon="-118.42277"/>
   <point lat="34.19407" lon="-118.42558"/>
   <point lat="34.19407" lon="-118.43104"/>
   <point lat="34.19407" lon="-118.43589"/>
   <point lat="34.19407" lon="-118.44032"/>
   <point lat="34.19406" lon="-118.44468"/>
   <point lat="34.19406" lon="-118.44842"/>
  </path>
  <path>
   <point lat="34.19345" lon="-118.35441"/>
   <point lat="34.19449" lon="-118.36026"/>
   <point lat="34.19455" lon="-118.36042"/>
   <point lat="34.19459" lon="-118.36056"/>
   <point lat="34.19461" lon="-118.36065"/>
   <point lat="34.1946299" lon="-118.3609"/>
   <point lat="34.19462" lon="-118.36096"/>
   <point lat="34.19454" lon="-118.36102"/>
   <point lat="34.1945" lon="-118.36103"/>
   <point lat="34.19436" lon="-118.36108"/>
   <point lat="34.19414" lon="-118.36115"/>
   <point lat="34.19411" lon="-118.36351"/>
   <point lat="34.1941" lon="-118.36574"/>
   <point lat="34.19409" lon="-118.37002"/>
   <point lat="34.19396" lon="-118.37465"/>
   <point lat="34.19408" lon="-118.37498"/>
   <point lat="34.19408" lon="-118.37884"/>
   <point lat="34.19407" lon="-118.38372"/>
   <point lat="34.19407" lon="-118.38807"/>
   <point lat="34.19407" lon="-118.39244"/>
   <point lat="34.19408" lon="-118.3968"/>
  </path>
  <path>
   <point lat="34.19399" lon="-118.53638"/>
   <point lat="34.19399" lon="-118.54024"/>
   <point lat="34.19398" lon="-118.54455"/>
   <point lat="34.19398" lon="-118.54896"/>
   <point lat="34.19398" lon="-118.55326"/>
   <point lat="34.19396" lon="-118.55771"/>
   <point lat="34.19396" lon="-118.56203"/>
   <point lat="34.19394" lon="-118.56642"/>
   <point lat="34.19394" lon="-118.5713"/>
   <point lat="34.19393" lon="-118.57517"/>
   <point lat="34.19392" lon="-118.57947"/>
   <point lat="34.19391" lon="-118.58418"/>
   <point lat="34.19391" lon="-118.58877"/>
   <point lat="34.19391" lon="-118.59314"/>
   <point lat="34.1937799" lon="-118.59718"/>
   <point lat="34.19377" lon="-118.59748"/>
   <point lat="34.1939" lon="-118.59781"/>
   <point lat="34.19389" lon="-118.60188"/>
   <point lat="34.19389" lon="-118.60623"/>
  </path>
  <path>
   <point lat="34.17963" lon="-118.30977"/>
   <point lat="34.18181" lon="-118.31286"/>
   <point lat="34.1821399" lon="-118.31319"/>
   <point lat="34.18327" lon="-118.31477"/>
   <point lat="34.18438" lon="-118.31554"/>
   <point lat="34.1845" lon="-118.31562"/>
   <point lat="34.18463" lon="-118.31567"/>
   <point lat="34.18472" lon="-118.31568"/>
   <point lat="34.18488" lon="-118.31567"/>
   <point lat="34.1854299" lon="-118.31524"/>
   <point lat="34.18556" lon="-118.31511"/>
   <point lat="34.18622" lon="-118.31588"/>
   <point lat="34.1882499" lon="-118.3186"/>
   <point lat="34.18997" lon="-118.32093"/>
   <point lat="34.19127" lon="-118.3229"/>
   <point lat="34.19139" lon="-118.32305"/>
   <point lat="34.19145" lon="-118.32314"/>
   <point lat="34.19154" lon="-118.3233"/>
   <point lat="34.19159" lon="-118.32342"/>
   <point lat="34.1916" lon="-118.32347"/>
   <point lat="34.19162" lon="-118.3236"/>
   <point lat="34.19173" lon="-118.3251"/>
   <point lat="34.19173" lon="-118.32812"/>
   <point lat="34.1917199" lon="-118.32924"/>
   <point lat="34.19191" lon="-118.33285"/>
   <point lat="34.19193" lon="-118.33562"/>
   <point lat="34.19196" lon="-118.33782"/>
   <point lat="34.19203" lon="-118.34217"/>
   <point lat="34.19206" lon="-118.34438"/>
   <point lat="34.19202" lon="-118.34719"/>
   <point lat="34.19221" lon="-118.34831"/>
   <point lat="34.19253" lon="-118.34967"/>
   <point lat="34.19287" lon="-118.35165"/>
   <point lat="34.19345" lon="-118.35441"/>
  </path>
  <path>
   <point lat="34.19403" lon="-118.50144"/>
   <point lat="34.19401" lon="-118.50533"/>
   <point lat="34.19402" lon="-118.50968"/>
   <point lat="34.19401" lon="-118.51454"/>
   <point lat="34.19401" lon="-118.51835"/>
   <point lat="34.194" lon="-118.52278"/>
   <point lat="34.194" lon="-118.52714"/>
   <point lat="34.19399" lon="-118.53202"/>
   <point lat="34.19399" lon="-118.53638"/>
  </path>
  <path>
   <point lat="34.19314" lon="-118.35414"/>
   <point lat="34.1926599" lon="-118.35168"/>
   <point lat="34.19215" lon="-118.34867"/>
   <point lat="34.19202" lon="-118.34719"/>
   <point lat="34.19184" lon="-118.34312"/>
   <point lat="34.19182" lon="-118.34144"/>
   <point lat="34.19177" lon="-118.33816"/>
   <point lat="34.19174" lon="-118.33595"/>
   <point lat="34.19171" lon="-118.33271"/>
   <point lat="34.1917199" lon="-118.32924"/>
   <point lat="34.19173" lon="-118.32812"/>
   <point lat="34.19153" lon="-118.32543"/>
   <point lat="34.19162" lon="-118.3236"/>
   <point lat="34.1916" lon="-118.32347"/>
   <point lat="34.19159" lon="-118.32342"/>
   <point lat="34.19154" lon="-118.3233"/>
   <point lat="34.19145" lon="-118.32314"/>
   <point lat="34.19139" lon="-118.32305"/>
   <point lat="34.19127" lon="-118.3229"/>
   <point lat="34.19023" lon="-118.32166"/>
   <point lat="34.18998" lon="-118.32114"/>
   <point lat="34.18801" lon="-118.31863"/>
   <point lat="34.18602" lon="-118.31587"/>
   <point lat="34.18556" lon="-118.31511"/>
   <point lat="34.1854299" lon="-118.31524"/>
   <point lat="34.18524" lon="-118.31544"/>
   <point lat="34.1834599" lon="-118.31514"/>
   <point lat="34.1819" lon="-118.31299"/>
   <point lat="34.1815799" lon="-118.31267"/>
   <point lat="34.17948" lon="-118.30981"/>
  </path>
  <path>
   <point lat="34.19345" lon="-118.35441"/>
   <point lat="34.19449" lon="-118.36026"/>
   <point lat="34.19455" lon="-118.36042"/>
   <point lat="34.19459" lon="-118.36056"/>
   <point lat="34.19461" lon="-118.36065"/>
   <point lat="34.1946299" lon="-118.3609"/>
   <point lat="34.19462" lon="-118.36096"/>
   <point lat="34.19454" lon="-118.36102"/>
   <point lat="34.1945" lon="-118.36103"/>
   <point lat="34.19436" lon="-118.36108"/>
   <point lat="34.19414" lon="-118.36115"/>
   <point lat="34.19398" lon="-118.36122"/>
   <point lat="34.19411" lon="-118.36351"/>
   <point lat="34.1941" lon="-118.36574"/>
   <point lat="34.19409" lon="-118.37002"/>
   <point lat="34.19396" lon="-118.37465"/>
   <point lat="34.19408" lon="-118.37498"/>
   <point lat="34.19408" lon="-118.37884"/>
   <point lat="34.19407" lon="-118.38372"/>
   <point lat="34.19407" lon="-118.38807"/>
   <point lat="34.19407" lon="-118.39244"/>
   <point lat="34.19408" lon="-118.3968"/>
  </path>
  <path>
   <point lat="34.18451" lon="-118.65554"/>
   <point lat="34.18463" lon="-118.65444"/>
   <point lat="34.18506" lon="-118.65162"/>
   <point lat="34.18586" lon="-118.64776"/>
   <point lat="34.18665" lon="-118.64394"/>
   <point lat="34.18691" lon="-118.64261"/>
   <point lat="34.188" lon="-118.64256"/>
  </path>
  <path>
   <point lat="34.19362" lon="-118.60555"/>
   <point lat="34.19364" lon="-118.60206"/>
   <point lat="34.19377" lon="-118.59748"/>
   <point lat="34.1937799" lon="-118.59718"/>
   <point lat="34.19364" lon="-118.59674"/>
   <point lat="34.19365" lon="-118.59256"/>
   <point lat="34.19366" lon="-118.5881"/>
   <point lat="34.19366" lon="-118.58401"/>
   <point lat="34.19367" lon="-118.57986"/>
   <point lat="34.19368" lon="-118.575"/>
   <point lat="34.19368" lon="-118.57064"/>
   <point lat="34.1936899" lon="-118.56675"/>
   <point lat="34.19371" lon="-118.56193"/>
   <point lat="34.19371" lon="-118.55804"/>
   <point lat="34.19372" lon="-118.55316"/>
   <point lat="34.19373" lon="-118.5488"/>
   <point lat="34.19372" lon="-118.54494"/>
   <point lat="34.19374" lon="-118.54057"/>
   <point lat="34.19373" lon="-118.53571"/>
  </path>
  <path>
   <point lat="34.19401" lon="-118.50533"/>
   <point lat="34.19402" lon="-118.50968"/>
   <point lat="34.19401" lon="-118.51454"/>
   <point lat="34.19401" lon="-118.51835"/>
   <point lat="34.194" lon="-118.52278"/>
   <point lat="34.194" lon="-118.52714"/>
   <point lat="34.19399" lon="-118.53202"/>
   <point lat="34.19399" lon="-118.53638"/>
  </path>
  <path>
   <point lat="34.19389" lon="-118.60623"/>
   <point lat="34.19389" lon="-118.6107"/>
   <point lat="34.1938699" lon="-118.61442"/>
   <point lat="34.19386" lon="-118.61837"/>
   <point lat="34.19373" lon="-118.62337"/>
   <point lat="34.19385" lon="-118.6237"/>
   <point lat="34.19385" lon="-118.627"/>
   <point lat="34.19383" lon="-118.63133"/>
   <point lat="34.19371" lon="-118.63342"/>
   <point lat="34.19383" lon="-118.63439"/>
   <point lat="34.19362" lon="-118.63574"/>
   <point lat="34.19316" lon="-118.63772"/>
   <point lat="34.19327" lon="-118.63873"/>
   <point lat="34.19319" lon="-118.64027"/>
   <point lat="34.19339" lon="-118.64282"/>
   <point lat="34.19353" lon="-118.64649"/>
   <point lat="34.1936899" lon="-118.6468"/>
   <point lat="34.19397" lon="-118.65007"/>
   <point lat="34.19415" lon="-118.65037"/>
   <point lat="34.19474" lon="-118.65388"/>
   <point lat="34.19492" lon="-118.65575"/>
   <point lat="34.19475" lon="-118.65704"/>
   <point lat="34.19286" lon="-118.65714"/>
   <point lat="34.19259" lon="-118.65714"/>
   <point lat="34.1919899" lon="-118.6571"/>
   <point lat="34.19188" lon="-118.65708"/>
   <point lat="34.19161" lon="-118.65699"/>
   <point lat="34.1913399" lon="-118.65687"/>
   <point lat="34.19034" lon="-118.65626"/>
   <point lat="34.19004" lon="-118.65624"/>
   <point lat="34.18951" lon="-118.65575"/>
   <point lat="34.18903" lon="-118.65553"/>
   <point lat="34.18879" lon="-118.65546"/>
   <point lat="34.18867" lon="-118.65544"/>
   <point lat="34.18847" lon="-118.65542"/>
   <point lat="34.1879599" lon="-118.6556"/>
   <point lat="34.18641" lon="-118.65563"/>
   <point lat="34.18451" lon="-118.65554"/>
  </path>
  <path>
   <point lat="34.17948" lon="-118.30981"/>
   <point lat="34.17869" lon="-118.30874"/>
   <point lat="34.17744" lon="-118.30692"/>
   <point lat="34.17722" lon="-118.30742"/>
   <point lat="34.17663" lon="-118.30774"/>
   <point lat="34.17648" lon="-118.3079"/>
   <point lat="34.17638" lon="-118.3082"/>
   <point lat="34.17639" lon="-118.30834"/>
   <point lat="34.17643" lon="-118.30843"/>
   <point lat="34.17806" lon="-118.31063"/>
   <point lat="34.17851" lon="-118.31127"/>
   <point lat="34.1799899" lon="-118.31323"/>
   <point lat="34.17991" lon="-118.31336"/>
   <point lat="34.17988" lon="-118.31339"/>
   <point lat="34.17984" lon="-118.3134"/>
   <point lat="34.17981" lon="-118.31339"/>
   <point lat="34.17976" lon="-118.31338"/>
   <point lat="34.17929" lon="-118.31283"/>
  </path>
  <path>
   <point lat="34.19376" lon="-118.50566"/>
   <point lat="34.19377" lon="-118.50136"/>
  </path>
  <path>
   <point lat="34.19389" lon="-118.60623"/>
   <point lat="34.19389" lon="-118.6107"/>
   <point lat="34.1938699" lon="-118.61442"/>
   <point lat="34.19386" lon="-118.61837"/>
   <point lat="34.19373" lon="-118.62337"/>
   <point lat="34.19385" lon="-118.6237"/>
   <point lat="34.19385" lon="-118.627"/>
   <point lat="34.19383" lon="-118.63133"/>
   <point lat="34.19383" lon="-118.63439"/>
   <point lat="34.19362" lon="-118.63574"/>
   <point lat="34.19327" lon="-118.63873"/>
   <point lat="34.19319" lon="-118.64027"/>
   <point lat="34.19339" lon="-118.64282"/>
   <point lat="34.19353" lon="-118.64649"/>
   <point lat="34.1936899" lon="-118.6468"/>
   <point lat="34.19397" lon="-118.65007"/>
   <point lat="34.19415" lon="-118.65037"/>
   <point lat="34.19474" lon="-118.65388"/>
   <point lat="34.19492" lon="-118.65575"/>
   <point lat="34.19475" lon="-118.65704"/>
   <point lat="34.19286" lon="-118.65714"/>
   <point lat="34.19259" lon="-118.65714"/>
   <point lat="34.1919899" lon="-118.6571"/>
   <point lat="34.19188" lon="-118.65708"/>
   <point lat="34.19161" lon="-118.65699"/>
   <point lat="34.1913399" lon="-118.65687"/>
   <point lat="34.19034" lon="-118.65626"/>
   <point lat="34.19004" lon="-118.65624"/>
   <point lat="34.18951" lon="-118.65575"/>
   <point lat="34.18903" lon="-118.65553"/>
   <point lat="34.18879" lon="-118.65546"/>
   <point lat="34.18867" lon="-118.65544"/>
   <point lat="34.18847" lon="-118.65542"/>
   <point lat="34.1879599" lon="-118.6556"/>
   <point lat="34.18641" lon="-118.65563"/>
   <point lat="34.18451" lon="-118.65554"/>
  </path>
  <path>
   <point lat="34.1936" lon="-118.62364"/>
   <point lat="34.19373" lon="-118.62337"/>
   <point lat="34.19361" lon="-118.6187"/>
   <point lat="34.19362" lon="-118.61482"/>
   <point lat="34.19364" lon="-118.61053"/>
   <point lat="34.19362" lon="-118.60555"/>
  </path>
  <path>
   <point lat="34.17963" lon="-118.30977"/>
   <point lat="34.18181" lon="-118.31286"/>
   <point lat="34.1821399" lon="-118.31319"/>
   <point lat="34.18327" lon="-118.31477"/>
   <point lat="34.18438" lon="-118.31554"/>
   <point lat="34.1845" lon="-118.31562"/>
   <point lat="34.18463" lon="-118.31567"/>
   <point lat="34.18472" lon="-118.31568"/>
   <point lat="34.18488" lon="-118.31567"/>
   <point lat="34.1854299" lon="-118.31524"/>
   <point lat="34.18556" lon="-118.31511"/>
   <point lat="34.18622" lon="-118.31588"/>
   <point lat="34.1882499" lon="-118.3186"/>
   <point lat="34.18997" lon="-118.32093"/>
   <point lat="34.19127" lon="-118.3229"/>
   <point lat="34.19139" lon="-118.32305"/>
   <point lat="34.19145" lon="-118.32314"/>
   <point lat="34.19154" lon="-118.3233"/>
   <point lat="34.19159" lon="-118.32342"/>
   <point lat="34.1916" lon="-118.32347"/>
   <point lat="34.19162" lon="-118.3236"/>
   <point lat="34.19173" lon="-118.3251"/>
   <point lat="34.19173" lon="-118.32812"/>
   <point lat="34.19191" lon="-118.33285"/>
   <point lat="34.19193" lon="-118.33562"/>
   <point lat="34.19196" lon="-118.33782"/>
   <point lat="34.19203" lon="-118.34217"/>
   <point lat="34.19206" lon="-118.34438"/>
   <point lat="34.19202" lon="-118.34719"/>
   <point lat="34.19221" lon="-118.34831"/>
   <point lat="34.19253" lon="-118.34967"/>
   <point lat="34.19287" lon="-118.35165"/>
   <point lat="34.19345" lon="-118.35441"/>
  </path>
  <path>
   <point lat="34.19373" lon="-118.53571"/>
   <point lat="34.19374" lon="-118.53185"/>
   <point lat="34.19374" lon="-118.52747"/>
   <point lat="34.19375" lon="-118.52311"/>
   <point lat="34.19376" lon="-118.51874"/>
   <point lat="34.19376" lon="-118.51437"/>
   <point lat="34.19377" lon="-118.51001"/>
   <point lat="34.19376" lon="-118.50566"/>
   <point lat="34.19377" lon="-118.50136"/>
  </path>
  <path>
   <point lat="34.188" lon="-118.64256"/>
   <point lat="34.19325" lon="-118.64249"/>
   <point lat="34.19312" lon="-118.64217"/>
   <point lat="34.19319" lon="-118.64027"/>
   <point lat="34.19303" lon="-118.63907"/>
   <point lat="34.19316" lon="-118.63772"/>
   <point lat="34.19362" lon="-118.63574"/>
   <point lat="34.19358" lon="-118.63472"/>
   <point lat="34.19371" lon="-118.63342"/>
   <point lat="34.19358" lon="-118.63166"/>
   <point lat="34.1936" lon="-118.62734"/>
   <point lat="34.1936" lon="-118.62364"/>
  </path>
  <path>
   <point lat="34.19399" lon="-118.53638"/>
   <point lat="34.19399" lon="-118.54024"/>
   <point lat="34.19398" lon="-118.54455"/>
   <point lat="34.19398" lon="-118.54896"/>
   <point lat="34.19398" lon="-118.55326"/>
   <point lat="34.19396" lon="-118.55771"/>
   <point lat="34.19396" lon="-118.56203"/>
   <point lat="34.19394" lon="-118.56642"/>
   <point lat="34.19394" lon="-118.5713"/>
   <point lat="34.19393" lon="-118.57517"/>
   <point lat="34.19392" lon="-118.57947"/>
   <point lat="34.19391" lon="-118.58418"/>
   <point lat="34.19391" lon="-118.58877"/>
   <point lat="34.19391" lon="-118.59314"/>
   <point lat="34.1937799" lon="-118.59718"/>
   <point lat="34.1939" lon="-118.59781"/>
   <point lat="34.19389" lon="-118.60188"/>
   <point lat="34.19389" lon="-118.60623"/>
  </path>
 </route>
</body>