<?xml version="1.0" encoding="utf-8"?>
<body copyright="All data copyright Los Angeles Metro 2022.">
 <route tag="2" title="2 Westwood - Exposition Park Via Sunse"/>
 <route tag="4" title="4 Downtown LA - Santa Monica Via Santa"/>
 <route tag="10" title="10 W Hollywood-Dtwn LA -Avalon Sta Via"/>
 <route tag="14" title="14 Cedar Sinai-Dtwn LA-Wash/Fairfax Via"/>
 <route tag="16" title="16 Downtown LA - West Hollywood Via Wes"/>
 <route tag="18" title="18 Wilshire Western Sta-Montebello Via"/>
 <route tag="20" title="20 Downtown LA - Santa Monica Via Wilsh"/>
 <route tag="28" title="28 Century City-Dtw LA-Via Olympic"/>
 <route tag="30" title="30 Pico Rimpau - Dtwn LA - Indiana Sta"/>
 <route tag="33" title="33 Downtown LA - Santa Monica Via Venic"/>
 <route tag="35" title="35 Downtown LA- WLA Via Washington Bl &amp;"/>
 <route tag="37" title="37 Cedar Sinai-Dtwn LA-Wash/Fairfax Via"/>
 <route tag="38" title="38 Downtown LA- WLA Via Washington Bl &amp;"/>
 <route tag="40" title="40 Downtown LA-Sbay Galleria Via King B"/>
 <route tag="45" title="45 Lincoln Heights-Dtwn LA-Harbr Fwy St"/>
 <route tag="48" title="48 W Hollywood-Dtwn LA -Avalon Sta Via"/>
 <route tag="51" title="51 Westlake/McArthur Pk Sta-Dtwn LA-Csu"/>
 <route tag="53" title="53 Downtown LA - Csu Domiguez Hills Via"/>
 <route tag="55" title="55 Downtown LA - Willowbrook Sta Via Co"/>
 <route tag="60" title="60 Downtown LA - Artesia Station Via Lo"/>
 <route tag="62" title="62 Downtown LA - Hawaiian Gardens Via T"/>
 <route tag="66" title="66 Wilshire Ctr-Dtwn LA-Montebello Via"/>
 <route tag="70" title="70 Downtown LA - El Monte Via Cesar Cha"/>
 <route tag="76" title="76 Downtown LA - El Monte Via Valley Bl"/>
 <route tag="78" title="78 Downtown LA - South Arcadia Via Main"/>
 <route tag="81" title="81 Eagle Rock- Dwntwn LA- Harbor Fwy St"/>
 <route tag="90" title="90 Dtla - Noho Sta Via Vineland-Foothil"/>
 <route tag="92" title="92 Dwntwn LA- Sylmar Sta Via Glendale -"/>
 <route tag="94" title="94 Dtwn LA - Noho Sta Via San Fernando"/>
 <route tag="96" title="96 Dtwn LA- Burbank Sta Via Griffith Pk"/>
 <route tag="102" title="102 LAX Cty Bus Ctr - S Gate Via LA Tije"/>
 <route tag="105" title="105 W Hollywood - Vernon Via La Cienega"/>
 <route tag="106" title="106 Montebello - Monterey Park Via 1st-G"/>
 <route tag="108" title="108 Marina Del Rey - Pico Rivera Via Sla"/>
 <route tag="110" title="110 Playa Vista- Bell Gardens Via Jeffer"/>
 <route tag="111" title="111 LAX City Bus Ctr - Norwalk Sta Via F"/>
 <route tag="115" title="115 Playa Del Rey - Norwalk Via Manchest"/>
 <route tag="117" title="117 LAX Cty Bus Ctr-Downey Via Century B"/>
 <route tag="120" title="120 Aviation/LAX Sta- Whittwood Ctr Via"/>
 <route tag="125" title="125 El Segundo - Norwalk Station Via Ros"/>
 <route tag="127" title="127 Harbor Fwy Sta - Downey Via Compton"/>
 <route tag="128" title="128 Compton Sta - Cerritos Towne Center"/>
 <route tag="130" title="130 Artesia Sta - Los Cerritos Center Vi"/>
 <route tag="150" title="150 Chatsworth Sta - Encino Via Topanga"/>
 <route tag="152" title="152 Canoga Park - N Hollywood Sta Via Ro"/>
 <route tag="154" title="154 Van Nuys - Burbank Sta Via Oxnard St"/>
 <route tag="155" title="155 N. Hollywood Sta- Burbank Sta Via Ri"/>
 <route tag="158" title="158 Chatsworth Sta-Sherman Oaks Via Devo"/>
 <route tag="161" title="161 Thousand Oaks -Agoura Hills -Calabas"/>
 <route tag="162" title="162 Woodland Hills - N Hollywood Sta Via"/>
 <route tag="164" title="164 West Hills - Burbank Via Victory Bl"/>
 <route tag="165" title="165 West Hills - Burbank Via Vanowen St"/>
 <route tag="166" title="166 Chatsworth Sta -Sun Valley Via Nordh"/>
 <route tag="167" title="167 Chatsworth Sta-Studio Cty-Csun Via P"/>
 <route tag="169" title="169 Warner Ctr-Burbank Airpt Via Valley"/>
 <route tag="177" title="177 JPL - Pasadena"/>
 <route tag="179" title="179 Rose Hill Transit Ctr - Arcadia Via"/>
 <route tag="180" title="180 Hollywood-Glendale-Pasadena Via Los"/>
 <route tag="182" title="182 Rose Hill Tc - E Hollywood Via Figue"/>
 <route tag="202" title="202 Willowbrook Sta - Del Amo Sta Via Wi"/>
 <route tag="204" title="204 Hollywood -Athens Via Vermont Av"/>
 <route tag="205" title="205 Willowbrook Sta-San Pedro Via Wilmgt"/>
 <route tag="206" title="206 Hollywood - Athens Via Normandie Av"/>
 <route tag="207" title="207 Hollywood - Crenshaw Sta Via Western"/>
 <route tag="209" title="209 Expo/Crenshaw Sta- Gardena Via Arln"/>
 <route tag="210" title="210 Hllywd Vine Sta - So Bay Galeria Via"/>
 <route tag="211" title="211 Inglewood-South Bay Galleria Via Pra"/>
 <route tag="212" title="212 Hllywd/Vine Sta - Hawthorne/Lennox S"/>
 <route tag="215" title="215 Inglewood-South Bay Galleria Via Pra"/>
 <route tag="217" title="217 E Hollywood - La Cienega Sta Via Hol"/>
 <route tag="218" title="218 Studio Cty-Cedars Sinai Med Via Laur"/>
 <route tag="222" title="222 Burbank Ritc- Hollywood Via Riversid"/>
 <route tag="224" title="224 Sylmar-Universal Cty Via San Fernand"/>
 <route tag="230" title="230 Sylmar- San Fernando- Studio City- V"/>
 <route tag="232" title="232 LAX City Bus Ctr-Long Beach-Via Sepu"/>
 <route tag="233" title="233 Lake View Terr - Sherman Oaks Via Va"/>
 <route tag="234" title="234 Sylmar - Sherman Oaks Via Sepulveda"/>
 <route tag="235" title="235 Sylmar Sta-Encino Via Balboa Bl Rina"/>
 <route tag="236" title="236 Sylmar Sta-Encino Via Balboa Bl Rina"/>
 <route tag="237" title="237 Encino-N. Holywd Via Woodley-White O"/>
 <route tag="240" title="240 Northridge-Universal City Via Ventur"/>
 <route tag="242" title="242 Northridge - Tarzana Via Tampa - Win"/>
 <route tag="243" title="243 Northridge - Tarzana Via Tampa - Win"/>
 <route tag="244" title="244 Chatsworth Sta-Woodland Hills Via De"/>
 <route tag="246" title="246 Harbor Gateway Trans Ctr - San Pedro"/>
 <route tag="251" title="251 Eagle Rock-Long Bch Gl Sta Via Eagle"/>
 <route tag="256" title="256 Cal State LA - Sierra Madre Villa St"/>
 <route tag="258" title="258 Highland Park - Paramount Via Fremon"/>
 <route tag="260" title="260 Artesia Station-Pasadena Via Atlanti"/>
 <route tag="265" title="265 Pico Rivera - Lakewood Ctr Mall Via"/>
 <route tag="266" title="266 S Madre Villa Sta-Lakewood Ctr Mall"/>
 <route tag="267" title="267 El Monte Sta- Pasadena Via Temple Ci"/>
 <route tag="268" title="268 Sierra Madre Villa Sta - El Monte St"/>
 <route tag="287" title="287 Montebello- El Monte- Arcadia Via Ru"/>
 <route tag="294" title="294 Sylmar Sta - Burbank Sta - Via San F"/>
 <route tag="344" title="344 Harbor Gateway Tc - Palos Verdes Via"/>
 <route tag="460" title="460 Downtown LA - Disneyland Via Harbor"/>
 <route tag="487" title="487 Downtown LA - Sierra Madre Villa Sta"/>
 <route tag="489" title="489 Downtown LA - Sierra Madre Villa Sta"/>
 <route tag="501" title="501 Pasadena - N. Hollywood Sta Via 134"/>
 <route tag="534" title="534 Malibu - Santa Monica"/>
 <route tag="550" title="550 Jefferson Park - San Pedro Via Harbo"/>
 <route tag="577" title="577 El Monte Sta- Long Beach Va Med Ctr"/>
 <route tag="601" title="601 Warner Center Circulator"/>
 <route tag="602" title="602 Westwood - Pacific Palisades Via Sun"/>
 <route tag="603" title="603 Glendale-Grand Sta Via San Fernando-"/>
 <route tag="605" title="605 Lac+usc Med Ctr Out Patient Shuttle"/>
 <route tag="611" title="611 Huntington Park Shuttle"/>
 <route tag="617" title="617 Beverly Hills-Culver City Via Burton"/>
 <route tag="660" title="660 Del Mar Station - Altadena - Via Fai"/>
 <route tag="662" title="662 Altadena-Pasadena Via Lake - Los Rob"/>
 <route tag="665" title="665 East LA-City Terrace-Cal State LA Tr"/>
 <route tag="686" title="686 Pasadena Via Del Mar Sta -Colorado-A"/>
 <route tag="690" title="690 Sylmar Sta -Olive View Hosp.-Sunland"/>
 <route tag="720" title="720 Santa Monica-Downtown LA Via Wilshir"/>
 <route tag="754" title="754 Hollywood - Athens Via Vermont Av"/>
 <route tag="761" title="761 Sylmar Sta- West LA Via Van Nuys Bl"/>
 <route tag="854" title="854 All Bus Bridges Gold Line"/>
 <route tag="901" title="901 Metro Orange Line"/>
 <route tag="910" title="910 Metro Silver Line"/>
 <route tag="950" title="950 Metro Silver Line"/>
</body>