<?xml version="1.0" encoding="utf-8"?>
<body copyright="All data copyright Los Angeles Metro 2022.">
 <route color="e74d00" latMax="33.9452499" latMin="33.9131399" lonMax="-117.99295" lonMin="-118.3782099" oppositeColor="ffffff" tag="120" title="120 Aviation/LAX Sta- Whittwood Ctr Via">
  <stop lat="33.92451" lon="-118.2403699" stopId="00007" tag="7" title="120th / Martin Luther King Hospital"/>
  <stop lat="33.93079" lon="-118.3782099" stopId="00312" tag="312" title="Imperial / Aviation"/>
  <stop lat="33.9293499" lon="-118.2464099" stopId="01505" tag="1505" title="Imperial / Compton"/>
  <stop lat="33.9309" lon="-118.2736499" stopId="01508" tag="1508" title="Imperial / Main"/>
  <stop lat="33.9351799" lon="-118.0885299" stopId="01974" tag="1974" title="Florence / Gard"/>
  <stop lat="33.93518" lon="-118.0814999" stopId="01986" tag="1986" title="Florence / Pioneer"/>
  <stop lat="33.93517" lon="-118.0847199" stopId="01987" tag="1987" title="Florence / Ringwood"/>
  <stop lat="33.9307799" lon="-118.28244" stopId="02323" tag="2323" title="Figueroa / Imperial"/>
  <stop lat="33.9287799" lon="-118.16178" stopId="02607" tag="2607" title="Imperial / Old River School"/>
  <stop lat="33.9168999" lon="-118.12965" stopId="02609" tag="2609" title="Imperial / Ardis"/>
  <stop lat="33.91692" lon="-118.1255499" stopId="02614" tag="2614" title="Imperial / Bellflower"/>
  <stop lat="33.93193" lon="-118.1992399" stopId="02615" tag="2615" title="Imperial / Benwell"/>
  <stop lat="33.93177" lon="-118.19724" stopId="02618" tag="2618" title="Imperial / Bullis"/>
  <stop lat="33.93054" lon="-118.20839" stopId="02619" tag="2619" title="Imperial / California"/>
  <stop lat="33.91689" lon="-118.1337899" stopId="02620" tag="2620" title="Imperial / Columbia"/>
  <stop lat="33.9313" lon="-118.19196" stopId="02621" tag="2621" title="Imperial / Cornish"/>
  <stop lat="33.93084" lon="-118.3396299" stopId="02623" tag="2623" title="Imperial / Doty"/>
  <stop lat="33.9169399" lon="-118.12117" stopId="02626" tag="2626" title="Imperial / Dunrobin"/>
  <stop lat="33.9308099" lon="-118.36519" stopId="02629" tag="2629" title="Imperial / Felton"/>
  <stop lat="33.92972" lon="-118.16783" stopId="02631" tag="2631" title="Imperial / Garfield"/>
  <stop lat="33.9299599" lon="-118.1700099" stopId="02632" tag="2632" title="Imperial / Garfield Pl."/>
  <stop lat="33.93081" lon="-118.36098" stopId="02635" tag="2635" title="Imperial / Inglewood"/>
  <stop lat="33.93105" lon="-118.18905" stopId="02636" tag="2636" title="Imperial / Jackson"/>
  <stop lat="33.93142" lon="-118.2025999" stopId="02638" tag="2638" title="Imperial / Martin Luther King Jr"/>
  <stop lat="33.9169199" lon="-118.13826" stopId="02640" tag="2640" title="Imperial / Lakewood"/>
  <stop lat="33.93155" lon="-118.19476" stopId="02642" tag="2642" title="Imperial / Lewis"/>
  <stop lat="33.9304299" lon="-118.21122" stopId="02643" tag="2643" title="Imperial / Long Beach"/>
  <stop lat="33.9308399" lon="-118.1865299" stopId="02654" tag="2654" title="Imperial / Pine"/>
  <stop lat="33.93083" lon="-118.3435599" stopId="02656" tag="2656" title="Imperial / Prairie"/>
  <stop lat="33.9298399" lon="-118.22501" stopId="02657" tag="2657" title="Imperial / Alameda"/>
  <stop lat="33.9254299" lon="-118.1550399" stopId="02659" tag="2659" title="Imperial / Smallwood"/>
  <stop lat="33.9302999" lon="-118.2160399" stopId="02660" tag="2660" title="Imperial / State"/>
  <stop lat="33.91694" lon="-118.1163299" stopId="02663" tag="2663" title="Imperial / Woodruff"/>
  <stop lat="33.9306799" lon="-118.18257" stopId="02666" tag="2666" title="Imperial / Atlantic"/>
  <stop lat="33.9281999" lon="-118.00546" stopId="02943" tag="2943" title="Leffingwell / Stamy"/>
  <stop lat="33.9272899" lon="-118.00936" stopId="02944" tag="2944" title="Leffingwell / Toerge"/>
  <stop lat="33.92586" lon="-118.0155399" stopId="02945" tag="2945" title="Leffingwell / Arroyo"/>
  <stop lat="33.93014" lon="-117.9973099" stopId="02947" tag="2947" title="Leffingwell / Kibbee"/>
  <stop lat="33.92678" lon="-118.0115699" stopId="02948" tag="2948" title="Leffingwell / La Mirada"/>
  <stop lat="33.9292399" lon="-118.00101" stopId="02952" tag="2952" title="Leffingwell / Scott"/>
  <stop lat="33.92421" lon="-118.0225699" stopId="02954" tag="2954" title="Leffingwell / Telegraph"/>
  <stop lat="33.92934" lon="-118.2538999" stopId="03703" tag="3703" title="Imperial / Central"/>
  <stop lat="33.9264499" lon="-118.15607" stopId="04511" tag="4511" title="Rives / Imperial"/>
  <stop lat="33.9247199" lon="-118.2366999" stopId="04528" tag="4528" title="119th / Willowbrook"/>
  <stop lat="33.9286099" lon="-118.28244" stopId="04987" tag="4987" title="Figueroa / Harbor Fwy Station"/>
  <stop lat="33.9310699" lon="-118.26967" stopId="05501" tag="5501" title="Imperial / San Pedro"/>
  <stop lat="33.93085" lon="-118.3087099" stopId="05763" tag="5763" title="Imperial / Western"/>
  <stop lat="33.9251499" lon="-118.2389" stopId="05795" tag="5795" title="Wilmington / 119th"/>
  <stop lat="33.93384" lon="-117.9929699" stopId="05964" tag="5964" title="Santa Gertrudes / Lambert"/>
  <stop lat="33.93149" lon="-117.9930299" stopId="05966" tag="5966" title="Santa Gertrudes / Leffingwell"/>
  <stop lat="33.9359399" lon="-117.99296" stopId="05967" tag="5967" title="Santa Gertrudes / Santa Fe"/>
  <stop lat="33.93687" lon="-118.09647" stopId="06357" tag="6357" title="Florence / Studebaker"/>
  <stop lat="33.94174" lon="-118.0641499" stopId="06479" tag="6479" title="Telegraph / Santa Fe Springs"/>
  <stop lat="33.9402799" lon="-118.04671" stopId="06480" tag="6480" title="Telegraph / Carmenita"/>
  <stop lat="33.93062" lon="-118.03278" stopId="06481" tag="6481" title="Telegraph / Ceres"/>
  <stop lat="33.93669" lon="-118.04161" stopId="06486" tag="6486" title="Telegraph / Florence"/>
  <stop lat="33.9388099" lon="-118.0445199" stopId="06489" tag="6489" title="Telegraph / Gunn"/>
  <stop lat="33.94176" lon="-118.0510299" stopId="06493" tag="6493" title="Telegraph / Painter"/>
  <stop lat="33.9412499" lon="-118.0481699" stopId="06498" tag="6498" title="Telegraph / Laurel"/>
  <stop lat="33.94175" lon="-118.05495" stopId="06504" tag="6504" title="Telegraph / Shoemaker"/>
  <stop lat="33.93541" lon="-118.03971" stopId="06505" tag="6505" title="Telegraph / Telechron"/>
  <stop lat="33.93273" lon="-118.03581" stopId="06507" tag="6507" title="Telegraph / Victoria"/>
  <stop lat="33.9282099" lon="-118.0292999" stopId="06764" tag="6764" title="Telegraph / Valley View"/>
  <stop lat="33.93085" lon="-118.3240699" stopId="07716" tag="7716" title="Imperial / Ardath"/>
  <stop lat="33.93085" lon="-118.30437" stopId="07717" tag="7717" title="Imperial / Denker"/>
  <stop lat="33.93082" lon="-118.34842" stopId="07718" tag="7718" title="Imperial / Freeman"/>
  <stop lat="33.9308" lon="-118.3747999" stopId="07720" tag="7720" title="Imperial / I-105 W Exit 2a"/>
  <stop lat="33.93081" lon="-118.35663" stopId="07722" tag="7722" title="Imperial / Ramona"/>
  <stop lat="33.93089" lon="-118.2784799" stopId="07723" tag="7723" title="Imperial / Broadway"/>
  <stop lat="33.9308499" lon="-118.32616" stopId="07724" tag="7724" title="Imperial / Crenshaw"/>
  <stop lat="33.93086" lon="-118.2866099" stopId="07726" tag="7726" title="Imperial / Hoover"/>
  <stop lat="33.9307999" lon="-118.36903" stopId="07727" tag="7727" title="Imperial / La Cienega"/>
  <stop lat="33.9308499" lon="-118.33057" stopId="07728" tag="7728" title="Imperial / Lemoli"/>
  <stop lat="33.93084" lon="-118.30049" stopId="07729" tag="7729" title="Imperial / Normandie"/>
  <stop lat="33.93085" lon="-118.31794" stopId="07730" tag="7730" title="Imperial / Van Ness"/>
  <stop lat="33.9308499" lon="-118.29131" stopId="07732" tag="7732" title="Imperial / Vermont"/>
  <stop lat="33.93085" lon="-118.31357" stopId="07734" tag="7734" title="Imperial / Wilton"/>
  <stop lat="33.93084" lon="-118.33531" stopId="07735" tag="7735" title="Imperial / Yukon"/>
  <stop lat="33.9245" lon="-118.2422" stopId="08597" tag="8597" title="120th / Augustus F Hawkins"/>
  <stop lat="33.92607" lon="-118.2463799" stopId="09345" tag="9345" title="Compton / 118th"/>
  <stop lat="33.92371" lon="-118.2459299" stopId="09669" tag="9669" title="120th / Compton"/>
  <stop lat="33.9309299" lon="-118.2653899" stopId="10043" tag="10043" title="Imperial / Avalon"/>
  <stop lat="33.9308499" lon="-118.2587799" stopId="10052" tag="10052" title="Imperial / Wadsworth"/>
  <stop lat="33.93082" lon="-118.3528199" stopId="11138" tag="11138" title="Imperial / Hawthorne"/>
  <stop lat="33.9279599" lon="-118.15657" stopId="11434" tag="11434" title="Rancho Los Amigos"/>
  <stop lat="33.9355499" lon="-118.07252" stopId="12565" tag="12565" title="Norwalk / Florence"/>
  <stop lat="33.9415699" lon="-118.0725799" stopId="12567" tag="12567" title="Norwalk / Telegraph"/>
  <stop lat="33.91488" lon="-118.0990899" stopId="12569" tag="12569" title="Studebaker / Borson"/>
  <stop lat="33.9400199" lon="-117.99295" stopId="14342" tag="14342" title="Santa Gertrudes / Starbuck"/>
  <stop lat="33.93186" lon="-118.09911" stopId="14723" tag="14723" title="Studebaker / Cecilia"/>
  <stop lat="33.9223599" lon="-118.09908" stopId="14724" tag="14724" title="Studebaker / Firestone"/>
  <stop lat="33.93513" lon="-118.0979499" stopId="14725" tag="14725" title="Studebaker / I-5 I-605 Off-Ramp"/>
  <stop lat="33.91737" lon="-118.09908" stopId="14726" tag="14726" title="Studebaker / Imperial"/>
  <stop lat="33.92787" lon="-118.0991" stopId="14727" tag="14727" title="Studebaker / Kenney"/>
  <stop lat="33.93084" lon="-118.2955799" stopId="16054" tag="16054" title="Imperial / Budlong"/>
  <stop lat="33.9450399" lon="-117.99469" stopId="16611" tag="16611" title="Whittier / Santa Gertrudes"/>
  <stop lat="33.9280999" lon="-118.23798" stopId="30007" tag="30007" title="Willowbrook - Rosa Parks Station - West"/>
  <stop lat="33.9295899" lon="-118.3772" stopId="30011" tag="30011" title="Aviation / LAX Station"/>
  <stop lat="33.9131399" lon="-118.10402" tag="30016_ar" title="Norwalk Station"/>
  <stop lat="33.92721" lon="-118.15883" stopId="32187" tag="32187" title="Imperial / Erickson"/>
  <stop lat="33.9294199" lon="-118.1650999" stopId="32206" tag="32206" title="Imperial / Amery"/>
  <stop lat="33.9308699" lon="-118.28282" stopId="36499" tag="36499" title="Imperial / Figueroa"/>
  <stop lat="33.9289" lon="-118.23052" stopId="36502" tag="36502" title="Imperial / Mona"/>
  <stop lat="33.9300999" lon="-118.22076" stopId="36503" tag="36503" title="Imperial / Fernwood"/>
  <stop lat="33.92119" lon="-118.14658" stopId="36505" tag="36505" title="Imperial / Downey"/>
  <stop lat="33.91956" lon="-118.14364" stopId="36506" tag="36506" title="Imperial / Brookshire"/>
  <stop lat="33.91799" lon="-118.14071" stopId="36507" tag="36507" title="Imperial / Barlin"/>
  <stop lat="33.91697" lon="-118.1075999" stopId="36508" tag="36508" title="Imperial / Curtis And King"/>
  <stop lat="33.91697" lon="-118.10376" stopId="36509" tag="36509" title="Imperial / Hoxie"/>
  <stop lat="33.92667" lon="-118.1561799" stopId="140765" tag="140765" title="Rives / Imperial"/>
  <stop lat="33.9452499" lon="-117.99846" tag="141014_ar" title="Whittwood Center Layover"/>
  <stop lat="33.92905" lon="-118.2337299" stopId="142010" tag="142010" title="Imperial / Croesus"/>
  <stop lat="33.9238099" lon="-118.1517699" stopId="142276" tag="142276" title="Imperial / Paramount"/>
  <stop lat="33.9247" lon="-118.2422199" stopId="00006" tag="6" title="120th / Augustus F Hawkins"/>
  <stop lat="33.92621" lon="-118.24614" stopId="00798" tag="798" title="Compton / 118th"/>
  <stop lat="33.9296099" lon="-118.2465699" stopId="00820" tag="820" title="Imperial / Compton"/>
  <stop lat="33.92557" lon="-118.02493" stopId="01712" tag="1712" title="Telegraph / Colima"/>
  <stop lat="33.9369499" lon="-118.09697" stopId="01992" tag="1992" title="Studebaker / Florence"/>
  <stop lat="33.9308599" lon="-118.18375" stopId="02610" tag="2610" title="Imperial / Atlantic"/>
  <stop lat="33.91843" lon="-118.14096" stopId="02613" tag="2613" title="Imperial / Barlin"/>
  <stop lat="33.9200499" lon="-118.1439999" stopId="02617" tag="2617" title="Imperial / Brookshire"/>
  <stop lat="33.9217" lon="-118.14697" stopId="02624" tag="2624" title="Imperial / Downey"/>
  <stop lat="33.92789" lon="-118.15897" stopId="03200" tag="3200" title="Imperial / Erickson"/>
  <stop lat="33.92918" lon="-118.23089" stopId="03273" tag="3273" title="Imperial / Mona"/>
  <stop lat="33.92577" lon="-118.15501" stopId="03619" tag="3619" title="Imperial / Smallwood"/>
  <stop lat="33.94171" lon="-118.0728399" stopId="04078" tag="4078" title="Norwalk / Telegraph"/>
  <stop lat="33.93214" lon="-118.0994099" stopId="06354" tag="6354" title="Studebaker / Cecilia"/>
  <stop lat="33.9236" lon="-118.09939" stopId="06355" tag="6355" title="Studebaker / Dune"/>
  <stop lat="33.92181" lon="-118.09938" stopId="06356" tag="6356" title="Studebaker / Firestone"/>
  <stop lat="33.92774" lon="-118.0994" stopId="06358" tag="6358" title="Studebaker / Kenney"/>
  <stop lat="33.94195" lon="-118.04893" stopId="06499" tag="6499" title="Telegraph / Laurel"/>
  <stop lat="33.9311" lon="-118.29531" stopId="07736" tag="7736" title="Imperial / Budlong"/>
  <stop lat="33.9171799" lon="-118.12505" stopId="08977" tag="8977" title="Imperial / Bellflower"/>
  <stop lat="33.92389" lon="-118.2460499" stopId="09674" tag="9674" title="120th / Compton"/>
  <stop lat="33.9311899" lon="-118.2649299" stopId="10044" tag="10044" title="Imperial / Avalon"/>
  <stop lat="33.9296" lon="-118.2547999" stopId="10049" tag="10049" title="Imperial / Central"/>
  <stop lat="33.9313199" lon="-118.2693399" stopId="10050" tag="10050" title="Imperial / San Pedro"/>
  <stop lat="33.93112" lon="-118.25889" stopId="10051" tag="10051" title="Imperial / Wadsworth"/>
  <stop lat="33.9354699" lon="-118.073" stopId="10531" tag="10531" title="Florence / Norwalk"/>
  <stop lat="33.9354399" lon="-118.0893899" stopId="10533" tag="10533" title="Florence / Orr And Day"/>
  <stop lat="33.9354299" lon="-118.0821599" stopId="10536" tag="10536" title="Florence / Pioneer"/>
  <stop lat="33.9354199" lon="-118.08478" stopId="10537" tag="10537" title="Florence / Ringwood"/>
  <stop lat="33.92957" lon="-118.16428" stopId="11141" tag="11141" title="Imperial / Amery"/>
  <stop lat="33.9308099" lon="-118.2085199" stopId="11143" tag="11143" title="Imperial / California"/>
  <stop lat="33.9304599" lon="-118.22064" stopId="11146" tag="11146" title="Imperial / Fernwood"/>
  <stop lat="33.93004" lon="-118.16845" stopId="11148" tag="11148" title="Imperial / Garfield"/>
  <stop lat="33.9171499" lon="-118.13792" stopId="11155" tag="11155" title="Imperial / Lakewood"/>
  <stop lat="33.9305399" lon="-118.21193" stopId="11156" tag="11156" title="Imperial / Long Beach"/>
  <stop lat="33.9290699" lon="-118.16178" stopId="11157" tag="11157" title="Imperial / Old River School"/>
  <stop lat="33.9302" lon="-118.17022" stopId="11159" tag="11159" title="Imperial / Ruchti"/>
  <stop lat="33.9301099" lon="-118.2250499" stopId="11160" tag="11160" title="Imperial / Alameda"/>
  <stop lat="33.9310599" lon="-118.37036" stopId="11161" tag="11161" title="Imperial / La Cienega"/>
  <stop lat="33.9305799" lon="-118.2166199" stopId="11165" tag="11165" title="Imperial / State"/>
  <stop lat="33.9310499" lon="-118.18114" stopId="11167" tag="11167" title="Imperial / Wright"/>
  <stop lat="33.9313799" lon="-118.20332" stopId="11243" tag="11243" title="Imperial / Martin Luther King Jr"/>
  <stop lat="33.92607" lon="-118.0155099" stopId="11437" tag="11437" title="Leffingwell / Arroyo"/>
  <stop lat="33.93044" lon="-117.9968399" stopId="11438" tag="11438" title="Leffingwell / Kibbee"/>
  <stop lat="33.9268899" lon="-118.01221" stopId="11439" tag="11439" title="Leffingwell / La Mirada"/>
  <stop lat="33.92957" lon="-118.0005199" stopId="11440" tag="11440" title="Leffingwell / Scott"/>
  <stop lat="33.92837" lon="-118.0058399" stopId="11441" tag="11441" title="Leffingwell / Stamy"/>
  <stop lat="33.92442" lon="-118.0230699" stopId="11442" tag="11442" title="Leffingwell / Telegraph"/>
  <stop lat="33.9276" lon="-118.0089399" stopId="11443" tag="11443" title="Leffingwell / Toerge"/>
  <stop lat="33.9311" lon="-118.30937" stopId="14145" tag="14145" title="Imperial / Western"/>
  <stop lat="33.9247099" lon="-118.2393899" stopId="14171" tag="14171" title="120th / Wilmington"/>
  <stop lat="33.9339099" lon="-117.99321" stopId="14341" tag="14341" title="Santa Gertrudes / Lambert"/>
  <stop lat="33.9314499" lon="-117.99328" stopId="14344" tag="14344" title="Santa Gertrudes / Leffingwell"/>
  <stop lat="33.9397399" lon="-117.9931899" stopId="14345" tag="14345" title="Santa Gertrudes / Starbuck"/>
  <stop lat="33.9362999" lon="-117.99319" stopId="14346" tag="14346" title="Santa Gertrudes / Yermo"/>
  <stop lat="33.9419899" lon="-118.0643099" stopId="14855" tag="14855" title="Telegraph / Bloomfield"/>
  <stop lat="33.9409099" lon="-118.04713" stopId="14856" tag="14856" title="Telegraph / Carmenita"/>
  <stop lat="33.93085" lon="-118.03263" stopId="14857" tag="14857" title="Telegraph / Ceres"/>
  <stop lat="33.9419999" lon="-118.0555499" stopId="14864" tag="14864" title="Telegraph / Greenleaf"/>
  <stop lat="33.93883" lon="-118.04423" stopId="14865" tag="14865" title="Telegraph / Gunn"/>
  <stop lat="33.93715" lon="-118.04179" stopId="14868" tag="14868" title="Telegraph / Mills"/>
  <stop lat="33.9419599" lon="-118.0511899" stopId="14869" tag="14869" title="Telegraph / Painter"/>
  <stop lat="33.9356399" lon="-118.0395799" stopId="14878" tag="14878" title="Telegraph / Telechron"/>
  <stop lat="33.93301" lon="-118.03574" stopId="14882" tag="14882" title="Telegraph / Victoria"/>
  <stop lat="33.9443499" lon="-117.99581" stopId="16644" tag="16644" title="Whittwood Center"/>
  <stop lat="33.9168299" lon="-118.0993799" stopId="17880" tag="17880" title="Studebaker / Imperial"/>
  <stop lat="33.9295899" lon="-118.3772" tag="30011_ar" title="Aviation / LAX Station"/>
  <stop lat="33.9131399" lon="-118.10402" stopId="30016" tag="30016" title="Norwalk Station"/>
  <stop lat="33.92928" lon="-118.23327" stopId="36501" tag="36501" title="Imperial / Croesus"/>
  <stop lat="33.9172199" lon="-118.10776" stopId="36515" tag="36515" title="Imperial / Curtis And King"/>
  <stop lat="33.9172" lon="-118.1169899" stopId="36516" tag="36516" title="Imperial / Woodruff"/>
  <stop lat="33.91719" lon="-118.1208399" stopId="36517" tag="36517" title="Imperial / Dunrobin"/>
  <stop lat="33.91716" lon="-118.1300699" stopId="36518" tag="36518" title="Imperial / Ardis"/>
  <stop lat="33.9311299" lon="-118.1870199" stopId="36519" tag="36519" title="Imperial / Pine"/>
  <stop lat="33.93132" lon="-118.18919" stopId="36520" tag="36520" title="Imperial / Jackson"/>
  <stop lat="33.9315899" lon="-118.1924199" stopId="36521" tag="36521" title="Imperial / Cornish"/>
  <stop lat="33.9318" lon="-118.19473" stopId="36522" tag="36522" title="Imperial / Lewis"/>
  <stop lat="33.93202" lon="-118.19721" stopId="36523" tag="36523" title="Imperial / Bullis"/>
  <stop lat="33.9321999" lon="-118.19937" stopId="36524" tag="36524" title="Imperial / Benwell"/>
  <stop lat="33.9311599" lon="-118.27421" stopId="140793" tag="140793" title="Imperial / Main"/>
  <stop lat="33.93114" lon="-118.2780199" stopId="140794" tag="140794" title="Imperial / Broadway"/>
  <stop lat="33.9311299" lon="-118.2829799" stopId="140795" tag="140795" title="Imperial / Figueroa"/>
  <stop lat="33.93112" lon="-118.2867799" stopId="140796" tag="140796" title="Imperial / Hoover"/>
  <stop lat="33.93111" lon="-118.2910799" stopId="140797" tag="140797" title="Imperial / Vermont"/>
  <stop lat="33.9311" lon="-118.3001" stopId="140798" tag="140798" title="Imperial / Normandie"/>
  <stop lat="33.9311" lon="-118.30453" stopId="140799" tag="140799" title="Imperial / Denker"/>
  <stop lat="33.9311099" lon="-118.3132399" stopId="140800" tag="140800" title="Imperial / Wilton"/>
  <stop lat="33.9311" lon="-118.31761" stopId="140801" tag="140801" title="Imperial / Van Ness"/>
  <stop lat="33.9311099" lon="-118.3237399" stopId="140802" tag="140802" title="Imperial / Ardath"/>
  <stop lat="33.9311" lon="-118.33024" stopId="140803" tag="140803" title="Imperial / Lemoli"/>
  <stop lat="33.9310999" lon="-118.33498" stopId="140804" tag="140804" title="Imperial / Yukon"/>
  <stop lat="33.93109" lon="-118.3391899" stopId="140805" tag="140805" title="Imperial / Doty"/>
  <stop lat="33.93109" lon="-118.3437299" stopId="140806" tag="140806" title="Imperial / Prairie"/>
  <stop lat="33.9310699" lon="-118.3616399" stopId="140807" tag="140807" title="Imperial / Inglewood"/>
  <stop lat="33.93106" lon="-118.3646199" stopId="140808" tag="140808" title="Imperial / Sundale"/>
  <stop lat="33.9310999" lon="-118.32682" stopId="140937" tag="140937" title="Imperial / Crenshaw"/>
  <stop lat="33.9171799" lon="-118.1338999" stopId="140976" tag="140976" title="Imperial / Columbia"/>
  <stop lat="33.9284199" lon="-118.0291399" stopId="141011" tag="141011" title="Telegraph / Valley View"/>
  <stop lat="33.9452499" lon="-117.99846" stopId="141014" tag="141014" title="Whittwood Center Layover"/>
  <stop lat="33.9310799" lon="-118.34858" stopId="142040" tag="142040" title="Imperial / Freeman"/>
  <stop lat="33.93106" lon="-118.35679" stopId="142041" tag="142041" title="Imperial / Firmona"/>
  <stop lat="33.92407" lon="-118.15169" stopId="142219" tag="142219" title="Imperial / Paramount"/>
  <stop lat="33.9310699" lon="-118.35236" stopId="13000149" tag="13000149" title="Imperial / Hawthorne"/>
  <stop lat="33.9310499" lon="-118.37496" stopId="25400211" tag="25400211" title="Imperial / I-105 W Exit 2a"/>
  <direction name="West" tag="120_80_1" title="West to Aviation/Lax Station" useForUI="true">
   <stop tag="141014"/>
   <stop tag="16644"/>
   <stop tag="14345"/>
   <stop tag="14346"/>
   <stop tag="14341"/>
   <stop tag="14344"/>
   <stop tag="11438"/>
   <stop tag="11440"/>
   <stop tag="11441"/>
   <stop tag="11443"/>
   <stop tag="11439"/>
   <stop tag="11437"/>
   <stop tag="11442"/>
   <stop tag="1712"/>
   <stop tag="141011"/>
   <stop tag="14857"/>
   <stop tag="14882"/>
   <stop tag="14878"/>
   <stop tag="14868"/>
   <stop tag="14865"/>
   <stop tag="14856"/>
   <stop tag="6499"/>
   <stop tag="14869"/>
   <stop tag="14864"/>
   <stop tag="14855"/>
   <stop tag="4078"/>
   <stop tag="10531"/>
   <stop tag="10536"/>
   <stop tag="10537"/>
   <stop tag="10533"/>
   <stop tag="1992"/>
   <stop tag="6354"/>
   <stop tag="6358"/>
   <stop tag="6355"/>
   <stop tag="6356"/>
   <stop tag="17880"/>
   <stop tag="30016"/>
   <stop tag="36515"/>
   <stop tag="36516"/>
   <stop tag="36517"/>
   <stop tag="8977"/>
   <stop tag="36518"/>
   <stop tag="140976"/>
   <stop tag="11155"/>
   <stop tag="2613"/>
   <stop tag="2617"/>
   <stop tag="2624"/>
   <stop tag="142219"/>
   <stop tag="3619"/>
   <stop tag="4511"/>
   <stop tag="11434"/>
   <stop tag="140765"/>
   <stop tag="3200"/>
   <stop tag="11157"/>
   <stop tag="11141"/>
   <stop tag="11148"/>
   <stop tag="11159"/>
   <stop tag="11167"/>
   <stop tag="2610"/>
   <stop tag="36519"/>
   <stop tag="36520"/>
   <stop tag="36521"/>
   <stop tag="36522"/>
   <stop tag="36523"/>
   <stop tag="36524"/>
   <stop tag="11243"/>
   <stop tag="11143"/>
   <stop tag="11156"/>
   <stop tag="11165"/>
   <stop tag="11146"/>
   <stop tag="11160"/>
   <stop tag="3273"/>
   <stop tag="36501"/>
   <stop tag="30007"/>
   <stop tag="4528"/>
   <stop tag="14171"/>
   <stop tag="6"/>
   <stop tag="9674"/>
   <stop tag="798"/>
   <stop tag="820"/>
   <stop tag="10049"/>
   <stop tag="10051"/>
   <stop tag="10044"/>
   <stop tag="10050"/>
   <stop tag="140793"/>
   <stop tag="140794"/>
   <stop tag="4987"/>
   <stop tag="140795"/>
   <stop tag="140796"/>
   <stop tag="140797"/>
   <stop tag="7736"/>
   <stop tag="140798"/>
   <stop tag="140799"/>
   <stop tag="14145"/>
   <stop tag="140800"/>
   <stop tag="140801"/>
   <stop tag="140802"/>
   <stop tag="140937"/>
   <stop tag="140803"/>
   <stop tag="140804"/>
   <stop tag="140805"/>
   <stop tag="140806"/>
   <stop tag="142040"/>
   <stop tag="13000149"/>
   <stop tag="142041"/>
   <stop tag="140807"/>
   <stop tag="140808"/>
   <stop tag="11161"/>
   <stop tag="25400211"/>
   <stop tag="30011_ar"/>
  </direction>
  <direction name="East" tag="120_95_0" title="East to Whittwood Town Center" useForUI="true">
   <stop tag="30011"/>
   <stop tag="312"/>
   <stop tag="7720"/>
   <stop tag="7727"/>
   <stop tag="2629"/>
   <stop tag="2635"/>
   <stop tag="7722"/>
   <stop tag="11138"/>
   <stop tag="7718"/>
   <stop tag="2656"/>
   <stop tag="2623"/>
   <stop tag="7735"/>
   <stop tag="7728"/>
   <stop tag="7724"/>
   <stop tag="7716"/>
   <stop tag="7730"/>
   <stop tag="7734"/>
   <stop tag="5763"/>
   <stop tag="7717"/>
   <stop tag="7729"/>
   <stop tag="16054"/>
   <stop tag="7732"/>
   <stop tag="7726"/>
   <stop tag="36499"/>
   <stop tag="4987"/>
   <stop tag="2323"/>
   <stop tag="7723"/>
   <stop tag="1508"/>
   <stop tag="5501"/>
   <stop tag="10043"/>
   <stop tag="10052"/>
   <stop tag="3703"/>
   <stop tag="1505"/>
   <stop tag="9345"/>
   <stop tag="9669"/>
   <stop tag="8597"/>
   <stop tag="7"/>
   <stop tag="5795"/>
   <stop tag="30007"/>
   <stop tag="4528"/>
   <stop tag="142010"/>
   <stop tag="36502"/>
   <stop tag="2657"/>
   <stop tag="36503"/>
   <stop tag="2660"/>
   <stop tag="2643"/>
   <stop tag="2619"/>
   <stop tag="2638"/>
   <stop tag="2615"/>
   <stop tag="2618"/>
   <stop tag="2642"/>
   <stop tag="2621"/>
   <stop tag="2636"/>
   <stop tag="2654"/>
   <stop tag="2666"/>
   <stop tag="2632"/>
   <stop tag="2631"/>
   <stop tag="32206"/>
   <stop tag="2607"/>
   <stop tag="4511"/>
   <stop tag="11434"/>
   <stop tag="140765"/>
   <stop tag="32187"/>
   <stop tag="2659"/>
   <stop tag="142276"/>
   <stop tag="36505"/>
   <stop tag="36506"/>
   <stop tag="36507"/>
   <stop tag="2640"/>
   <stop tag="2620"/>
   <stop tag="2609"/>
   <stop tag="2614"/>
   <stop tag="2626"/>
   <stop tag="2663"/>
   <stop tag="36508"/>
   <stop tag="36509"/>
   <stop tag="30016"/>
   <stop tag="12569"/>
   <stop tag="14726"/>
   <stop tag="14724"/>
   <stop tag="14727"/>
   <stop tag="14723"/>
   <stop tag="14725"/>
   <stop tag="6357"/>
   <stop tag="1974"/>
   <stop tag="1987"/>
   <stop tag="1986"/>
   <stop tag="12565"/>
   <stop tag="12567"/>
   <stop tag="6479"/>
   <stop tag="6504"/>
   <stop tag="6493"/>
   <stop tag="6498"/>
   <stop tag="6480"/>
   <stop tag="6489"/>
   <stop tag="6486"/>
   <stop tag="6505"/>
   <stop tag="6507"/>
   <stop tag="6481"/>
   <stop tag="6764"/>
   <stop tag="2954"/>
   <stop tag="2945"/>
   <stop tag="2948"/>
   <stop tag="2944"/>
   <stop tag="2943"/>
   <stop tag="2952"/>
   <stop tag="2947"/>
   <stop tag="5966"/>
   <stop tag="5964"/>
   <stop tag="5967"/>
   <stop tag="14342"/>
   <stop tag="16611"/>
   <stop tag="141014_ar"/>
  </direction>
  <path>
   <point lat="33.94525" lon="-117.99846"/>
   <point lat="33.94435" lon="-117.99581"/>
  </path>
  <path>
   <point lat="33.93043" lon="-118.21122"/>
   <point lat="33.93075" lon="-118.21036"/>
   <point lat="33.93078" lon="-118.21022"/>
   <point lat="33.93079" lon="-118.2101"/>
   <point lat="33.93079" lon="-118.20985"/>
   <point lat="33.9307" lon="-118.2087"/>
   <point lat="33.93054" lon="-118.20839"/>
   <point lat="33.9304599" lon="-118.20583"/>
   <point lat="33.93044" lon="-118.20563"/>
   <point lat="33.93044" lon="-118.20538"/>
   <point lat="33.9304599" lon="-118.20525"/>
   <point lat="33.93047" lon="-118.20517"/>
   <point lat="33.93049" lon="-118.20509"/>
   <point lat="33.93051" lon="-118.20503"/>
   <point lat="33.9305499" lon="-118.2049"/>
   <point lat="33.9313999" lon="-118.20296"/>
   <point lat="33.93142" lon="-118.2026"/>
   <point lat="33.93197" lon="-118.20167"/>
   <point lat="33.93199" lon="-118.2016"/>
   <point lat="33.93211" lon="-118.20121"/>
   <point lat="33.93215" lon="-118.20102"/>
   <point lat="33.93217" lon="-118.20084"/>
   <point lat="33.93216" lon="-118.20055"/>
   <point lat="33.93217" lon="-118.20044"/>
   <point lat="33.9321399" lon="-118.20024"/>
   <point lat="33.93209" lon="-118.19965"/>
   <point lat="33.93193" lon="-118.19924"/>
   <point lat="33.93202" lon="-118.19856"/>
   <point lat="33.93177" lon="-118.19724"/>
   <point lat="33.93155" lon="-118.19476"/>
   <point lat="33.9313" lon="-118.19196"/>
   <point lat="33.93105" lon="-118.18905"/>
   <point lat="33.93084" lon="-118.18653"/>
   <point lat="33.9307299" lon="-118.18385"/>
   <point lat="33.93068" lon="-118.18257"/>
  </path>
  <path>
   <point lat="33.9308" lon="-118.36903"/>
   <point lat="33.93081" lon="-118.36519"/>
   <point lat="33.93081" lon="-118.36098"/>
   <point lat="33.93081" lon="-118.35663"/>
   <point lat="33.93082" lon="-118.35282"/>
   <point lat="33.93082" lon="-118.34842"/>
   <point lat="33.93095" lon="-118.34519"/>
   <point lat="33.93083" lon="-118.34356"/>
   <point lat="33.93084" lon="-118.33963"/>
   <point lat="33.93084" lon="-118.33531"/>
   <point lat="33.93085" lon="-118.33057"/>
   <point lat="33.93085" lon="-118.32616"/>
  </path>
  <path>
   <point lat="33.92878" lon="-118.16178"/>
   <point lat="33.92865" lon="-118.16117"/>
   <point lat="33.92721" lon="-118.15883"/>
   <point lat="33.92677" lon="-118.15771"/>
   <point lat="33.92543" lon="-118.15504"/>
   <point lat="33.92381" lon="-118.15177"/>
   <point lat="33.92119" lon="-118.14658"/>
   <point lat="33.91956" lon="-118.14364"/>
   <point lat="33.91799" lon="-118.14071"/>
   <point lat="33.9173" lon="-118.13921"/>
   <point lat="33.91715" lon="-118.13884"/>
   <point lat="33.91709" lon="-118.1386"/>
   <point lat="33.91707" lon="-118.13846"/>
   <point lat="33.91692" lon="-118.13826"/>
  </path>
  <path>
   <point lat="33.93085" lon="-118.32616"/>
   <point lat="33.93085" lon="-118.32407"/>
   <point lat="33.93085" lon="-118.31794"/>
   <point lat="33.93085" lon="-118.31357"/>
   <point lat="33.93085" lon="-118.30871"/>
   <point lat="33.93085" lon="-118.30437"/>
   <point lat="33.93084" lon="-118.30049"/>
   <point lat="33.93084" lon="-118.29558"/>
   <point lat="33.93085" lon="-118.29131"/>
   <point lat="33.93086" lon="-118.28661"/>
   <point lat="33.93087" lon="-118.28282"/>
   <point lat="33.9297899" lon="-118.28259"/>
   <point lat="33.92766" lon="-118.28259"/>
   <point lat="33.92737" lon="-118.28258"/>
   <point lat="33.92737" lon="-118.2817"/>
   <point lat="33.92745" lon="-118.28178"/>
   <point lat="33.92763" lon="-118.28178"/>
   <point lat="33.92769" lon="-118.28181"/>
   <point lat="33.92774" lon="-118.28186"/>
   <point lat="33.92776" lon="-118.28191"/>
   <point lat="33.92776" lon="-118.28237"/>
   <point lat="33.9278199" lon="-118.28259"/>
   <point lat="33.92861" lon="-118.28244"/>
  </path>
  <path>
   <point lat="33.91715" lon="-118.13792"/>
   <point lat="33.91707" lon="-118.13846"/>
   <point lat="33.91709" lon="-118.1386"/>
   <point lat="33.91715" lon="-118.13884"/>
   <point lat="33.9173" lon="-118.13921"/>
   <point lat="33.91843" lon="-118.14096"/>
   <point lat="33.91933" lon="-118.14292"/>
   <point lat="33.92005" lon="-118.144"/>
   <point lat="33.92145" lon="-118.14677"/>
   <point lat="33.9217" lon="-118.14697"/>
   <point lat="33.92407" lon="-118.15169"/>
   <point lat="33.92577" lon="-118.15501"/>
   <point lat="33.9271699" lon="-118.15774"/>
   <point lat="33.92789" lon="-118.15897"/>
   <point lat="33.92859" lon="-118.16097"/>
   <point lat="33.92907" lon="-118.16178"/>
  </path>
  <path>
   <point lat="33.94028" lon="-118.04671"/>
   <point lat="33.9388099" lon="-118.04452"/>
   <point lat="33.93669" lon="-118.04161"/>
   <point lat="33.93541" lon="-118.03971"/>
   <point lat="33.93273" lon="-118.03581"/>
   <point lat="33.93062" lon="-118.03278"/>
   <point lat="33.92821" lon="-118.0293"/>
   <point lat="33.9267899" lon="-118.02702"/>
   <point lat="33.92421" lon="-118.02257"/>
   <point lat="33.92586" lon="-118.01554"/>
   <point lat="33.92678" lon="-118.01157"/>
   <point lat="33.92729" lon="-118.00936"/>
   <point lat="33.9281999" lon="-118.00546"/>
   <point lat="33.92924" lon="-118.00101"/>
   <point lat="33.92984" lon="-117.99915"/>
   <point lat="33.93014" lon="-117.99731"/>
   <point lat="33.93122" lon="-117.9932"/>
   <point lat="33.9314899" lon="-117.99303"/>
   <point lat="33.9338399" lon="-117.99297"/>
   <point lat="33.93594" lon="-117.99296"/>
   <point lat="33.93802" lon="-117.99307"/>
   <point lat="33.9400199" lon="-117.99295"/>
   <point lat="33.94151" lon="-117.99305"/>
   <point lat="33.94193" lon="-117.99304"/>
   <point lat="33.94269" lon="-117.99299"/>
   <point lat="33.94297" lon="-117.99291"/>
   <point lat="33.94306" lon="-117.99286"/>
   <point lat="33.94336" lon="-117.99271"/>
   <point lat="33.94385" lon="-117.99243"/>
   <point lat="33.94401" lon="-117.99235"/>
   <point lat="33.94476" lon="-117.9943"/>
   <point lat="33.94504" lon="-117.99469"/>
  </path>
  <path>
   <point lat="33.91692" lon="-118.13826"/>
   <point lat="33.91702" lon="-118.13703"/>
   <point lat="33.91689" lon="-118.13379"/>
   <point lat="33.9169" lon="-118.12965"/>
   <point lat="33.91692" lon="-118.12555"/>
   <point lat="33.9169399" lon="-118.12117"/>
   <point lat="33.9169399" lon="-118.11633"/>
   <point lat="33.91697" lon="-118.1076"/>
   <point lat="33.9171" lon="-118.10559"/>
   <point lat="33.91697" lon="-118.10376"/>
   <point lat="33.91619" lon="-118.10351"/>
   <point lat="33.91335" lon="-118.10351"/>
   <point lat="33.91314" lon="-118.10402"/>
  </path>
  <path>
   <point lat="33.92959" lon="-118.3772"/>
   <point lat="33.92955" lon="-118.37781"/>
   <point lat="33.9291" lon="-118.37798"/>
   <point lat="33.9291" lon="-118.37847"/>
   <point lat="33.93079" lon="-118.37821"/>
   <point lat="33.93092" lon="-118.37513"/>
   <point lat="33.9308" lon="-118.3748"/>
   <point lat="33.9308" lon="-118.36903"/>
  </path>
  <path>
   <point lat="33.93068" lon="-118.18257"/>
   <point lat="33.93095" lon="-118.1808"/>
   <point lat="33.93097" lon="-118.18059"/>
   <point lat="33.93097" lon="-118.18052"/>
   <point lat="33.93098" lon="-118.18031"/>
   <point lat="33.93098" lon="-118.18001"/>
   <point lat="33.93094" lon="-118.17965"/>
   <point lat="33.9309299" lon="-118.17941"/>
   <point lat="33.93091" lon="-118.17924"/>
   <point lat="33.93089" lon="-118.1791"/>
   <point lat="33.93087" lon="-118.17889"/>
   <point lat="33.93086" lon="-118.17871"/>
   <point lat="33.93084" lon="-118.17852"/>
   <point lat="33.93081" lon="-118.1783"/>
   <point lat="33.9308" lon="-118.17815"/>
   <point lat="33.93067" lon="-118.17683"/>
   <point lat="33.93067" lon="-118.17675"/>
   <point lat="33.93051" lon="-118.17507"/>
   <point lat="33.92996" lon="-118.17001"/>
   <point lat="33.92972" lon="-118.16783"/>
   <point lat="33.92977" lon="-118.16672"/>
   <point lat="33.92942" lon="-118.1651"/>
   <point lat="33.92933" lon="-118.16346"/>
   <point lat="33.92878" lon="-118.16178"/>
  </path>
  <path>
   <point lat="33.93054" lon="-118.21193"/>
   <point lat="33.93022" lon="-118.21288"/>
   <point lat="33.93019" lon="-118.21315"/>
   <point lat="33.9302" lon="-118.21321"/>
   <point lat="33.93058" lon="-118.21662"/>
   <point lat="33.93059" lon="-118.22012"/>
   <point lat="33.9304599" lon="-118.22064"/>
   <point lat="33.93015" lon="-118.22095"/>
   <point lat="33.9300799" lon="-118.22117"/>
   <point lat="33.93004" lon="-118.22139"/>
   <point lat="33.93002" lon="-118.22149"/>
   <point lat="33.93001" lon="-118.22158"/>
   <point lat="33.93001" lon="-118.22168"/>
   <point lat="33.93002" lon="-118.22188"/>
   <point lat="33.9300799" lon="-118.22247"/>
   <point lat="33.93011" lon="-118.22505"/>
   <point lat="33.92913" lon="-118.2294"/>
   <point lat="33.92904" lon="-118.23"/>
   <point lat="33.92902" lon="-118.2303"/>
   <point lat="33.92918" lon="-118.23089"/>
   <point lat="33.92928" lon="-118.23327"/>
   <point lat="33.92931" lon="-118.23631"/>
   <point lat="33.92943" lon="-118.2383"/>
   <point lat="33.92947" lon="-118.23906"/>
   <point lat="33.92948" lon="-118.23919"/>
   <point lat="33.92958" lon="-118.23945"/>
   <point lat="33.92963" lon="-118.23953"/>
   <point lat="33.92972" lon="-118.23959"/>
   <point lat="33.92984" lon="-118.23962"/>
   <point lat="33.92995" lon="-118.23962"/>
   <point lat="33.93005" lon="-118.23961"/>
   <point lat="33.93012" lon="-118.23955"/>
   <point lat="33.9301699" lon="-118.23942"/>
   <point lat="33.9301699" lon="-118.23906"/>
   <point lat="33.92947" lon="-118.23906"/>
   <point lat="33.92912" lon="-118.23908"/>
   <point lat="33.92912" lon="-118.2384"/>
   <point lat="33.9281" lon="-118.23798"/>
  </path>
  <path>
   <point lat="33.93086" lon="-118.18375"/>
   <point lat="33.93081" lon="-118.18469"/>
   <point lat="33.93113" lon="-118.18702"/>
   <point lat="33.93132" lon="-118.18919"/>
   <point lat="33.93159" lon="-118.19242"/>
   <point lat="33.9318" lon="-118.19473"/>
   <point lat="33.93202" lon="-118.19721"/>
   <point lat="33.9322" lon="-118.19937"/>
   <point lat="33.93217" lon="-118.20044"/>
   <point lat="33.93217" lon="-118.20084"/>
   <point lat="33.93215" lon="-118.20102"/>
   <point lat="33.93211" lon="-118.20121"/>
   <point lat="33.93199" lon="-118.2016"/>
   <point lat="33.93138" lon="-118.20332"/>
   <point lat="33.93084" lon="-118.20425"/>
   <point lat="33.9305499" lon="-118.2049"/>
   <point lat="33.93051" lon="-118.20503"/>
   <point lat="33.93049" lon="-118.20509"/>
   <point lat="33.93047" lon="-118.20517"/>
   <point lat="33.9304599" lon="-118.20525"/>
   <point lat="33.93044" lon="-118.20538"/>
   <point lat="33.93044" lon="-118.20563"/>
   <point lat="33.9304599" lon="-118.20583"/>
   <point lat="33.93081" lon="-118.20852"/>
   <point lat="33.93079" lon="-118.20985"/>
   <point lat="33.93054" lon="-118.21193"/>
  </path>
  <path>
   <point lat="33.93547" lon="-118.073"/>
   <point lat="33.93535" lon="-118.07392"/>
   <point lat="33.9354299" lon="-118.08216"/>
   <point lat="33.93542" lon="-118.08478"/>
   <point lat="33.93532" lon="-118.08886"/>
   <point lat="33.93544" lon="-118.08939"/>
   <point lat="33.93532" lon="-118.09055"/>
   <point lat="33.9353" lon="-118.09132"/>
   <point lat="33.9353" lon="-118.09183"/>
   <point lat="33.93531" lon="-118.09243"/>
   <point lat="33.93532" lon="-118.09256"/>
   <point lat="33.93535" lon="-118.09277"/>
   <point lat="33.93536" lon="-118.09295"/>
   <point lat="33.9355199" lon="-118.09348"/>
   <point lat="33.9356099" lon="-118.09375"/>
   <point lat="33.93692" lon="-118.09627"/>
   <point lat="33.93695" lon="-118.09697"/>
   <point lat="33.9344899" lon="-118.09859"/>
   <point lat="33.93416" lon="-118.09883"/>
   <point lat="33.93373" lon="-118.09905"/>
   <point lat="33.93351" lon="-118.09914"/>
   <point lat="33.93331" lon="-118.09919"/>
   <point lat="33.93319" lon="-118.09921"/>
   <point lat="33.9321399" lon="-118.09941"/>
   <point lat="33.92774" lon="-118.0994"/>
   <point lat="33.9236" lon="-118.09939"/>
   <point lat="33.92181" lon="-118.09938"/>
   <point lat="33.91683" lon="-118.09938"/>
   <point lat="33.91583" lon="-118.09923"/>
   <point lat="33.91458" lon="-118.09924"/>
   <point lat="33.91454" lon="-118.10117"/>
   <point lat="33.91457" lon="-118.10146"/>
   <point lat="33.9146" lon="-118.10212"/>
   <point lat="33.91456" lon="-118.10351"/>
   <point lat="33.91376" lon="-118.10351"/>
   <point lat="33.91314" lon="-118.10402"/>
  </path>
  <path>
   <point lat="33.9281" lon="-118.23798"/>
   <point lat="33.92462" lon="-118.23612"/>
   <point lat="33.92472" lon="-118.2367"/>
   <point lat="33.92461" lon="-118.23906"/>
   <point lat="33.92471" lon="-118.23939"/>
   <point lat="33.9247" lon="-118.24222"/>
   <point lat="33.92454" lon="-118.24353"/>
   <point lat="33.92389" lon="-118.24605"/>
   <point lat="33.92516" lon="-118.24627"/>
   <point lat="33.92621" lon="-118.24614"/>
   <point lat="33.92936" lon="-118.24624"/>
   <point lat="33.9296099" lon="-118.24657"/>
   <point lat="33.9296" lon="-118.2548"/>
   <point lat="33.92949" lon="-118.25619"/>
   <point lat="33.92951" lon="-118.25638"/>
   <point lat="33.92955" lon="-118.25649"/>
   <point lat="33.92962" lon="-118.25667"/>
   <point lat="33.9296999" lon="-118.2568"/>
   <point lat="33.92981" lon="-118.25696"/>
   <point lat="33.9305" lon="-118.25783"/>
   <point lat="33.93112" lon="-118.25889"/>
   <point lat="33.93119" lon="-118.26493"/>
   <point lat="33.93132" lon="-118.26934"/>
   <point lat="33.93116" lon="-118.27421"/>
   <point lat="33.93114" lon="-118.27802"/>
   <point lat="33.93101" lon="-118.27889"/>
   <point lat="33.931" lon="-118.27908"/>
   <point lat="33.931" lon="-118.27912"/>
   <point lat="33.93099" lon="-118.27916"/>
   <point lat="33.931" lon="-118.27962"/>
   <point lat="33.931" lon="-118.2799"/>
   <point lat="33.93101" lon="-118.28013"/>
   <point lat="33.931" lon="-118.28021"/>
   <point lat="33.931" lon="-118.28026"/>
   <point lat="33.93101" lon="-118.28031"/>
   <point lat="33.93101" lon="-118.28064"/>
   <point lat="33.9310199" lon="-118.2809"/>
   <point lat="33.93101" lon="-118.28108"/>
   <point lat="33.9310199" lon="-118.28131"/>
   <point lat="33.9310199" lon="-118.28173"/>
   <point lat="33.93103" lon="-118.28217"/>
   <point lat="33.931" lon="-118.28259"/>
   <point lat="33.92958" lon="-118.28259"/>
   <point lat="33.9294" lon="-118.2826"/>
   <point lat="33.92917" lon="-118.28259"/>
   <point lat="33.92766" lon="-118.28259"/>
   <point lat="33.92737" lon="-118.28258"/>
   <point lat="33.92737" lon="-118.2817"/>
   <point lat="33.92745" lon="-118.28178"/>
   <point lat="33.92763" lon="-118.28178"/>
   <point lat="33.92769" lon="-118.28181"/>
   <point lat="33.92774" lon="-118.28186"/>
   <point lat="33.92776" lon="-118.28191"/>
   <point lat="33.92776" lon="-118.28237"/>
   <point lat="33.9278199" lon="-118.28259"/>
   <point lat="33.92861" lon="-118.28244"/>
  </path>
  <path>
   <point lat="33.94504" lon="-117.99469"/>
   <point lat="33.94556" lon="-117.9964"/>
   <point lat="33.94614" lon="-117.99792"/>
   <point lat="33.94633" lon="-117.99847"/>
   <point lat="33.94608" lon="-117.99859"/>
   <point lat="33.94586" lon="-117.99867"/>
   <point lat="33.94569" lon="-117.99874"/>
   <point lat="33.94544" lon="-117.99888"/>
   <point lat="33.94525" lon="-117.99846"/>
  </path>
  <path>
   <point lat="33.94091" lon="-118.04713"/>
   <point lat="33.94161" lon="-118.04842"/>
   <point lat="33.94195" lon="-118.04893"/>
   <point lat="33.94196" lon="-118.05119"/>
   <point lat="33.942" lon="-118.05555"/>
   <point lat="33.94187" lon="-118.06398"/>
   <point lat="33.9419899" lon="-118.06431"/>
   <point lat="33.94171" lon="-118.07284"/>
   <point lat="33.9353399" lon="-118.07267"/>
   <point lat="33.93547" lon="-118.073"/>
  </path>
  <path>
   <point lat="33.93106" lon="-118.37036"/>
   <point lat="33.93105" lon="-118.37496"/>
   <point lat="33.93092" lon="-118.37821"/>
   <point lat="33.93092" lon="-118.37848"/>
   <point lat="33.9291" lon="-118.37847"/>
   <point lat="33.9291" lon="-118.37744"/>
   <point lat="33.92924" lon="-118.37724"/>
   <point lat="33.92925" lon="-118.37611"/>
   <point lat="33.92954" lon="-118.376"/>
   <point lat="33.92959" lon="-118.3772"/>
  </path>
  <path>
   <point lat="33.91314" lon="-118.10402"/>
   <point lat="33.91246" lon="-118.10399"/>
   <point lat="33.91246" lon="-118.10351"/>
   <point lat="33.91335" lon="-118.10351"/>
   <point lat="33.91363" lon="-118.10351"/>
   <point lat="33.91387" lon="-118.1027"/>
   <point lat="33.9143" lon="-118.09923"/>
   <point lat="33.91458" lon="-118.09924"/>
   <point lat="33.9148799" lon="-118.09909"/>
   <point lat="33.91737" lon="-118.09908"/>
   <point lat="33.92236" lon="-118.09908"/>
   <point lat="33.92787" lon="-118.0991"/>
   <point lat="33.93186" lon="-118.09911"/>
   <point lat="33.9328" lon="-118.09927"/>
   <point lat="33.93293" lon="-118.09924"/>
   <point lat="33.93319" lon="-118.09921"/>
   <point lat="33.93331" lon="-118.09919"/>
   <point lat="33.93351" lon="-118.09914"/>
   <point lat="33.93373" lon="-118.09905"/>
   <point lat="33.93416" lon="-118.09883"/>
   <point lat="33.93513" lon="-118.09795"/>
   <point lat="33.93568" lon="-118.09774"/>
   <point lat="33.93712" lon="-118.09667"/>
   <point lat="33.93687" lon="-118.09647"/>
   <point lat="33.93692" lon="-118.09627"/>
   <point lat="33.9356099" lon="-118.09375"/>
   <point lat="33.9355199" lon="-118.09348"/>
   <point lat="33.93536" lon="-118.09295"/>
   <point lat="33.93535" lon="-118.09277"/>
   <point lat="33.93532" lon="-118.09256"/>
   <point lat="33.93531" lon="-118.09243"/>
   <point lat="33.9353" lon="-118.09183"/>
   <point lat="33.9353" lon="-118.09132"/>
   <point lat="33.93532" lon="-118.09055"/>
   <point lat="33.93531" lon="-118.08898"/>
   <point lat="33.93518" lon="-118.08853"/>
   <point lat="33.93517" lon="-118.08472"/>
   <point lat="33.93518" lon="-118.0815"/>
   <point lat="33.93555" lon="-118.07252"/>
  </path>
  <path>
   <point lat="33.93068" lon="-118.18257"/>
   <point lat="33.93095" lon="-118.1808"/>
   <point lat="33.93097" lon="-118.18059"/>
   <point lat="33.93097" lon="-118.18052"/>
   <point lat="33.93098" lon="-118.18031"/>
   <point lat="33.93098" lon="-118.18001"/>
   <point lat="33.93094" lon="-118.17965"/>
   <point lat="33.9309299" lon="-118.17941"/>
   <point lat="33.93091" lon="-118.17924"/>
   <point lat="33.93089" lon="-118.1791"/>
   <point lat="33.93087" lon="-118.17889"/>
   <point lat="33.93086" lon="-118.17871"/>
   <point lat="33.93084" lon="-118.17852"/>
   <point lat="33.93081" lon="-118.1783"/>
   <point lat="33.9308" lon="-118.17815"/>
   <point lat="33.93067" lon="-118.17683"/>
   <point lat="33.93067" lon="-118.17675"/>
   <point lat="33.93051" lon="-118.17507"/>
   <point lat="33.92996" lon="-118.17001"/>
   <point lat="33.92972" lon="-118.16783"/>
   <point lat="33.92977" lon="-118.16672"/>
   <point lat="33.92942" lon="-118.1651"/>
   <point lat="33.92933" lon="-118.16346"/>
   <point lat="33.92878" lon="-118.16178"/>
   <point lat="33.92839" lon="-118.16065"/>
   <point lat="33.92627" lon="-118.15635"/>
   <point lat="33.92645" lon="-118.15607"/>
   <point lat="33.92738" lon="-118.15548"/>
   <point lat="33.92747" lon="-118.15565"/>
   <point lat="33.92749" lon="-118.15569"/>
   <point lat="33.92796" lon="-118.15657"/>
  </path>
  <path>
   <point lat="33.91715" lon="-118.13792"/>
   <point lat="33.91707" lon="-118.13846"/>
   <point lat="33.91709" lon="-118.1386"/>
   <point lat="33.91715" lon="-118.13884"/>
   <point lat="33.9173" lon="-118.13921"/>
   <point lat="33.91843" lon="-118.14096"/>
   <point lat="33.91933" lon="-118.14292"/>
   <point lat="33.92005" lon="-118.144"/>
   <point lat="33.92145" lon="-118.14677"/>
   <point lat="33.9217" lon="-118.14697"/>
   <point lat="33.92407" lon="-118.15169"/>
   <point lat="33.92577" lon="-118.15501"/>
   <point lat="33.92627" lon="-118.15635"/>
   <point lat="33.92645" lon="-118.15607"/>
   <point lat="33.92738" lon="-118.15548"/>
   <point lat="33.92747" lon="-118.15565"/>
   <point lat="33.92749" lon="-118.15569"/>
   <point lat="33.92796" lon="-118.15657"/>
  </path>
  <path>
   <point lat="33.92796" lon="-118.15657"/>
   <point lat="33.92749" lon="-118.15569"/>
   <point lat="33.92747" lon="-118.15565"/>
   <point lat="33.92738" lon="-118.15548"/>
   <point lat="33.92667" lon="-118.15618"/>
   <point lat="33.92627" lon="-118.15635"/>
   <point lat="33.92648" lon="-118.15677"/>
   <point lat="33.92663" lon="-118.15704"/>
   <point lat="33.92738" lon="-118.15805"/>
   <point lat="33.92751" lon="-118.1583"/>
   <point lat="33.9276399" lon="-118.15856"/>
   <point lat="33.92772" lon="-118.15877"/>
   <point lat="33.92753" lon="-118.1589"/>
   <point lat="33.92721" lon="-118.15883"/>
   <point lat="33.92677" lon="-118.15771"/>
   <point lat="33.92543" lon="-118.15504"/>
   <point lat="33.92381" lon="-118.15177"/>
   <point lat="33.92119" lon="-118.14658"/>
   <point lat="33.91956" lon="-118.14364"/>
   <point lat="33.91799" lon="-118.14071"/>
   <point lat="33.9173" lon="-118.13921"/>
   <point lat="33.91715" lon="-118.13884"/>
   <point lat="33.91709" lon="-118.1386"/>
   <point lat="33.91707" lon="-118.13846"/>
   <point lat="33.91692" lon="-118.13826"/>
  </path>
  <path>
   <point lat="33.92907" lon="-118.16178"/>
   <point lat="33.92933" lon="-118.16346"/>
   <point lat="33.92957" lon="-118.16428"/>
   <point lat="33.92977" lon="-118.16672"/>
   <point lat="33.93004" lon="-118.16845"/>
   <point lat="33.9302" lon="-118.17022"/>
   <point lat="33.93067" lon="-118.17675"/>
   <point lat="33.93105" lon="-118.18114"/>
   <point lat="33.93086" lon="-118.18375"/>
  </path>
  <path>
   <point lat="33.91314" lon="-118.10402"/>
   <point lat="33.91246" lon="-118.10399"/>
   <point lat="33.91246" lon="-118.10351"/>
   <point lat="33.9171" lon="-118.10352"/>
   <point lat="33.9171" lon="-118.10533"/>
   <point lat="33.91711" lon="-118.10551"/>
   <point lat="33.9171" lon="-118.10559"/>
   <point lat="33.91722" lon="-118.10776"/>
   <point lat="33.9172" lon="-118.11699"/>
   <point lat="33.91719" lon="-118.12084"/>
   <point lat="33.91718" lon="-118.12505"/>
   <point lat="33.91716" lon="-118.13007"/>
   <point lat="33.91718" lon="-118.1339"/>
   <point lat="33.91702" lon="-118.13703"/>
   <point lat="33.91715" lon="-118.13792"/>
  </path>
  <path>
   <point lat="33.92861" lon="-118.28244"/>
   <point lat="33.93078" lon="-118.28244"/>
   <point lat="33.93103" lon="-118.28217"/>
   <point lat="33.93089" lon="-118.27848"/>
   <point lat="33.9309" lon="-118.27365"/>
   <point lat="33.93104" lon="-118.27064"/>
   <point lat="33.93107" lon="-118.26967"/>
   <point lat="33.93109" lon="-118.26865"/>
   <point lat="33.9309299" lon="-118.26539"/>
   <point lat="33.93085" lon="-118.25878"/>
   <point lat="33.93083" lon="-118.25833"/>
   <point lat="33.92981" lon="-118.25696"/>
   <point lat="33.9296999" lon="-118.2568"/>
   <point lat="33.92962" lon="-118.25667"/>
   <point lat="33.92956" lon="-118.25652"/>
   <point lat="33.92951" lon="-118.25638"/>
   <point lat="33.92949" lon="-118.25619"/>
   <point lat="33.92947" lon="-118.25447"/>
   <point lat="33.92934" lon="-118.2539"/>
   <point lat="33.92935" lon="-118.24641"/>
   <point lat="33.92874" lon="-118.24624"/>
   <point lat="33.92607" lon="-118.24638"/>
   <point lat="33.92375" lon="-118.24628"/>
   <point lat="33.92371" lon="-118.24593"/>
   <point lat="33.92404" lon="-118.2451"/>
   <point lat="33.92427" lon="-118.24457"/>
   <point lat="33.92434" lon="-118.24436"/>
   <point lat="33.92444" lon="-118.24403"/>
   <point lat="33.92449" lon="-118.24383"/>
   <point lat="33.92454" lon="-118.24353"/>
   <point lat="33.92459" lon="-118.24309"/>
   <point lat="33.9246" lon="-118.24277"/>
   <point lat="33.9245" lon="-118.2422"/>
   <point lat="33.92451" lon="-118.24037"/>
   <point lat="33.92461" lon="-118.23906"/>
   <point lat="33.92515" lon="-118.2389"/>
   <point lat="33.92596" lon="-118.23906"/>
   <point lat="33.9285" lon="-118.23906"/>
   <point lat="33.92912" lon="-118.23908"/>
   <point lat="33.92912" lon="-118.2384"/>
   <point lat="33.9281" lon="-118.23798"/>
  </path>
  <path>
   <point lat="33.9311" lon="-118.32682"/>
   <point lat="33.9311" lon="-118.33024"/>
   <point lat="33.9311" lon="-118.33498"/>
   <point lat="33.93109" lon="-118.33919"/>
   <point lat="33.93109" lon="-118.34373"/>
   <point lat="33.93108" lon="-118.34858"/>
   <point lat="33.93107" lon="-118.35236"/>
   <point lat="33.93106" lon="-118.35679"/>
   <point lat="33.93107" lon="-118.36164"/>
   <point lat="33.93106" lon="-118.36462"/>
   <point lat="33.93106" lon="-118.37036"/>
  </path>
  <path>
   <point lat="33.94435" lon="-117.99581"/>
   <point lat="33.94394" lon="-117.99502"/>
   <point lat="33.94386" lon="-117.99481"/>
   <point lat="33.94306" lon="-117.99286"/>
   <point lat="33.94297" lon="-117.99291"/>
   <point lat="33.94269" lon="-117.99299"/>
   <point lat="33.94193" lon="-117.99304"/>
   <point lat="33.94024" lon="-117.99307"/>
   <point lat="33.93974" lon="-117.99319"/>
   <point lat="33.93802" lon="-117.99307"/>
   <point lat="33.9363" lon="-117.99319"/>
   <point lat="33.93391" lon="-117.99321"/>
   <point lat="33.93145" lon="-117.99328"/>
   <point lat="33.93044" lon="-117.99684"/>
   <point lat="33.92984" lon="-117.99915"/>
   <point lat="33.92957" lon="-118.00052"/>
   <point lat="33.92837" lon="-118.00584"/>
   <point lat="33.9276" lon="-118.00894"/>
   <point lat="33.92689" lon="-118.01221"/>
   <point lat="33.92607" lon="-118.01551"/>
   <point lat="33.92493" lon="-118.02015"/>
   <point lat="33.92442" lon="-118.02307"/>
   <point lat="33.92509" lon="-118.02446"/>
   <point lat="33.92557" lon="-118.02493"/>
   <point lat="33.92815" lon="-118.02898"/>
   <point lat="33.92842" lon="-118.02914"/>
   <point lat="33.93085" lon="-118.03263"/>
   <point lat="33.93301" lon="-118.03574"/>
   <point lat="33.93564" lon="-118.03958"/>
   <point lat="33.93715" lon="-118.04179"/>
   <point lat="33.93883" lon="-118.04423"/>
   <point lat="33.94091" lon="-118.04713"/>
  </path>
  <path>
   <point lat="33.9281" lon="-118.23798"/>
   <point lat="33.92462" lon="-118.23612"/>
   <point lat="33.92472" lon="-118.2367"/>
   <point lat="33.92461" lon="-118.23906"/>
   <point lat="33.92515" lon="-118.2389"/>
   <point lat="33.92596" lon="-118.23906"/>
   <point lat="33.9285" lon="-118.23906"/>
   <point lat="33.92912" lon="-118.23908"/>
   <point lat="33.92947" lon="-118.23906"/>
   <point lat="33.92921" lon="-118.23448"/>
   <point lat="33.9290499" lon="-118.23373"/>
   <point lat="33.92915" lon="-118.23325"/>
   <point lat="33.9289" lon="-118.23052"/>
   <point lat="33.92902" lon="-118.2303"/>
   <point lat="33.92904" lon="-118.23"/>
   <point lat="33.92913" lon="-118.2294"/>
   <point lat="33.92984" lon="-118.22501"/>
   <point lat="33.93009" lon="-118.22331"/>
   <point lat="33.9301" lon="-118.22076"/>
   <point lat="33.9305" lon="-118.22032"/>
   <point lat="33.93059" lon="-118.22012"/>
   <point lat="33.93061" lon="-118.22008"/>
   <point lat="33.93066" lon="-118.21993"/>
   <point lat="33.93069" lon="-118.21977"/>
   <point lat="33.9307" lon="-118.21959"/>
   <point lat="33.93071" lon="-118.21934"/>
   <point lat="33.93045" lon="-118.21635"/>
   <point lat="33.9303" lon="-118.21604"/>
   <point lat="33.9302" lon="-118.21321"/>
   <point lat="33.93043" lon="-118.21122"/>
  </path>
  <path>
   <point lat="33.93555" lon="-118.07252"/>
   <point lat="33.94157" lon="-118.07258"/>
   <point lat="33.94192" lon="-118.07269"/>
   <point lat="33.94188" lon="-118.0724"/>
   <point lat="33.94184" lon="-118.07183"/>
   <point lat="33.94174" lon="-118.06415"/>
   <point lat="33.94187" lon="-118.06398"/>
   <point lat="33.94175" lon="-118.05495"/>
   <point lat="33.94176" lon="-118.05103"/>
   <point lat="33.94189" lon="-118.04977"/>
   <point lat="33.94186" lon="-118.04924"/>
   <point lat="33.94184" lon="-118.04903"/>
   <point lat="33.9418" lon="-118.04887"/>
   <point lat="33.94177" lon="-118.04877"/>
   <point lat="33.9417199" lon="-118.04865"/>
   <point lat="33.94161" lon="-118.04842"/>
   <point lat="33.9412499" lon="-118.04817"/>
   <point lat="33.94028" lon="-118.04671"/>
  </path>
  <path>
   <point lat="33.92861" lon="-118.28244"/>
   <point lat="33.92917" lon="-118.28259"/>
   <point lat="33.931" lon="-118.28259"/>
   <point lat="33.93113" lon="-118.28298"/>
   <point lat="33.93112" lon="-118.28678"/>
   <point lat="33.9311099" lon="-118.29108"/>
   <point lat="33.9311" lon="-118.29531"/>
   <point lat="33.9311" lon="-118.3001"/>
   <point lat="33.9311" lon="-118.30453"/>
   <point lat="33.9311" lon="-118.30937"/>
   <point lat="33.9311099" lon="-118.31324"/>
   <point lat="33.9311" lon="-118.31761"/>
   <point lat="33.9311099" lon="-118.32374"/>
   <point lat="33.9311" lon="-118.32682"/>
  </path>
  <path>
   <point lat="33.92796" lon="-118.15657"/>
   <point lat="33.92749" lon="-118.15569"/>
   <point lat="33.92747" lon="-118.15565"/>
   <point lat="33.92738" lon="-118.15548"/>
   <point lat="33.92667" lon="-118.15618"/>
   <point lat="33.92627" lon="-118.15635"/>
   <point lat="33.92648" lon="-118.15677"/>
   <point lat="33.92663" lon="-118.15704"/>
   <point lat="33.9271699" lon="-118.15774"/>
   <point lat="33.92789" lon="-118.15897"/>
   <point lat="33.92859" lon="-118.16097"/>
   <point lat="33.92907" lon="-118.16178"/>
   <point lat="33.92933" lon="-118.16346"/>
   <point lat="33.92957" lon="-118.16428"/>
   <point lat="33.92977" lon="-118.16672"/>
   <point lat="33.93004" lon="-118.16845"/>
   <point lat="33.9302" lon="-118.17022"/>
   <point lat="33.93067" lon="-118.17675"/>
   <point lat="33.93105" lon="-118.18114"/>
   <point lat="33.93086" lon="-118.18375"/>
  </path>
 </route>
</body>