<?xml version="1.0" encoding="utf-8"?>
<body copyright="All data copyright Los Angeles Metro 2022.">
 <route color="df4600" latMax="34.2934699" latMin="34.0889899" lonMax="-118.33515" lonMin="-118.45085" oppositeColor="ffffff" tag="224" title="224 Sylmar-Universal Cty Via San Fernand">
  <stop lat="34.13233" lon="-118.35302" stopId="00548" tag="548" title="Cahuenga / Universal Studios"/>
  <stop lat="34.1349699" lon="-118.3607499" stopId="00551" tag="551" title="Cahuenga / Regal Pl"/>
  <stop lat="34.12867" lon="-118.3473099" stopId="00554" tag="554" title="Cahuenga / Barham"/>
  <stop lat="34.13297" lon="-118.35566" stopId="00556" tag="556" title="Cahuenga / Broadlawn"/>
  <stop lat="34.1305499" lon="-118.3500599" stopId="00558" tag="558" title="Cahuenga / Oakshire"/>
  <stop lat="34.21924" lon="-118.38762" stopId="02807" tag="2807" title="Lankershim / Cantara"/>
  <stop lat="34.14541" lon="-118.36264" stopId="02808" tag="2808" title="Lankershim / Aqua Vista"/>
  <stop lat="34.16517" lon="-118.37458" stopId="02824" tag="2824" title="Lankershim / Magnolia"/>
  <stop lat="34.21197" lon="-118.38763" stopId="02834" tag="2834" title="Lankershim / Stagg"/>
  <stop lat="34.2155999" lon="-118.3876399" stopId="02835" tag="2835" title="Lankershim / Strathern"/>
  <stop lat="34.0946" lon="-118.33846" stopId="03601" tag="3601" title="Highland / Fountain"/>
  <stop lat="34.1079899" lon="-118.33704" stopId="03607" tag="3607" title="Highland / Milner"/>
  <stop lat="34.09778" lon="-118.3385" stopId="03610" tag="3610" title="Highland / Sunset"/>
  <stop lat="34.11022" lon="-118.33515" stopId="04101" tag="4101" title="Odin / Fairfield"/>
  <stop lat="34.2392699" lon="-118.3935199" stopId="05811" tag="5811" title="San Fernando / Sheldon"/>
  <stop lat="34.24821" lon="-118.40296" stopId="05823" tag="5823" title="San Fernando / Branford"/>
  <stop lat="34.2770499" lon="-118.4334999" stopId="05825" tag="5825" title="San Fernando / Del Sur"/>
  <stop lat="34.2744399" lon="-118.4307399" stopId="05826" tag="5826" title="San Fernando / Desmond"/>
  <stop lat="34.26904" lon="-118.42502" stopId="05829" tag="5829" title="San Fernando / Filmore"/>
  <stop lat="34.25714" lon="-118.4124" stopId="05832" tag="5832" title="San Fernando / Kagel Canyon"/>
  <stop lat="34.2511799" lon="-118.4060899" stopId="05836" tag="5836" title="San Fernando / Montague"/>
  <stop lat="34.2541399" lon="-118.4092299" stopId="05838" tag="5838" title="San Fernando / Osborne"/>
  <stop lat="34.2630999" lon="-118.4187099" stopId="05843" tag="5843" title="San Fernando / Pierce"/>
  <stop lat="34.26012" lon="-118.41555" stopId="05854" tag="5854" title="San Fernando / Terra Bella"/>
  <stop lat="34.2663799" lon="-118.42219" stopId="05859" tag="5859" title="San Fernando / Van Nuys"/>
  <stop lat="34.2362799" lon="-118.3903499" stopId="05868" tag="5868" title="San Fernando / Wicks"/>
  <stop lat="34.2822899" lon="-118.4394999" stopId="06613" tag="6613" title="Truman / Brand"/>
  <stop lat="34.29073" lon="-118.4487899" stopId="06615" tag="6615" title="Truman / Hubbard"/>
  <stop lat="34.2834899" lon="-118.44079" stopId="06617" tag="6617" title="Truman / Maclay"/>
  <stop lat="34.2871599" lon="-118.4450299" stopId="06619" tag="6619" title="Truman / Workman"/>
  <stop lat="34.28507" lon="-118.44246" stopId="06620" tag="6620" title="Truman / San Fernando Mission"/>
  <stop lat="34.2802899" lon="-118.4375399" stopId="06623" tag="6623" title="Truman / Wolfskill"/>
  <stop lat="34.2229299" lon="-118.38762" stopId="06627" tag="6627" title="Lankershim / Tuxford"/>
  <stop lat="34.14176" lon="-118.36077" stopId="06656" tag="6656" title="Lankershim / James Stewart"/>
  <stop lat="34.1185499" lon="-118.3371099" stopId="09135" tag="9135" title="2700 Cahuenga"/>
  <stop lat="34.1146899" lon="-118.3357099" stopId="09137" tag="9137" title="Cahuenga / John Anson Ford Theatre"/>
  <stop lat="34.1241299" lon="-118.3422299" stopId="09138" tag="9138" title="Cahuenga / Lakeridge"/>
  <stop lat="34.1269599" lon="-118.3445599" stopId="09139" tag="9139" title="Cahuenga / Hollycrest"/>
  <stop lat="34.17198" lon="-118.37868" stopId="11300" tag="11300" title="Lankershim / Burbank"/>
  <stop lat="34.1775399" lon="-118.3820499" stopId="11301" tag="11301" title="Lankershim / Califa"/>
  <stop lat="34.17968" lon="-118.38334" stopId="11304" tag="11304" title="Lankershim / Oxnard"/>
  <stop lat="34.1977599" lon="-118.3875999" stopId="11305" tag="11305" title="Lankershim / Hart"/>
  <stop lat="34.17573" lon="-118.38094" stopId="11306" tag="11306" title="Lankershim / Hatteras"/>
  <stop lat="34.1617999" lon="-118.3725499" stopId="11307" tag="11307" title="Lankershim / Hesby"/>
  <stop lat="34.1901899" lon="-118.38759" stopId="11309" tag="11309" title="Lankershim / Kittridge"/>
  <stop lat="34.1555199" lon="-118.3687699" stopId="11310" tag="11310" title="Lankershim / Kling"/>
  <stop lat="34.1507" lon="-118.36584" stopId="11313" tag="11313" title="Lankershim / Moorpark"/>
  <stop lat="34.2284199" lon="-118.38761" stopId="11316" tag="11316" title="Lankershim / Pendleton"/>
  <stop lat="34.1524999" lon="-118.3669399" stopId="11317" tag="11317" title="Lankershim / Riverside"/>
  <stop lat="34.20562" lon="-118.38762" stopId="11318" tag="11318" title="Lankershim / Runnymede"/>
  <stop lat="34.2083399" lon="-118.3876299" stopId="11321" tag="11321" title="Lankershim / Saticoy"/>
  <stop lat="34.2010799" lon="-118.3876299" stopId="11322" tag="11322" title="Lankershim / Sherman Way"/>
  <stop lat="34.1942199" lon="-118.38759" stopId="11328" tag="11328" title="Lankershim / Vanowen"/>
  <stop lat="34.18696" lon="-118.3876" stopId="11329" tag="11329" title="Lankershim / Victory"/>
  <stop lat="34.1583499" lon="-118.37049" stopId="11330" tag="11330" title="Lankershim / Vineland"/>
  <stop lat="34.1483799" lon="-118.3644299" stopId="11331" tag="11331" title="Lankershim / Whipple"/>
  <stop lat="34.1053199" lon="-118.33732" stopId="12091" tag="12091" title="Highland / Franklin"/>
  <stop lat="34.1016999" lon="-118.33853" stopId="12093" tag="12093" title="Highland / Hollywood"/>
  <stop lat="34.27233" lon="-118.42854" stopId="19059" tag="19059" title="San Fernando / Paxton"/>
  <stop lat="34.1687299" lon="-118.37673" stopId="20002" tag="20002" title="Lankershim / Chandler"/>
  <stop lat="34.18287" lon="-118.38526" stopId="20345" tag="20345" title="Lankershim / Erwin"/>
  <stop lat="34.2310799" lon="-118.38762" stopId="20346" tag="20346" title="Lankershim / Neenach"/>
  <stop lat="34.0889899" lon="-118.33842" stopId="25001" tag="25001" title="Santa Monica / Highland Layover"/>
  <stop lat="34.0909999" lon="-118.3384399" stopId="25002" tag="25002" title="Highland / Santa Monica"/>
  <stop lat="34.1390499" lon="-118.36317" stopId="30002" tag="30002" title="Universal / Studio City Station"/>
  <stop lat="34.2934699" lon="-118.45085" tag="30015_ar" title="Sylmar Station"/>
  <stop lat="34.2331799" lon="-118.38794" stopId="00069" tag="69" title="Lankershim / San Fernando"/>
  <stop lat="34.1686099" lon="-118.377" stopId="00159" tag="159" title="Lankershim / Chandler"/>
  <stop lat="34.11938" lon="-118.3395" stopId="00549" tag="549" title="Cahuenga / Wright"/>
  <stop lat="34.1264499" lon="-118.3453699" stopId="00552" tag="552" title="Cahuenga / Oakcrest"/>
  <stop lat="34.12843" lon="-118.34745" stopId="00555" tag="555" title="Cahuenga / Barham"/>
  <stop lat="34.1523899" lon="-118.38785" stopId="00733" tag="733" title="Colfax / Landale"/>
  <stop lat="34.1417799" lon="-118.3610699" stopId="02810" tag="2810" title="Lankershim / Valleyheart"/>
  <stop lat="34.1723199" lon="-118.3792199" stopId="02811" tag="2811" title="Lankershim / Burbank"/>
  <stop lat="34.1776699" lon="-118.3824699" stopId="02812" tag="2812" title="Lankershim / Califa"/>
  <stop lat="34.19772" lon="-118.3879" stopId="02817" tag="2817" title="Lankershim / Hart"/>
  <stop lat="34.17586" lon="-118.38136" stopId="02818" tag="2818" title="Lankershim / Hatteras"/>
  <stop lat="34.1621" lon="-118.37307" stopId="02819" tag="2819" title="Lankershim / Hesby"/>
  <stop lat="34.1546" lon="-118.36856" stopId="02820" tag="2820" title="Lankershim / Hortense"/>
  <stop lat="34.19006" lon="-118.3878999" stopId="02822" tag="2822" title="Lankershim / Kittridge"/>
  <stop lat="34.15046" lon="-118.36603" stopId="02825" tag="2825" title="Lankershim / Moorpark"/>
  <stop lat="34.17914" lon="-118.38335" stopId="02827" tag="2827" title="Lankershim / Oxnard"/>
  <stop lat="34.2279099" lon="-118.38791" stopId="02828" tag="2828" title="Lankershim / Pendleton"/>
  <stop lat="34.15198" lon="-118.36697" stopId="02829" tag="2829" title="Lankershim / Riverside"/>
  <stop lat="34.2059" lon="-118.38793" stopId="02830" tag="2830" title="Lankershim / Runnymede"/>
  <stop lat="34.2081999" lon="-118.38793" stopId="02832" tag="2832" title="Lankershim / Saticoy"/>
  <stop lat="34.1936699" lon="-118.38789" stopId="02837" tag="2837" title="Lankershim / Vanowen"/>
  <stop lat="34.18684" lon="-118.3879199" stopId="02838" tag="2838" title="Lankershim / Victory"/>
  <stop lat="34.1588499" lon="-118.3711199" stopId="02839" tag="2839" title="Lankershim / La Maida"/>
  <stop lat="34.1481399" lon="-118.3646299" stopId="02840" tag="2840" title="Lankershim / Whipple"/>
  <stop lat="34.2009399" lon="-118.3879299" stopId="02842" tag="2842" title="Lankershim / Sherman Way"/>
  <stop lat="34.1646099" lon="-118.3877899" stopId="03081" tag="3081" title="Colfax / Magnolia"/>
  <stop lat="34.16469" lon="-118.37463" stopId="03091" tag="3091" title="Lankershim / Magnolia"/>
  <stop lat="34.1039599" lon="-118.3387099" stopId="03602" tag="3602" title="Highland / Franklin"/>
  <stop lat="34.1827599" lon="-118.3855399" stopId="03620" tag="3620" title="Lankershim / Erwin"/>
  <stop lat="34.09057" lon="-118.3381899" stopId="06019" tag="6019" title="Santa Monica / Highland"/>
  <stop lat="34.13207" lon="-118.35307" stopId="09133" tag="9133" title="Cahuenga / Universal Studios"/>
  <stop lat="34.12368" lon="-118.34299" stopId="09134" tag="9134" title="Cahuenga / Woodrow Wilson"/>
  <stop lat="34.11741" lon="-118.33809" stopId="09140" tag="9140" title="Cahuenga / Hillpark"/>
  <stop lat="34.13473" lon="-118.36085" stopId="09141" tag="9141" title="Cahuenga / Regal"/>
  <stop lat="34.12778" lon="-118.34669" stopId="09142" tag="9142" title="Cahuenga / Barham"/>
  <stop lat="34.1328199" lon="-118.3560999" stopId="09144" tag="9144" title="Cahuenga / Broadlawn"/>
  <stop lat="34.1303099" lon="-118.3501899" stopId="09146" tag="9146" title="Cahuenga / Oakshire"/>
  <stop lat="34.11066" lon="-118.3364699" stopId="10975" tag="10975" title="Highland / Odin"/>
  <stop lat="34.2194399" lon="-118.3879299" stopId="11296" tag="11296" title="Lankershim / Cantara"/>
  <stop lat="34.1448" lon="-118.36261" stopId="11298" tag="11298" title="Lankershim / Aqua Vista"/>
  <stop lat="34.2306499" lon="-118.3879299" stopId="11314" tag="11314" title="Lankershim / Neenach"/>
  <stop lat="34.2118299" lon="-118.38793" stopId="11323" tag="11323" title="Lankershim / Stagg"/>
  <stop lat="34.2154599" lon="-118.3879499" stopId="11324" tag="11324" title="Lankershim / Strathern"/>
  <stop lat="34.2221099" lon="-118.38793" stopId="11335" tag="11335" title="Lankershim / Tuxford"/>
  <stop lat="34.1083999" lon="-118.33715" stopId="12088" tag="12088" title="Highland / Camrose"/>
  <stop lat="34.0945299" lon="-118.3387699" stopId="12090" tag="12090" title="Highland / Fountain"/>
  <stop lat="34.1004899" lon="-118.33883" stopId="12092" tag="12092" title="Highland / Hollywood"/>
  <stop lat="34.09826" lon="-118.3388" stopId="12097" tag="12097" title="Highland / Sunset"/>
  <stop lat="34.2764699" lon="-118.4332999" stopId="14184" tag="14184" title="San Fernando / Del Sur"/>
  <stop lat="34.2389999" lon="-118.3936399" stopId="14185" tag="14185" title="San Fernando / Sheldon"/>
  <stop lat="34.24825" lon="-118.40341" stopId="14199" tag="14199" title="San Fernando / Branford"/>
  <stop lat="34.27417" lon="-118.43086" stopId="14201" tag="14201" title="San Fernando / Desmond"/>
  <stop lat="34.2690899" lon="-118.4254699" stopId="14203" tag="14203" title="San Fernando / Filmore"/>
  <stop lat="34.25687" lon="-118.41252" stopId="14206" tag="14206" title="San Fernando / Kagel Canyon"/>
  <stop lat="34.25123" lon="-118.40654" stopId="14210" tag="14210" title="San Fernando / Montague"/>
  <stop lat="34.2542499" lon="-118.4097599" stopId="14212" tag="14212" title="San Fernando / Osborne"/>
  <stop lat="34.27175" lon="-118.42834" stopId="14213" tag="14213" title="San Fernando / Paxton"/>
  <stop lat="34.26314" lon="-118.41916" stopId="14217" tag="14217" title="San Fernando / Pierce"/>
  <stop lat="34.2601599" lon="-118.4159999" stopId="14230" tag="14230" title="San Fernando / Terra Bella"/>
  <stop lat="34.2422999" lon="-118.3970899" stopId="14232" tag="14232" title="San Fernando / Truesdale"/>
  <stop lat="34.2662399" lon="-118.42245" stopId="14235" tag="14235" title="San Fernando / Van Nuys"/>
  <stop lat="34.2360099" lon="-118.3904699" stopId="14245" tag="14245" title="San Fernando / Wicks"/>
  <stop lat="34.2832199" lon="-118.44092" stopId="14981" tag="14981" title="Truman / Maclay"/>
  <stop lat="34.29036" lon="-118.44884" stopId="14983" tag="14983" title="Truman / Hubbard"/>
  <stop lat="34.28689" lon="-118.44516" stopId="14984" tag="14984" title="Truman / Workman"/>
  <stop lat="34.2848499" lon="-118.4426399" stopId="14987" tag="14987" title="Truman / San Fernando Mission"/>
  <stop lat="34.28001" lon="-118.4376" stopId="14988" tag="14988" title="Truman / Wolfskill"/>
  <stop lat="34.1388599" lon="-118.36242" stopId="15025" tag="15025" title="Lankershim / Campo De Cahuenga"/>
  <stop lat="34.0889899" lon="-118.33842" tag="25001_ar" title="Santa Monica / Highland Layover"/>
  <stop lat="34.1390499" lon="-118.36317" tag="30002_ar" title="Universal / Studio City Station"/>
  <stop lat="34.2934699" lon="-118.45085" stopId="30015" tag="30015" title="Sylmar Station"/>
  <stop lat="34.1650499" lon="-118.3751599" stopId="140751" tag="140751" title="Magnolia / Lankershim"/>
  <direction name="North" tag="224_262_0" title="North to Olive View Medical Ctr" useForUI="true">
   <stop tag="25001"/>
   <stop tag="25002"/>
   <stop tag="3601"/>
   <stop tag="3610"/>
   <stop tag="12093"/>
   <stop tag="12091"/>
   <stop tag="3607"/>
   <stop tag="4101"/>
   <stop tag="9137"/>
   <stop tag="9135"/>
   <stop tag="9138"/>
   <stop tag="9139"/>
   <stop tag="554"/>
   <stop tag="558"/>
   <stop tag="548"/>
   <stop tag="556"/>
   <stop tag="551"/>
   <stop tag="30002"/>
   <stop tag="6656"/>
   <stop tag="2808"/>
   <stop tag="11331"/>
   <stop tag="11313"/>
   <stop tag="11317"/>
   <stop tag="11310"/>
   <stop tag="11330"/>
   <stop tag="11307"/>
   <stop tag="2824"/>
   <stop tag="20002"/>
   <stop tag="11300"/>
   <stop tag="11306"/>
   <stop tag="11301"/>
   <stop tag="11304"/>
   <stop tag="20345"/>
   <stop tag="11329"/>
   <stop tag="11309"/>
   <stop tag="11328"/>
   <stop tag="11305"/>
   <stop tag="11322"/>
   <stop tag="11318"/>
   <stop tag="11321"/>
   <stop tag="2834"/>
   <stop tag="2835"/>
   <stop tag="2807"/>
   <stop tag="6627"/>
   <stop tag="11316"/>
   <stop tag="20346"/>
   <stop tag="5868"/>
   <stop tag="5811"/>
   <stop tag="5823"/>
   <stop tag="5836"/>
   <stop tag="5838"/>
   <stop tag="5832"/>
   <stop tag="5854"/>
   <stop tag="5843"/>
   <stop tag="5859"/>
   <stop tag="5829"/>
   <stop tag="19059"/>
   <stop tag="5826"/>
   <stop tag="5825"/>
   <stop tag="6623"/>
   <stop tag="6613"/>
   <stop tag="6617"/>
   <stop tag="6620"/>
   <stop tag="6619"/>
   <stop tag="6615"/>
   <stop tag="30015_ar"/>
  </direction>
  <direction name="South" tag="224_263_1" title="South to Hollywood" useForUI="true">
   <stop tag="30015"/>
   <stop tag="14983"/>
   <stop tag="14984"/>
   <stop tag="14987"/>
   <stop tag="14981"/>
   <stop tag="14988"/>
   <stop tag="14184"/>
   <stop tag="14201"/>
   <stop tag="14213"/>
   <stop tag="14203"/>
   <stop tag="14235"/>
   <stop tag="14217"/>
   <stop tag="14230"/>
   <stop tag="14206"/>
   <stop tag="14212"/>
   <stop tag="14210"/>
   <stop tag="14199"/>
   <stop tag="14232"/>
   <stop tag="14185"/>
   <stop tag="14245"/>
   <stop tag="69"/>
   <stop tag="11314"/>
   <stop tag="2828"/>
   <stop tag="11335"/>
   <stop tag="11296"/>
   <stop tag="11324"/>
   <stop tag="11323"/>
   <stop tag="2832"/>
   <stop tag="2830"/>
   <stop tag="2842"/>
   <stop tag="2817"/>
   <stop tag="2837"/>
   <stop tag="2822"/>
   <stop tag="2838"/>
   <stop tag="3620"/>
   <stop tag="2827"/>
   <stop tag="2812"/>
   <stop tag="2818"/>
   <stop tag="2811"/>
   <stop tag="159"/>
   <stop tag="3091"/>
   <stop tag="2819"/>
   <stop tag="2839"/>
   <stop tag="2820"/>
   <stop tag="2829"/>
   <stop tag="2825"/>
   <stop tag="2840"/>
   <stop tag="11298"/>
   <stop tag="2810"/>
   <stop tag="15025"/>
   <stop tag="9141"/>
   <stop tag="9144"/>
   <stop tag="9133"/>
   <stop tag="9146"/>
   <stop tag="555"/>
   <stop tag="9142"/>
   <stop tag="552"/>
   <stop tag="9134"/>
   <stop tag="549"/>
   <stop tag="9140"/>
   <stop tag="10975"/>
   <stop tag="12088"/>
   <stop tag="3602"/>
   <stop tag="12092"/>
   <stop tag="12097"/>
   <stop tag="12090"/>
   <stop tag="6019"/>
   <stop tag="25001_ar"/>
  </direction>
  <path>
   <point lat="34.28349" lon="-118.44079"/>
   <point lat="34.28351" lon="-118.44102"/>
   <point lat="34.28507" lon="-118.44246"/>
   <point lat="34.2855599" lon="-118.4433"/>
   <point lat="34.28607" lon="-118.44409"/>
   <point lat="34.28716" lon="-118.44503"/>
   <point lat="34.28917" lon="-118.44738"/>
   <point lat="34.29073" lon="-118.44879"/>
   <point lat="34.29122" lon="-118.4485"/>
   <point lat="34.2913799" lon="-118.44833"/>
   <point lat="34.29169" lon="-118.44798"/>
   <point lat="34.2923" lon="-118.44862"/>
   <point lat="34.29316" lon="-118.44982"/>
   <point lat="34.29378" lon="-118.45063"/>
   <point lat="34.29347" lon="-118.45085"/>
  </path>
  <path>
   <point lat="34.08899" lon="-118.33842"/>
   <point lat="34.091" lon="-118.33844"/>
   <point lat="34.0946" lon="-118.33846"/>
   <point lat="34.09778" lon="-118.3385"/>
   <point lat="34.1017" lon="-118.33853"/>
  </path>
  <path>
   <point lat="34.13905" lon="-118.36317"/>
   <point lat="34.13947" lon="-118.36361"/>
   <point lat="34.13958" lon="-118.36376"/>
   <point lat="34.13971" lon="-118.36371"/>
   <point lat="34.13906" lon="-118.36214"/>
   <point lat="34.14116" lon="-118.36095"/>
   <point lat="34.14176" lon="-118.36077"/>
   <point lat="34.14365" lon="-118.36175"/>
   <point lat="34.14541" lon="-118.36264"/>
   <point lat="34.14838" lon="-118.36443"/>
   <point lat="34.1507" lon="-118.36584"/>
   <point lat="34.1525" lon="-118.36694"/>
   <point lat="34.15552" lon="-118.36877"/>
   <point lat="34.15785" lon="-118.37033"/>
   <point lat="34.15835" lon="-118.37049"/>
  </path>
  <path>
   <point lat="34.22293" lon="-118.38762"/>
   <point lat="34.22774" lon="-118.38775"/>
   <point lat="34.22842" lon="-118.38761"/>
   <point lat="34.23093" lon="-118.38777"/>
   <point lat="34.23108" lon="-118.38762"/>
   <point lat="34.23304" lon="-118.38779"/>
   <point lat="34.2336699" lon="-118.38779"/>
   <point lat="34.23628" lon="-118.39035"/>
   <point lat="34.23927" lon="-118.39352"/>
   <point lat="34.24821" lon="-118.40296"/>
   <point lat="34.25118" lon="-118.40609"/>
   <point lat="34.25414" lon="-118.40923"/>
   <point lat="34.25714" lon="-118.4124"/>
   <point lat="34.26012" lon="-118.41555"/>
   <point lat="34.2631" lon="-118.41871"/>
   <point lat="34.26638" lon="-118.42219"/>
  </path>
  <path>
   <point lat="34.19422" lon="-118.38759"/>
   <point lat="34.19776" lon="-118.3876"/>
   <point lat="34.20108" lon="-118.38763"/>
   <point lat="34.20562" lon="-118.38762"/>
   <point lat="34.20834" lon="-118.38763"/>
   <point lat="34.21197" lon="-118.38763"/>
   <point lat="34.2156" lon="-118.38764"/>
   <point lat="34.21924" lon="-118.38762"/>
   <point lat="34.22293" lon="-118.38762"/>
  </path>
  <path>
   <point lat="34.22211" lon="-118.38793"/>
   <point lat="34.21944" lon="-118.38793"/>
   <point lat="34.2157399" lon="-118.3878"/>
   <point lat="34.21546" lon="-118.38795"/>
   <point lat="34.21183" lon="-118.38793"/>
   <point lat="34.2082" lon="-118.38793"/>
   <point lat="34.2059" lon="-118.38793"/>
   <point lat="34.20094" lon="-118.38793"/>
   <point lat="34.1977199" lon="-118.3879"/>
   <point lat="34.19367" lon="-118.38789"/>
  </path>
  <path>
   <point lat="34.15835" lon="-118.37049"/>
   <point lat="34.1618" lon="-118.37255"/>
   <point lat="34.16517" lon="-118.37458"/>
   <point lat="34.1687299" lon="-118.37673"/>
  </path>
  <path>
   <point lat="34.1687299" lon="-118.37673"/>
   <point lat="34.17198" lon="-118.37868"/>
   <point lat="34.17573" lon="-118.38094"/>
   <point lat="34.17754" lon="-118.38205"/>
   <point lat="34.17968" lon="-118.38334"/>
   <point lat="34.18287" lon="-118.38526"/>
   <point lat="34.18644" lon="-118.38758"/>
   <point lat="34.18696" lon="-118.3876"/>
   <point lat="34.18856" lon="-118.38775"/>
   <point lat="34.19019" lon="-118.38759"/>
   <point lat="34.19422" lon="-118.38759"/>
  </path>
  <path>
   <point lat="34.16861" lon="-118.377"/>
   <point lat="34.16469" lon="-118.37463"/>
   <point lat="34.1621" lon="-118.37307"/>
   <point lat="34.15885" lon="-118.37112"/>
   <point lat="34.1546" lon="-118.36856"/>
   <point lat="34.15198" lon="-118.36697"/>
   <point lat="34.15046" lon="-118.36603"/>
   <point lat="34.14814" lon="-118.36463"/>
   <point lat="34.1447999" lon="-118.36261"/>
   <point lat="34.14178" lon="-118.36107"/>
   <point lat="34.14116" lon="-118.36095"/>
   <point lat="34.13906" lon="-118.36214"/>
   <point lat="34.13971" lon="-118.36371"/>
   <point lat="34.13958" lon="-118.36376"/>
   <point lat="34.13962" lon="-118.36384"/>
   <point lat="34.13952" lon="-118.36397"/>
   <point lat="34.13861" lon="-118.3629"/>
   <point lat="34.13867" lon="-118.36283"/>
   <point lat="34.13905" lon="-118.36317"/>
  </path>
  <path>
   <point lat="34.29347" lon="-118.45085"/>
   <point lat="34.29284" lon="-118.45021"/>
   <point lat="34.29316" lon="-118.44982"/>
   <point lat="34.2923" lon="-118.44862"/>
   <point lat="34.29169" lon="-118.44798"/>
   <point lat="34.2913799" lon="-118.44833"/>
   <point lat="34.29122" lon="-118.4485"/>
   <point lat="34.29076" lon="-118.44901"/>
   <point lat="34.29036" lon="-118.44884"/>
   <point lat="34.28689" lon="-118.44516"/>
   <point lat="34.28607" lon="-118.44409"/>
   <point lat="34.2855599" lon="-118.4433"/>
   <point lat="34.28485" lon="-118.44264"/>
   <point lat="34.28351" lon="-118.44102"/>
   <point lat="34.28322" lon="-118.44092"/>
  </path>
  <path>
   <point lat="34.16861" lon="-118.377"/>
   <point lat="34.16469" lon="-118.37463"/>
   <point lat="34.1621" lon="-118.37307"/>
   <point lat="34.15885" lon="-118.37112"/>
   <point lat="34.15785" lon="-118.37033"/>
   <point lat="34.1546" lon="-118.36856"/>
   <point lat="34.15198" lon="-118.36697"/>
   <point lat="34.15046" lon="-118.36603"/>
   <point lat="34.14814" lon="-118.36463"/>
   <point lat="34.1447999" lon="-118.36261"/>
   <point lat="34.14365" lon="-118.36175"/>
   <point lat="34.14178" lon="-118.36107"/>
   <point lat="34.14116" lon="-118.36095"/>
   <point lat="34.13906" lon="-118.36214"/>
   <point lat="34.13886" lon="-118.36242"/>
  </path>
  <path>
   <point lat="34.28322" lon="-118.44092"/>
   <point lat="34.28064" lon="-118.43817"/>
   <point lat="34.28001" lon="-118.4376"/>
   <point lat="34.2797" lon="-118.43674"/>
   <point lat="34.27953" lon="-118.43643"/>
   <point lat="34.27943" lon="-118.43629"/>
   <point lat="34.27938" lon="-118.4362"/>
   <point lat="34.27917" lon="-118.4359"/>
   <point lat="34.27902" lon="-118.4357"/>
   <point lat="34.2788899" lon="-118.43555"/>
   <point lat="34.27877" lon="-118.43542"/>
   <point lat="34.27866" lon="-118.43533"/>
   <point lat="34.2786199" lon="-118.4353"/>
   <point lat="34.27848" lon="-118.43518"/>
   <point lat="34.27821" lon="-118.43493"/>
   <point lat="34.27812" lon="-118.43483"/>
   <point lat="34.27803" lon="-118.43474"/>
   <point lat="34.27749" lon="-118.43417"/>
   <point lat="34.27647" lon="-118.4333"/>
   <point lat="34.27446" lon="-118.43096"/>
   <point lat="34.27417" lon="-118.43086"/>
   <point lat="34.27175" lon="-118.42834"/>
   <point lat="34.26909" lon="-118.42547"/>
   <point lat="34.26624" lon="-118.42245"/>
  </path>
  <path>
   <point lat="34.13886" lon="-118.36242"/>
   <point lat="34.13816" lon="-118.36264"/>
   <point lat="34.13801" lon="-118.36274"/>
   <point lat="34.13768" lon="-118.36292"/>
   <point lat="34.13727" lon="-118.36317"/>
   <point lat="34.13718" lon="-118.36325"/>
   <point lat="34.13704" lon="-118.36311"/>
   <point lat="34.13527" lon="-118.36146"/>
   <point lat="34.1352199" lon="-118.36141"/>
   <point lat="34.13508" lon="-118.36124"/>
   <point lat="34.13473" lon="-118.36085"/>
   <point lat="34.13402" lon="-118.35805"/>
   <point lat="34.13389" lon="-118.3577"/>
   <point lat="34.13384" lon="-118.35758"/>
   <point lat="34.1336" lon="-118.3572"/>
   <point lat="34.13318" lon="-118.35656"/>
   <point lat="34.13282" lon="-118.3561"/>
   <point lat="34.13207" lon="-118.35307"/>
   <point lat="34.1319" lon="-118.35238"/>
   <point lat="34.13031" lon="-118.35019"/>
   <point lat="34.12843" lon="-118.34745"/>
   <point lat="34.12778" lon="-118.34669"/>
   <point lat="34.12645" lon="-118.34537"/>
   <point lat="34.1253" lon="-118.34442"/>
   <point lat="34.12368" lon="-118.34299"/>
   <point lat="34.1231" lon="-118.34212"/>
   <point lat="34.12218" lon="-118.34108"/>
   <point lat="34.12204" lon="-118.34094"/>
   <point lat="34.12193" lon="-118.34084"/>
   <point lat="34.12176" lon="-118.34071"/>
   <point lat="34.12137" lon="-118.34051"/>
   <point lat="34.12124" lon="-118.34045"/>
   <point lat="34.1211" lon="-118.34039"/>
   <point lat="34.1206" lon="-118.34024"/>
   <point lat="34.11938" lon="-118.3395"/>
   <point lat="34.1191" lon="-118.33893"/>
   <point lat="34.11888" lon="-118.33869"/>
   <point lat="34.11865" lon="-118.3385"/>
   <point lat="34.11856" lon="-118.33843"/>
   <point lat="34.1184" lon="-118.33834"/>
   <point lat="34.11741" lon="-118.33809"/>
   <point lat="34.1166" lon="-118.33764"/>
   <point lat="34.11569" lon="-118.33733"/>
   <point lat="34.1155" lon="-118.33728"/>
   <point lat="34.11464" lon="-118.33713"/>
   <point lat="34.11404" lon="-118.33692"/>
   <point lat="34.1138" lon="-118.33682"/>
   <point lat="34.11359" lon="-118.33674"/>
   <point lat="34.1134" lon="-118.33666"/>
   <point lat="34.11304" lon="-118.33649"/>
   <point lat="34.1125" lon="-118.33629"/>
   <point lat="34.11234" lon="-118.33624"/>
   <point lat="34.1122" lon="-118.3362"/>
   <point lat="34.11206" lon="-118.33618"/>
   <point lat="34.11181" lon="-118.33618"/>
   <point lat="34.11152" lon="-118.3362"/>
   <point lat="34.11119" lon="-118.33626"/>
   <point lat="34.11066" lon="-118.33647"/>
   <point lat="34.10951" lon="-118.33649"/>
   <point lat="34.10939" lon="-118.33651"/>
   <point lat="34.10921" lon="-118.33655"/>
   <point lat="34.10913" lon="-118.33658"/>
   <point lat="34.10899" lon="-118.33665"/>
   <point lat="34.1084" lon="-118.33715"/>
   <point lat="34.1076" lon="-118.33738"/>
   <point lat="34.10528" lon="-118.33747"/>
   <point lat="34.10518" lon="-118.33748"/>
   <point lat="34.1051" lon="-118.33747"/>
   <point lat="34.10495" lon="-118.33748"/>
   <point lat="34.10481" lon="-118.33753"/>
   <point lat="34.10472" lon="-118.33758"/>
   <point lat="34.10457" lon="-118.33769"/>
   <point lat="34.10449" lon="-118.33776"/>
   <point lat="34.10445" lon="-118.33781"/>
   <point lat="34.10415" lon="-118.33832"/>
   <point lat="34.1041" lon="-118.3384"/>
   <point lat="34.10408" lon="-118.33843"/>
   <point lat="34.10402" lon="-118.33849"/>
   <point lat="34.10396" lon="-118.33854"/>
   <point lat="34.10391" lon="-118.33857"/>
   <point lat="34.10396" lon="-118.33871"/>
   <point lat="34.10319" lon="-118.3387"/>
   <point lat="34.10049" lon="-118.33883"/>
  </path>
  <path>
   <point lat="34.26638" lon="-118.42219"/>
   <point lat="34.2690399" lon="-118.42502"/>
   <point lat="34.27119" lon="-118.42753"/>
   <point lat="34.2723299" lon="-118.42854"/>
   <point lat="34.27444" lon="-118.43074"/>
   <point lat="34.27446" lon="-118.43096"/>
   <point lat="34.27705" lon="-118.4335"/>
   <point lat="34.27749" lon="-118.43417"/>
   <point lat="34.27803" lon="-118.43474"/>
   <point lat="34.27812" lon="-118.43483"/>
   <point lat="34.27821" lon="-118.43493"/>
   <point lat="34.27848" lon="-118.43518"/>
   <point lat="34.2786199" lon="-118.4353"/>
   <point lat="34.27866" lon="-118.43533"/>
   <point lat="34.27877" lon="-118.43542"/>
   <point lat="34.2788899" lon="-118.43555"/>
   <point lat="34.27902" lon="-118.4357"/>
   <point lat="34.27917" lon="-118.4359"/>
   <point lat="34.27938" lon="-118.4362"/>
   <point lat="34.27943" lon="-118.43629"/>
   <point lat="34.27953" lon="-118.43643"/>
   <point lat="34.2797" lon="-118.43674"/>
   <point lat="34.28029" lon="-118.43754"/>
   <point lat="34.28134" lon="-118.4388"/>
   <point lat="34.28229" lon="-118.4395"/>
   <point lat="34.28349" lon="-118.44079"/>
  </path>
  <path>
   <point lat="34.28322" lon="-118.44092"/>
   <point lat="34.28064" lon="-118.43817"/>
   <point lat="34.28001" lon="-118.4376"/>
   <point lat="34.2797" lon="-118.43674"/>
   <point lat="34.27953" lon="-118.43643"/>
   <point lat="34.27943" lon="-118.43629"/>
   <point lat="34.27938" lon="-118.4362"/>
   <point lat="34.27917" lon="-118.4359"/>
   <point lat="34.27902" lon="-118.4357"/>
   <point lat="34.2788899" lon="-118.43555"/>
   <point lat="34.27877" lon="-118.43542"/>
   <point lat="34.27866" lon="-118.43533"/>
   <point lat="34.2786199" lon="-118.4353"/>
   <point lat="34.27848" lon="-118.43518"/>
   <point lat="34.27821" lon="-118.43493"/>
   <point lat="34.27812" lon="-118.43483"/>
   <point lat="34.27803" lon="-118.43474"/>
   <point lat="34.27749" lon="-118.43417"/>
   <point lat="34.27647" lon="-118.4333"/>
   <point lat="34.27446" lon="-118.43096"/>
   <point lat="34.27417" lon="-118.43086"/>
   <point lat="34.27175" lon="-118.42834"/>
   <point lat="34.27119" lon="-118.42753"/>
   <point lat="34.26909" lon="-118.42547"/>
   <point lat="34.26624" lon="-118.42245"/>
  </path>
  <path>
   <point lat="34.23318" lon="-118.38794"/>
   <point lat="34.23093" lon="-118.38777"/>
   <point lat="34.23065" lon="-118.38793"/>
   <point lat="34.22791" lon="-118.38791"/>
   <point lat="34.22211" lon="-118.38793"/>
  </path>
  <path>
   <point lat="34.1017" lon="-118.33853"/>
   <point lat="34.103" lon="-118.33869"/>
   <point lat="34.10319" lon="-118.3387"/>
   <point lat="34.10323" lon="-118.33869"/>
   <point lat="34.10353" lon="-118.33869"/>
   <point lat="34.10358" lon="-118.33868"/>
   <point lat="34.10375" lon="-118.33864"/>
   <point lat="34.1039" lon="-118.33858"/>
   <point lat="34.10396" lon="-118.33854"/>
   <point lat="34.10402" lon="-118.33849"/>
   <point lat="34.10408" lon="-118.33843"/>
   <point lat="34.1041" lon="-118.3384"/>
   <point lat="34.10415" lon="-118.33832"/>
   <point lat="34.10445" lon="-118.33781"/>
   <point lat="34.10532" lon="-118.33732"/>
   <point lat="34.10704" lon="-118.33748"/>
   <point lat="34.10719" lon="-118.33746"/>
   <point lat="34.10738" lon="-118.33743"/>
   <point lat="34.1076" lon="-118.33738"/>
   <point lat="34.10799" lon="-118.33704"/>
   <point lat="34.10861" lon="-118.33677"/>
   <point lat="34.10942" lon="-118.3363"/>
   <point lat="34.10963" lon="-118.33621"/>
   <point lat="34.11008" lon="-118.33605"/>
   <point lat="34.11045" lon="-118.33597"/>
   <point lat="34.11022" lon="-118.33515"/>
   <point lat="34.11032" lon="-118.33478"/>
   <point lat="34.1103499" lon="-118.33471"/>
   <point lat="34.1104" lon="-118.33456"/>
   <point lat="34.11047" lon="-118.33442"/>
   <point lat="34.1105" lon="-118.33438"/>
   <point lat="34.11057" lon="-118.33425"/>
   <point lat="34.11063" lon="-118.33417"/>
   <point lat="34.11068" lon="-118.33412"/>
   <point lat="34.1107299" lon="-118.3341"/>
   <point lat="34.11086" lon="-118.33404"/>
   <point lat="34.11097" lon="-118.334"/>
   <point lat="34.11104" lon="-118.33396"/>
   <point lat="34.1111" lon="-118.33392"/>
   <point lat="34.11116" lon="-118.33385"/>
   <point lat="34.11127" lon="-118.33363"/>
   <point lat="34.11128" lon="-118.33382"/>
   <point lat="34.1113" lon="-118.33398"/>
   <point lat="34.11134" lon="-118.33415"/>
   <point lat="34.11144" lon="-118.33448"/>
   <point lat="34.11149" lon="-118.3346"/>
   <point lat="34.11156" lon="-118.33476"/>
   <point lat="34.11166" lon="-118.33492"/>
   <point lat="34.11169" lon="-118.33496"/>
   <point lat="34.11174" lon="-118.33501"/>
   <point lat="34.11194" lon="-118.33515"/>
   <point lat="34.11469" lon="-118.33571"/>
   <point lat="34.11806" lon="-118.33701"/>
   <point lat="34.11855" lon="-118.33711"/>
   <point lat="34.12016" lon="-118.33826"/>
   <point lat="34.1211" lon="-118.33901"/>
   <point lat="34.12139" lon="-118.33926"/>
   <point lat="34.12195" lon="-118.33981"/>
   <point lat="34.12215" lon="-118.34002"/>
   <point lat="34.12413" lon="-118.34223"/>
   <point lat="34.12514" lon="-118.34347"/>
   <point lat="34.12541" lon="-118.3437"/>
   <point lat="34.12572" lon="-118.34392"/>
   <point lat="34.1269599" lon="-118.34456"/>
   <point lat="34.12793" lon="-118.34554"/>
   <point lat="34.12816" lon="-118.34578"/>
   <point lat="34.12851" lon="-118.34618"/>
   <point lat="34.12867" lon="-118.34635"/>
   <point lat="34.12877" lon="-118.34645"/>
   <point lat="34.12894" lon="-118.34659"/>
   <point lat="34.12908" lon="-118.34672"/>
   <point lat="34.12895" lon="-118.34682"/>
   <point lat="34.12885" lon="-118.34691"/>
   <point lat="34.12867" lon="-118.34731"/>
   <point lat="34.13055" lon="-118.35006"/>
   <point lat="34.1319" lon="-118.35238"/>
   <point lat="34.13233" lon="-118.35302"/>
   <point lat="34.13297" lon="-118.35566"/>
   <point lat="34.1336" lon="-118.3572"/>
   <point lat="34.13497" lon="-118.36075"/>
   <point lat="34.1350399" lon="-118.36117"/>
   <point lat="34.13508" lon="-118.36124"/>
   <point lat="34.1352199" lon="-118.36141"/>
   <point lat="34.13527" lon="-118.36146"/>
   <point lat="34.13704" lon="-118.36311"/>
   <point lat="34.13718" lon="-118.36325"/>
   <point lat="34.13727" lon="-118.36317"/>
   <point lat="34.13768" lon="-118.36292"/>
   <point lat="34.13801" lon="-118.36274"/>
   <point lat="34.13906" lon="-118.36214"/>
   <point lat="34.13971" lon="-118.36371"/>
   <point lat="34.13958" lon="-118.36376"/>
   <point lat="34.13962" lon="-118.36384"/>
   <point lat="34.13952" lon="-118.36397"/>
   <point lat="34.13905" lon="-118.36317"/>
  </path>
  <path>
   <point lat="34.13905" lon="-118.36317"/>
   <point lat="34.13947" lon="-118.36361"/>
   <point lat="34.13958" lon="-118.36376"/>
   <point lat="34.13971" lon="-118.36371"/>
   <point lat="34.13906" lon="-118.36214"/>
   <point lat="34.14116" lon="-118.36095"/>
   <point lat="34.14176" lon="-118.36077"/>
   <point lat="34.14365" lon="-118.36175"/>
   <point lat="34.14541" lon="-118.36264"/>
   <point lat="34.14838" lon="-118.36443"/>
   <point lat="34.1507" lon="-118.36584"/>
   <point lat="34.1525" lon="-118.36694"/>
   <point lat="34.15552" lon="-118.36877"/>
   <point lat="34.15785" lon="-118.37033"/>
   <point lat="34.15835" lon="-118.37049"/>
   <point lat="34.1618" lon="-118.37255"/>
   <point lat="34.16517" lon="-118.37458"/>
   <point lat="34.1687299" lon="-118.37673"/>
  </path>
  <path>
   <point lat="34.19367" lon="-118.38789"/>
   <point lat="34.19006" lon="-118.3879"/>
   <point lat="34.18856" lon="-118.38775"/>
   <point lat="34.1868399" lon="-118.38792"/>
   <point lat="34.18644" lon="-118.38758"/>
   <point lat="34.18276" lon="-118.38554"/>
   <point lat="34.1791399" lon="-118.38335"/>
   <point lat="34.17767" lon="-118.38247"/>
   <point lat="34.17586" lon="-118.38136"/>
   <point lat="34.17232" lon="-118.37922"/>
   <point lat="34.16861" lon="-118.377"/>
  </path>
  <path>
   <point lat="34.26624" lon="-118.42245"/>
   <point lat="34.26314" lon="-118.41916"/>
   <point lat="34.26016" lon="-118.416"/>
   <point lat="34.25687" lon="-118.41252"/>
   <point lat="34.25425" lon="-118.40976"/>
   <point lat="34.25123" lon="-118.40654"/>
   <point lat="34.24825" lon="-118.40341"/>
   <point lat="34.2423" lon="-118.39709"/>
   <point lat="34.239" lon="-118.39364"/>
   <point lat="34.23601" lon="-118.39047"/>
   <point lat="34.23445" lon="-118.38861"/>
   <point lat="34.2336699" lon="-118.38779"/>
   <point lat="34.23318" lon="-118.38794"/>
  </path>
  <path>
   <point lat="34.10049" lon="-118.33883"/>
   <point lat="34.09826" lon="-118.3388"/>
   <point lat="34.09453" lon="-118.33877"/>
   <point lat="34.09073" lon="-118.33859"/>
   <point lat="34.09057" lon="-118.33819"/>
   <point lat="34.09073" lon="-118.33744"/>
   <point lat="34.08892" lon="-118.33743"/>
   <point lat="34.08893" lon="-118.33792"/>
   <point lat="34.08899" lon="-118.33842"/>
  </path>
  <path>
   <point lat="34.19367" lon="-118.38789"/>
   <point lat="34.19006" lon="-118.3879"/>
   <point lat="34.1868399" lon="-118.38792"/>
   <point lat="34.18276" lon="-118.38554"/>
   <point lat="34.1791399" lon="-118.38335"/>
   <point lat="34.17767" lon="-118.38247"/>
   <point lat="34.17586" lon="-118.38136"/>
   <point lat="34.17232" lon="-118.37922"/>
   <point lat="34.16861" lon="-118.377"/>
  </path>
  <path>
   <point lat="34.1017" lon="-118.33853"/>
   <point lat="34.103" lon="-118.33869"/>
   <point lat="34.10319" lon="-118.3387"/>
   <point lat="34.10323" lon="-118.33869"/>
   <point lat="34.10353" lon="-118.33869"/>
   <point lat="34.10358" lon="-118.33868"/>
   <point lat="34.10375" lon="-118.33864"/>
   <point lat="34.1039" lon="-118.33858"/>
   <point lat="34.10396" lon="-118.33854"/>
   <point lat="34.10402" lon="-118.33849"/>
   <point lat="34.10408" lon="-118.33843"/>
   <point lat="34.1041" lon="-118.3384"/>
   <point lat="34.10415" lon="-118.33832"/>
   <point lat="34.10445" lon="-118.33781"/>
   <point lat="34.10449" lon="-118.33776"/>
   <point lat="34.10457" lon="-118.33769"/>
   <point lat="34.10472" lon="-118.33758"/>
   <point lat="34.10481" lon="-118.33753"/>
   <point lat="34.10495" lon="-118.33748"/>
   <point lat="34.1051" lon="-118.33747"/>
   <point lat="34.10518" lon="-118.33748"/>
   <point lat="34.10528" lon="-118.33747"/>
   <point lat="34.10532" lon="-118.33732"/>
   <point lat="34.10704" lon="-118.33748"/>
   <point lat="34.10719" lon="-118.33746"/>
   <point lat="34.10738" lon="-118.33743"/>
   <point lat="34.1076" lon="-118.33738"/>
   <point lat="34.10799" lon="-118.33704"/>
   <point lat="34.10861" lon="-118.33677"/>
   <point lat="34.10942" lon="-118.3363"/>
   <point lat="34.10963" lon="-118.33621"/>
   <point lat="34.11008" lon="-118.33605"/>
   <point lat="34.11045" lon="-118.33597"/>
   <point lat="34.11022" lon="-118.33515"/>
   <point lat="34.11032" lon="-118.33478"/>
   <point lat="34.1103499" lon="-118.33471"/>
   <point lat="34.1104" lon="-118.33456"/>
   <point lat="34.11047" lon="-118.33442"/>
   <point lat="34.1105" lon="-118.33438"/>
   <point lat="34.11057" lon="-118.33425"/>
   <point lat="34.11063" lon="-118.33417"/>
   <point lat="34.11068" lon="-118.33412"/>
   <point lat="34.1107299" lon="-118.3341"/>
   <point lat="34.11086" lon="-118.33404"/>
   <point lat="34.11097" lon="-118.334"/>
   <point lat="34.11104" lon="-118.33396"/>
   <point lat="34.1111" lon="-118.33392"/>
   <point lat="34.11116" lon="-118.33385"/>
   <point lat="34.11127" lon="-118.33363"/>
   <point lat="34.11128" lon="-118.33382"/>
   <point lat="34.1113" lon="-118.33398"/>
   <point lat="34.11134" lon="-118.33415"/>
   <point lat="34.11144" lon="-118.33448"/>
   <point lat="34.11149" lon="-118.3346"/>
   <point lat="34.11156" lon="-118.33476"/>
   <point lat="34.11166" lon="-118.33492"/>
   <point lat="34.11169" lon="-118.33496"/>
   <point lat="34.11174" lon="-118.33501"/>
   <point lat="34.11194" lon="-118.33515"/>
   <point lat="34.11469" lon="-118.33571"/>
   <point lat="34.11806" lon="-118.33701"/>
   <point lat="34.11855" lon="-118.33711"/>
   <point lat="34.12016" lon="-118.33826"/>
   <point lat="34.1211" lon="-118.33901"/>
   <point lat="34.12139" lon="-118.33926"/>
   <point lat="34.12195" lon="-118.33981"/>
   <point lat="34.12215" lon="-118.34002"/>
   <point lat="34.12413" lon="-118.34223"/>
   <point lat="34.12514" lon="-118.34347"/>
   <point lat="34.12541" lon="-118.3437"/>
   <point lat="34.12572" lon="-118.34392"/>
   <point lat="34.1269599" lon="-118.34456"/>
   <point lat="34.12793" lon="-118.34554"/>
   <point lat="34.12816" lon="-118.34578"/>
   <point lat="34.12851" lon="-118.34618"/>
   <point lat="34.12867" lon="-118.34635"/>
   <point lat="34.12877" lon="-118.34645"/>
   <point lat="34.12894" lon="-118.34659"/>
   <point lat="34.12908" lon="-118.34672"/>
   <point lat="34.12895" lon="-118.34682"/>
   <point lat="34.12885" lon="-118.34691"/>
   <point lat="34.12867" lon="-118.34731"/>
   <point lat="34.13055" lon="-118.35006"/>
   <point lat="34.1319" lon="-118.35238"/>
   <point lat="34.13233" lon="-118.35302"/>
   <point lat="34.13297" lon="-118.35566"/>
   <point lat="34.13318" lon="-118.35656"/>
   <point lat="34.1336" lon="-118.3572"/>
   <point lat="34.13384" lon="-118.35758"/>
   <point lat="34.13389" lon="-118.3577"/>
   <point lat="34.13402" lon="-118.35805"/>
   <point lat="34.13497" lon="-118.36075"/>
   <point lat="34.1350399" lon="-118.36117"/>
   <point lat="34.13508" lon="-118.36124"/>
   <point lat="34.1352199" lon="-118.36141"/>
   <point lat="34.13527" lon="-118.36146"/>
   <point lat="34.13704" lon="-118.36311"/>
   <point lat="34.13718" lon="-118.36325"/>
   <point lat="34.13727" lon="-118.36317"/>
   <point lat="34.13768" lon="-118.36292"/>
   <point lat="34.13801" lon="-118.36274"/>
   <point lat="34.13906" lon="-118.36214"/>
   <point lat="34.13971" lon="-118.36371"/>
   <point lat="34.13958" lon="-118.36376"/>
   <point lat="34.13962" lon="-118.36384"/>
   <point lat="34.13952" lon="-118.36397"/>
   <point lat="34.13905" lon="-118.36317"/>
  </path>
  <path>
   <point lat="34.23318" lon="-118.38794"/>
   <point lat="34.23093" lon="-118.38777"/>
   <point lat="34.23065" lon="-118.38793"/>
   <point lat="34.22791" lon="-118.38791"/>
   <point lat="34.22774" lon="-118.38775"/>
   <point lat="34.22211" lon="-118.38793"/>
  </path>
  <path>
   <point lat="34.16861" lon="-118.377"/>
   <point lat="34.16633" lon="-118.37544"/>
   <point lat="34.16597" lon="-118.37524"/>
   <point lat="34.16493" lon="-118.3746"/>
   <point lat="34.16505" lon="-118.37516"/>
   <point lat="34.16492" lon="-118.37736"/>
   <point lat="34.16491" lon="-118.38773"/>
   <point lat="34.16461" lon="-118.38779"/>
   <point lat="34.15401" lon="-118.38774"/>
   <point lat="34.1523899" lon="-118.38785"/>
  </path>
  <path>
   <point lat="34.29347" lon="-118.45085"/>
   <point lat="34.29284" lon="-118.45021"/>
   <point lat="34.29316" lon="-118.44982"/>
   <point lat="34.2923" lon="-118.44862"/>
   <point lat="34.29169" lon="-118.44798"/>
   <point lat="34.2913799" lon="-118.44833"/>
   <point lat="34.29122" lon="-118.4485"/>
   <point lat="34.29076" lon="-118.44901"/>
   <point lat="34.29036" lon="-118.44884"/>
   <point lat="34.28689" lon="-118.44516"/>
   <point lat="34.28607" lon="-118.44409"/>
   <point lat="34.28485" lon="-118.44264"/>
   <point lat="34.28351" lon="-118.44102"/>
   <point lat="34.28322" lon="-118.44092"/>
  </path>
 </route>
</body>