<?xml version="1.0" encoding="utf-8"?>
<body copyright="All data copyright Los Angeles Metro 2022.">
 <route color="33cccc" latMax="34.0721999" latMin="33.7745" lonMax="-118.03754" lonMin="-118.1189799" oppositeColor="000000" tag="577" title="577 El Monte Sta- Long Beach Va Med Ctr">
  <stop lat="34.0202299" lon="-118.03754" stopId="17035" tag="17035" title="Workman Mill / College"/>
  <stop lat="33.9131399" lon="-118.10402" stopId="30016" tag="30016" title="Norwalk Station"/>
  <stop lat="34.0721999" lon="-118.04512" tag="30020_ar" title="El Monte Station - Lower Level"/>
  <stop lat="33.7751999" lon="-118.11801" stopId="20500001" tag="20500001" title="7th / Channel"/>
  <stop lat="33.7752099" lon="-118.11493" stopId="20500006" tag="20500006" title="Cal State Long Beach"/>
  <stop lat="33.7745" lon="-118.1189799" stopId="01527" tag="1527" title="Channel / 7th"/>
  <stop lat="34.0704399" lon="-118.0423099" stopId="14333" tag="14333" title="Santa Anita / Amador"/>
  <stop lat="34.0193099" lon="-118.0386" stopId="17036" tag="17036" title="Workman Mill / College"/>
  <stop lat="34.0721999" lon="-118.04512" stopId="30020" tag="30020" title="El Monte Station - Lower Level"/>
  <stop lat="33.7751999" lon="-118.11801" tag="20500001_ar" title="7th / Channel"/>
  <stop lat="33.7754499" lon="-118.11352" stopId="20500005" tag="20500005" title="Cal State Long Beach"/>
  <direction name="South" tag="577_38_1" title="South to Csulb / VA Medical Center" useForUI="true">
   <stop tag="30020"/>
   <stop tag="14333"/>
   <stop tag="17036"/>
   <stop tag="30016"/>
   <stop tag="20500005"/>
   <stop tag="1527"/>
   <stop tag="20500001_ar"/>
  </direction>
  <direction name="North" tag="577_39_0" title="North to El Monte Station" useForUI="true">
   <stop tag="20500001"/>
   <stop tag="20500006"/>
   <stop tag="30016"/>
   <stop tag="17035"/>
   <stop tag="30020_ar"/>
  </direction>
  <path>
   <point lat="33.77545" lon="-118.11352"/>
   <point lat="33.7753299" lon="-118.11435"/>
   <point lat="33.7753299" lon="-118.11889"/>
   <point lat="33.77514" lon="-118.11888"/>
   <point lat="33.7745" lon="-118.11898"/>
   <point lat="33.77408" lon="-118.11888"/>
   <point lat="33.77396" lon="-118.11889"/>
   <point lat="33.77384" lon="-118.11892"/>
   <point lat="33.77364" lon="-118.11899"/>
   <point lat="33.77344" lon="-118.11908"/>
   <point lat="33.77324" lon="-118.11921"/>
   <point lat="33.77318" lon="-118.11926"/>
   <point lat="33.773" lon="-118.11945"/>
   <point lat="33.77353" lon="-118.12014"/>
   <point lat="33.7741" lon="-118.12096"/>
   <point lat="33.77418" lon="-118.12096"/>
   <point lat="33.77432" lon="-118.12095"/>
   <point lat="33.77447" lon="-118.12096"/>
   <point lat="33.77456" lon="-118.12097"/>
   <point lat="33.77509" lon="-118.12116"/>
   <point lat="33.77536" lon="-118.12123"/>
   <point lat="33.7753299" lon="-118.11933"/>
   <point lat="33.7752" lon="-118.11801"/>
  </path>
  <path>
   <point lat="33.91314" lon="-118.10402"/>
   <point lat="33.91246" lon="-118.10399"/>
   <point lat="33.91246" lon="-118.10351"/>
   <point lat="33.9171" lon="-118.10352"/>
   <point lat="33.9171" lon="-118.10533"/>
   <point lat="33.91711" lon="-118.10551"/>
   <point lat="33.91713" lon="-118.10566"/>
   <point lat="33.91715" lon="-118.10575"/>
   <point lat="33.91721" lon="-118.10583"/>
   <point lat="33.91731" lon="-118.10588"/>
   <point lat="33.9174999" lon="-118.10588"/>
   <point lat="33.91766" lon="-118.10587"/>
   <point lat="33.91783" lon="-118.10585"/>
   <point lat="33.91795" lon="-118.10581"/>
   <point lat="33.91803" lon="-118.10576"/>
   <point lat="33.91811" lon="-118.1057"/>
   <point lat="33.91815" lon="-118.10565"/>
   <point lat="33.91818" lon="-118.10557"/>
   <point lat="33.91819" lon="-118.10546"/>
   <point lat="33.91819" lon="-118.10534"/>
   <point lat="33.91818" lon="-118.10519"/>
   <point lat="33.91811" lon="-118.10504"/>
   <point lat="33.91805" lon="-118.105"/>
   <point lat="33.91794" lon="-118.10497"/>
   <point lat="33.91787" lon="-118.10496"/>
   <point lat="33.91487" lon="-118.10494"/>
   <point lat="33.91436" lon="-118.10492"/>
   <point lat="33.91421" lon="-118.10491"/>
   <point lat="33.91401" lon="-118.10492"/>
   <point lat="33.91386" lon="-118.10492"/>
   <point lat="33.91369" lon="-118.10493"/>
   <point lat="33.9135599" lon="-118.10493"/>
   <point lat="33.91343" lon="-118.10494"/>
   <point lat="33.91014" lon="-118.10508"/>
   <point lat="33.90998" lon="-118.1051"/>
   <point lat="33.90951" lon="-118.10513"/>
   <point lat="33.90931" lon="-118.10513"/>
   <point lat="33.90329" lon="-118.10535"/>
   <point lat="33.90293" lon="-118.10534"/>
   <point lat="33.90232" lon="-118.10534"/>
   <point lat="33.90016" lon="-118.10523"/>
   <point lat="33.89478" lon="-118.10489"/>
   <point lat="33.89461" lon="-118.10489"/>
   <point lat="33.88778" lon="-118.1045"/>
   <point lat="33.88774" lon="-118.10449"/>
   <point lat="33.88753" lon="-118.10448"/>
   <point lat="33.88732" lon="-118.10448"/>
   <point lat="33.88489" lon="-118.10434"/>
   <point lat="33.88385" lon="-118.1043"/>
   <point lat="33.8829" lon="-118.10423"/>
   <point lat="33.88168" lon="-118.10404"/>
   <point lat="33.88164" lon="-118.10403"/>
   <point lat="33.88156" lon="-118.10402"/>
   <point lat="33.88131" lon="-118.10398"/>
   <point lat="33.87941" lon="-118.10354"/>
   <point lat="33.87874" lon="-118.10337"/>
   <point lat="33.87726" lon="-118.10292"/>
   <point lat="33.87315" lon="-118.10139"/>
   <point lat="33.8729299" lon="-118.10132"/>
   <point lat="33.87268" lon="-118.10123"/>
   <point lat="33.87216" lon="-118.10106"/>
   <point lat="33.87188" lon="-118.10099"/>
   <point lat="33.86985" lon="-118.10022"/>
   <point lat="33.86842" lon="-118.09974"/>
   <point lat="33.86763" lon="-118.09944"/>
   <point lat="33.86703" lon="-118.09923"/>
   <point lat="33.86219" lon="-118.09742"/>
   <point lat="33.8608199" lon="-118.09688"/>
   <point lat="33.86003" lon="-118.09664"/>
   <point lat="33.85852" lon="-118.09627"/>
   <point lat="33.85841" lon="-118.09624"/>
   <point lat="33.84999" lon="-118.09422"/>
   <point lat="33.84852" lon="-118.09374"/>
   <point lat="33.84801" lon="-118.09352"/>
   <point lat="33.84685" lon="-118.09298"/>
   <point lat="33.84504" lon="-118.09198"/>
   <point lat="33.84295" lon="-118.09074"/>
   <point lat="33.8387" lon="-118.08831"/>
   <point lat="33.83535" lon="-118.08634"/>
   <point lat="33.83281" lon="-118.08494"/>
   <point lat="33.8319199" lon="-118.08441"/>
   <point lat="33.83122" lon="-118.08405"/>
   <point lat="33.83032" lon="-118.08361"/>
   <point lat="33.82943" lon="-118.08323"/>
   <point lat="33.82838" lon="-118.08282"/>
   <point lat="33.82595" lon="-118.08208"/>
   <point lat="33.8234" lon="-118.08166"/>
   <point lat="33.82191" lon="-118.08152"/>
   <point lat="33.81955" lon="-118.08148"/>
   <point lat="33.80673" lon="-118.08153"/>
   <point lat="33.80559" lon="-118.0815"/>
   <point lat="33.80347" lon="-118.08194"/>
   <point lat="33.80316" lon="-118.08205"/>
   <point lat="33.80285" lon="-118.08218"/>
   <point lat="33.8026" lon="-118.08227"/>
   <point lat="33.80244" lon="-118.08234"/>
   <point lat="33.8023" lon="-118.08241"/>
   <point lat="33.80182" lon="-118.0827"/>
   <point lat="33.80156" lon="-118.08288"/>
   <point lat="33.801" lon="-118.08333"/>
   <point lat="33.80051" lon="-118.08376"/>
   <point lat="33.80045" lon="-118.08381"/>
   <point lat="33.80003" lon="-118.08424"/>
   <point lat="33.79987" lon="-118.08443"/>
   <point lat="33.79968" lon="-118.08463"/>
   <point lat="33.79957" lon="-118.08474"/>
   <point lat="33.79946" lon="-118.08484"/>
   <point lat="33.7993" lon="-118.08497"/>
   <point lat="33.79915" lon="-118.08508"/>
   <point lat="33.799" lon="-118.08518"/>
   <point lat="33.7986999" lon="-118.08535"/>
   <point lat="33.7984099" lon="-118.08558"/>
   <point lat="33.79788" lon="-118.08595"/>
   <point lat="33.79768" lon="-118.08608"/>
   <point lat="33.79726" lon="-118.0863"/>
   <point lat="33.79695" lon="-118.08643"/>
   <point lat="33.79095" lon="-118.08859"/>
   <point lat="33.79045" lon="-118.08878"/>
   <point lat="33.78979" lon="-118.08905"/>
   <point lat="33.78963" lon="-118.08911"/>
   <point lat="33.78897" lon="-118.08941"/>
   <point lat="33.78849" lon="-118.08964"/>
   <point lat="33.78676" lon="-118.09054"/>
   <point lat="33.78654" lon="-118.09064"/>
   <point lat="33.78625" lon="-118.09079"/>
   <point lat="33.78575" lon="-118.09103"/>
   <point lat="33.78538" lon="-118.09122"/>
   <point lat="33.78511" lon="-118.09135"/>
   <point lat="33.78479" lon="-118.09152"/>
   <point lat="33.78461" lon="-118.09163"/>
   <point lat="33.78455" lon="-118.09166"/>
   <point lat="33.78436" lon="-118.09176"/>
   <point lat="33.7843" lon="-118.09178"/>
   <point lat="33.784" lon="-118.09191"/>
   <point lat="33.78367" lon="-118.09202"/>
   <point lat="33.78354" lon="-118.09206"/>
   <point lat="33.78326" lon="-118.09212"/>
   <point lat="33.7831199" lon="-118.09214"/>
   <point lat="33.78283" lon="-118.09216"/>
   <point lat="33.78217" lon="-118.09218"/>
   <point lat="33.78204" lon="-118.09217"/>
   <point lat="33.78148" lon="-118.0921"/>
   <point lat="33.78042" lon="-118.09186"/>
   <point lat="33.78008" lon="-118.09176"/>
   <point lat="33.77986" lon="-118.09169"/>
   <point lat="33.77946" lon="-118.09159"/>
   <point lat="33.77912" lon="-118.09154"/>
   <point lat="33.77879" lon="-118.09151"/>
   <point lat="33.77846" lon="-118.09146"/>
   <point lat="33.77827" lon="-118.09146"/>
   <point lat="33.77796" lon="-118.0915"/>
   <point lat="33.77771" lon="-118.09157"/>
   <point lat="33.7775" lon="-118.09164"/>
   <point lat="33.77709" lon="-118.09182"/>
   <point lat="33.77691" lon="-118.09192"/>
   <point lat="33.77552" lon="-118.09286"/>
   <point lat="33.77541" lon="-118.09292"/>
   <point lat="33.77521" lon="-118.09306"/>
   <point lat="33.77506" lon="-118.09318"/>
   <point lat="33.77498" lon="-118.09326"/>
   <point lat="33.7749" lon="-118.09335"/>
   <point lat="33.77478" lon="-118.09355"/>
   <point lat="33.77472" lon="-118.09367"/>
   <point lat="33.77467" lon="-118.09379"/>
   <point lat="33.77464" lon="-118.09391"/>
   <point lat="33.77455" lon="-118.09419"/>
   <point lat="33.77445" lon="-118.09462"/>
   <point lat="33.77442" lon="-118.09703"/>
   <point lat="33.77443" lon="-118.09763"/>
   <point lat="33.77442" lon="-118.09956"/>
   <point lat="33.77443" lon="-118.10003"/>
   <point lat="33.77443" lon="-118.10048"/>
   <point lat="33.77445" lon="-118.10105"/>
   <point lat="33.77446" lon="-118.10158"/>
   <point lat="33.77445" lon="-118.10181"/>
   <point lat="33.77444" lon="-118.10229"/>
   <point lat="33.77443" lon="-118.1025"/>
   <point lat="33.77443" lon="-118.1029"/>
   <point lat="33.77444" lon="-118.10304"/>
   <point lat="33.77445" lon="-118.10327"/>
   <point lat="33.77445" lon="-118.10445"/>
   <point lat="33.77443" lon="-118.10474"/>
   <point lat="33.77437" lon="-118.10532"/>
   <point lat="33.77432" lon="-118.10562"/>
   <point lat="33.77426" lon="-118.10585"/>
   <point lat="33.77423" lon="-118.10644"/>
   <point lat="33.77424" lon="-118.10838"/>
   <point lat="33.77426" lon="-118.10888"/>
   <point lat="33.77428" lon="-118.10916"/>
   <point lat="33.77431" lon="-118.10943"/>
   <point lat="33.77437" lon="-118.10981"/>
   <point lat="33.77442" lon="-118.11002"/>
   <point lat="33.7745" lon="-118.11024"/>
   <point lat="33.77463" lon="-118.11055"/>
   <point lat="33.77467" lon="-118.11065"/>
   <point lat="33.77483" lon="-118.11113"/>
   <point lat="33.7751" lon="-118.1119"/>
   <point lat="33.77518" lon="-118.11218"/>
   <point lat="33.77522" lon="-118.11237"/>
   <point lat="33.7753" lon="-118.11295"/>
   <point lat="33.77545" lon="-118.11352"/>
  </path>
  <path>
   <point lat="34.01931" lon="-118.0386"/>
   <point lat="34.01899" lon="-118.03873"/>
   <point lat="34.01779" lon="-118.04033"/>
   <point lat="34.01659" lon="-118.04179"/>
   <point lat="34.0164" lon="-118.04203"/>
   <point lat="34.0162" lon="-118.0423"/>
   <point lat="34.01586" lon="-118.04278"/>
   <point lat="34.01531" lon="-118.04397"/>
   <point lat="34.01513" lon="-118.04443"/>
   <point lat="34.01507" lon="-118.04456"/>
   <point lat="34.01489" lon="-118.04488"/>
   <point lat="34.01469" lon="-118.04517"/>
   <point lat="34.01447" lon="-118.04544"/>
   <point lat="34.01411" lon="-118.04582"/>
   <point lat="34.01363" lon="-118.04629"/>
   <point lat="34.014" lon="-118.04693"/>
   <point lat="34.01413" lon="-118.04714"/>
   <point lat="34.01433" lon="-118.04743"/>
   <point lat="34.01473" lon="-118.04798"/>
   <point lat="34.01505" lon="-118.04844"/>
   <point lat="34.01743" lon="-118.052"/>
   <point lat="34.01818" lon="-118.05305"/>
   <point lat="34.01824" lon="-118.05314"/>
   <point lat="34.01824" lon="-118.0533"/>
   <point lat="34.01827" lon="-118.05354"/>
   <point lat="34.01826" lon="-118.05358"/>
   <point lat="34.01825" lon="-118.05364"/>
   <point lat="34.01817" lon="-118.05379"/>
   <point lat="34.01808" lon="-118.05404"/>
   <point lat="34.01793" lon="-118.05419"/>
   <point lat="34.0178299" lon="-118.0541"/>
   <point lat="34.01777" lon="-118.05407"/>
   <point lat="34.01767" lon="-118.05405"/>
   <point lat="34.0176" lon="-118.05405"/>
   <point lat="34.01744" lon="-118.05408"/>
   <point lat="34.01731" lon="-118.05414"/>
   <point lat="34.01711" lon="-118.05425"/>
   <point lat="34.01678" lon="-118.05447"/>
   <point lat="34.01645" lon="-118.05473"/>
   <point lat="34.01607" lon="-118.05505"/>
   <point lat="34.01592" lon="-118.05517"/>
   <point lat="34.01529" lon="-118.05561"/>
   <point lat="34.01506" lon="-118.05576"/>
   <point lat="34.01461" lon="-118.056"/>
   <point lat="34.01391" lon="-118.05635"/>
   <point lat="34.01318" lon="-118.05661"/>
   <point lat="34.01284" lon="-118.05672"/>
   <point lat="34.01262" lon="-118.05677"/>
   <point lat="34.01133" lon="-118.05702"/>
   <point lat="34.01105" lon="-118.05709"/>
   <point lat="34.01068" lon="-118.05723"/>
   <point lat="34.00997" lon="-118.05761"/>
   <point lat="34.0098399" lon="-118.05769"/>
   <point lat="34.0097" lon="-118.05778"/>
   <point lat="34.0092799" lon="-118.0581"/>
   <point lat="34.00906" lon="-118.0583"/>
   <point lat="34.00869" lon="-118.05871"/>
   <point lat="34.00653" lon="-118.06138"/>
   <point lat="34.00553" lon="-118.06256"/>
   <point lat="34.00331" lon="-118.06534"/>
   <point lat="34.00327" lon="-118.06537"/>
   <point lat="34.00325" lon="-118.0654"/>
   <point lat="34.00267" lon="-118.06597"/>
   <point lat="34.00247" lon="-118.06615"/>
   <point lat="34.00201" lon="-118.06653"/>
   <point lat="34.00169" lon="-118.06678"/>
   <point lat="34.00145" lon="-118.06695"/>
   <point lat="34.00113" lon="-118.06715"/>
   <point lat="34.00085" lon="-118.0673"/>
   <point lat="34.00038" lon="-118.06751"/>
   <point lat="33.99955" lon="-118.06782"/>
   <point lat="33.99676" lon="-118.06851"/>
   <point lat="33.99534" lon="-118.0689"/>
   <point lat="33.994" lon="-118.0692"/>
   <point lat="33.99244" lon="-118.06959"/>
   <point lat="33.99222" lon="-118.06964"/>
   <point lat="33.9898499" lon="-118.07023"/>
   <point lat="33.98825" lon="-118.07071"/>
   <point lat="33.98793" lon="-118.07083"/>
   <point lat="33.98671" lon="-118.07137"/>
   <point lat="33.9863799" lon="-118.07153"/>
   <point lat="33.98598" lon="-118.07174"/>
   <point lat="33.98571" lon="-118.07189"/>
   <point lat="33.98456" lon="-118.07259"/>
   <point lat="33.98378" lon="-118.07312"/>
   <point lat="33.98357" lon="-118.07328"/>
   <point lat="33.98298" lon="-118.07381"/>
   <point lat="33.9823" lon="-118.07438"/>
   <point lat="33.9816999" lon="-118.07495"/>
   <point lat="33.98027" lon="-118.07642"/>
   <point lat="33.9796" lon="-118.07713"/>
   <point lat="33.97895" lon="-118.07776"/>
   <point lat="33.9788" lon="-118.07788"/>
   <point lat="33.97868" lon="-118.07798"/>
   <point lat="33.97826" lon="-118.07831"/>
   <point lat="33.97784" lon="-118.07861"/>
   <point lat="33.97763" lon="-118.07874"/>
   <point lat="33.97702" lon="-118.07908"/>
   <point lat="33.97654" lon="-118.0793"/>
   <point lat="33.97632" lon="-118.07938"/>
   <point lat="33.97528" lon="-118.07968"/>
   <point lat="33.9742" lon="-118.08006"/>
   <point lat="33.97398" lon="-118.08013"/>
   <point lat="33.97376" lon="-118.08021"/>
   <point lat="33.9727" lon="-118.08062"/>
   <point lat="33.97201" lon="-118.08092"/>
   <point lat="33.97066" lon="-118.08162"/>
   <point lat="33.9705299" lon="-118.08168"/>
   <point lat="33.97037" lon="-118.08177"/>
   <point lat="33.96982" lon="-118.08214"/>
   <point lat="33.96888" lon="-118.08266"/>
   <point lat="33.96838" lon="-118.08291"/>
   <point lat="33.96515" lon="-118.08434"/>
   <point lat="33.9643" lon="-118.08466"/>
   <point lat="33.96398" lon="-118.08479"/>
   <point lat="33.96361" lon="-118.08495"/>
   <point lat="33.96294" lon="-118.08526"/>
   <point lat="33.96272" lon="-118.08535"/>
   <point lat="33.96259" lon="-118.08541"/>
   <point lat="33.95846" lon="-118.08713"/>
   <point lat="33.95688" lon="-118.08786"/>
   <point lat="33.95652" lon="-118.08806"/>
   <point lat="33.95604" lon="-118.08834"/>
   <point lat="33.95544" lon="-118.08871"/>
   <point lat="33.95351" lon="-118.08983"/>
   <point lat="33.95177" lon="-118.09089"/>
   <point lat="33.9509" lon="-118.09139"/>
   <point lat="33.94997" lon="-118.09188"/>
   <point lat="33.9495999" lon="-118.09209"/>
   <point lat="33.94743" lon="-118.0934"/>
   <point lat="33.94598" lon="-118.09423"/>
   <point lat="33.94579" lon="-118.09432"/>
   <point lat="33.94558" lon="-118.09444"/>
   <point lat="33.94325" lon="-118.09563"/>
   <point lat="33.94204" lon="-118.09631"/>
   <point lat="33.94197" lon="-118.09634"/>
   <point lat="33.9418" lon="-118.09643"/>
   <point lat="33.94166" lon="-118.09649"/>
   <point lat="33.93917" lon="-118.09774"/>
   <point lat="33.93824" lon="-118.09823"/>
   <point lat="33.93797" lon="-118.09835"/>
   <point lat="33.93485" lon="-118.10002"/>
   <point lat="33.93345" lon="-118.10072"/>
   <point lat="33.93306" lon="-118.10093"/>
   <point lat="33.93211" lon="-118.10149"/>
   <point lat="33.932" lon="-118.10155"/>
   <point lat="33.93186" lon="-118.10162"/>
   <point lat="33.9311099" lon="-118.10204"/>
   <point lat="33.93021" lon="-118.10248"/>
   <point lat="33.92942" lon="-118.10282"/>
   <point lat="33.929" lon="-118.10299"/>
   <point lat="33.9272599" lon="-118.1036"/>
   <point lat="33.92506" lon="-118.10414"/>
   <point lat="33.9248" lon="-118.10419"/>
   <point lat="33.92453" lon="-118.10425"/>
   <point lat="33.92346" lon="-118.10444"/>
   <point lat="33.92327" lon="-118.10446"/>
   <point lat="33.92241" lon="-118.10458"/>
   <point lat="33.92014" lon="-118.1047"/>
   <point lat="33.92002" lon="-118.10471"/>
   <point lat="33.91963" lon="-118.10477"/>
   <point lat="33.91951" lon="-118.1048"/>
   <point lat="33.91921" lon="-118.10491"/>
   <point lat="33.91904" lon="-118.10498"/>
   <point lat="33.91888" lon="-118.10507"/>
   <point lat="33.91866" lon="-118.1052"/>
   <point lat="33.91852" lon="-118.10532"/>
   <point lat="33.91841" lon="-118.10545"/>
   <point lat="33.91836" lon="-118.10553"/>
   <point lat="33.91827" lon="-118.10571"/>
   <point lat="33.91821" lon="-118.1058"/>
   <point lat="33.91809" lon="-118.1059"/>
   <point lat="33.91801" lon="-118.10594"/>
   <point lat="33.91793" lon="-118.10595"/>
   <point lat="33.91777" lon="-118.10599"/>
   <point lat="33.9176" lon="-118.10601"/>
   <point lat="33.91719" lon="-118.10602"/>
   <point lat="33.9171" lon="-118.10604"/>
   <point lat="33.9171" lon="-118.10559"/>
   <point lat="33.91711" lon="-118.10551"/>
   <point lat="33.9171" lon="-118.10533"/>
   <point lat="33.9171" lon="-118.10352"/>
   <point lat="33.91376" lon="-118.10351"/>
   <point lat="33.91335" lon="-118.10351"/>
   <point lat="33.91314" lon="-118.10402"/>
  </path>
  <path>
   <point lat="33.91314" lon="-118.10402"/>
   <point lat="33.91246" lon="-118.10399"/>
   <point lat="33.91246" lon="-118.10351"/>
   <point lat="33.91335" lon="-118.10351"/>
   <point lat="33.91423" lon="-118.10351"/>
   <point lat="33.91619" lon="-118.10351"/>
   <point lat="33.91618" lon="-118.10394"/>
   <point lat="33.91616" lon="-118.10415"/>
   <point lat="33.91617" lon="-118.10423"/>
   <point lat="33.91618" lon="-118.10429"/>
   <point lat="33.91621" lon="-118.10437"/>
   <point lat="33.91623" lon="-118.10441"/>
   <point lat="33.91628" lon="-118.10444"/>
   <point lat="33.91635" lon="-118.10448"/>
   <point lat="33.91654" lon="-118.10453"/>
   <point lat="33.91665" lon="-118.10454"/>
   <point lat="33.91681" lon="-118.10456"/>
   <point lat="33.91688" lon="-118.10456"/>
   <point lat="33.92239" lon="-118.1043"/>
   <point lat="33.92263" lon="-118.10428"/>
   <point lat="33.9231399" lon="-118.10423"/>
   <point lat="33.92336" lon="-118.1042"/>
   <point lat="33.92441" lon="-118.10403"/>
   <point lat="33.92494" lon="-118.10391"/>
   <point lat="33.92703" lon="-118.10335"/>
   <point lat="33.92846" lon="-118.10285"/>
   <point lat="33.92898" lon="-118.10265"/>
   <point lat="33.92983" lon="-118.10229"/>
   <point lat="33.93104" lon="-118.10172"/>
   <point lat="33.93183" lon="-118.1013"/>
   <point lat="33.932" lon="-118.10124"/>
   <point lat="33.9321399" lon="-118.10118"/>
   <point lat="33.93219" lon="-118.10115"/>
   <point lat="33.9334599" lon="-118.10049"/>
   <point lat="33.93489" lon="-118.0998"/>
   <point lat="33.93602" lon="-118.09919"/>
   <point lat="33.93651" lon="-118.09891"/>
   <point lat="33.93714" lon="-118.09858"/>
   <point lat="33.93722" lon="-118.09855"/>
   <point lat="33.93768" lon="-118.09832"/>
   <point lat="33.93815" lon="-118.09806"/>
   <point lat="33.94026" lon="-118.09697"/>
   <point lat="33.94035" lon="-118.09693"/>
   <point lat="33.94063" lon="-118.09678"/>
   <point lat="33.94167" lon="-118.09626"/>
   <point lat="33.94468" lon="-118.09465"/>
   <point lat="33.94592" lon="-118.09405"/>
   <point lat="33.94672" lon="-118.09358"/>
   <point lat="33.94809" lon="-118.09273"/>
   <point lat="33.9495099" lon="-118.09192"/>
   <point lat="33.9497" lon="-118.0918"/>
   <point lat="33.95743" lon="-118.08732"/>
   <point lat="33.95832" lon="-118.08692"/>
   <point lat="33.96252" lon="-118.08517"/>
   <point lat="33.96262" lon="-118.08512"/>
   <point lat="33.9628299" lon="-118.08503"/>
   <point lat="33.9636799" lon="-118.08471"/>
   <point lat="33.9648899" lon="-118.08422"/>
   <point lat="33.96508" lon="-118.08413"/>
   <point lat="33.96528" lon="-118.08405"/>
   <point lat="33.96721" lon="-118.08321"/>
   <point lat="33.96747" lon="-118.0831"/>
   <point lat="33.96751" lon="-118.08307"/>
   <point lat="33.97048" lon="-118.08146"/>
   <point lat="33.97204" lon="-118.08066"/>
   <point lat="33.97277" lon="-118.08033"/>
   <point lat="33.97368" lon="-118.07998"/>
   <point lat="33.97413" lon="-118.07984"/>
   <point lat="33.97636" lon="-118.0791"/>
   <point lat="33.97661" lon="-118.07901"/>
   <point lat="33.97702" lon="-118.07883"/>
   <point lat="33.97744" lon="-118.07861"/>
   <point lat="33.97771" lon="-118.07846"/>
   <point lat="33.97787" lon="-118.07836"/>
   <point lat="33.97819" lon="-118.07814"/>
   <point lat="33.9785899" lon="-118.07785"/>
   <point lat="33.97871" lon="-118.07772"/>
   <point lat="33.97889" lon="-118.07754"/>
   <point lat="33.97923" lon="-118.07724"/>
   <point lat="33.9799099" lon="-118.07655"/>
   <point lat="33.98088" lon="-118.07551"/>
   <point lat="33.98148" lon="-118.07489"/>
   <point lat="33.98176" lon="-118.07462"/>
   <point lat="33.98296" lon="-118.07355"/>
   <point lat="33.98351" lon="-118.07308"/>
   <point lat="33.9836699" lon="-118.07296"/>
   <point lat="33.9838" lon="-118.07288"/>
   <point lat="33.98448" lon="-118.0724"/>
   <point lat="33.98554" lon="-118.07173"/>
   <point lat="33.98645" lon="-118.07124"/>
   <point lat="33.98681" lon="-118.07107"/>
   <point lat="33.98713" lon="-118.07091"/>
   <point lat="33.98783" lon="-118.07063"/>
   <point lat="33.98796" lon="-118.0706"/>
   <point lat="33.98868" lon="-118.07033"/>
   <point lat="33.98916" lon="-118.07017"/>
   <point lat="33.98946" lon="-118.07008"/>
   <point lat="33.99027" lon="-118.06987"/>
   <point lat="33.99241" lon="-118.06935"/>
   <point lat="33.9931" lon="-118.06915"/>
   <point lat="33.99957" lon="-118.0676"/>
   <point lat="34.00024" lon="-118.06737"/>
   <point lat="34.00039" lon="-118.06731"/>
   <point lat="34.00057" lon="-118.06721"/>
   <point lat="34.00119" lon="-118.06683"/>
   <point lat="34.00177" lon="-118.06642"/>
   <point lat="34.00209" lon="-118.06617"/>
   <point lat="34.00238" lon="-118.06592"/>
   <point lat="34.00273" lon="-118.0656"/>
   <point lat="34.00362" lon="-118.06459"/>
   <point lat="34.0049599" lon="-118.06298"/>
   <point lat="34.00589" lon="-118.0618"/>
   <point lat="34.007" lon="-118.06044"/>
   <point lat="34.00814" lon="-118.059"/>
   <point lat="34.00853" lon="-118.05856"/>
   <point lat="34.00868" lon="-118.0584"/>
   <point lat="34.00886" lon="-118.05822"/>
   <point lat="34.00905" lon="-118.05805"/>
   <point lat="34.00983" lon="-118.05743"/>
   <point lat="34.00987" lon="-118.0574"/>
   <point lat="34.01024" lon="-118.0572"/>
   <point lat="34.01054" lon="-118.05705"/>
   <point lat="34.01067" lon="-118.05699"/>
   <point lat="34.01095" lon="-118.05689"/>
   <point lat="34.01197" lon="-118.05663"/>
   <point lat="34.0124" lon="-118.05655"/>
   <point lat="34.01319" lon="-118.05633"/>
   <point lat="34.0135" lon="-118.05623"/>
   <point lat="34.01383" lon="-118.05611"/>
   <point lat="34.0139799" lon="-118.05605"/>
   <point lat="34.01424" lon="-118.05593"/>
   <point lat="34.01455" lon="-118.05577"/>
   <point lat="34.01479" lon="-118.05563"/>
   <point lat="34.0150999" lon="-118.05544"/>
   <point lat="34.01542" lon="-118.05522"/>
   <point lat="34.01607" lon="-118.05472"/>
   <point lat="34.01648" lon="-118.05436"/>
   <point lat="34.01676" lon="-118.05385"/>
   <point lat="34.01683" lon="-118.05375"/>
   <point lat="34.01691" lon="-118.05362"/>
   <point lat="34.01699" lon="-118.05348"/>
   <point lat="34.01702" lon="-118.05341"/>
   <point lat="34.01708" lon="-118.05326"/>
   <point lat="34.01712" lon="-118.05306"/>
   <point lat="34.01713" lon="-118.05297"/>
   <point lat="34.01712" lon="-118.0529"/>
   <point lat="34.0171" lon="-118.05283"/>
   <point lat="34.01699" lon="-118.05262"/>
   <point lat="34.01703" lon="-118.05257"/>
   <point lat="34.01711" lon="-118.0525"/>
   <point lat="34.01724" lon="-118.05231"/>
   <point lat="34.01743" lon="-118.052"/>
   <point lat="34.01505" lon="-118.04844"/>
   <point lat="34.01473" lon="-118.04798"/>
   <point lat="34.01433" lon="-118.04743"/>
   <point lat="34.01413" lon="-118.04714"/>
   <point lat="34.014" lon="-118.04693"/>
   <point lat="34.01363" lon="-118.04629"/>
   <point lat="34.01411" lon="-118.04582"/>
   <point lat="34.01447" lon="-118.04544"/>
   <point lat="34.01469" lon="-118.04517"/>
   <point lat="34.01489" lon="-118.04488"/>
   <point lat="34.01507" lon="-118.04456"/>
   <point lat="34.01513" lon="-118.04443"/>
   <point lat="34.01531" lon="-118.04397"/>
   <point lat="34.01586" lon="-118.04278"/>
   <point lat="34.0162" lon="-118.0423"/>
   <point lat="34.0164" lon="-118.04203"/>
   <point lat="34.01659" lon="-118.04179"/>
   <point lat="34.01779" lon="-118.04033"/>
   <point lat="34.01899" lon="-118.03873"/>
   <point lat="34.0194" lon="-118.03828"/>
   <point lat="34.02023" lon="-118.03754"/>
  </path>
  <path>
   <point lat="33.7752" lon="-118.11801"/>
   <point lat="33.77521" lon="-118.11493"/>
  </path>
  <path>
   <point lat="34.0722" lon="-118.04512"/>
   <point lat="34.07247" lon="-118.04429"/>
   <point lat="34.07202" lon="-118.04429"/>
   <point lat="34.07202" lon="-118.04445"/>
   <point lat="34.07115" lon="-118.04445"/>
   <point lat="34.07115" lon="-118.04288"/>
   <point lat="34.07117" lon="-118.04217"/>
   <point lat="34.07044" lon="-118.04216"/>
   <point lat="34.07044" lon="-118.04231"/>
   <point lat="34.06915" lon="-118.04214"/>
   <point lat="34.06837" lon="-118.04125"/>
   <point lat="34.06834" lon="-118.04024"/>
   <point lat="34.06834" lon="-118.04001"/>
   <point lat="34.06835" lon="-118.03953"/>
   <point lat="34.06832" lon="-118.03937"/>
   <point lat="34.0681" lon="-118.03716"/>
   <point lat="34.06802" lon="-118.03616"/>
   <point lat="34.068" lon="-118.03596"/>
   <point lat="34.06798" lon="-118.03579"/>
   <point lat="34.06785" lon="-118.03278"/>
   <point lat="34.06785" lon="-118.0321"/>
   <point lat="34.06789" lon="-118.03076"/>
   <point lat="34.0679" lon="-118.02926"/>
   <point lat="34.06791" lon="-118.02904"/>
   <point lat="34.0679" lon="-118.02878"/>
   <point lat="34.06791" lon="-118.02874"/>
   <point lat="34.06798" lon="-118.02675"/>
   <point lat="34.06798" lon="-118.02657"/>
   <point lat="34.06804" lon="-118.02471"/>
   <point lat="34.06804" lon="-118.02419"/>
   <point lat="34.06802" lon="-118.0237"/>
   <point lat="34.06797" lon="-118.02324"/>
   <point lat="34.06782" lon="-118.02217"/>
   <point lat="34.06777" lon="-118.02194"/>
   <point lat="34.06773" lon="-118.02177"/>
   <point lat="34.0676" lon="-118.0213"/>
   <point lat="34.06751" lon="-118.02107"/>
   <point lat="34.0673699" lon="-118.02064"/>
   <point lat="34.06714" lon="-118.02"/>
   <point lat="34.06709" lon="-118.01987"/>
   <point lat="34.06659" lon="-118.01883"/>
   <point lat="34.06602" lon="-118.01753"/>
   <point lat="34.0659599" lon="-118.01742"/>
   <point lat="34.0658699" lon="-118.01723"/>
   <point lat="34.06558" lon="-118.01651"/>
   <point lat="34.06545" lon="-118.01613"/>
   <point lat="34.06511" lon="-118.01489"/>
   <point lat="34.0649" lon="-118.01395"/>
   <point lat="34.0642" lon="-118.01043"/>
   <point lat="34.06402" lon="-118.00965"/>
   <point lat="34.06396" lon="-118.00907"/>
   <point lat="34.06393" lon="-118.00869"/>
   <point lat="34.06392" lon="-118.00843"/>
   <point lat="34.06395" lon="-118.00778"/>
   <point lat="34.06397" lon="-118.00756"/>
   <point lat="34.06402" lon="-118.00709"/>
   <point lat="34.06423" lon="-118.00548"/>
   <point lat="34.06439" lon="-118.00447"/>
   <point lat="34.06451" lon="-118.00356"/>
   <point lat="34.06456" lon="-118.00328"/>
   <point lat="34.06459" lon="-118.00264"/>
   <point lat="34.0646" lon="-118.00205"/>
   <point lat="34.0646" lon="-118.00197"/>
   <point lat="34.06459" lon="-118.00182"/>
   <point lat="34.0645499" lon="-118.00163"/>
   <point lat="34.06449" lon="-118.00138"/>
   <point lat="34.06444" lon="-118.00126"/>
   <point lat="34.0643699" lon="-118.00114"/>
   <point lat="34.06429" lon="-118.00103"/>
   <point lat="34.06425" lon="-118.00099"/>
   <point lat="34.06413" lon="-118.00088"/>
   <point lat="34.06391" lon="-118.00073"/>
   <point lat="34.06386" lon="-118.0007"/>
   <point lat="34.06375" lon="-118.00066"/>
   <point lat="34.06346" lon="-118.00057"/>
   <point lat="34.06271" lon="-118.00064"/>
   <point lat="34.06238" lon="-118.00069"/>
   <point lat="34.06216" lon="-118.00071"/>
   <point lat="34.06162" lon="-118.00073"/>
   <point lat="34.0615499" lon="-118.00074"/>
   <point lat="34.0614599" lon="-118.00077"/>
   <point lat="34.06077" lon="-118.00103"/>
   <point lat="34.06024" lon="-118.00126"/>
   <point lat="34.0594899" lon="-118.00153"/>
   <point lat="34.05906" lon="-118.0017"/>
   <point lat="34.05877" lon="-118.00183"/>
   <point lat="34.05844" lon="-118.002"/>
   <point lat="34.05707" lon="-118.0028"/>
   <point lat="34.05662" lon="-118.00305"/>
   <point lat="34.05557" lon="-118.00359"/>
   <point lat="34.05538" lon="-118.0037"/>
   <point lat="34.05488" lon="-118.00402"/>
   <point lat="34.05441" lon="-118.0043"/>
   <point lat="34.05416" lon="-118.00446"/>
   <point lat="34.05412" lon="-118.00449"/>
   <point lat="34.05368" lon="-118.00472"/>
   <point lat="34.05222" lon="-118.00556"/>
   <point lat="34.05209" lon="-118.00562"/>
   <point lat="34.05199" lon="-118.00567"/>
   <point lat="34.05191" lon="-118.00569"/>
   <point lat="34.04586" lon="-118.00914"/>
   <point lat="34.04538" lon="-118.0094"/>
   <point lat="34.04502" lon="-118.00961"/>
   <point lat="34.04458" lon="-118.00991"/>
   <point lat="34.04389" lon="-118.01045"/>
   <point lat="34.04358" lon="-118.01073"/>
   <point lat="34.04333" lon="-118.01099"/>
   <point lat="34.0430599" lon="-118.01129"/>
   <point lat="34.0427899" lon="-118.01164"/>
   <point lat="34.04249" lon="-118.01206"/>
   <point lat="34.04222" lon="-118.01247"/>
   <point lat="34.04205" lon="-118.01276"/>
   <point lat="34.04183" lon="-118.01317"/>
   <point lat="34.04151" lon="-118.01384"/>
   <point lat="34.04116" lon="-118.0147"/>
   <point lat="34.04048" lon="-118.01645"/>
   <point lat="34.04014" lon="-118.01738"/>
   <point lat="34.03919" lon="-118.01983"/>
   <point lat="34.0388" lon="-118.02075"/>
   <point lat="34.0386499" lon="-118.02108"/>
   <point lat="34.03859" lon="-118.0212"/>
   <point lat="34.03841" lon="-118.02152"/>
   <point lat="34.03815" lon="-118.02196"/>
   <point lat="34.03802" lon="-118.02215"/>
   <point lat="34.03782" lon="-118.02242"/>
   <point lat="34.0368799" lon="-118.02363"/>
   <point lat="34.03649" lon="-118.02418"/>
   <point lat="34.03622" lon="-118.02454"/>
   <point lat="34.03595" lon="-118.02488"/>
   <point lat="34.03541" lon="-118.02553"/>
   <point lat="34.03317" lon="-118.0284"/>
   <point lat="34.03308" lon="-118.0285"/>
   <point lat="34.03151" lon="-118.03054"/>
   <point lat="34.0314" lon="-118.0307"/>
   <point lat="34.03122" lon="-118.03095"/>
   <point lat="34.0308599" lon="-118.03149"/>
   <point lat="34.03056" lon="-118.03196"/>
   <point lat="34.03038" lon="-118.03226"/>
   <point lat="34.02962" lon="-118.03358"/>
   <point lat="34.02948" lon="-118.03406"/>
   <point lat="34.02939" lon="-118.0344"/>
   <point lat="34.02928" lon="-118.03473"/>
   <point lat="34.02925" lon="-118.03488"/>
   <point lat="34.02925" lon="-118.03517"/>
   <point lat="34.0292699" lon="-118.03534"/>
   <point lat="34.02931" lon="-118.03548"/>
   <point lat="34.02934" lon="-118.03562"/>
   <point lat="34.02942" lon="-118.0358"/>
   <point lat="34.02958" lon="-118.03608"/>
   <point lat="34.0298" lon="-118.0363"/>
   <point lat="34.02986" lon="-118.03638"/>
   <point lat="34.02992" lon="-118.03647"/>
   <point lat="34.02998" lon="-118.03658"/>
   <point lat="34.03004" lon="-118.03673"/>
   <point lat="34.03009" lon="-118.03692"/>
   <point lat="34.0301199" lon="-118.03714"/>
   <point lat="34.0301199" lon="-118.03725"/>
   <point lat="34.02993" lon="-118.03726"/>
   <point lat="34.02989" lon="-118.03728"/>
   <point lat="34.02969" lon="-118.03728"/>
   <point lat="34.02931" lon="-118.03731"/>
   <point lat="34.02863" lon="-118.03739"/>
   <point lat="34.02676" lon="-118.03766"/>
   <point lat="34.02633" lon="-118.03775"/>
   <point lat="34.026" lon="-118.03781"/>
   <point lat="34.0257099" lon="-118.03784"/>
   <point lat="34.02538" lon="-118.03785"/>
   <point lat="34.02525" lon="-118.03784"/>
   <point lat="34.0249499" lon="-118.03781"/>
   <point lat="34.0242999" lon="-118.03764"/>
   <point lat="34.02395" lon="-118.0375"/>
   <point lat="34.02376" lon="-118.03744"/>
   <point lat="34.0237" lon="-118.03743"/>
   <point lat="34.02307" lon="-118.03729"/>
   <point lat="34.0227999" lon="-118.03725"/>
   <point lat="34.0225099" lon="-118.03722"/>
   <point lat="34.0221" lon="-118.0372"/>
   <point lat="34.02197" lon="-118.0372"/>
   <point lat="34.02166" lon="-118.03722"/>
   <point lat="34.02152" lon="-118.03724"/>
   <point lat="34.02121" lon="-118.03732"/>
   <point lat="34.02081" lon="-118.03741"/>
   <point lat="34.0203599" lon="-118.03764"/>
   <point lat="34.02012" lon="-118.03777"/>
   <point lat="34.02004" lon="-118.03783"/>
   <point lat="34.01995" lon="-118.03786"/>
   <point lat="34.01982" lon="-118.03794"/>
   <point lat="34.01958" lon="-118.03811"/>
   <point lat="34.0194" lon="-118.03828"/>
   <point lat="34.01931" lon="-118.0386"/>
  </path>
  <path>
   <point lat="33.77521" lon="-118.11493"/>
   <point lat="33.7753299" lon="-118.11362"/>
   <point lat="33.7753" lon="-118.11295"/>
   <point lat="33.77522" lon="-118.11237"/>
   <point lat="33.77518" lon="-118.11218"/>
   <point lat="33.7751" lon="-118.1119"/>
   <point lat="33.77483" lon="-118.11113"/>
   <point lat="33.77467" lon="-118.11065"/>
   <point lat="33.77463" lon="-118.11055"/>
   <point lat="33.7745" lon="-118.11024"/>
   <point lat="33.77442" lon="-118.11002"/>
   <point lat="33.77437" lon="-118.10981"/>
   <point lat="33.77431" lon="-118.10943"/>
   <point lat="33.77428" lon="-118.10916"/>
   <point lat="33.77426" lon="-118.10888"/>
   <point lat="33.77424" lon="-118.10838"/>
   <point lat="33.77423" lon="-118.10644"/>
   <point lat="33.77426" lon="-118.10585"/>
   <point lat="33.77422" lon="-118.10402"/>
   <point lat="33.7742099" lon="-118.09832"/>
   <point lat="33.7742" lon="-118.09703"/>
   <point lat="33.77423" lon="-118.09602"/>
   <point lat="33.7742" lon="-118.09438"/>
   <point lat="33.77423" lon="-118.09423"/>
   <point lat="33.77424" lon="-118.09259"/>
   <point lat="33.77425" lon="-118.09223"/>
   <point lat="33.77425" lon="-118.09199"/>
   <point lat="33.7742999" lon="-118.09177"/>
   <point lat="33.77431" lon="-118.09168"/>
   <point lat="33.77437" lon="-118.0915"/>
   <point lat="33.7743899" lon="-118.09143"/>
   <point lat="33.77451" lon="-118.0912"/>
   <point lat="33.77459" lon="-118.09103"/>
   <point lat="33.77466" lon="-118.09094"/>
   <point lat="33.77497" lon="-118.09058"/>
   <point lat="33.77516" lon="-118.09043"/>
   <point lat="33.77525" lon="-118.09039"/>
   <point lat="33.77558" lon="-118.09028"/>
   <point lat="33.77568" lon="-118.09026"/>
   <point lat="33.77593" lon="-118.09026"/>
   <point lat="33.77613" lon="-118.09027"/>
   <point lat="33.7763" lon="-118.09029"/>
   <point lat="33.77664" lon="-118.09036"/>
   <point lat="33.7769" lon="-118.09043"/>
   <point lat="33.78005" lon="-118.09114"/>
   <point lat="33.78189" lon="-118.0915"/>
   <point lat="33.78225" lon="-118.09155"/>
   <point lat="33.78262" lon="-118.09156"/>
   <point lat="33.78318" lon="-118.09154"/>
   <point lat="33.784" lon="-118.09141"/>
   <point lat="33.78419" lon="-118.09136"/>
   <point lat="33.78488" lon="-118.09111"/>
   <point lat="33.78543" lon="-118.09088"/>
   <point lat="33.78703" lon="-118.09004"/>
   <point lat="33.78851" lon="-118.08931"/>
   <point lat="33.79041" lon="-118.08847"/>
   <point lat="33.79116" lon="-118.08818"/>
   <point lat="33.79192" lon="-118.08793"/>
   <point lat="33.79221" lon="-118.08782"/>
   <point lat="33.79248" lon="-118.08773"/>
   <point lat="33.7962" lon="-118.08639"/>
   <point lat="33.79689" lon="-118.08611"/>
   <point lat="33.79718" lon="-118.08598"/>
   <point lat="33.79766" lon="-118.0857"/>
   <point lat="33.7982299" lon="-118.08533"/>
   <point lat="33.79853" lon="-118.08511"/>
   <point lat="33.79878" lon="-118.08489"/>
   <point lat="33.79891" lon="-118.08476"/>
   <point lat="33.79938" lon="-118.08427"/>
   <point lat="33.79969" lon="-118.08393"/>
   <point lat="33.79992" lon="-118.08369"/>
   <point lat="33.80005" lon="-118.08356"/>
   <point lat="33.80122" lon="-118.08251"/>
   <point lat="33.80151" lon="-118.0823"/>
   <point lat="33.80178" lon="-118.08213"/>
   <point lat="33.80191" lon="-118.08206"/>
   <point lat="33.80233" lon="-118.08186"/>
   <point lat="33.80276" lon="-118.08167"/>
   <point lat="33.80316" lon="-118.08154"/>
   <point lat="33.80379" lon="-118.08135"/>
   <point lat="33.80407" lon="-118.08129"/>
   <point lat="33.80434" lon="-118.08125"/>
   <point lat="33.8048" lon="-118.08122"/>
   <point lat="33.80506" lon="-118.08121"/>
   <point lat="33.80552" lon="-118.08121"/>
   <point lat="33.80563" lon="-118.08123"/>
   <point lat="33.80688" lon="-118.08124"/>
   <point lat="33.80755" lon="-118.08127"/>
   <point lat="33.821" lon="-118.08118"/>
   <point lat="33.82155" lon="-118.08119"/>
   <point lat="33.82211" lon="-118.08124"/>
   <point lat="33.8225" lon="-118.08126"/>
   <point lat="33.8227199" lon="-118.08128"/>
   <point lat="33.82316" lon="-118.08133"/>
   <point lat="33.82543" lon="-118.08173"/>
   <point lat="33.82676" lon="-118.08206"/>
   <point lat="33.82832" lon="-118.08253"/>
   <point lat="33.82934" lon="-118.08292"/>
   <point lat="33.8304199" lon="-118.08337"/>
   <point lat="33.83119" lon="-118.08371"/>
   <point lat="33.83149" lon="-118.08388"/>
   <point lat="33.83205" lon="-118.08418"/>
   <point lat="33.83258" lon="-118.08451"/>
   <point lat="33.83835" lon="-118.08785"/>
   <point lat="33.83977" lon="-118.08864"/>
   <point lat="33.84575" lon="-118.09209"/>
   <point lat="33.84625" lon="-118.09239"/>
   <point lat="33.84652" lon="-118.09256"/>
   <point lat="33.84722" lon="-118.09295"/>
   <point lat="33.84792" lon="-118.09327"/>
   <point lat="33.84872" lon="-118.09361"/>
   <point lat="33.84958" lon="-118.09391"/>
   <point lat="33.85062" lon="-118.09414"/>
   <point lat="33.85186" lon="-118.09447"/>
   <point lat="33.8583" lon="-118.09598"/>
   <point lat="33.85841" lon="-118.096"/>
   <point lat="33.85907" lon="-118.09616"/>
   <point lat="33.86023" lon="-118.09649"/>
   <point lat="33.86117" lon="-118.0968"/>
   <point lat="33.8655199" lon="-118.09836"/>
   <point lat="33.86564" lon="-118.09841"/>
   <point lat="33.86582" lon="-118.09849"/>
   <point lat="33.86951" lon="-118.09984"/>
   <point lat="33.87169" lon="-118.1007"/>
   <point lat="33.87178" lon="-118.10072"/>
   <point lat="33.87197" lon="-118.10077"/>
   <point lat="33.87449" lon="-118.10166"/>
   <point lat="33.87589" lon="-118.10219"/>
   <point lat="33.87629" lon="-118.10233"/>
   <point lat="33.87647" lon="-118.1024"/>
   <point lat="33.87765" lon="-118.10279"/>
   <point lat="33.87801" lon="-118.1029"/>
   <point lat="33.87812" lon="-118.10293"/>
   <point lat="33.87868" lon="-118.1031"/>
   <point lat="33.87895" lon="-118.10317"/>
   <point lat="33.87934" lon="-118.10328"/>
   <point lat="33.88013" lon="-118.10347"/>
   <point lat="33.88023" lon="-118.1035"/>
   <point lat="33.88051" lon="-118.10357"/>
   <point lat="33.88215" lon="-118.10388"/>
   <point lat="33.88257" lon="-118.10394"/>
   <point lat="33.88346" lon="-118.10403"/>
   <point lat="33.88722" lon="-118.10426"/>
   <point lat="33.88729" lon="-118.10426"/>
   <point lat="33.88752" lon="-118.10427"/>
   <point lat="33.88773" lon="-118.10429"/>
   <point lat="33.89828" lon="-118.10487"/>
   <point lat="33.89846" lon="-118.10487"/>
   <point lat="33.90374" lon="-118.10511"/>
   <point lat="33.9116799" lon="-118.10477"/>
   <point lat="33.91203" lon="-118.10473"/>
   <point lat="33.91289" lon="-118.10461"/>
   <point lat="33.9139" lon="-118.10444"/>
   <point lat="33.91405" lon="-118.10441"/>
   <point lat="33.91434" lon="-118.10434"/>
   <point lat="33.91446" lon="-118.10432"/>
   <point lat="33.91585" lon="-118.10381"/>
   <point lat="33.91597" lon="-118.10373"/>
   <point lat="33.91603" lon="-118.10367"/>
   <point lat="33.91607" lon="-118.10358"/>
   <point lat="33.9160899" lon="-118.10351"/>
   <point lat="33.91335" lon="-118.10351"/>
   <point lat="33.91314" lon="-118.10402"/>
  </path>
  <path>
   <point lat="34.02023" lon="-118.03754"/>
   <point lat="34.02121" lon="-118.03732"/>
   <point lat="34.02152" lon="-118.03724"/>
   <point lat="34.02166" lon="-118.03722"/>
   <point lat="34.02197" lon="-118.0372"/>
   <point lat="34.0221" lon="-118.0372"/>
   <point lat="34.0225099" lon="-118.03722"/>
   <point lat="34.0227999" lon="-118.03725"/>
   <point lat="34.02307" lon="-118.03729"/>
   <point lat="34.0237" lon="-118.03743"/>
   <point lat="34.02376" lon="-118.03744"/>
   <point lat="34.02395" lon="-118.0375"/>
   <point lat="34.0242999" lon="-118.03764"/>
   <point lat="34.0249499" lon="-118.03781"/>
   <point lat="34.02525" lon="-118.03784"/>
   <point lat="34.02527" lon="-118.03764"/>
   <point lat="34.0253299" lon="-118.03722"/>
   <point lat="34.02537" lon="-118.03715"/>
   <point lat="34.02547" lon="-118.03694"/>
   <point lat="34.02555" lon="-118.03681"/>
   <point lat="34.0256" lon="-118.03674"/>
   <point lat="34.02578" lon="-118.03657"/>
   <point lat="34.02624" lon="-118.03622"/>
   <point lat="34.02698" lon="-118.0356"/>
   <point lat="34.0271" lon="-118.03551"/>
   <point lat="34.0271199" lon="-118.03556"/>
   <point lat="34.0272" lon="-118.03575"/>
   <point lat="34.02726" lon="-118.03584"/>
   <point lat="34.02734" lon="-118.0359"/>
   <point lat="34.02744" lon="-118.03594"/>
   <point lat="34.02752" lon="-118.03595"/>
   <point lat="34.02762" lon="-118.03595"/>
   <point lat="34.02772" lon="-118.03591"/>
   <point lat="34.0279" lon="-118.0358"/>
   <point lat="34.02797" lon="-118.03575"/>
   <point lat="34.02807" lon="-118.03566"/>
   <point lat="34.0281499" lon="-118.03558"/>
   <point lat="34.02845" lon="-118.03525"/>
   <point lat="34.02932" lon="-118.03363"/>
   <point lat="34.02976" lon="-118.03275"/>
   <point lat="34.03047" lon="-118.03155"/>
   <point lat="34.0308599" lon="-118.03093"/>
   <point lat="34.03112" lon="-118.03057"/>
   <point lat="34.0311499" lon="-118.03052"/>
   <point lat="34.03134" lon="-118.03028"/>
   <point lat="34.03192" lon="-118.02967"/>
   <point lat="34.0322" lon="-118.02935"/>
   <point lat="34.03239" lon="-118.02912"/>
   <point lat="34.03387" lon="-118.0272"/>
   <point lat="34.03442" lon="-118.02654"/>
   <point lat="34.03473" lon="-118.02615"/>
   <point lat="34.03486" lon="-118.02597"/>
   <point lat="34.03494" lon="-118.02587"/>
   <point lat="34.0357399" lon="-118.02475"/>
   <point lat="34.0375299" lon="-118.02246"/>
   <point lat="34.03772" lon="-118.0222"/>
   <point lat="34.03821" lon="-118.02145"/>
   <point lat="34.03858" lon="-118.02072"/>
   <point lat="34.03878" lon="-118.02027"/>
   <point lat="34.03898" lon="-118.01978"/>
   <point lat="34.03966" lon="-118.01801"/>
   <point lat="34.04008" lon="-118.01698"/>
   <point lat="34.0403499" lon="-118.01626"/>
   <point lat="34.0407" lon="-118.01527"/>
   <point lat="34.0412" lon="-118.01397"/>
   <point lat="34.04136" lon="-118.0136"/>
   <point lat="34.04169" lon="-118.01295"/>
   <point lat="34.04211" lon="-118.0122"/>
   <point lat="34.04274" lon="-118.01134"/>
   <point lat="34.04292" lon="-118.01111"/>
   <point lat="34.04325" lon="-118.01073"/>
   <point lat="34.04355" lon="-118.01043"/>
   <point lat="34.0438199" lon="-118.01018"/>
   <point lat="34.04424" lon="-118.00984"/>
   <point lat="34.04464" lon="-118.00957"/>
   <point lat="34.0454" lon="-118.00911"/>
   <point lat="34.04724" lon="-118.0081"/>
   <point lat="34.04889" lon="-118.00716"/>
   <point lat="34.04904" lon="-118.00708"/>
   <point lat="34.05055" lon="-118.0062"/>
   <point lat="34.05201" lon="-118.00539"/>
   <point lat="34.05252" lon="-118.00508"/>
   <point lat="34.05334" lon="-118.00461"/>
   <point lat="34.05397" lon="-118.00427"/>
   <point lat="34.0540499" lon="-118.00422"/>
   <point lat="34.05439" lon="-118.00405"/>
   <point lat="34.0550799" lon="-118.00362"/>
   <point lat="34.05648" lon="-118.00289"/>
   <point lat="34.05685" lon="-118.00269"/>
   <point lat="34.05745" lon="-118.00234"/>
   <point lat="34.05783" lon="-118.00214"/>
   <point lat="34.05829" lon="-118.00192"/>
   <point lat="34.05926" lon="-118.00149"/>
   <point lat="34.06098" lon="-118.0008"/>
   <point lat="34.06154" lon="-118.00062"/>
   <point lat="34.0618399" lon="-118.00037"/>
   <point lat="34.06197" lon="-118.00028"/>
   <point lat="34.06206" lon="-118.00023"/>
   <point lat="34.0622" lon="-118.00016"/>
   <point lat="34.06232" lon="-118.00011"/>
   <point lat="34.06256" lon="-118.00004"/>
   <point lat="34.0627799" lon="-118.0"/>
   <point lat="34.06376" lon="-117.99986"/>
   <point lat="34.06391" lon="-117.99985"/>
   <point lat="34.0642" lon="-117.99981"/>
   <point lat="34.06464" lon="-117.99981"/>
   <point lat="34.06477" lon="-117.99982"/>
   <point lat="34.06521" lon="-117.99984"/>
   <point lat="34.06543" lon="-117.99988"/>
   <point lat="34.0656" lon="-117.99993"/>
   <point lat="34.06571" lon="-117.99991"/>
   <point lat="34.0657799" lon="-117.99991"/>
   <point lat="34.06586" lon="-117.99988"/>
   <point lat="34.06591" lon="-117.99986"/>
   <point lat="34.06601" lon="-117.99978"/>
   <point lat="34.06609" lon="-117.99971"/>
   <point lat="34.06615" lon="-117.99957"/>
   <point lat="34.06616" lon="-117.99949"/>
   <point lat="34.06616" lon="-117.99934"/>
   <point lat="34.06615" lon="-117.99927"/>
   <point lat="34.06613" lon="-117.9992"/>
   <point lat="34.0661" lon="-117.99914"/>
   <point lat="34.06605" lon="-117.99907"/>
   <point lat="34.06598" lon="-117.999"/>
   <point lat="34.06592" lon="-117.99897"/>
   <point lat="34.06585" lon="-117.99896"/>
   <point lat="34.06576" lon="-117.99896"/>
   <point lat="34.06571" lon="-117.99897"/>
   <point lat="34.06562" lon="-117.999"/>
   <point lat="34.06555" lon="-117.99906"/>
   <point lat="34.06546" lon="-117.99915"/>
   <point lat="34.06536" lon="-117.9993"/>
   <point lat="34.06525" lon="-117.99949"/>
   <point lat="34.06519" lon="-118.00003"/>
   <point lat="34.06515" lon="-118.00054"/>
   <point lat="34.06511" lon="-118.00077"/>
   <point lat="34.06509" lon="-118.00098"/>
   <point lat="34.06503" lon="-118.00132"/>
   <point lat="34.06485" lon="-118.00278"/>
   <point lat="34.06418" lon="-118.00716"/>
   <point lat="34.06411" lon="-118.00783"/>
   <point lat="34.0641" lon="-118.00805"/>
   <point lat="34.0641" lon="-118.00854"/>
   <point lat="34.06412" lon="-118.00884"/>
   <point lat="34.06417" lon="-118.00938"/>
   <point lat="34.06424" lon="-118.00972"/>
   <point lat="34.06449" lon="-118.01106"/>
   <point lat="34.0653" lon="-118.01499"/>
   <point lat="34.06548" lon="-118.0156"/>
   <point lat="34.06573" lon="-118.01637"/>
   <point lat="34.06583" lon="-118.01664"/>
   <point lat="34.06616" lon="-118.01744"/>
   <point lat="34.06661" lon="-118.01844"/>
   <point lat="34.06691" lon="-118.01907"/>
   <point lat="34.06761" lon="-118.02076"/>
   <point lat="34.06768" lon="-118.02095"/>
   <point lat="34.06779" lon="-118.02127"/>
   <point lat="34.06799" lon="-118.02218"/>
   <point lat="34.06806" lon="-118.02253"/>
   <point lat="34.06817" lon="-118.02358"/>
   <point lat="34.0682" lon="-118.02377"/>
   <point lat="34.06821" lon="-118.02424"/>
   <point lat="34.06821" lon="-118.02449"/>
   <point lat="34.06817" lon="-118.0266"/>
   <point lat="34.06817" lon="-118.02676"/>
   <point lat="34.06816" lon="-118.02701"/>
   <point lat="34.06816" lon="-118.02783"/>
   <point lat="34.06815" lon="-118.02811"/>
   <point lat="34.06814" lon="-118.02826"/>
   <point lat="34.06811" lon="-118.02861"/>
   <point lat="34.06811" lon="-118.02886"/>
   <point lat="34.0681" lon="-118.02908"/>
   <point lat="34.06809" lon="-118.02921"/>
   <point lat="34.06806" lon="-118.03052"/>
   <point lat="34.06805" lon="-118.03057"/>
   <point lat="34.06805" lon="-118.03075"/>
   <point lat="34.06803" lon="-118.03186"/>
   <point lat="34.06803" lon="-118.03234"/>
   <point lat="34.06805" lon="-118.03351"/>
   <point lat="34.06811" lon="-118.03516"/>
   <point lat="34.06817" lon="-118.03596"/>
   <point lat="34.06818" lon="-118.03615"/>
   <point lat="34.06839" lon="-118.03848"/>
   <point lat="34.06851" lon="-118.03928"/>
   <point lat="34.06851" lon="-118.03937"/>
   <point lat="34.06852" lon="-118.03949"/>
   <point lat="34.06853" lon="-118.03959"/>
   <point lat="34.06866" lon="-118.04"/>
   <point lat="34.06905" lon="-118.04144"/>
   <point lat="34.06915" lon="-118.04214"/>
   <point lat="34.07117" lon="-118.04217"/>
   <point lat="34.07115" lon="-118.04288"/>
   <point lat="34.07115" lon="-118.04445"/>
   <point lat="34.07202" lon="-118.04445"/>
   <point lat="34.07201" lon="-118.04598"/>
   <point lat="34.07223" lon="-118.04598"/>
   <point lat="34.0723399" lon="-118.04597"/>
   <point lat="34.07243" lon="-118.04578"/>
   <point lat="34.07248" lon="-118.04568"/>
   <point lat="34.07247" lon="-118.04556"/>
   <point lat="34.07247" lon="-118.0451"/>
   <point lat="34.0722" lon="-118.04512"/>
  </path>
 </route>
</body>