<?xml version="1.0" encoding="utf-8"?>
<body copyright="All data copyright Los Angeles Metro 2022.">
 <route color="e74d00" latMax="34.1019099" latMin="33.92342" lonMax="-118.29109" lonMin="-118.3009999" oppositeColor="ffffff" tag="206" title="206 Hollywood - Athens Via Normandie Av">
  <stop lat="34.10076" lon="-118.29132" stopId="01782" tag="1782" title="Hollywood / Vermont"/>
  <stop lat="34.0956699" lon="-118.29109" tag="2079_ar" title="Fountain / Vermont"/>
  <stop lat="34.1016399" lon="-118.29593" stopId="02480" tag="2480" title="Hollywood / Edgemont"/>
  <stop lat="34.0547699" lon="-118.3007599" stopId="02693" tag="2693" title="Irolo / San Marino"/>
  <stop lat="34.05577" lon="-118.30075" stopId="02694" tag="2694" title="Irolo / James M Wood"/>
  <stop lat="34.0575199" lon="-118.3007599" stopId="02696" tag="2696" title="Irolo / 8th"/>
  <stop lat="34.0760799" lon="-118.3002699" stopId="03807" tag="3807" title="Normandie / Beverly"/>
  <stop lat="34.0950699" lon="-118.3003799" stopId="03808" tag="3808" title="Normandie / Fountain"/>
  <stop lat="34.10154" lon="-118.3004099" stopId="03809" tag="3809" title="Normandie / Hollywood"/>
  <stop lat="34.0805499" lon="-118.3003199" stopId="03810" tag="3810" title="Normandie / Maplewood"/>
  <stop lat="34.0833499" lon="-118.30033" stopId="03811" tag="3811" title="Normandie / Melrose"/>
  <stop lat="34.08841" lon="-118.30035" stopId="03812" tag="3812" title="Normandie / Romaine"/>
  <stop lat="34.07889" lon="-118.3003" stopId="03813" tag="3813" title="Normandie / Rosewood"/>
  <stop lat="34.0906099" lon="-118.3003599" stopId="03814" tag="3814" title="Normandie / Santa Monica"/>
  <stop lat="34.09791" lon="-118.30039" stopId="03815" tag="3815" title="Normandie / Sunset"/>
  <stop lat="33.9312399" lon="-118.30016" stopId="04055" tag="4055" title="Normandie / Imperial"/>
  <stop lat="34.0730499" lon="-118.3002599" stopId="04056" tag="4056" title="Normandie / 1st"/>
  <stop lat="34.0106499" lon="-118.30005" stopId="04057" tag="4057" title="Normandie / Martin Luther King Jr"/>
  <stop lat="34.0854499" lon="-118.30033" stopId="04058" tag="4058" title="Normandie / Monroe"/>
  <stop lat="33.9999799" lon="-118.30005" stopId="04059" tag="4059" title="Normandie / 48th"/>
  <stop lat="33.9380199" lon="-118.3001799" stopId="04060" tag="4060" title="Normandie / 108th"/>
  <stop lat="34.01864" lon="-118.30006" stopId="05306" tag="5306" title="Normandie / Exposition"/>
  <stop lat="34.0130899" lon="-118.30005" stopId="05307" tag="5307" title="Normandie / Leighton"/>
  <stop lat="34.0367999" lon="-118.3001499" stopId="05309" tag="5309" title="Normandie / Santa Monica Fwy"/>
  <stop lat="33.94215" lon="-118.3001499" stopId="05310" tag="5310" title="Normandie / 104th"/>
  <stop lat="33.9398399" lon="-118.30015" stopId="05311" tag="5311" title="Normandie / 106th"/>
  <stop lat="33.9357799" lon="-118.30017" stopId="05313" tag="5313" title="Normandie / 110th"/>
  <stop lat="33.9330799" lon="-118.30017" stopId="05314" tag="5314" title="Normandie / 112th"/>
  <stop lat="34.05068" lon="-118.29985" stopId="05315" tag="5315" title="Normandie / 11th"/>
  <stop lat="34.03441" lon="-118.30013" stopId="05319" tag="5319" title="Normandie / 24th"/>
  <stop lat="34.0289999" lon="-118.30011" stopId="05320" tag="5320" title="Normandie / 29th"/>
  <stop lat="34.02175" lon="-118.30008" stopId="05322" tag="5322" title="Normandie / 36th"/>
  <stop lat="34.01539" lon="-118.30005" stopId="05323" tag="5323" title="Normandie / 39th"/>
  <stop lat="34.0692999" lon="-118.30024" stopId="05324" tag="5324" title="Normandie / 3rd"/>
  <stop lat="34.0071999" lon="-118.3000599" stopId="05325" tag="5325" title="Normandie / 42nd"/>
  <stop lat="34.0015299" lon="-118.30005" stopId="05326" tag="5326" title="Normandie / 46th"/>
  <stop lat="34.0674799" lon="-118.30024" stopId="05327" tag="5327" title="Normandie / 4th"/>
  <stop lat="33.9967499" lon="-118.30005" stopId="05328" tag="5328" title="Normandie / 51st"/>
  <stop lat="33.9930499" lon="-118.30006" stopId="05329" tag="5329" title="Normandie / 54th"/>
  <stop lat="33.9908099" lon="-118.30006" stopId="05330" tag="5330" title="Normandie / 57th"/>
  <stop lat="34.0652599" lon="-118.30024" stopId="05331" tag="5331" title="Normandie / 5th"/>
  <stop lat="33.9857499" lon="-118.30009" stopId="05332" tag="5332" title="Normandie / 60th"/>
  <stop lat="33.98046" lon="-118.3001399" stopId="05334" tag="5334" title="Normandie / 65th"/>
  <stop lat="33.97838" lon="-118.30014" stopId="05335" tag="5335" title="Normandie / 67th"/>
  <stop lat="34.06386" lon="-118.30024" stopId="05336" tag="5336" title="Normandie / 6th"/>
  <stop lat="33.97607" lon="-118.3001499" stopId="05337" tag="5337" title="Normandie / 70th"/>
  <stop lat="33.9708399" lon="-118.3001899" stopId="05339" tag="5339" title="Normandie / 76th"/>
  <stop lat="33.96717" lon="-118.30011" stopId="05341" tag="5341" title="Normandie / 79th"/>
  <stop lat="33.96354" lon="-118.3001199" stopId="05343" tag="5343" title="Normandie / 83rd"/>
  <stop lat="33.9571399" lon="-118.30012" stopId="05344" tag="5344" title="Normandie / 89th"/>
  <stop lat="33.9548899" lon="-118.3001299" stopId="05345" tag="5345" title="Normandie / 90th"/>
  <stop lat="33.95307" lon="-118.30012" stopId="05346" tag="5346" title="Normandie / 92nd"/>
  <stop lat="33.9499099" lon="-118.3001699" stopId="05347" tag="5347" title="Normandie / 95th"/>
  <stop lat="33.9466799" lon="-118.30014" stopId="05348" tag="5348" title="Normandie / 98th"/>
  <stop lat="34.03301" lon="-118.30012" stopId="05349" tag="5349" title="Normandie / Adams"/>
  <stop lat="33.94527" lon="-118.30014" stopId="05351" tag="5351" title="Normandie / Century"/>
  <stop lat="33.9743699" lon="-118.30017" stopId="05352" tag="5352" title="Normandie / Florence"/>
  <stop lat="33.9821299" lon="-118.30012" stopId="05353" tag="5353" title="Normandie / Gage"/>
  <stop lat="34.02579" lon="-118.30011" stopId="05356" tag="5356" title="Normandie / Jefferson"/>
  <stop lat="33.9597999" lon="-118.30012" stopId="05357" tag="5357" title="Normandie / Manchester"/>
  <stop lat="34.05293" lon="-118.29994" stopId="05358" tag="5358" title="Normandie / Olympic"/>
  <stop lat="34.04702" lon="-118.2999599" stopId="05359" tag="5359" title="Normandie / Pico"/>
  <stop lat="33.9889199" lon="-118.30007" stopId="05360" tag="5360" title="Normandie / Slauson"/>
  <stop lat="34.0435199" lon="-118.30036" stopId="05361" tag="5361" title="Normandie / Venice"/>
  <stop lat="34.0034899" lon="-118.30005" stopId="05362" tag="5362" title="Normandie / Vernon"/>
  <stop lat="34.0402799" lon="-118.30029" stopId="05363" tag="5363" title="Normandie / Washington"/>
  <stop lat="33.9282899" lon="-118.29141" stopId="07097" tag="7097" title="Vermont Station Layover"/>
  <stop lat="33.9311" lon="-118.2953099" stopId="07736" tag="7736" title="Imperial / Budlong"/>
  <stop lat="34.0614499" lon="-118.30025" stopId="13790" tag="13790" title="Normandie / Wilshire"/>
  <stop lat="33.9311099" lon="-118.2924199" stopId="16053" tag="16053" title="Imperial / Vermont"/>
  <stop lat="34.0956699" lon="-118.29109" stopId="02079" tag="2079" title="Fountain / Vermont"/>
  <stop lat="34.0984299" lon="-118.29161" stopId="03976" tag="3976" title="Vermont / Sunset"/>
  <stop lat="33.9282899" lon="-118.29141" tag="7097_ar" title="Vermont Station Layover"/>
  <stop lat="33.9239999" lon="-118.29132" stopId="07248" tag="7248" title="Vermont / 120th"/>
  <stop lat="34.1018899" lon="-118.29636" stopId="11014" tag="11014" title="Hollywood / Edgemont"/>
  <stop lat="34.0541999" lon="-118.3008999" stopId="11185" tag="11185" title="Irolo / San Marino"/>
  <stop lat="34.0560499" lon="-118.3009899" stopId="11186" tag="11186" title="Irolo / James M Wood"/>
  <stop lat="34.0578799" lon="-118.3009999" stopId="11188" tag="11188" title="Irolo / 8th"/>
  <stop lat="34.0765099" lon="-118.3005099" stopId="12292" tag="12292" title="Normandie / Beverly"/>
  <stop lat="34.0806299" lon="-118.3005599" stopId="12293" tag="12293" title="Normandie / Clinton"/>
  <stop lat="34.09537" lon="-118.30062" stopId="12294" tag="12294" title="Normandie / Fountain"/>
  <stop lat="34.10149" lon="-118.3006499" stopId="12295" tag="12295" title="Normandie / Hollywood"/>
  <stop lat="34.0832899" lon="-118.30056" stopId="12296" tag="12296" title="Normandie / Melrose"/>
  <stop lat="34.08827" lon="-118.30059" stopId="12297" tag="12297" title="Normandie / Romaine"/>
  <stop lat="34.0791699" lon="-118.3005399" stopId="12298" tag="12298" title="Normandie / Rosewood"/>
  <stop lat="34.09105" lon="-118.3006" stopId="12299" tag="12299" title="Normandie / Santa Monica"/>
  <stop lat="34.09785" lon="-118.30063" stopId="12300" tag="12300" title="Normandie / Sunset"/>
  <stop lat="33.93794" lon="-118.3003999" stopId="12545" tag="12545" title="Normandie / 108th"/>
  <stop lat="34.0729099" lon="-118.3004999" stopId="12546" tag="12546" title="Normandie / 1st"/>
  <stop lat="34.0110599" lon="-118.30028" stopId="12547" tag="12547" title="Normandie / Martin Luther King Jr"/>
  <stop lat="34.0853199" lon="-118.3005699" stopId="12548" tag="12548" title="Normandie / Monroe"/>
  <stop lat="34.0002499" lon="-118.30029" stopId="12549" tag="12549" title="Normandie / 48th"/>
  <stop lat="33.95446" lon="-118.30036" stopId="12550" tag="12550" title="Normandie / 91st"/>
  <stop lat="34.01787" lon="-118.30031" stopId="13734" tag="13734" title="Normandie / Exposition"/>
  <stop lat="34.0129499" lon="-118.3002899" stopId="13735" tag="13735" title="Normandie / Leighton"/>
  <stop lat="34.03733" lon="-118.3003999" stopId="13738" tag="13738" title="Normandie / Santa Monica Fwy"/>
  <stop lat="33.9424599" lon="-118.30039" stopId="13739" tag="13739" title="Normandie / 104th"/>
  <stop lat="33.94017" lon="-118.30039" stopId="13740" tag="13740" title="Normandie / 106th"/>
  <stop lat="33.9356399" lon="-118.30041" stopId="13741" tag="13741" title="Normandie / 110th"/>
  <stop lat="33.9329399" lon="-118.3004099" stopId="13742" tag="13742" title="Normandie / 112th"/>
  <stop lat="34.0510199" lon="-118.3000799" stopId="13743" tag="13743" title="Normandie / 11th"/>
  <stop lat="34.03468" lon="-118.30037" stopId="13747" tag="13747" title="Normandie / 24th"/>
  <stop lat="34.0292699" lon="-118.30035" stopId="13748" tag="13748" title="Normandie / 29th"/>
  <stop lat="34.02202" lon="-118.30031" stopId="13750" tag="13750" title="Normandie / 36th"/>
  <stop lat="34.0156599" lon="-118.30029" stopId="13751" tag="13751" title="Normandie / 39th"/>
  <stop lat="34.0691899" lon="-118.30048" stopId="13752" tag="13752" title="Normandie / 3rd"/>
  <stop lat="34.00747" lon="-118.3002999" stopId="13753" tag="13753" title="Normandie / 42nd"/>
  <stop lat="34.0020599" lon="-118.30029" stopId="13754" tag="13754" title="Normandie / 46th"/>
  <stop lat="34.0669399" lon="-118.30048" stopId="13755" tag="13755" title="Normandie / 4th"/>
  <stop lat="33.9970199" lon="-118.30029" stopId="13756" tag="13756" title="Normandie / 51st"/>
  <stop lat="33.99172" lon="-118.3003099" stopId="13758" tag="13758" title="Normandie / 56th"/>
  <stop lat="33.98602" lon="-118.3003299" stopId="13760" tag="13760" title="Normandie / 60th"/>
  <stop lat="33.9807599" lon="-118.30037" stopId="13762" tag="13762" title="Normandie / 65th"/>
  <stop lat="33.97865" lon="-118.3003799" stopId="13763" tag="13763" title="Normandie / 67th"/>
  <stop lat="34.0637499" lon="-118.30048" stopId="13764" tag="13764" title="Normandie / 6th"/>
  <stop lat="33.97634" lon="-118.3003899" stopId="13765" tag="13765" title="Normandie / 70th"/>
  <stop lat="33.9711099" lon="-118.3004299" stopId="13767" tag="13767" title="Normandie / 76th"/>
  <stop lat="33.96744" lon="-118.30036" stopId="13769" tag="13769" title="Normandie / 79th"/>
  <stop lat="33.9634" lon="-118.30036" stopId="13771" tag="13771" title="Normandie / 83rd"/>
  <stop lat="33.9568299" lon="-118.30036" stopId="13772" tag="13772" title="Normandie / 89th"/>
  <stop lat="33.95289" lon="-118.30036" stopId="13773" tag="13773" title="Normandie / 92nd"/>
  <stop lat="33.9492599" lon="-118.30037" stopId="13774" tag="13774" title="Normandie / 95th"/>
  <stop lat="33.9471399" lon="-118.30038" stopId="13775" tag="13775" title="Normandie / 98th"/>
  <stop lat="34.03246" lon="-118.30035" stopId="13776" tag="13776" title="Normandie / Adams"/>
  <stop lat="33.9456799" lon="-118.30038" stopId="13777" tag="13777" title="Normandie / Century"/>
  <stop lat="33.9747899" lon="-118.3004" stopId="13778" tag="13778" title="Normandie / Florence"/>
  <stop lat="33.98249" lon="-118.3003599" stopId="13779" tag="13779" title="Normandie / Gage"/>
  <stop lat="34.0612399" lon="-118.30066" stopId="13781" tag="13781" title="Normandie / Wilshire"/>
  <stop lat="34.0252399" lon="-118.3003499" stopId="13782" tag="13782" title="Normandie / Jefferson"/>
  <stop lat="33.9602099" lon="-118.30037" stopId="13783" tag="13783" title="Normandie / Manchester"/>
  <stop lat="34.0523499" lon="-118.3000999" stopId="13784" tag="13784" title="Normandie / Olympic"/>
  <stop lat="34.04696" lon="-118.3002499" stopId="13785" tag="13785" title="Normandie / Pico"/>
  <stop lat="33.98929" lon="-118.30031" stopId="13786" tag="13786" title="Normandie / Slauson"/>
  <stop lat="34.04392" lon="-118.3004799" stopId="13787" tag="13787" title="Normandie / Venice"/>
  <stop lat="34.00388" lon="-118.30029" stopId="13788" tag="13788" title="Normandie / Vernon"/>
  <stop lat="34.0401699" lon="-118.3005" stopId="13789" tag="13789" title="Normandie / Washington"/>
  <stop lat="33.92435" lon="-118.2919999" stopId="14027" tag="14027" title="Vermont / 119th"/>
  <stop lat="33.92342" lon="-118.29194" stopId="14032" tag="14032" title="Vermont / 120th"/>
  <stop lat="33.9307" lon="-118.2920799" stopId="14078" tag="14078" title="Vermont / Imperial"/>
  <stop lat="34.1019099" lon="-118.2931199" stopId="15434" tag="15434" title="Hollywood / New Hampshire"/>
  <stop lat="33.9284799" lon="-118.29209" stopId="15437" tag="15437" title="Vermont / Athens Station"/>
  <stop lat="33.9933799" lon="-118.30029" stopId="15683" tag="15683" title="Normandie / 54th"/>
  <stop lat="33.9308499" lon="-118.2999699" stopId="16052" tag="16052" title="Imperial / Normandie"/>
  <stop lat="33.93084" lon="-118.2955799" stopId="16054" tag="16054" title="Imperial / Budlong"/>
  <direction name="North" tag="206_177_0" title="North to Vermont-Hollywood" useForUI="true">
   <stop tag="7097"/>
   <stop tag="16053"/>
   <stop tag="7736"/>
   <stop tag="4055"/>
   <stop tag="5314"/>
   <stop tag="5313"/>
   <stop tag="4060"/>
   <stop tag="5311"/>
   <stop tag="5310"/>
   <stop tag="5351"/>
   <stop tag="5348"/>
   <stop tag="5347"/>
   <stop tag="5346"/>
   <stop tag="5345"/>
   <stop tag="5344"/>
   <stop tag="5357"/>
   <stop tag="5343"/>
   <stop tag="5341"/>
   <stop tag="5339"/>
   <stop tag="5352"/>
   <stop tag="5337"/>
   <stop tag="5335"/>
   <stop tag="5334"/>
   <stop tag="5353"/>
   <stop tag="5332"/>
   <stop tag="5360"/>
   <stop tag="5330"/>
   <stop tag="5329"/>
   <stop tag="5328"/>
   <stop tag="4059"/>
   <stop tag="5326"/>
   <stop tag="5362"/>
   <stop tag="5325"/>
   <stop tag="4057"/>
   <stop tag="5307"/>
   <stop tag="5323"/>
   <stop tag="5306"/>
   <stop tag="5322"/>
   <stop tag="5356"/>
   <stop tag="5320"/>
   <stop tag="5349"/>
   <stop tag="5319"/>
   <stop tag="5309"/>
   <stop tag="5363"/>
   <stop tag="5361"/>
   <stop tag="5359"/>
   <stop tag="5315"/>
   <stop tag="5358"/>
   <stop tag="2693"/>
   <stop tag="2694"/>
   <stop tag="2696"/>
   <stop tag="13790"/>
   <stop tag="5336"/>
   <stop tag="5331"/>
   <stop tag="5327"/>
   <stop tag="5324"/>
   <stop tag="4056"/>
   <stop tag="3807"/>
   <stop tag="3813"/>
   <stop tag="3810"/>
   <stop tag="3811"/>
   <stop tag="4058"/>
   <stop tag="3812"/>
   <stop tag="3814"/>
   <stop tag="3808"/>
   <stop tag="3815"/>
   <stop tag="3809"/>
   <stop tag="2480"/>
   <stop tag="1782"/>
   <stop tag="2079_ar"/>
  </direction>
  <direction name="South" tag="206_178_1" title="South to Vermont/Athens Sta" useForUI="true">
   <stop tag="2079"/>
   <stop tag="3976"/>
   <stop tag="15434"/>
   <stop tag="11014"/>
   <stop tag="12295"/>
   <stop tag="12300"/>
   <stop tag="12294"/>
   <stop tag="12299"/>
   <stop tag="12297"/>
   <stop tag="12548"/>
   <stop tag="12296"/>
   <stop tag="12293"/>
   <stop tag="12298"/>
   <stop tag="12292"/>
   <stop tag="12546"/>
   <stop tag="13752"/>
   <stop tag="13755"/>
   <stop tag="13764"/>
   <stop tag="13781"/>
   <stop tag="11188"/>
   <stop tag="11186"/>
   <stop tag="11185"/>
   <stop tag="13784"/>
   <stop tag="13743"/>
   <stop tag="13785"/>
   <stop tag="13787"/>
   <stop tag="13789"/>
   <stop tag="13738"/>
   <stop tag="13747"/>
   <stop tag="13776"/>
   <stop tag="13748"/>
   <stop tag="13782"/>
   <stop tag="13750"/>
   <stop tag="13734"/>
   <stop tag="13751"/>
   <stop tag="13735"/>
   <stop tag="12547"/>
   <stop tag="13753"/>
   <stop tag="13788"/>
   <stop tag="13754"/>
   <stop tag="12549"/>
   <stop tag="13756"/>
   <stop tag="15683"/>
   <stop tag="13758"/>
   <stop tag="13786"/>
   <stop tag="13760"/>
   <stop tag="13779"/>
   <stop tag="13762"/>
   <stop tag="13763"/>
   <stop tag="13765"/>
   <stop tag="13778"/>
   <stop tag="13767"/>
   <stop tag="13769"/>
   <stop tag="13771"/>
   <stop tag="13783"/>
   <stop tag="13772"/>
   <stop tag="12550"/>
   <stop tag="13773"/>
   <stop tag="13774"/>
   <stop tag="13775"/>
   <stop tag="13777"/>
   <stop tag="13739"/>
   <stop tag="13740"/>
   <stop tag="12545"/>
   <stop tag="13741"/>
   <stop tag="13742"/>
   <stop tag="16052"/>
   <stop tag="16054"/>
   <stop tag="14078"/>
   <stop tag="15437"/>
   <stop tag="14027"/>
   <stop tag="14032"/>
   <stop tag="7248"/>
   <stop tag="7097_ar"/>
  </direction>
  <path>
   <point lat="33.9598" lon="-118.30012"/>
   <point lat="33.96354" lon="-118.30012"/>
   <point lat="33.96717" lon="-118.30011"/>
   <point lat="33.97084" lon="-118.30019"/>
   <point lat="33.97437" lon="-118.30017"/>
   <point lat="33.97607" lon="-118.30015"/>
   <point lat="33.97838" lon="-118.30014"/>
   <point lat="33.98046" lon="-118.30014"/>
   <point lat="33.98213" lon="-118.30012"/>
   <point lat="33.98575" lon="-118.30009"/>
   <point lat="33.98892" lon="-118.30007"/>
   <point lat="33.99081" lon="-118.30006"/>
   <point lat="33.9930499" lon="-118.30006"/>
  </path>
  <path>
   <point lat="34.06124" lon="-118.30066"/>
   <point lat="34.06084" lon="-118.30083"/>
   <point lat="34.05788" lon="-118.301"/>
   <point lat="34.05605" lon="-118.30099"/>
   <point lat="34.0546" lon="-118.30088"/>
   <point lat="34.0542" lon="-118.3009"/>
   <point lat="34.0523499" lon="-118.3001"/>
   <point lat="34.05102" lon="-118.30008"/>
   <point lat="34.04742" lon="-118.29994"/>
   <point lat="34.04696" lon="-118.30025"/>
   <point lat="34.04612" lon="-118.30027"/>
   <point lat="34.04392" lon="-118.30048"/>
   <point lat="34.0433499" lon="-118.30056"/>
   <point lat="34.04017" lon="-118.3005"/>
  </path>
  <path>
   <point lat="34.01106" lon="-118.30028"/>
   <point lat="34.00747" lon="-118.3003"/>
   <point lat="34.00388" lon="-118.30029"/>
   <point lat="34.00206" lon="-118.30029"/>
   <point lat="34.00025" lon="-118.30029"/>
   <point lat="33.99702" lon="-118.30029"/>
   <point lat="33.99338" lon="-118.30029"/>
  </path>
  <path>
   <point lat="34.06145" lon="-118.30025"/>
   <point lat="34.06386" lon="-118.30024"/>
   <point lat="34.06526" lon="-118.30024"/>
   <point lat="34.06748" lon="-118.30024"/>
   <point lat="34.0693" lon="-118.30024"/>
   <point lat="34.07305" lon="-118.30026"/>
   <point lat="34.07608" lon="-118.30027"/>
   <point lat="34.07889" lon="-118.3003"/>
   <point lat="34.08055" lon="-118.30032"/>
   <point lat="34.08335" lon="-118.30033"/>
  </path>
  <path>
   <point lat="34.04017" lon="-118.3005"/>
   <point lat="34.03965" lon="-118.3003"/>
   <point lat="34.03733" lon="-118.3004"/>
   <point lat="34.03468" lon="-118.30037"/>
   <point lat="34.03246" lon="-118.30035"/>
   <point lat="34.0292699" lon="-118.30035"/>
   <point lat="34.0252399" lon="-118.30035"/>
   <point lat="34.02202" lon="-118.30031"/>
   <point lat="34.01787" lon="-118.30031"/>
   <point lat="34.0156599" lon="-118.30029"/>
   <point lat="34.0129499" lon="-118.30029"/>
   <point lat="34.01106" lon="-118.30028"/>
  </path>
  <path>
   <point lat="33.924" lon="-118.29132"/>
   <point lat="33.9282899" lon="-118.29141"/>
  </path>
  <path>
   <point lat="34.01065" lon="-118.30005"/>
   <point lat="34.01309" lon="-118.30005"/>
   <point lat="34.0153899" lon="-118.30005"/>
   <point lat="34.01864" lon="-118.30006"/>
   <point lat="34.02175" lon="-118.30008"/>
   <point lat="34.02579" lon="-118.30011"/>
   <point lat="34.029" lon="-118.30011"/>
   <point lat="34.03301" lon="-118.30012"/>
   <point lat="34.03441" lon="-118.30013"/>
   <point lat="34.0368" lon="-118.30015"/>
   <point lat="34.03965" lon="-118.3003"/>
   <point lat="34.04028" lon="-118.30029"/>
  </path>
  <path>
   <point lat="34.10164" lon="-118.29593"/>
   <point lat="34.10177" lon="-118.2945"/>
   <point lat="34.10178" lon="-118.2942"/>
   <point lat="34.10178" lon="-118.29312"/>
   <point lat="34.10175" lon="-118.29283"/>
   <point lat="34.1017" lon="-118.29265"/>
   <point lat="34.10164" lon="-118.29246"/>
   <point lat="34.10146" lon="-118.29213"/>
   <point lat="34.10133" lon="-118.29195"/>
   <point lat="34.10122" lon="-118.29177"/>
   <point lat="34.10104" lon="-118.29149"/>
   <point lat="34.10076" lon="-118.29132"/>
   <point lat="34.10007" lon="-118.29002"/>
   <point lat="34.09951" lon="-118.28917"/>
   <point lat="34.09946" lon="-118.2891"/>
   <point lat="34.09917" lon="-118.28861"/>
   <point lat="34.09885" lon="-118.28811"/>
   <point lat="34.09837" lon="-118.28741"/>
   <point lat="34.09817" lon="-118.2874"/>
   <point lat="34.0971" lon="-118.28741"/>
   <point lat="34.09693" lon="-118.28739"/>
   <point lat="34.09681" lon="-118.28737"/>
   <point lat="34.09672" lon="-118.28733"/>
   <point lat="34.09658" lon="-118.28725"/>
   <point lat="34.09643" lon="-118.28718"/>
   <point lat="34.09628" lon="-118.2871"/>
   <point lat="34.09617" lon="-118.28702"/>
   <point lat="34.0959999" lon="-118.28689"/>
   <point lat="34.09583" lon="-118.28677"/>
   <point lat="34.09574" lon="-118.28671"/>
   <point lat="34.09567" lon="-118.29109"/>
  </path>
  <path>
   <point lat="33.93124" lon="-118.30016"/>
   <point lat="33.93281" lon="-118.30029"/>
   <point lat="33.9330799" lon="-118.30017"/>
   <point lat="33.93578" lon="-118.30017"/>
   <point lat="33.93802" lon="-118.30018"/>
   <point lat="33.9398399" lon="-118.30015"/>
   <point lat="33.94215" lon="-118.30015"/>
   <point lat="33.94527" lon="-118.30014"/>
   <point lat="33.94668" lon="-118.30014"/>
   <point lat="33.94991" lon="-118.30017"/>
   <point lat="33.95193" lon="-118.30024"/>
   <point lat="33.9530699" lon="-118.30012"/>
   <point lat="33.95489" lon="-118.30013"/>
   <point lat="33.9567" lon="-118.30023"/>
   <point lat="33.95714" lon="-118.30012"/>
   <point lat="33.9598" lon="-118.30012"/>
  </path>
  <path>
   <point lat="33.9602099" lon="-118.30037"/>
   <point lat="33.9568299" lon="-118.30036"/>
   <point lat="33.9567" lon="-118.30023"/>
   <point lat="33.95446" lon="-118.30036"/>
   <point lat="33.9528899" lon="-118.30036"/>
   <point lat="33.95193" lon="-118.30024"/>
   <point lat="33.94926" lon="-118.30037"/>
   <point lat="33.94714" lon="-118.30038"/>
   <point lat="33.94568" lon="-118.30038"/>
   <point lat="33.9424599" lon="-118.30039"/>
   <point lat="33.94017" lon="-118.30039"/>
   <point lat="33.93794" lon="-118.3004"/>
   <point lat="33.93564" lon="-118.30041"/>
   <point lat="33.93294" lon="-118.30041"/>
   <point lat="33.93097" lon="-118.3003"/>
   <point lat="33.93085" lon="-118.29997"/>
   <point lat="33.93084" lon="-118.29558"/>
   <point lat="33.93098" lon="-118.29192"/>
   <point lat="33.9307" lon="-118.29208"/>
   <point lat="33.92931" lon="-118.29193"/>
   <point lat="33.92848" lon="-118.29209"/>
  </path>
  <path>
   <point lat="34.09567" lon="-118.29109"/>
   <point lat="34.09557" lon="-118.29175"/>
   <point lat="34.09816" lon="-118.29176"/>
   <point lat="34.09843" lon="-118.29161"/>
  </path>
  <path>
   <point lat="34.04028" lon="-118.30029"/>
   <point lat="34.04113" lon="-118.30068"/>
   <point lat="34.0412899" lon="-118.30071"/>
   <point lat="34.04146" lon="-118.30072"/>
   <point lat="34.04239" lon="-118.30073"/>
   <point lat="34.0425899" lon="-118.30072"/>
   <point lat="34.04287" lon="-118.3007"/>
   <point lat="34.04301" lon="-118.30067"/>
   <point lat="34.04315" lon="-118.30063"/>
   <point lat="34.04352" lon="-118.30036"/>
   <point lat="34.04397" lon="-118.30034"/>
   <point lat="34.04702" lon="-118.29996"/>
   <point lat="34.04742" lon="-118.29994"/>
   <point lat="34.05068" lon="-118.29985"/>
   <point lat="34.05263" lon="-118.29999"/>
   <point lat="34.05293" lon="-118.29994"/>
   <point lat="34.05477" lon="-118.30076"/>
   <point lat="34.05577" lon="-118.30075"/>
   <point lat="34.0575199" lon="-118.30076"/>
   <point lat="34.05975" lon="-118.3009"/>
   <point lat="34.0605199" lon="-118.3009"/>
   <point lat="34.06077" lon="-118.30086"/>
   <point lat="34.06084" lon="-118.30083"/>
   <point lat="34.06107" lon="-118.30065"/>
   <point lat="34.06119" lon="-118.30053"/>
   <point lat="34.06145" lon="-118.30025"/>
  </path>
  <path>
   <point lat="33.99338" lon="-118.30029"/>
   <point lat="33.99172" lon="-118.30031"/>
   <point lat="33.9892899" lon="-118.30031"/>
   <point lat="33.98602" lon="-118.30033"/>
   <point lat="33.98249" lon="-118.30036"/>
   <point lat="33.9807599" lon="-118.30037"/>
   <point lat="33.97865" lon="-118.30038"/>
   <point lat="33.97634" lon="-118.30039"/>
   <point lat="33.97479" lon="-118.3004"/>
   <point lat="33.97111" lon="-118.30043"/>
   <point lat="33.96744" lon="-118.30036"/>
   <point lat="33.9634" lon="-118.30036"/>
   <point lat="33.9602099" lon="-118.30037"/>
  </path>
  <path>
   <point lat="33.92848" lon="-118.29209"/>
   <point lat="33.92575" lon="-118.29194"/>
   <point lat="33.9243499" lon="-118.292"/>
   <point lat="33.92342" lon="-118.29194"/>
   <point lat="33.92307" lon="-118.29178"/>
   <point lat="33.92212" lon="-118.29179"/>
   <point lat="33.92213" lon="-118.29153"/>
   <point lat="33.92357" lon="-118.29152"/>
   <point lat="33.924" lon="-118.29132"/>
  </path>
  <path>
   <point lat="33.9282899" lon="-118.29141"/>
   <point lat="33.93006" lon="-118.29159"/>
   <point lat="33.93098" lon="-118.29158"/>
   <point lat="33.93098" lon="-118.29192"/>
   <point lat="33.9311099" lon="-118.29242"/>
   <point lat="33.9311" lon="-118.29531"/>
   <point lat="33.93097" lon="-118.3003"/>
   <point lat="33.93124" lon="-118.30016"/>
  </path>
  <path>
   <point lat="34.08329" lon="-118.30056"/>
   <point lat="34.08063" lon="-118.30056"/>
   <point lat="34.07917" lon="-118.30054"/>
   <point lat="34.07651" lon="-118.30051"/>
   <point lat="34.07291" lon="-118.3005"/>
   <point lat="34.06919" lon="-118.30048"/>
   <point lat="34.06694" lon="-118.30048"/>
   <point lat="34.06375" lon="-118.30048"/>
   <point lat="34.06124" lon="-118.30066"/>
  </path>
  <path>
   <point lat="33.9602099" lon="-118.30037"/>
   <point lat="33.9568299" lon="-118.30036"/>
   <point lat="33.95446" lon="-118.30036"/>
   <point lat="33.9528899" lon="-118.30036"/>
   <point lat="33.94926" lon="-118.30037"/>
   <point lat="33.94714" lon="-118.30038"/>
   <point lat="33.94568" lon="-118.30038"/>
   <point lat="33.9424599" lon="-118.30039"/>
   <point lat="33.94017" lon="-118.30039"/>
   <point lat="33.93794" lon="-118.3004"/>
   <point lat="33.93564" lon="-118.30041"/>
   <point lat="33.93294" lon="-118.30041"/>
   <point lat="33.93097" lon="-118.3003"/>
   <point lat="33.93085" lon="-118.29997"/>
   <point lat="33.93084" lon="-118.29558"/>
   <point lat="33.93098" lon="-118.29192"/>
   <point lat="33.9307" lon="-118.29208"/>
   <point lat="33.92931" lon="-118.29193"/>
   <point lat="33.92848" lon="-118.29209"/>
  </path>
  <path>
   <point lat="33.9930499" lon="-118.30006"/>
   <point lat="33.99675" lon="-118.30005"/>
   <point lat="33.99998" lon="-118.30005"/>
   <point lat="34.00153" lon="-118.30005"/>
   <point lat="34.00349" lon="-118.30005"/>
   <point lat="34.0072" lon="-118.30006"/>
   <point lat="34.01065" lon="-118.30005"/>
  </path>
  <path>
   <point lat="34.09843" lon="-118.29161"/>
   <point lat="34.10122" lon="-118.29177"/>
   <point lat="34.10133" lon="-118.29195"/>
   <point lat="34.10146" lon="-118.29213"/>
   <point lat="34.10164" lon="-118.29246"/>
   <point lat="34.1017" lon="-118.29265"/>
   <point lat="34.10175" lon="-118.29283"/>
   <point lat="34.1019099" lon="-118.29312"/>
   <point lat="34.10189" lon="-118.29636"/>
   <point lat="34.10176" lon="-118.30053"/>
   <point lat="34.10149" lon="-118.30065"/>
   <point lat="34.09785" lon="-118.30063"/>
   <point lat="34.09537" lon="-118.30062"/>
   <point lat="34.09105" lon="-118.3006"/>
   <point lat="34.08827" lon="-118.30059"/>
   <point lat="34.08532" lon="-118.30057"/>
   <point lat="34.08329" lon="-118.30056"/>
  </path>
  <path>
   <point lat="34.08335" lon="-118.30033"/>
   <point lat="34.08545" lon="-118.30033"/>
   <point lat="34.08841" lon="-118.30035"/>
   <point lat="34.09061" lon="-118.30036"/>
   <point lat="34.09507" lon="-118.30038"/>
   <point lat="34.09791" lon="-118.30039"/>
   <point lat="34.10154" lon="-118.30041"/>
   <point lat="34.10177" lon="-118.29982"/>
   <point lat="34.10164" lon="-118.29593"/>
  </path>
 </route>
</body>