<?xml version="1.0" encoding="utf-8"?>
<body copyright="All data copyright Los Angeles Metro 2022.">
 <route color="990000" latMax="34.2934699" latMin="34.0351999" lonMax="-118.42219" lonMin="-118.48279" oppositeColor="ffffff" tag="761" title="761 Sylmar Sta- West LA Via Van Nuys Bl">
  <stop lat="34.25408" lon="-118.4383399" stopId="00139" tag="139" title="Van Nuys / Arleta"/>
  <stop lat="34.25915" lon="-118.4314099" stopId="00196" tag="196" title="Van Nuys / Laurel Canyon"/>
  <stop lat="34.2356999" lon="-118.45009" stopId="00276" tag="276" title="Van Nuys / Nordhoff"/>
  <stop lat="34.1724099" lon="-118.44837" stopId="00557" tag="557" title="Van Nuys / Burbank"/>
  <stop lat="34.1799699" lon="-118.44847" stopId="00559" tag="559" title="Van Nuys / G Line (Orange)"/>
  <stop lat="34.1869499" lon="-118.4485099" stopId="00560" tag="560" title="Van Nuys / Victory"/>
  <stop lat="34.1592599" lon="-118.44857" stopId="00968" tag="968" title="Van Nuys / Huston"/>
  <stop lat="34.1152299" lon="-118.4825" stopId="01439" tag="1439" title="Sepulveda / Mountaingate"/>
  <stop lat="34.0776499" lon="-118.4388899" stopId="02441" tag="2441" title="Hilgard / Charing Cross"/>
  <stop lat="34.03738" lon="-118.43526" stopId="02753" tag="2753" title="Sepulveda / Pico"/>
  <stop lat="34.0351999" lon="-118.43461" stopId="02953" tag="2953" title="Expo / Sepulveda Station"/>
  <stop lat="34.1248899" lon="-118.47829" stopId="05810" tag="5810" title="Sepulveda / Skirball Center"/>
  <stop lat="34.2663799" lon="-118.42219" stopId="05859" tag="5859" title="San Fernando / Van Nuys"/>
  <stop lat="34.0889599" lon="-118.47471" stopId="06144" tag="6144" title="Sepulveda / Getty Center"/>
  <stop lat="34.2014999" lon="-118.44858" stopId="06232" tag="6232" title="Van Nuys / Sherman Way"/>
  <stop lat="34.29073" lon="-118.4487899" stopId="06615" tag="6615" title="Truman / Hubbard"/>
  <stop lat="34.2834899" lon="-118.44079" stopId="06617" tag="6617" title="Truman / Maclay"/>
  <stop lat="34.2154999" lon="-118.44861" stopId="06773" tag="6773" title="Van Nuys / Blythe"/>
  <stop lat="34.2105299" lon="-118.4486199" stopId="06790" tag="6790" title="Van Nuys / Keswick"/>
  <stop lat="34.16517" lon="-118.4485199" stopId="06795" tag="6795" title="Van Nuys / Magnolia"/>
  <stop lat="34.24295" lon="-118.45006" stopId="06804" tag="6804" title="Van Nuys / Plummer"/>
  <stop lat="34.24723" lon="-118.4477099" stopId="06806" tag="6806" title="Van Nuys / Woodman"/>
  <stop lat="34.2218199" lon="-118.4486" stopId="06809" tag="6809" title="Van Nuys / Roscoe"/>
  <stop lat="34.1536599" lon="-118.46591" stopId="07039" tag="7039" title="Ventura / Sepulveda"/>
  <stop lat="34.0595399" lon="-118.44437" stopId="08266" tag="8266" title="Westwood / Lindbrook"/>
  <stop lat="34.0694399" lon="-118.43885" stopId="10984" tag="10984" title="Hilgard / Westholme"/>
  <stop lat="34.0504399" lon="-118.43737" stopId="14439" tag="14439" title="Westwood / Santa Monica"/>
  <stop lat="34.19481" lon="-118.44852" stopId="15173" tag="15173" title="Van Nuys / Vanowen"/>
  <stop lat="34.22494" lon="-118.44867" stopId="15582" tag="15582" title="Van Nuys / Chase"/>
  <stop lat="34.0767599" lon="-118.4546499" stopId="16292" tag="16292" title="Sunset / Bellagio"/>
  <stop lat="34.27233" lon="-118.42854" stopId="19059" tag="19059" title="San Fernando / Paxton"/>
  <stop lat="34.2934699" lon="-118.45085" tag="30015_ar" title="Sylmar Station"/>
  <stop lat="34.06356" lon="-118.4451899" stopId="104713" tag="104713" title="Westwood / Le Conte"/>
  <stop lat="34.1513099" lon="-118.44855" stopId="142062" tag="142062" title="Van Nuys / Ventura"/>
  <stop lat="34.0737499" lon="-118.4685299" stopId="142063" tag="142063" title="Church / 405 Fwy Off-Ramp"/>
  <stop lat="34.17186" lon="-118.4488999" stopId="00198" tag="198" title="Van Nuys / Burbank"/>
  <stop lat="34.1863999" lon="-118.44881" stopId="00199" tag="199" title="Van Nuys / Victory"/>
  <stop lat="34.1936599" lon="-118.4488199" stopId="00200" tag="200" title="Van Nuys / Vanowen"/>
  <stop lat="34.2099799" lon="-118.4489199" stopId="00207" tag="207" title="Van Nuys / Keswick"/>
  <stop lat="34.24698" lon="-118.4485199" stopId="00210" tag="210" title="Van Nuys / Woodman"/>
  <stop lat="34.25869" lon="-118.4324799" stopId="00214" tag="214" title="Van Nuys / Laurel Canyon"/>
  <stop lat="34.2244899" lon="-118.4489099" stopId="00696" tag="696" title="Van Nuys / Chase"/>
  <stop lat="34.1595699" lon="-118.4487999" stopId="00969" tag="969" title="Van Nuys / Huston"/>
  <stop lat="34.1152299" lon="-118.48279" stopId="01489" tag="1489" title="Sepulveda / Mountaingate"/>
  <stop lat="34.1529999" lon="-118.46637" stopId="02095" tag="2095" title="Sepulveda / Ventura"/>
  <stop lat="34.0365599" lon="-118.4349499" stopId="02752" tag="2752" title="Sepulveda / Pico"/>
  <stop lat="34.0351999" lon="-118.43461" tag="2953_ar" title="Expo / Sepulveda Station"/>
  <stop lat="34.0502699" lon="-118.43761" stopId="05175" tag="5175" title="Westwood / Santa Monica"/>
  <stop lat="34.0584099" lon="-118.4437799" stopId="05208" tag="5208" title="Westwood / Wilshire"/>
  <stop lat="34.2658899" lon="-118.42264" stopId="06808" tag="6808" title="Van Nuys / San Fernando"/>
  <stop lat="34.07638" lon="-118.4546999" stopId="07996" tag="7996" title="Sunset / Bellagio"/>
  <stop lat="34.07334" lon="-118.4685399" stopId="09269" tag="9269" title="Church / 405 Fwy Off-Ramp"/>
  <stop lat="34.078" lon="-118.4393" stopId="10977" tag="10977" title="Hilgard / Sunset"/>
  <stop lat="34.0693699" lon="-118.43911" stopId="10985" tag="10985" title="Hilgard / Westholme"/>
  <stop lat="34.16462" lon="-118.4487599" stopId="11580" tag="11580" title="Van Nuys / Magnolia"/>
  <stop lat="34.27175" lon="-118.42834" stopId="14213" tag="14213" title="San Fernando / Paxton"/>
  <stop lat="34.0883899" lon="-118.47494" stopId="14526" tag="14526" title="Sepulveda / Getty Center"/>
  <stop lat="34.2832199" lon="-118.44092" stopId="14981" tag="14981" title="Truman / Maclay"/>
  <stop lat="34.29036" lon="-118.44884" stopId="14983" tag="14983" title="Truman / Hubbard"/>
  <stop lat="34.2153699" lon="-118.44892" stopId="15126" tag="15126" title="Van Nuys / Blythe"/>
  <stop lat="34.2351499" lon="-118.4504" stopId="15153" tag="15153" title="Van Nuys / Nordhoff"/>
  <stop lat="34.2424" lon="-118.4503699" stopId="15159" tag="15159" title="Van Nuys / Plummer"/>
  <stop lat="34.2212699" lon="-118.4489" stopId="15163" tag="15163" title="Van Nuys / Roscoe"/>
  <stop lat="34.2009399" lon="-118.44888" stopId="15168" tag="15168" title="Van Nuys / Sherman Way"/>
  <stop lat="34.1511999" lon="-118.44945" stopId="15331" tag="15331" title="Ventura / Van Nuys"/>
  <stop lat="34.06271" lon="-118.4455199" stopId="16555" tag="16555" title="Westwood / Weyburn"/>
  <stop lat="34.126" lon="-118.47943" stopId="20007" tag="20007" title="Sepulveda / Skirball Center"/>
  <stop lat="34.2934699" lon="-118.45085" stopId="30015" tag="30015" title="Sylmar Station"/>
  <stop lat="34.2542299" lon="-118.43858" stopId="140742" tag="140742" title="Van Nuys / Arleta"/>
  <stop lat="34.1810799" lon="-118.44881" stopId="142064" tag="142064" title="Van Nuys / G Line (Orange)"/>
  <direction name="North" tag="761_71_0" title="North to Sepulveda E Line (expo) Station" useForUI="true">
   <stop tag="2953"/>
   <stop tag="2753"/>
   <stop tag="14439"/>
   <stop tag="8266"/>
   <stop tag="104713"/>
   <stop tag="10984"/>
   <stop tag="2441"/>
   <stop tag="16292"/>
   <stop tag="142063"/>
   <stop tag="6144"/>
   <stop tag="1439"/>
   <stop tag="5810"/>
   <stop tag="7039"/>
   <stop tag="142062"/>
   <stop tag="968"/>
   <stop tag="6795"/>
   <stop tag="557"/>
   <stop tag="559"/>
   <stop tag="560"/>
   <stop tag="15173"/>
   <stop tag="6232"/>
   <stop tag="6790"/>
   <stop tag="6773"/>
   <stop tag="6809"/>
   <stop tag="15582"/>
   <stop tag="276"/>
   <stop tag="6804"/>
   <stop tag="6806"/>
   <stop tag="139"/>
   <stop tag="196"/>
   <stop tag="5859"/>
   <stop tag="19059"/>
   <stop tag="6617"/>
   <stop tag="6615"/>
   <stop tag="30015_ar"/>
  </direction>
  <direction name="South" tag="761_72_1" title="South to Sepulveda E Line (expo) Station" useForUI="true">
   <stop tag="30015"/>
   <stop tag="14983"/>
   <stop tag="14981"/>
   <stop tag="14213"/>
   <stop tag="6808"/>
   <stop tag="214"/>
   <stop tag="140742"/>
   <stop tag="210"/>
   <stop tag="15159"/>
   <stop tag="15153"/>
   <stop tag="696"/>
   <stop tag="15163"/>
   <stop tag="15126"/>
   <stop tag="207"/>
   <stop tag="15168"/>
   <stop tag="200"/>
   <stop tag="199"/>
   <stop tag="142064"/>
   <stop tag="198"/>
   <stop tag="11580"/>
   <stop tag="969"/>
   <stop tag="15331"/>
   <stop tag="2095"/>
   <stop tag="20007"/>
   <stop tag="1489"/>
   <stop tag="14526"/>
   <stop tag="9269"/>
   <stop tag="7996"/>
   <stop tag="10977"/>
   <stop tag="10985"/>
   <stop tag="16555"/>
   <stop tag="5208"/>
   <stop tag="5175"/>
   <stop tag="2752"/>
   <stop tag="2953_ar"/>
  </direction>
  <path>
   <point lat="34.06944" lon="-118.43885"/>
   <point lat="34.0708" lon="-118.43847"/>
   <point lat="34.07086" lon="-118.4384"/>
   <point lat="34.07095" lon="-118.43828"/>
   <point lat="34.07103" lon="-118.43819"/>
   <point lat="34.07123" lon="-118.43789"/>
   <point lat="34.07138" lon="-118.4377"/>
   <point lat="34.07151" lon="-118.43755"/>
   <point lat="34.07159" lon="-118.43749"/>
   <point lat="34.07175" lon="-118.43736"/>
   <point lat="34.07189" lon="-118.43729"/>
   <point lat="34.07203" lon="-118.43723"/>
   <point lat="34.07214" lon="-118.43721"/>
   <point lat="34.07224" lon="-118.4372"/>
   <point lat="34.07242" lon="-118.43719"/>
   <point lat="34.07264" lon="-118.43721"/>
   <point lat="34.07276" lon="-118.43723"/>
   <point lat="34.0728099" lon="-118.43725"/>
   <point lat="34.07323" lon="-118.43745"/>
   <point lat="34.0741" lon="-118.43791"/>
   <point lat="34.07521" lon="-118.43845"/>
   <point lat="34.07538" lon="-118.43855"/>
   <point lat="34.0755399" lon="-118.43863"/>
   <point lat="34.07765" lon="-118.43889"/>
   <point lat="34.07805" lon="-118.43918"/>
   <point lat="34.07815" lon="-118.43927"/>
   <point lat="34.07828" lon="-118.4394"/>
   <point lat="34.07785" lon="-118.44003"/>
   <point lat="34.0776899" lon="-118.44031"/>
   <point lat="34.07702" lon="-118.44379"/>
   <point lat="34.07681" lon="-118.44416"/>
   <point lat="34.07674" lon="-118.44423"/>
   <point lat="34.07669" lon="-118.44427"/>
   <point lat="34.07653" lon="-118.44437"/>
   <point lat="34.07644" lon="-118.44442"/>
   <point lat="34.07627" lon="-118.44449"/>
   <point lat="34.07609" lon="-118.44453"/>
   <point lat="34.07587" lon="-118.44456"/>
   <point lat="34.0749799" lon="-118.44476"/>
   <point lat="34.07445" lon="-118.44485"/>
   <point lat="34.07434" lon="-118.44488"/>
   <point lat="34.07424" lon="-118.44491"/>
   <point lat="34.07411" lon="-118.44497"/>
   <point lat="34.07397" lon="-118.44505"/>
   <point lat="34.07391" lon="-118.4451"/>
   <point lat="34.0738399" lon="-118.44517"/>
   <point lat="34.0738" lon="-118.44523"/>
   <point lat="34.07371" lon="-118.44536"/>
   <point lat="34.07368" lon="-118.44544"/>
   <point lat="34.07364" lon="-118.44565"/>
   <point lat="34.07362" lon="-118.44602"/>
   <point lat="34.07359" lon="-118.44629"/>
   <point lat="34.07359" lon="-118.44638"/>
   <point lat="34.0736" lon="-118.44695"/>
   <point lat="34.0735699" lon="-118.44735"/>
   <point lat="34.0735699" lon="-118.4475"/>
   <point lat="34.07356" lon="-118.44768"/>
   <point lat="34.07353" lon="-118.4479"/>
   <point lat="34.0735" lon="-118.44802"/>
   <point lat="34.07349" lon="-118.44815"/>
   <point lat="34.0735" lon="-118.44832"/>
   <point lat="34.07353" lon="-118.44863"/>
   <point lat="34.0735699" lon="-118.44873"/>
   <point lat="34.07367" lon="-118.44894"/>
   <point lat="34.0737" lon="-118.44898"/>
   <point lat="34.0738" lon="-118.44912"/>
   <point lat="34.07392" lon="-118.44924"/>
   <point lat="34.0740399" lon="-118.44933"/>
   <point lat="34.07445" lon="-118.44959"/>
   <point lat="34.07455" lon="-118.44964"/>
   <point lat="34.07476" lon="-118.44972"/>
   <point lat="34.07486" lon="-118.44977"/>
   <point lat="34.07505" lon="-118.4499"/>
   <point lat="34.07512" lon="-118.44996"/>
   <point lat="34.07553" lon="-118.45037"/>
   <point lat="34.0756" lon="-118.45046"/>
   <point lat="34.07588" lon="-118.45099"/>
   <point lat="34.07609" lon="-118.45147"/>
   <point lat="34.07639" lon="-118.45206"/>
   <point lat="34.07662" lon="-118.4526"/>
   <point lat="34.07676" lon="-118.45465"/>
   <point lat="34.0764" lon="-118.4549"/>
   <point lat="34.07585" lon="-118.45551"/>
   <point lat="34.0747799" lon="-118.45679"/>
   <point lat="34.07461" lon="-118.45698"/>
   <point lat="34.07456" lon="-118.45705"/>
   <point lat="34.07452" lon="-118.45712"/>
   <point lat="34.07447" lon="-118.45723"/>
   <point lat="34.07438" lon="-118.45744"/>
   <point lat="34.07436" lon="-118.45755"/>
   <point lat="34.07434" lon="-118.4577"/>
   <point lat="34.0743099" lon="-118.45802"/>
   <point lat="34.07432" lon="-118.45807"/>
   <point lat="34.07434" lon="-118.4582"/>
   <point lat="34.07436" lon="-118.45826"/>
   <point lat="34.07439" lon="-118.45833"/>
   <point lat="34.07444" lon="-118.45846"/>
   <point lat="34.07446" lon="-118.45857"/>
   <point lat="34.07447" lon="-118.45864"/>
   <point lat="34.07448" lon="-118.45877"/>
   <point lat="34.07447" lon="-118.45883"/>
   <point lat="34.07447" lon="-118.45892"/>
   <point lat="34.07444" lon="-118.45905"/>
   <point lat="34.07438" lon="-118.45923"/>
   <point lat="34.07426" lon="-118.45944"/>
   <point lat="34.07417" lon="-118.45958"/>
   <point lat="34.07403" lon="-118.45973"/>
   <point lat="34.0739" lon="-118.45986"/>
   <point lat="34.07381" lon="-118.45998"/>
   <point lat="34.0737499" lon="-118.46009"/>
   <point lat="34.0737" lon="-118.46017"/>
   <point lat="34.0736" lon="-118.46031"/>
   <point lat="34.07347" lon="-118.46045"/>
   <point lat="34.07338" lon="-118.46056"/>
   <point lat="34.07325" lon="-118.46075"/>
   <point lat="34.07323" lon="-118.4608"/>
   <point lat="34.07316" lon="-118.46096"/>
   <point lat="34.07311" lon="-118.46116"/>
   <point lat="34.07304" lon="-118.46162"/>
   <point lat="34.07306" lon="-118.46197"/>
   <point lat="34.07307" lon="-118.46202"/>
   <point lat="34.07316" lon="-118.46234"/>
   <point lat="34.07322" lon="-118.46248"/>
   <point lat="34.07331" lon="-118.46264"/>
   <point lat="34.07344" lon="-118.46282"/>
   <point lat="34.07356" lon="-118.46296"/>
   <point lat="34.07369" lon="-118.46308"/>
   <point lat="34.07382" lon="-118.46323"/>
   <point lat="34.07389" lon="-118.46335"/>
   <point lat="34.074" lon="-118.4636"/>
   <point lat="34.07402" lon="-118.46364"/>
   <point lat="34.0740399" lon="-118.46369"/>
   <point lat="34.07405" lon="-118.46375"/>
   <point lat="34.07406" lon="-118.46383"/>
   <point lat="34.07405" lon="-118.46406"/>
   <point lat="34.07403" lon="-118.4642"/>
   <point lat="34.07398" lon="-118.46436"/>
   <point lat="34.07391" lon="-118.46452"/>
   <point lat="34.07373" lon="-118.46487"/>
   <point lat="34.07334" lon="-118.46559"/>
   <point lat="34.07327" lon="-118.46569"/>
   <point lat="34.07317" lon="-118.4658"/>
   <point lat="34.07302" lon="-118.46612"/>
   <point lat="34.07283" lon="-118.4665"/>
   <point lat="34.07275" lon="-118.46669"/>
   <point lat="34.07256" lon="-118.46708"/>
   <point lat="34.07237" lon="-118.46744"/>
   <point lat="34.07245" lon="-118.46753"/>
   <point lat="34.07261" lon="-118.46766"/>
   <point lat="34.07279" lon="-118.46779"/>
   <point lat="34.07297" lon="-118.46798"/>
   <point lat="34.0730999" lon="-118.46808"/>
   <point lat="34.07322" lon="-118.4682"/>
   <point lat="34.07329" lon="-118.46829"/>
   <point lat="34.07335" lon="-118.46836"/>
   <point lat="34.07342" lon="-118.46843"/>
   <point lat="34.0737499" lon="-118.46853"/>
   <point lat="34.07415" lon="-118.46884"/>
   <point lat="34.07527" lon="-118.46873"/>
   <point lat="34.07534" lon="-118.46869"/>
   <point lat="34.07537" lon="-118.46866"/>
   <point lat="34.07548" lon="-118.46854"/>
   <point lat="34.0756299" lon="-118.46834"/>
   <point lat="34.07573" lon="-118.46842"/>
   <point lat="34.07581" lon="-118.46845"/>
   <point lat="34.07613" lon="-118.46856"/>
   <point lat="34.07637" lon="-118.46865"/>
   <point lat="34.07674" lon="-118.46877"/>
   <point lat="34.07687" lon="-118.4688"/>
   <point lat="34.07706" lon="-118.46887"/>
   <point lat="34.07719" lon="-118.46893"/>
   <point lat="34.07729" lon="-118.46899"/>
   <point lat="34.07734" lon="-118.46903"/>
   <point lat="34.07762" lon="-118.46929"/>
   <point lat="34.07778" lon="-118.46947"/>
   <point lat="34.0778899" lon="-118.46961"/>
   <point lat="34.07829" lon="-118.47018"/>
   <point lat="34.07909" lon="-118.47107"/>
   <point lat="34.07937" lon="-118.47135"/>
   <point lat="34.0797" lon="-118.4717"/>
   <point lat="34.07987" lon="-118.47186"/>
   <point lat="34.08012" lon="-118.47205"/>
   <point lat="34.08025" lon="-118.47214"/>
   <point lat="34.08091" lon="-118.47264"/>
   <point lat="34.0813" lon="-118.47288"/>
   <point lat="34.08167" lon="-118.47315"/>
   <point lat="34.08187" lon="-118.47328"/>
   <point lat="34.0822999" lon="-118.47353"/>
   <point lat="34.08244" lon="-118.47358"/>
   <point lat="34.08299" lon="-118.47383"/>
   <point lat="34.08394" lon="-118.47411"/>
   <point lat="34.08457" lon="-118.47425"/>
   <point lat="34.08505" lon="-118.47434"/>
   <point lat="34.0859499" lon="-118.47445"/>
   <point lat="34.0873599" lon="-118.47466"/>
   <point lat="34.0882999" lon="-118.47477"/>
   <point lat="34.08896" lon="-118.47471"/>
  </path>
  <path>
   <point lat="34.2015" lon="-118.44858"/>
   <point lat="34.21053" lon="-118.44862"/>
   <point lat="34.2155" lon="-118.44861"/>
   <point lat="34.22182" lon="-118.4486"/>
  </path>
  <path>
   <point lat="34.0883899" lon="-118.47494"/>
   <point lat="34.0873599" lon="-118.47466"/>
   <point lat="34.0859499" lon="-118.47445"/>
   <point lat="34.08505" lon="-118.47434"/>
   <point lat="34.08457" lon="-118.47425"/>
   <point lat="34.08394" lon="-118.47411"/>
   <point lat="34.08299" lon="-118.47383"/>
   <point lat="34.08244" lon="-118.47358"/>
   <point lat="34.0822999" lon="-118.47353"/>
   <point lat="34.08187" lon="-118.47328"/>
   <point lat="34.08167" lon="-118.47315"/>
   <point lat="34.0813" lon="-118.47288"/>
   <point lat="34.08091" lon="-118.47264"/>
   <point lat="34.08025" lon="-118.47214"/>
   <point lat="34.08012" lon="-118.47205"/>
   <point lat="34.07987" lon="-118.47186"/>
   <point lat="34.0797" lon="-118.4717"/>
   <point lat="34.07937" lon="-118.47135"/>
   <point lat="34.07909" lon="-118.47107"/>
   <point lat="34.07829" lon="-118.47018"/>
   <point lat="34.0778899" lon="-118.46961"/>
   <point lat="34.07779" lon="-118.46949"/>
   <point lat="34.0780699" lon="-118.46928"/>
   <point lat="34.07827" lon="-118.46909"/>
   <point lat="34.0782" lon="-118.46898"/>
   <point lat="34.07797" lon="-118.4687"/>
   <point lat="34.0779" lon="-118.46858"/>
   <point lat="34.07785" lon="-118.46852"/>
   <point lat="34.07779" lon="-118.46846"/>
   <point lat="34.0777" lon="-118.46841"/>
   <point lat="34.07765" lon="-118.46839"/>
   <point lat="34.07718" lon="-118.46825"/>
   <point lat="34.07699" lon="-118.46818"/>
   <point lat="34.07652" lon="-118.46804"/>
   <point lat="34.07621" lon="-118.46793"/>
   <point lat="34.07612" lon="-118.46792"/>
   <point lat="34.0760099" lon="-118.46794"/>
   <point lat="34.07598" lon="-118.46797"/>
   <point lat="34.0759" lon="-118.46804"/>
   <point lat="34.07582" lon="-118.46814"/>
   <point lat="34.0756299" lon="-118.46834"/>
   <point lat="34.07548" lon="-118.46854"/>
   <point lat="34.07537" lon="-118.46866"/>
   <point lat="34.07534" lon="-118.46869"/>
   <point lat="34.07527" lon="-118.46873"/>
   <point lat="34.0751599" lon="-118.4688"/>
   <point lat="34.07508" lon="-118.46886"/>
   <point lat="34.07499" lon="-118.46891"/>
   <point lat="34.07415" lon="-118.46884"/>
   <point lat="34.07334" lon="-118.46854"/>
   <point lat="34.07341" lon="-118.46842"/>
   <point lat="34.07335" lon="-118.46836"/>
   <point lat="34.07329" lon="-118.46829"/>
   <point lat="34.07322" lon="-118.4682"/>
   <point lat="34.0730999" lon="-118.46808"/>
   <point lat="34.07297" lon="-118.46798"/>
   <point lat="34.07279" lon="-118.46779"/>
   <point lat="34.07261" lon="-118.46766"/>
   <point lat="34.07245" lon="-118.46753"/>
   <point lat="34.07237" lon="-118.46744"/>
   <point lat="34.07256" lon="-118.46708"/>
   <point lat="34.07275" lon="-118.46669"/>
   <point lat="34.07283" lon="-118.4665"/>
   <point lat="34.07302" lon="-118.46612"/>
   <point lat="34.07317" lon="-118.4658"/>
   <point lat="34.07327" lon="-118.46569"/>
   <point lat="34.07334" lon="-118.46559"/>
   <point lat="34.07373" lon="-118.46487"/>
   <point lat="34.07391" lon="-118.46452"/>
   <point lat="34.07398" lon="-118.46436"/>
   <point lat="34.07403" lon="-118.4642"/>
   <point lat="34.07405" lon="-118.46406"/>
   <point lat="34.07406" lon="-118.46383"/>
   <point lat="34.07405" lon="-118.46375"/>
   <point lat="34.0740399" lon="-118.46369"/>
   <point lat="34.07402" lon="-118.46364"/>
   <point lat="34.074" lon="-118.4636"/>
   <point lat="34.07389" lon="-118.46335"/>
   <point lat="34.07382" lon="-118.46323"/>
   <point lat="34.07369" lon="-118.46308"/>
   <point lat="34.07356" lon="-118.46296"/>
   <point lat="34.07344" lon="-118.46282"/>
   <point lat="34.07331" lon="-118.46264"/>
   <point lat="34.07322" lon="-118.46248"/>
   <point lat="34.07316" lon="-118.46234"/>
   <point lat="34.07307" lon="-118.46202"/>
   <point lat="34.07306" lon="-118.46197"/>
   <point lat="34.07304" lon="-118.46162"/>
   <point lat="34.07311" lon="-118.46116"/>
   <point lat="34.07316" lon="-118.46096"/>
   <point lat="34.07323" lon="-118.4608"/>
   <point lat="34.07325" lon="-118.46075"/>
   <point lat="34.07338" lon="-118.46056"/>
   <point lat="34.07347" lon="-118.46045"/>
   <point lat="34.0736" lon="-118.46031"/>
   <point lat="34.0737" lon="-118.46017"/>
   <point lat="34.0737499" lon="-118.46009"/>
   <point lat="34.07381" lon="-118.45998"/>
   <point lat="34.0739" lon="-118.45986"/>
   <point lat="34.07403" lon="-118.45973"/>
   <point lat="34.07417" lon="-118.45958"/>
   <point lat="34.07426" lon="-118.45944"/>
   <point lat="34.07438" lon="-118.45923"/>
   <point lat="34.07444" lon="-118.45905"/>
   <point lat="34.07447" lon="-118.45892"/>
   <point lat="34.07447" lon="-118.45883"/>
   <point lat="34.07448" lon="-118.45877"/>
   <point lat="34.07447" lon="-118.45864"/>
   <point lat="34.07446" lon="-118.45857"/>
   <point lat="34.07444" lon="-118.45846"/>
   <point lat="34.07439" lon="-118.45833"/>
   <point lat="34.07436" lon="-118.45826"/>
   <point lat="34.07434" lon="-118.4582"/>
   <point lat="34.07432" lon="-118.45807"/>
   <point lat="34.0743099" lon="-118.45802"/>
   <point lat="34.07434" lon="-118.4577"/>
   <point lat="34.07436" lon="-118.45755"/>
   <point lat="34.07438" lon="-118.45744"/>
   <point lat="34.07447" lon="-118.45723"/>
   <point lat="34.07452" lon="-118.45712"/>
   <point lat="34.07456" lon="-118.45705"/>
   <point lat="34.07461" lon="-118.45698"/>
   <point lat="34.0747799" lon="-118.45679"/>
   <point lat="34.07585" lon="-118.45551"/>
   <point lat="34.0764" lon="-118.4549"/>
   <point lat="34.07638" lon="-118.4547"/>
   <point lat="34.07667" lon="-118.45453"/>
   <point lat="34.07685" lon="-118.45428"/>
   <point lat="34.07689" lon="-118.45422"/>
   <point lat="34.07693" lon="-118.45413"/>
   <point lat="34.07698" lon="-118.45396"/>
   <point lat="34.07701" lon="-118.45383"/>
   <point lat="34.07702" lon="-118.45372"/>
   <point lat="34.07699" lon="-118.45349"/>
   <point lat="34.07697" lon="-118.45341"/>
   <point lat="34.07694" lon="-118.45328"/>
   <point lat="34.07692" lon="-118.45323"/>
   <point lat="34.07662" lon="-118.4526"/>
   <point lat="34.07639" lon="-118.45206"/>
   <point lat="34.07609" lon="-118.45147"/>
   <point lat="34.07588" lon="-118.45099"/>
   <point lat="34.0756" lon="-118.45046"/>
   <point lat="34.07553" lon="-118.45037"/>
   <point lat="34.07512" lon="-118.44996"/>
   <point lat="34.07505" lon="-118.4499"/>
   <point lat="34.07486" lon="-118.44977"/>
   <point lat="34.07476" lon="-118.44972"/>
   <point lat="34.07455" lon="-118.44964"/>
   <point lat="34.07445" lon="-118.44959"/>
   <point lat="34.0740399" lon="-118.44933"/>
   <point lat="34.07392" lon="-118.44924"/>
   <point lat="34.0738" lon="-118.44912"/>
   <point lat="34.0737" lon="-118.44898"/>
   <point lat="34.07367" lon="-118.44894"/>
   <point lat="34.0735699" lon="-118.44873"/>
   <point lat="34.07353" lon="-118.44863"/>
   <point lat="34.0735" lon="-118.44832"/>
   <point lat="34.07349" lon="-118.44815"/>
   <point lat="34.0735" lon="-118.44802"/>
   <point lat="34.07353" lon="-118.4479"/>
   <point lat="34.07356" lon="-118.44768"/>
   <point lat="34.0735699" lon="-118.4475"/>
   <point lat="34.0735699" lon="-118.44735"/>
   <point lat="34.0736" lon="-118.44695"/>
   <point lat="34.07359" lon="-118.44638"/>
   <point lat="34.07359" lon="-118.44629"/>
   <point lat="34.07362" lon="-118.44602"/>
   <point lat="34.07364" lon="-118.44565"/>
   <point lat="34.07368" lon="-118.44544"/>
   <point lat="34.07371" lon="-118.44536"/>
   <point lat="34.0738" lon="-118.44523"/>
   <point lat="34.0738399" lon="-118.44517"/>
   <point lat="34.07391" lon="-118.4451"/>
   <point lat="34.07397" lon="-118.44505"/>
   <point lat="34.07411" lon="-118.44497"/>
   <point lat="34.07424" lon="-118.44491"/>
   <point lat="34.07434" lon="-118.44488"/>
   <point lat="34.07445" lon="-118.44485"/>
   <point lat="34.0749799" lon="-118.44476"/>
   <point lat="34.07587" lon="-118.44456"/>
   <point lat="34.07609" lon="-118.44453"/>
   <point lat="34.07627" lon="-118.44449"/>
   <point lat="34.07644" lon="-118.44442"/>
   <point lat="34.07653" lon="-118.44437"/>
   <point lat="34.07669" lon="-118.44427"/>
   <point lat="34.07674" lon="-118.44423"/>
   <point lat="34.07681" lon="-118.44416"/>
   <point lat="34.07702" lon="-118.44379"/>
   <point lat="34.0771299" lon="-118.44351"/>
   <point lat="34.07718" lon="-118.44341"/>
   <point lat="34.07733" lon="-118.44313"/>
   <point lat="34.0774199" lon="-118.44284"/>
   <point lat="34.07747" lon="-118.44178"/>
   <point lat="34.07752" lon="-118.44078"/>
   <point lat="34.07754" lon="-118.44068"/>
   <point lat="34.07758" lon="-118.44055"/>
   <point lat="34.07761" lon="-118.44048"/>
   <point lat="34.0776899" lon="-118.44031"/>
   <point lat="34.07828" lon="-118.4394"/>
   <point lat="34.078" lon="-118.4393"/>
   <point lat="34.07779" lon="-118.43903"/>
   <point lat="34.07691" lon="-118.4389"/>
   <point lat="34.07659" lon="-118.43871"/>
   <point lat="34.07652" lon="-118.43868"/>
   <point lat="34.07643" lon="-118.43866"/>
   <point lat="34.07606" lon="-118.43872"/>
   <point lat="34.07582" lon="-118.43872"/>
   <point lat="34.0757199" lon="-118.43869"/>
   <point lat="34.0756299" lon="-118.43867"/>
   <point lat="34.0755399" lon="-118.43863"/>
   <point lat="34.07538" lon="-118.43855"/>
   <point lat="34.07521" lon="-118.43845"/>
   <point lat="34.0741" lon="-118.43791"/>
   <point lat="34.07323" lon="-118.43745"/>
   <point lat="34.0728099" lon="-118.43725"/>
   <point lat="34.07276" lon="-118.43723"/>
   <point lat="34.07264" lon="-118.43721"/>
   <point lat="34.07242" lon="-118.43719"/>
   <point lat="34.07224" lon="-118.4372"/>
   <point lat="34.07214" lon="-118.43721"/>
   <point lat="34.07203" lon="-118.43723"/>
   <point lat="34.07189" lon="-118.43729"/>
   <point lat="34.07175" lon="-118.43736"/>
   <point lat="34.07159" lon="-118.43749"/>
   <point lat="34.07151" lon="-118.43755"/>
   <point lat="34.07138" lon="-118.4377"/>
   <point lat="34.07123" lon="-118.43789"/>
   <point lat="34.07103" lon="-118.43819"/>
   <point lat="34.07095" lon="-118.43828"/>
   <point lat="34.07086" lon="-118.4384"/>
   <point lat="34.0708" lon="-118.43847"/>
   <point lat="34.07063" lon="-118.43862"/>
   <point lat="34.07058" lon="-118.43866"/>
   <point lat="34.07048" lon="-118.43871"/>
   <point lat="34.07041" lon="-118.43874"/>
   <point lat="34.06962" lon="-118.43893"/>
   <point lat="34.06937" lon="-118.43911"/>
  </path>
  <path>
   <point lat="34.08896" lon="-118.47471"/>
   <point lat="34.0903" lon="-118.47508"/>
   <point lat="34.09289" lon="-118.47553"/>
   <point lat="34.09315" lon="-118.47552"/>
   <point lat="34.09331" lon="-118.47551"/>
   <point lat="34.09361" lon="-118.47547"/>
   <point lat="34.09407" lon="-118.47536"/>
   <point lat="34.09454" lon="-118.47521"/>
   <point lat="34.09486" lon="-118.47508"/>
   <point lat="34.09512" lon="-118.47499"/>
   <point lat="34.09522" lon="-118.47497"/>
   <point lat="34.09537" lon="-118.47496"/>
   <point lat="34.0954" lon="-118.47497"/>
   <point lat="34.09551" lon="-118.47501"/>
   <point lat="34.0957" lon="-118.47507"/>
   <point lat="34.09581" lon="-118.47512"/>
   <point lat="34.09593" lon="-118.4752"/>
   <point lat="34.09599" lon="-118.47525"/>
   <point lat="34.0960899" lon="-118.47536"/>
   <point lat="34.09617" lon="-118.47547"/>
   <point lat="34.09625" lon="-118.47562"/>
   <point lat="34.09634" lon="-118.47581"/>
   <point lat="34.09637" lon="-118.47589"/>
   <point lat="34.09639" lon="-118.47597"/>
   <point lat="34.09642" lon="-118.47612"/>
   <point lat="34.09651" lon="-118.47642"/>
   <point lat="34.09661" lon="-118.47689"/>
   <point lat="34.0967" lon="-118.47745"/>
   <point lat="34.09681" lon="-118.47795"/>
   <point lat="34.0969" lon="-118.47817"/>
   <point lat="34.0970299" lon="-118.47837"/>
   <point lat="34.09734" lon="-118.47867"/>
   <point lat="34.09745" lon="-118.47876"/>
   <point lat="34.09757" lon="-118.47884"/>
   <point lat="34.09774" lon="-118.47891"/>
   <point lat="34.09794" lon="-118.47896"/>
   <point lat="34.09803" lon="-118.47898"/>
   <point lat="34.09846" lon="-118.479"/>
   <point lat="34.0986" lon="-118.47899"/>
   <point lat="34.09875" lon="-118.47897"/>
   <point lat="34.0992" lon="-118.47883"/>
   <point lat="34.0993" lon="-118.47879"/>
   <point lat="34.09936" lon="-118.47876"/>
   <point lat="34.09964" lon="-118.47865"/>
   <point lat="34.10005" lon="-118.47847"/>
   <point lat="34.10025" lon="-118.47839"/>
   <point lat="34.10102" lon="-118.47812"/>
   <point lat="34.10204" lon="-118.4778"/>
   <point lat="34.10218" lon="-118.47776"/>
   <point lat="34.10274" lon="-118.47768"/>
   <point lat="34.10305" lon="-118.47766"/>
   <point lat="34.10327" lon="-118.47767"/>
   <point lat="34.10346" lon="-118.4777"/>
   <point lat="34.10365" lon="-118.47776"/>
   <point lat="34.10383" lon="-118.47781"/>
   <point lat="34.1040599" lon="-118.47789"/>
   <point lat="34.10418" lon="-118.47795"/>
   <point lat="34.10429" lon="-118.47801"/>
   <point lat="34.1045" lon="-118.47814"/>
   <point lat="34.10478" lon="-118.47834"/>
   <point lat="34.10494" lon="-118.47844"/>
   <point lat="34.10551" lon="-118.47877"/>
   <point lat="34.10565" lon="-118.47886"/>
   <point lat="34.10588" lon="-118.47912"/>
   <point lat="34.10614" lon="-118.47938"/>
   <point lat="34.10628" lon="-118.4795"/>
   <point lat="34.10642" lon="-118.4796"/>
   <point lat="34.10839" lon="-118.48083"/>
   <point lat="34.10881" lon="-118.48125"/>
   <point lat="34.10913" lon="-118.48151"/>
   <point lat="34.10945" lon="-118.48181"/>
   <point lat="34.10967" lon="-118.48197"/>
   <point lat="34.1099" lon="-118.48213"/>
   <point lat="34.11001" lon="-118.48223"/>
   <point lat="34.11012" lon="-118.48234"/>
   <point lat="34.1101699" lon="-118.4824"/>
   <point lat="34.1102599" lon="-118.48248"/>
   <point lat="34.11066" lon="-118.48267"/>
   <point lat="34.1108" lon="-118.48271"/>
   <point lat="34.111" lon="-118.48275"/>
   <point lat="34.11109" lon="-118.48276"/>
   <point lat="34.11126" lon="-118.48276"/>
   <point lat="34.11179" lon="-118.48283"/>
   <point lat="34.11207" lon="-118.48283"/>
   <point lat="34.1152299" lon="-118.4825"/>
  </path>
  <path>
   <point lat="34.20094" lon="-118.44888"/>
   <point lat="34.20032" lon="-118.4487"/>
   <point lat="34.19366" lon="-118.44882"/>
   <point lat="34.1864" lon="-118.44881"/>
   <point lat="34.18108" lon="-118.44881"/>
  </path>
  <path>
   <point lat="34.1512" lon="-118.44945"/>
   <point lat="34.15121" lon="-118.45041"/>
   <point lat="34.15308" lon="-118.46164"/>
   <point lat="34.1531" lon="-118.46181"/>
   <point lat="34.1531499" lon="-118.46217"/>
   <point lat="34.15384" lon="-118.46621"/>
   <point lat="34.15358" lon="-118.46621"/>
   <point lat="34.153" lon="-118.46637"/>
  </path>
  <path>
   <point lat="34.2357" lon="-118.45009"/>
   <point lat="34.23905" lon="-118.45024"/>
   <point lat="34.24295" lon="-118.45006"/>
   <point lat="34.24365" lon="-118.45022"/>
   <point lat="34.24496" lon="-118.45022"/>
   <point lat="34.24519" lon="-118.4502"/>
   <point lat="34.24528" lon="-118.45018"/>
   <point lat="34.24536" lon="-118.45015"/>
   <point lat="34.2454899" lon="-118.45008"/>
   <point lat="34.2457" lon="-118.44994"/>
   <point lat="34.24588" lon="-118.44977"/>
   <point lat="34.24599" lon="-118.44966"/>
   <point lat="34.24723" lon="-118.44771"/>
   <point lat="34.24921" lon="-118.44524"/>
   <point lat="34.25408" lon="-118.43834"/>
   <point lat="34.25677" lon="-118.43488"/>
   <point lat="34.25915" lon="-118.43141"/>
   <point lat="34.26609" lon="-118.42208"/>
   <point lat="34.26638" lon="-118.42219"/>
  </path>
  <path>
   <point lat="34.17997" lon="-118.44847"/>
   <point lat="34.18695" lon="-118.44851"/>
   <point lat="34.1948099" lon="-118.44852"/>
   <point lat="34.20032" lon="-118.4487"/>
   <point lat="34.2015" lon="-118.44858"/>
  </path>
  <path>
   <point lat="34.1152299" lon="-118.48279"/>
   <point lat="34.11207" lon="-118.48283"/>
   <point lat="34.11179" lon="-118.48283"/>
   <point lat="34.11126" lon="-118.48276"/>
   <point lat="34.11109" lon="-118.48276"/>
   <point lat="34.111" lon="-118.48275"/>
   <point lat="34.1108" lon="-118.48271"/>
   <point lat="34.11066" lon="-118.48267"/>
   <point lat="34.1102599" lon="-118.48248"/>
   <point lat="34.11019" lon="-118.48242"/>
   <point lat="34.11012" lon="-118.48234"/>
   <point lat="34.11001" lon="-118.48223"/>
   <point lat="34.1099" lon="-118.48213"/>
   <point lat="34.10967" lon="-118.48197"/>
   <point lat="34.10945" lon="-118.48181"/>
   <point lat="34.10913" lon="-118.48151"/>
   <point lat="34.10881" lon="-118.48125"/>
   <point lat="34.10839" lon="-118.48083"/>
   <point lat="34.10701" lon="-118.47995"/>
   <point lat="34.10661" lon="-118.4797"/>
   <point lat="34.10642" lon="-118.4796"/>
   <point lat="34.10628" lon="-118.4795"/>
   <point lat="34.10614" lon="-118.47938"/>
   <point lat="34.10588" lon="-118.47912"/>
   <point lat="34.10565" lon="-118.47886"/>
   <point lat="34.10551" lon="-118.47877"/>
   <point lat="34.10494" lon="-118.47844"/>
   <point lat="34.10478" lon="-118.47834"/>
   <point lat="34.1045" lon="-118.47814"/>
   <point lat="34.10429" lon="-118.47801"/>
   <point lat="34.10418" lon="-118.47795"/>
   <point lat="34.1040599" lon="-118.47789"/>
   <point lat="34.10383" lon="-118.47781"/>
   <point lat="34.10365" lon="-118.47776"/>
   <point lat="34.10346" lon="-118.4777"/>
   <point lat="34.10327" lon="-118.47767"/>
   <point lat="34.10305" lon="-118.47766"/>
   <point lat="34.10274" lon="-118.47768"/>
   <point lat="34.10218" lon="-118.47776"/>
   <point lat="34.10204" lon="-118.4778"/>
   <point lat="34.10102" lon="-118.47812"/>
   <point lat="34.10025" lon="-118.47839"/>
   <point lat="34.10005" lon="-118.47847"/>
   <point lat="34.09964" lon="-118.47865"/>
   <point lat="34.09936" lon="-118.47876"/>
   <point lat="34.0993" lon="-118.47879"/>
   <point lat="34.0992" lon="-118.47883"/>
   <point lat="34.09875" lon="-118.47897"/>
   <point lat="34.0986" lon="-118.47899"/>
   <point lat="34.09846" lon="-118.479"/>
   <point lat="34.09803" lon="-118.47898"/>
   <point lat="34.09794" lon="-118.47896"/>
   <point lat="34.09774" lon="-118.47891"/>
   <point lat="34.09757" lon="-118.47884"/>
   <point lat="34.09745" lon="-118.47876"/>
   <point lat="34.09734" lon="-118.47867"/>
   <point lat="34.0970299" lon="-118.47837"/>
   <point lat="34.0969" lon="-118.47817"/>
   <point lat="34.09681" lon="-118.47795"/>
   <point lat="34.0967" lon="-118.47745"/>
   <point lat="34.09662" lon="-118.47693"/>
   <point lat="34.09661" lon="-118.47689"/>
   <point lat="34.09651" lon="-118.47642"/>
   <point lat="34.09642" lon="-118.47612"/>
   <point lat="34.09639" lon="-118.47597"/>
   <point lat="34.09637" lon="-118.47589"/>
   <point lat="34.09634" lon="-118.47581"/>
   <point lat="34.09625" lon="-118.47562"/>
   <point lat="34.09617" lon="-118.47547"/>
   <point lat="34.0960899" lon="-118.47536"/>
   <point lat="34.09599" lon="-118.47525"/>
   <point lat="34.09593" lon="-118.4752"/>
   <point lat="34.09581" lon="-118.47512"/>
   <point lat="34.0957" lon="-118.47507"/>
   <point lat="34.09551" lon="-118.47501"/>
   <point lat="34.0954" lon="-118.47497"/>
   <point lat="34.09537" lon="-118.47496"/>
   <point lat="34.09522" lon="-118.47497"/>
   <point lat="34.09512" lon="-118.47499"/>
   <point lat="34.09486" lon="-118.47508"/>
   <point lat="34.09454" lon="-118.47521"/>
   <point lat="34.09407" lon="-118.47536"/>
   <point lat="34.09361" lon="-118.47547"/>
   <point lat="34.09331" lon="-118.47551"/>
   <point lat="34.09315" lon="-118.47552"/>
   <point lat="34.09289" lon="-118.47553"/>
   <point lat="34.09264" lon="-118.47553"/>
   <point lat="34.09209" lon="-118.47544"/>
   <point lat="34.0903" lon="-118.47508"/>
   <point lat="34.08957" lon="-118.47497"/>
   <point lat="34.0883899" lon="-118.47494"/>
  </path>
  <path>
   <point lat="34.22182" lon="-118.4486"/>
   <point lat="34.22443" lon="-118.44875"/>
   <point lat="34.2249399" lon="-118.44867"/>
   <point lat="34.22591" lon="-118.44916"/>
   <point lat="34.22633" lon="-118.44945"/>
   <point lat="34.2265" lon="-118.44958"/>
   <point lat="34.22664" lon="-118.4497"/>
   <point lat="34.2268199" lon="-118.44988"/>
   <point lat="34.22686" lon="-118.44989"/>
   <point lat="34.22736" lon="-118.45011"/>
   <point lat="34.22751" lon="-118.45015"/>
   <point lat="34.2278" lon="-118.45017"/>
   <point lat="34.22802" lon="-118.45017"/>
   <point lat="34.22811" lon="-118.45018"/>
   <point lat="34.22816" lon="-118.45018"/>
   <point lat="34.22864" lon="-118.45024"/>
   <point lat="34.22885" lon="-118.45025"/>
   <point lat="34.22923" lon="-118.45026"/>
   <point lat="34.23542" lon="-118.45024"/>
   <point lat="34.2357" lon="-118.45009"/>
  </path>
  <path>
   <point lat="34.26589" lon="-118.42264"/>
   <point lat="34.26546" lon="-118.42297"/>
   <point lat="34.25869" lon="-118.43248"/>
   <point lat="34.25677" lon="-118.43488"/>
   <point lat="34.25423" lon="-118.43858"/>
   <point lat="34.24921" lon="-118.44524"/>
   <point lat="34.24698" lon="-118.44852"/>
   <point lat="34.24599" lon="-118.44966"/>
   <point lat="34.24588" lon="-118.44977"/>
   <point lat="34.2457" lon="-118.44994"/>
   <point lat="34.2454899" lon="-118.45008"/>
   <point lat="34.24536" lon="-118.45015"/>
   <point lat="34.24528" lon="-118.45018"/>
   <point lat="34.24519" lon="-118.4502"/>
   <point lat="34.24496" lon="-118.45022"/>
   <point lat="34.2426699" lon="-118.45021"/>
   <point lat="34.2424" lon="-118.45037"/>
   <point lat="34.23905" lon="-118.45024"/>
   <point lat="34.23515" lon="-118.4504"/>
  </path>
  <path>
   <point lat="34.06937" lon="-118.43911"/>
   <point lat="34.06891" lon="-118.43911"/>
   <point lat="34.06877" lon="-118.43913"/>
   <point lat="34.06867" lon="-118.43914"/>
   <point lat="34.0677499" lon="-118.43917"/>
   <point lat="34.06726" lon="-118.43924"/>
   <point lat="34.06714" lon="-118.43928"/>
   <point lat="34.06708" lon="-118.43931"/>
   <point lat="34.06694" lon="-118.43939"/>
   <point lat="34.06688" lon="-118.43943"/>
   <point lat="34.06665" lon="-118.4396"/>
   <point lat="34.06638" lon="-118.43979"/>
   <point lat="34.0661" lon="-118.43995"/>
   <point lat="34.06595" lon="-118.44003"/>
   <point lat="34.06586" lon="-118.44007"/>
   <point lat="34.06559" lon="-118.44016"/>
   <point lat="34.06554" lon="-118.44019"/>
   <point lat="34.06544" lon="-118.44026"/>
   <point lat="34.0652199" lon="-118.44056"/>
   <point lat="34.06509" lon="-118.44073"/>
   <point lat="34.0650199" lon="-118.4408"/>
   <point lat="34.06498" lon="-118.44083"/>
   <point lat="34.0649" lon="-118.44087"/>
   <point lat="34.06482" lon="-118.4409"/>
   <point lat="34.06474" lon="-118.44092"/>
   <point lat="34.06466" lon="-118.44093"/>
   <point lat="34.0645" lon="-118.44096"/>
   <point lat="34.06413" lon="-118.44106"/>
   <point lat="34.06408" lon="-118.44107"/>
   <point lat="34.06408" lon="-118.44127"/>
   <point lat="34.06406" lon="-118.44149"/>
   <point lat="34.06404" lon="-118.44162"/>
   <point lat="34.06401" lon="-118.44173"/>
   <point lat="34.06387" lon="-118.44207"/>
   <point lat="34.06382" lon="-118.4422"/>
   <point lat="34.06378" lon="-118.44235"/>
   <point lat="34.06377" lon="-118.44243"/>
   <point lat="34.06374" lon="-118.44256"/>
   <point lat="34.06372" lon="-118.44276"/>
   <point lat="34.06372" lon="-118.44292"/>
   <point lat="34.06373" lon="-118.44307"/>
   <point lat="34.06373" lon="-118.44348"/>
   <point lat="34.06369" lon="-118.4443"/>
   <point lat="34.0637" lon="-118.44534"/>
   <point lat="34.06271" lon="-118.44552"/>
   <point lat="34.06156" lon="-118.44541"/>
   <point lat="34.06112" lon="-118.4454"/>
   <point lat="34.06072" lon="-118.4454"/>
   <point lat="34.06064" lon="-118.44539"/>
   <point lat="34.0605199" lon="-118.44535"/>
   <point lat="34.06048" lon="-118.44533"/>
   <point lat="34.06044" lon="-118.44532"/>
   <point lat="34.0604" lon="-118.4453"/>
   <point lat="34.0603399" lon="-118.44526"/>
   <point lat="34.0599" lon="-118.44486"/>
   <point lat="34.05971" lon="-118.4447"/>
   <point lat="34.05963" lon="-118.44464"/>
   <point lat="34.05917" lon="-118.44425"/>
   <point lat="34.05841" lon="-118.44378"/>
   <point lat="34.0563" lon="-118.44238"/>
   <point lat="34.05619" lon="-118.4423"/>
   <point lat="34.05535" lon="-118.44176"/>
   <point lat="34.05524" lon="-118.44168"/>
   <point lat="34.05512" lon="-118.44158"/>
   <point lat="34.05506" lon="-118.44152"/>
   <point lat="34.05492" lon="-118.4414"/>
   <point lat="34.05457" lon="-118.44113"/>
   <point lat="34.05409" lon="-118.4407"/>
   <point lat="34.05027" lon="-118.43761"/>
  </path>
  <path>
   <point lat="34.0352" lon="-118.43461"/>
   <point lat="34.03501" lon="-118.43536"/>
   <point lat="34.03463" lon="-118.43754"/>
   <point lat="34.03459" lon="-118.43772"/>
   <point lat="34.03454" lon="-118.438"/>
   <point lat="34.0347" lon="-118.43816"/>
   <point lat="34.03482" lon="-118.43827"/>
   <point lat="34.03522" lon="-118.43866"/>
   <point lat="34.03544" lon="-118.43824"/>
   <point lat="34.03551" lon="-118.4381"/>
   <point lat="34.03561" lon="-118.43791"/>
   <point lat="34.03623" lon="-118.43667"/>
   <point lat="34.03648" lon="-118.43614"/>
   <point lat="34.03654" lon="-118.43602"/>
   <point lat="34.0369699" lon="-118.4351"/>
   <point lat="34.03738" lon="-118.43526"/>
   <point lat="34.03784" lon="-118.43583"/>
   <point lat="34.04023" lon="-118.4379"/>
   <point lat="34.04038" lon="-118.43761"/>
   <point lat="34.04071" lon="-118.43704"/>
   <point lat="34.04123" lon="-118.43619"/>
   <point lat="34.0417599" lon="-118.43531"/>
   <point lat="34.04186" lon="-118.4351"/>
   <point lat="34.04388" lon="-118.43172"/>
   <point lat="34.04749" lon="-118.43482"/>
   <point lat="34.04797" lon="-118.43525"/>
   <point lat="34.0481399" lon="-118.43538"/>
   <point lat="34.04819" lon="-118.43543"/>
   <point lat="34.04867" lon="-118.43586"/>
   <point lat="34.04923" lon="-118.43631"/>
   <point lat="34.04928" lon="-118.43636"/>
   <point lat="34.0493499" lon="-118.43641"/>
   <point lat="34.04946" lon="-118.43652"/>
   <point lat="34.04961" lon="-118.4367"/>
   <point lat="34.04987" lon="-118.43704"/>
   <point lat="34.05044" lon="-118.43737"/>
  </path>
  <path>
   <point lat="34.05954" lon="-118.44437"/>
   <point lat="34.0599" lon="-118.44486"/>
   <point lat="34.0603399" lon="-118.44526"/>
   <point lat="34.0604" lon="-118.4453"/>
   <point lat="34.06044" lon="-118.44532"/>
   <point lat="34.06048" lon="-118.44533"/>
   <point lat="34.0605199" lon="-118.44535"/>
   <point lat="34.06064" lon="-118.44539"/>
   <point lat="34.06072" lon="-118.4454"/>
   <point lat="34.06112" lon="-118.4454"/>
   <point lat="34.06156" lon="-118.44541"/>
   <point lat="34.06356" lon="-118.44519"/>
   <point lat="34.06369" lon="-118.4443"/>
   <point lat="34.06373" lon="-118.44348"/>
   <point lat="34.06373" lon="-118.44307"/>
   <point lat="34.06372" lon="-118.44292"/>
   <point lat="34.06372" lon="-118.44276"/>
   <point lat="34.06374" lon="-118.44256"/>
   <point lat="34.06377" lon="-118.44243"/>
   <point lat="34.06378" lon="-118.44235"/>
   <point lat="34.06382" lon="-118.4422"/>
   <point lat="34.06387" lon="-118.44207"/>
   <point lat="34.06401" lon="-118.44173"/>
   <point lat="34.06404" lon="-118.44162"/>
   <point lat="34.06406" lon="-118.44149"/>
   <point lat="34.06408" lon="-118.44127"/>
   <point lat="34.06408" lon="-118.44107"/>
   <point lat="34.06413" lon="-118.44106"/>
   <point lat="34.0645" lon="-118.44096"/>
   <point lat="34.06466" lon="-118.44093"/>
   <point lat="34.06474" lon="-118.44092"/>
   <point lat="34.06482" lon="-118.4409"/>
   <point lat="34.0649" lon="-118.44087"/>
   <point lat="34.06498" lon="-118.44083"/>
   <point lat="34.0650199" lon="-118.4408"/>
   <point lat="34.06509" lon="-118.44073"/>
   <point lat="34.0652199" lon="-118.44056"/>
   <point lat="34.06544" lon="-118.44026"/>
   <point lat="34.06554" lon="-118.44019"/>
   <point lat="34.06559" lon="-118.44016"/>
   <point lat="34.06586" lon="-118.44007"/>
   <point lat="34.06595" lon="-118.44003"/>
   <point lat="34.0661" lon="-118.43995"/>
   <point lat="34.06638" lon="-118.43979"/>
   <point lat="34.06665" lon="-118.4396"/>
   <point lat="34.06688" lon="-118.43943"/>
   <point lat="34.06694" lon="-118.43939"/>
   <point lat="34.06708" lon="-118.43931"/>
   <point lat="34.06714" lon="-118.43928"/>
   <point lat="34.06726" lon="-118.43924"/>
   <point lat="34.0677499" lon="-118.43917"/>
   <point lat="34.06867" lon="-118.43914"/>
   <point lat="34.06877" lon="-118.43913"/>
   <point lat="34.06891" lon="-118.43911"/>
   <point lat="34.06944" lon="-118.43885"/>
  </path>
  <path>
   <point lat="34.29347" lon="-118.45085"/>
   <point lat="34.29284" lon="-118.45021"/>
   <point lat="34.29316" lon="-118.44982"/>
   <point lat="34.2923" lon="-118.44862"/>
   <point lat="34.29169" lon="-118.44798"/>
   <point lat="34.2913799" lon="-118.44833"/>
   <point lat="34.29122" lon="-118.4485"/>
   <point lat="34.29076" lon="-118.44901"/>
   <point lat="34.29036" lon="-118.44884"/>
   <point lat="34.28687" lon="-118.44493"/>
   <point lat="34.28629" lon="-118.44435"/>
   <point lat="34.28614" lon="-118.44418"/>
   <point lat="34.28607" lon="-118.44409"/>
   <point lat="34.28535" lon="-118.44296"/>
   <point lat="34.28322" lon="-118.44092"/>
  </path>
  <path>
   <point lat="34.18108" lon="-118.44881"/>
   <point lat="34.17756" lon="-118.44878"/>
   <point lat="34.17186" lon="-118.4489"/>
   <point lat="34.17063" lon="-118.44871"/>
   <point lat="34.16462" lon="-118.44876"/>
   <point lat="34.15957" lon="-118.4488"/>
   <point lat="34.15605" lon="-118.4487"/>
   <point lat="34.15544" lon="-118.44869"/>
   <point lat="34.15478" lon="-118.4487"/>
   <point lat="34.15265" lon="-118.44867"/>
   <point lat="34.15119" lon="-118.44868"/>
   <point lat="34.15091" lon="-118.44869"/>
   <point lat="34.1512" lon="-118.44945"/>
  </path>
  <path>
   <point lat="34.05027" lon="-118.43761"/>
   <point lat="34.05001" lon="-118.43719"/>
   <point lat="34.04987" lon="-118.43704"/>
   <point lat="34.04961" lon="-118.4367"/>
   <point lat="34.04946" lon="-118.43652"/>
   <point lat="34.0493499" lon="-118.43641"/>
   <point lat="34.04928" lon="-118.43636"/>
   <point lat="34.04923" lon="-118.43631"/>
   <point lat="34.04867" lon="-118.43586"/>
   <point lat="34.04819" lon="-118.43543"/>
   <point lat="34.0481399" lon="-118.43538"/>
   <point lat="34.04797" lon="-118.43525"/>
   <point lat="34.04749" lon="-118.43482"/>
   <point lat="34.04388" lon="-118.43172"/>
   <point lat="34.04186" lon="-118.4351"/>
   <point lat="34.0417599" lon="-118.43531"/>
   <point lat="34.04132" lon="-118.43605"/>
   <point lat="34.04123" lon="-118.43619"/>
   <point lat="34.04071" lon="-118.43704"/>
   <point lat="34.04038" lon="-118.43761"/>
   <point lat="34.04023" lon="-118.4379"/>
   <point lat="34.03784" lon="-118.43583"/>
   <point lat="34.0369699" lon="-118.4351"/>
   <point lat="34.03656" lon="-118.43495"/>
   <point lat="34.03617" lon="-118.43449"/>
   <point lat="34.03586" lon="-118.43434"/>
   <point lat="34.0355599" lon="-118.43425"/>
   <point lat="34.03539" lon="-118.43419"/>
   <point lat="34.03519" lon="-118.43411"/>
   <point lat="34.0352" lon="-118.43461"/>
  </path>
  <path>
   <point lat="34.05044" lon="-118.43737"/>
   <point lat="34.05276" lon="-118.43956"/>
   <point lat="34.05409" lon="-118.4407"/>
   <point lat="34.05457" lon="-118.44113"/>
   <point lat="34.05492" lon="-118.4414"/>
   <point lat="34.05506" lon="-118.44152"/>
   <point lat="34.05512" lon="-118.44158"/>
   <point lat="34.05524" lon="-118.44168"/>
   <point lat="34.05535" lon="-118.44176"/>
   <point lat="34.05619" lon="-118.4423"/>
   <point lat="34.0563" lon="-118.44238"/>
   <point lat="34.057" lon="-118.44278"/>
   <point lat="34.05954" lon="-118.44437"/>
  </path>
  <path>
   <point lat="34.15366" lon="-118.46591"/>
   <point lat="34.15347" lon="-118.46402"/>
   <point lat="34.15091" lon="-118.44869"/>
   <point lat="34.15131" lon="-118.44855"/>
  </path>
  <path>
   <point lat="34.28349" lon="-118.44079"/>
   <point lat="34.28535" lon="-118.44296"/>
   <point lat="34.28607" lon="-118.44409"/>
   <point lat="34.28614" lon="-118.44418"/>
   <point lat="34.28629" lon="-118.44435"/>
   <point lat="34.28687" lon="-118.44493"/>
   <point lat="34.29073" lon="-118.44879"/>
   <point lat="34.29122" lon="-118.4485"/>
   <point lat="34.2913799" lon="-118.44833"/>
   <point lat="34.29169" lon="-118.44798"/>
   <point lat="34.2923" lon="-118.44862"/>
   <point lat="34.29316" lon="-118.44982"/>
   <point lat="34.29378" lon="-118.45063"/>
   <point lat="34.29347" lon="-118.45085"/>
  </path>
  <path>
   <point lat="34.23515" lon="-118.4504"/>
   <point lat="34.2317899" lon="-118.45025"/>
   <point lat="34.22923" lon="-118.45026"/>
   <point lat="34.22885" lon="-118.45025"/>
   <point lat="34.22864" lon="-118.45024"/>
   <point lat="34.22816" lon="-118.45018"/>
   <point lat="34.22811" lon="-118.45018"/>
   <point lat="34.22802" lon="-118.45017"/>
   <point lat="34.2278" lon="-118.45017"/>
   <point lat="34.22751" lon="-118.45015"/>
   <point lat="34.22736" lon="-118.45011"/>
   <point lat="34.22686" lon="-118.44989"/>
   <point lat="34.2268199" lon="-118.44988"/>
   <point lat="34.22664" lon="-118.4497"/>
   <point lat="34.2265" lon="-118.44958"/>
   <point lat="34.22633" lon="-118.44945"/>
   <point lat="34.22591" lon="-118.44916"/>
   <point lat="34.22449" lon="-118.44891"/>
   <point lat="34.22443" lon="-118.44875"/>
   <point lat="34.2212699" lon="-118.4489"/>
  </path>
  <path>
   <point lat="34.26638" lon="-118.42219"/>
   <point lat="34.27119" lon="-118.42753"/>
   <point lat="34.2723299" lon="-118.42854"/>
   <point lat="34.27812" lon="-118.43483"/>
   <point lat="34.2802" lon="-118.43765"/>
   <point lat="34.28045" lon="-118.43796"/>
   <point lat="34.28064" lon="-118.43817"/>
   <point lat="34.28088" lon="-118.43842"/>
   <point lat="34.28099" lon="-118.43852"/>
   <point lat="34.28134" lon="-118.4388"/>
   <point lat="34.28349" lon="-118.44079"/>
  </path>
  <path>
   <point lat="34.2212699" lon="-118.4489"/>
   <point lat="34.21537" lon="-118.44892"/>
   <point lat="34.20998" lon="-118.44892"/>
   <point lat="34.20122" lon="-118.44873"/>
   <point lat="34.20094" lon="-118.44888"/>
  </path>
  <path>
   <point lat="34.153" lon="-118.46637"/>
   <point lat="34.15173" lon="-118.46713"/>
   <point lat="34.15004" lon="-118.46739"/>
   <point lat="34.14999" lon="-118.4674"/>
   <point lat="34.1498599" lon="-118.46744"/>
   <point lat="34.14975" lon="-118.46748"/>
   <point lat="34.14951" lon="-118.46761"/>
   <point lat="34.14936" lon="-118.4677"/>
   <point lat="34.14926" lon="-118.46779"/>
   <point lat="34.14916" lon="-118.4679"/>
   <point lat="34.14866" lon="-118.46884"/>
   <point lat="34.14859" lon="-118.469"/>
   <point lat="34.1485399" lon="-118.46916"/>
   <point lat="34.1484499" lon="-118.4694"/>
   <point lat="34.14832" lon="-118.4697"/>
   <point lat="34.14808" lon="-118.47015"/>
   <point lat="34.14797" lon="-118.4704"/>
   <point lat="34.14792" lon="-118.47054"/>
   <point lat="34.14785" lon="-118.47071"/>
   <point lat="34.14776" lon="-118.47091"/>
   <point lat="34.14769" lon="-118.47102"/>
   <point lat="34.1476" lon="-118.47115"/>
   <point lat="34.14755" lon="-118.47121"/>
   <point lat="34.1474199" lon="-118.47132"/>
   <point lat="34.14729" lon="-118.4714"/>
   <point lat="34.1469" lon="-118.4717"/>
   <point lat="34.14407" lon="-118.47375"/>
   <point lat="34.14396" lon="-118.4738"/>
   <point lat="34.14381" lon="-118.47385"/>
   <point lat="34.14365" lon="-118.47389"/>
   <point lat="34.14303" lon="-118.47407"/>
   <point lat="34.14294" lon="-118.47411"/>
   <point lat="34.14286" lon="-118.47415"/>
   <point lat="34.14272" lon="-118.47425"/>
   <point lat="34.1426" lon="-118.47434"/>
   <point lat="34.14243" lon="-118.4745"/>
   <point lat="34.14225" lon="-118.4747"/>
   <point lat="34.14215" lon="-118.47484"/>
   <point lat="34.14188" lon="-118.47526"/>
   <point lat="34.14178" lon="-118.4754"/>
   <point lat="34.14147" lon="-118.47579"/>
   <point lat="34.14138" lon="-118.47588"/>
   <point lat="34.14126" lon="-118.47599"/>
   <point lat="34.14112" lon="-118.4761"/>
   <point lat="34.14091" lon="-118.47623"/>
   <point lat="34.1406599" lon="-118.47636"/>
   <point lat="34.14046" lon="-118.4765"/>
   <point lat="34.14037" lon="-118.47658"/>
   <point lat="34.14024" lon="-118.47671"/>
   <point lat="34.14018" lon="-118.47678"/>
   <point lat="34.14014" lon="-118.47686"/>
   <point lat="34.14006" lon="-118.477"/>
   <point lat="34.13994" lon="-118.47731"/>
   <point lat="34.13984" lon="-118.4775"/>
   <point lat="34.13971" lon="-118.4777"/>
   <point lat="34.13965" lon="-118.47781"/>
   <point lat="34.13959" lon="-118.47794"/>
   <point lat="34.1395399" lon="-118.47814"/>
   <point lat="34.13953" lon="-118.4782"/>
   <point lat="34.13949" lon="-118.47825"/>
   <point lat="34.13914" lon="-118.47857"/>
   <point lat="34.13901" lon="-118.47865"/>
   <point lat="34.13885" lon="-118.47873"/>
   <point lat="34.13871" lon="-118.47878"/>
   <point lat="34.13864" lon="-118.47881"/>
   <point lat="34.13853" lon="-118.47889"/>
   <point lat="34.13841" lon="-118.47899"/>
   <point lat="34.13829" lon="-118.47911"/>
   <point lat="34.13821" lon="-118.47923"/>
   <point lat="34.13807" lon="-118.47947"/>
   <point lat="34.13798" lon="-118.47968"/>
   <point lat="34.13762" lon="-118.48057"/>
   <point lat="34.13755" lon="-118.48081"/>
   <point lat="34.1375" lon="-118.48106"/>
   <point lat="34.13742" lon="-118.48157"/>
   <point lat="34.13739" lon="-118.48189"/>
   <point lat="34.13739" lon="-118.48216"/>
   <point lat="34.1374" lon="-118.48234"/>
   <point lat="34.13742" lon="-118.48246"/>
   <point lat="34.13746" lon="-118.48256"/>
   <point lat="34.13758" lon="-118.48281"/>
   <point lat="34.13765" lon="-118.48295"/>
   <point lat="34.13767" lon="-118.48302"/>
   <point lat="34.13769" lon="-118.48315"/>
   <point lat="34.13772" lon="-118.48331"/>
   <point lat="34.13772" lon="-118.4834"/>
   <point lat="34.13771" lon="-118.48354"/>
   <point lat="34.13769" lon="-118.48369"/>
   <point lat="34.13761" lon="-118.48394"/>
   <point lat="34.13753" lon="-118.48411"/>
   <point lat="34.1374799" lon="-118.48418"/>
   <point lat="34.13731" lon="-118.4844"/>
   <point lat="34.13688" lon="-118.485"/>
   <point lat="34.13675" lon="-118.48516"/>
   <point lat="34.1366" lon="-118.48531"/>
   <point lat="34.13646" lon="-118.48541"/>
   <point lat="34.13627" lon="-118.48553"/>
   <point lat="34.13617" lon="-118.4856"/>
   <point lat="34.13605" lon="-118.48575"/>
   <point lat="34.13601" lon="-118.48581"/>
   <point lat="34.13594" lon="-118.48594"/>
   <point lat="34.13592" lon="-118.48601"/>
   <point lat="34.13589" lon="-118.48609"/>
   <point lat="34.13582" lon="-118.48639"/>
   <point lat="34.1358" lon="-118.48649"/>
   <point lat="34.1358" lon="-118.48664"/>
   <point lat="34.13581" lon="-118.48671"/>
   <point lat="34.13576" lon="-118.4869"/>
   <point lat="34.13571" lon="-118.48705"/>
   <point lat="34.13568" lon="-118.4871"/>
   <point lat="34.1355999" lon="-118.4872"/>
   <point lat="34.13548" lon="-118.48732"/>
   <point lat="34.13542" lon="-118.48737"/>
   <point lat="34.13538" lon="-118.48739"/>
   <point lat="34.1353" lon="-118.48742"/>
   <point lat="34.13514" lon="-118.48745"/>
   <point lat="34.13502" lon="-118.48745"/>
   <point lat="34.13493" lon="-118.48744"/>
   <point lat="34.13464" lon="-118.4873"/>
   <point lat="34.13455" lon="-118.48724"/>
   <point lat="34.13448" lon="-118.48716"/>
   <point lat="34.13445" lon="-118.48711"/>
   <point lat="34.1344" lon="-118.48702"/>
   <point lat="34.1343699" lon="-118.48693"/>
   <point lat="34.13434" lon="-118.48683"/>
   <point lat="34.13433" lon="-118.48675"/>
   <point lat="34.13434" lon="-118.48658"/>
   <point lat="34.13435" lon="-118.48605"/>
   <point lat="34.1343699" lon="-118.48585"/>
   <point lat="34.13441" lon="-118.48559"/>
   <point lat="34.13445" lon="-118.48541"/>
   <point lat="34.13453" lon="-118.48516"/>
   <point lat="34.13464" lon="-118.48472"/>
   <point lat="34.13467" lon="-118.48458"/>
   <point lat="34.13468" lon="-118.48443"/>
   <point lat="34.13469" lon="-118.48433"/>
   <point lat="34.13464" lon="-118.48398"/>
   <point lat="34.13462" lon="-118.48391"/>
   <point lat="34.13461" lon="-118.48386"/>
   <point lat="34.13443" lon="-118.48349"/>
   <point lat="34.13431" lon="-118.48326"/>
   <point lat="34.13425" lon="-118.48316"/>
   <point lat="34.13422" lon="-118.48309"/>
   <point lat="34.1341899" lon="-118.48288"/>
   <point lat="34.13417" lon="-118.48265"/>
   <point lat="34.13417" lon="-118.48234"/>
   <point lat="34.13416" lon="-118.48221"/>
   <point lat="34.13413" lon="-118.4821"/>
   <point lat="34.1340999" lon="-118.48201"/>
   <point lat="34.13402" lon="-118.48181"/>
   <point lat="34.13395" lon="-118.48169"/>
   <point lat="34.13379" lon="-118.48146"/>
   <point lat="34.13376" lon="-118.48141"/>
   <point lat="34.1337" lon="-118.48128"/>
   <point lat="34.13367" lon="-118.48117"/>
   <point lat="34.13362" lon="-118.48097"/>
   <point lat="34.13359" lon="-118.48079"/>
   <point lat="34.13356" lon="-118.48064"/>
   <point lat="34.13354" lon="-118.48055"/>
   <point lat="34.13349" lon="-118.4804"/>
   <point lat="34.13342" lon="-118.48029"/>
   <point lat="34.13336" lon="-118.4802"/>
   <point lat="34.13327" lon="-118.4801"/>
   <point lat="34.13317" lon="-118.48"/>
   <point lat="34.1330699" lon="-118.47994"/>
   <point lat="34.13301" lon="-118.47991"/>
   <point lat="34.1328699" lon="-118.47986"/>
   <point lat="34.13274" lon="-118.47984"/>
   <point lat="34.13264" lon="-118.47984"/>
   <point lat="34.13252" lon="-118.47986"/>
   <point lat="34.13234" lon="-118.4799"/>
   <point lat="34.13214" lon="-118.47996"/>
   <point lat="34.13205" lon="-118.48"/>
   <point lat="34.13191" lon="-118.48008"/>
   <point lat="34.13159" lon="-118.48029"/>
   <point lat="34.13144" lon="-118.48038"/>
   <point lat="34.13116" lon="-118.48052"/>
   <point lat="34.131" lon="-118.48058"/>
   <point lat="34.1308999" lon="-118.4806"/>
   <point lat="34.1307" lon="-118.4806"/>
   <point lat="34.12877" lon="-118.48039"/>
   <point lat="34.12869" lon="-118.48037"/>
   <point lat="34.12842" lon="-118.48032"/>
   <point lat="34.12805" lon="-118.48027"/>
   <point lat="34.12785" lon="-118.48023"/>
   <point lat="34.12728" lon="-118.48001"/>
   <point lat="34.12667" lon="-118.47974"/>
   <point lat="34.12654" lon="-118.47966"/>
   <point lat="34.12641" lon="-118.47957"/>
   <point lat="34.126" lon="-118.47943"/>
   <point lat="34.12573" lon="-118.4789"/>
   <point lat="34.1255" lon="-118.47871"/>
   <point lat="34.12533" lon="-118.47859"/>
   <point lat="34.12522" lon="-118.47854"/>
   <point lat="34.1251" lon="-118.47849"/>
   <point lat="34.12498" lon="-118.47846"/>
   <point lat="34.12495" lon="-118.47845"/>
   <point lat="34.1248099" lon="-118.47843"/>
   <point lat="34.12468" lon="-118.47843"/>
   <point lat="34.12438" lon="-118.47846"/>
   <point lat="34.12425" lon="-118.4785"/>
   <point lat="34.12412" lon="-118.47855"/>
   <point lat="34.12379" lon="-118.47872"/>
   <point lat="34.12347" lon="-118.47892"/>
   <point lat="34.12253" lon="-118.47957"/>
   <point lat="34.12179" lon="-118.48006"/>
   <point lat="34.1217" lon="-118.48011"/>
   <point lat="34.12153" lon="-118.48023"/>
   <point lat="34.12045" lon="-118.48096"/>
   <point lat="34.1194" lon="-118.4819"/>
   <point lat="34.11894" lon="-118.4823"/>
   <point lat="34.11884" lon="-118.48241"/>
   <point lat="34.11878" lon="-118.48245"/>
   <point lat="34.11865" lon="-118.48253"/>
   <point lat="34.11857" lon="-118.48256"/>
   <point lat="34.11848" lon="-118.48259"/>
   <point lat="34.11839" lon="-118.48261"/>
   <point lat="34.1182" lon="-118.48262"/>
   <point lat="34.11807" lon="-118.48264"/>
   <point lat="34.11793" lon="-118.48263"/>
   <point lat="34.11771" lon="-118.4826"/>
   <point lat="34.11746" lon="-118.48253"/>
   <point lat="34.11726" lon="-118.48251"/>
   <point lat="34.1171" lon="-118.48249"/>
   <point lat="34.1152299" lon="-118.48279"/>
  </path>
  <path>
   <point lat="34.15131" lon="-118.44855"/>
   <point lat="34.15767" lon="-118.44869"/>
   <point lat="34.15926" lon="-118.44857"/>
   <point lat="34.16517" lon="-118.44852"/>
   <point lat="34.17115" lon="-118.44851"/>
   <point lat="34.17241" lon="-118.44837"/>
   <point lat="34.1794" lon="-118.44853"/>
   <point lat="34.17997" lon="-118.44847"/>
  </path>
  <path>
   <point lat="34.1152299" lon="-118.4825"/>
   <point lat="34.11592" lon="-118.48258"/>
   <point lat="34.11667" lon="-118.48254"/>
   <point lat="34.1171" lon="-118.48249"/>
   <point lat="34.11726" lon="-118.48251"/>
   <point lat="34.11746" lon="-118.48253"/>
   <point lat="34.11771" lon="-118.4826"/>
   <point lat="34.11793" lon="-118.48263"/>
   <point lat="34.11807" lon="-118.48264"/>
   <point lat="34.1182" lon="-118.48262"/>
   <point lat="34.11839" lon="-118.48261"/>
   <point lat="34.11848" lon="-118.48259"/>
   <point lat="34.11857" lon="-118.48256"/>
   <point lat="34.11865" lon="-118.48253"/>
   <point lat="34.11878" lon="-118.48245"/>
   <point lat="34.11884" lon="-118.48241"/>
   <point lat="34.11894" lon="-118.4823"/>
   <point lat="34.1194" lon="-118.4819"/>
   <point lat="34.11966" lon="-118.48166"/>
   <point lat="34.12009" lon="-118.48124"/>
   <point lat="34.12027" lon="-118.48109"/>
   <point lat="34.12045" lon="-118.48096"/>
   <point lat="34.12153" lon="-118.48023"/>
   <point lat="34.1217" lon="-118.48011"/>
   <point lat="34.12179" lon="-118.48006"/>
   <point lat="34.12253" lon="-118.47957"/>
   <point lat="34.12489" lon="-118.47829"/>
   <point lat="34.12522" lon="-118.47854"/>
   <point lat="34.12533" lon="-118.47859"/>
   <point lat="34.1255" lon="-118.47871"/>
   <point lat="34.12573" lon="-118.4789"/>
   <point lat="34.126" lon="-118.47917"/>
   <point lat="34.12616" lon="-118.47935"/>
   <point lat="34.12641" lon="-118.47957"/>
   <point lat="34.12654" lon="-118.47966"/>
   <point lat="34.12667" lon="-118.47974"/>
   <point lat="34.12728" lon="-118.48001"/>
   <point lat="34.12785" lon="-118.48023"/>
   <point lat="34.12805" lon="-118.48027"/>
   <point lat="34.12842" lon="-118.48032"/>
   <point lat="34.12869" lon="-118.48037"/>
   <point lat="34.12877" lon="-118.48039"/>
   <point lat="34.1307" lon="-118.4806"/>
   <point lat="34.1308999" lon="-118.4806"/>
   <point lat="34.131" lon="-118.48058"/>
   <point lat="34.13116" lon="-118.48052"/>
   <point lat="34.13144" lon="-118.48038"/>
   <point lat="34.13159" lon="-118.48029"/>
   <point lat="34.13191" lon="-118.48008"/>
   <point lat="34.13205" lon="-118.48"/>
   <point lat="34.13214" lon="-118.47996"/>
   <point lat="34.13234" lon="-118.4799"/>
   <point lat="34.13252" lon="-118.47986"/>
   <point lat="34.13264" lon="-118.47984"/>
   <point lat="34.13274" lon="-118.47984"/>
   <point lat="34.1328699" lon="-118.47986"/>
   <point lat="34.13301" lon="-118.47991"/>
   <point lat="34.1330699" lon="-118.47994"/>
   <point lat="34.13317" lon="-118.48"/>
   <point lat="34.13327" lon="-118.4801"/>
   <point lat="34.13336" lon="-118.4802"/>
   <point lat="34.13342" lon="-118.48029"/>
   <point lat="34.13349" lon="-118.4804"/>
   <point lat="34.13354" lon="-118.48055"/>
   <point lat="34.13356" lon="-118.48064"/>
   <point lat="34.13359" lon="-118.48079"/>
   <point lat="34.13362" lon="-118.48097"/>
   <point lat="34.13367" lon="-118.48117"/>
   <point lat="34.1337" lon="-118.48128"/>
   <point lat="34.13376" lon="-118.48141"/>
   <point lat="34.13379" lon="-118.48146"/>
   <point lat="34.13395" lon="-118.48169"/>
   <point lat="34.13402" lon="-118.48181"/>
   <point lat="34.1340999" lon="-118.48201"/>
   <point lat="34.13413" lon="-118.4821"/>
   <point lat="34.13416" lon="-118.48221"/>
   <point lat="34.13417" lon="-118.48234"/>
   <point lat="34.13417" lon="-118.48265"/>
   <point lat="34.1341899" lon="-118.48288"/>
   <point lat="34.13422" lon="-118.48309"/>
   <point lat="34.13425" lon="-118.48316"/>
   <point lat="34.13431" lon="-118.48326"/>
   <point lat="34.13443" lon="-118.48349"/>
   <point lat="34.13461" lon="-118.48386"/>
   <point lat="34.13462" lon="-118.48391"/>
   <point lat="34.13464" lon="-118.48398"/>
   <point lat="34.13469" lon="-118.48433"/>
   <point lat="34.13468" lon="-118.48443"/>
   <point lat="34.13467" lon="-118.48458"/>
   <point lat="34.13464" lon="-118.48472"/>
   <point lat="34.13453" lon="-118.48516"/>
   <point lat="34.13445" lon="-118.48541"/>
   <point lat="34.13441" lon="-118.48559"/>
   <point lat="34.1343699" lon="-118.48585"/>
   <point lat="34.13435" lon="-118.48605"/>
   <point lat="34.13434" lon="-118.48658"/>
   <point lat="34.13433" lon="-118.48675"/>
   <point lat="34.13434" lon="-118.48683"/>
   <point lat="34.1343699" lon="-118.48693"/>
   <point lat="34.1344" lon="-118.48702"/>
   <point lat="34.13445" lon="-118.48711"/>
   <point lat="34.13448" lon="-118.48716"/>
   <point lat="34.13455" lon="-118.48724"/>
   <point lat="34.13464" lon="-118.4873"/>
   <point lat="34.13493" lon="-118.48744"/>
   <point lat="34.13502" lon="-118.48745"/>
   <point lat="34.13514" lon="-118.48745"/>
   <point lat="34.1353" lon="-118.48742"/>
   <point lat="34.13538" lon="-118.48739"/>
   <point lat="34.13542" lon="-118.48737"/>
   <point lat="34.13548" lon="-118.48732"/>
   <point lat="34.1355999" lon="-118.4872"/>
   <point lat="34.13568" lon="-118.4871"/>
   <point lat="34.13571" lon="-118.48705"/>
   <point lat="34.13576" lon="-118.4869"/>
   <point lat="34.13581" lon="-118.48671"/>
   <point lat="34.1358" lon="-118.48664"/>
   <point lat="34.1358" lon="-118.48649"/>
   <point lat="34.13582" lon="-118.48639"/>
   <point lat="34.13589" lon="-118.48609"/>
   <point lat="34.13592" lon="-118.48601"/>
   <point lat="34.13594" lon="-118.48594"/>
   <point lat="34.13601" lon="-118.48581"/>
   <point lat="34.13605" lon="-118.48575"/>
   <point lat="34.13617" lon="-118.4856"/>
   <point lat="34.13627" lon="-118.48553"/>
   <point lat="34.13646" lon="-118.48541"/>
   <point lat="34.1366" lon="-118.48531"/>
   <point lat="34.13675" lon="-118.48516"/>
   <point lat="34.13688" lon="-118.485"/>
   <point lat="34.13731" lon="-118.4844"/>
   <point lat="34.1374799" lon="-118.48418"/>
   <point lat="34.13753" lon="-118.48411"/>
   <point lat="34.13761" lon="-118.48394"/>
   <point lat="34.13769" lon="-118.48369"/>
   <point lat="34.13771" lon="-118.48354"/>
   <point lat="34.13772" lon="-118.4834"/>
   <point lat="34.13772" lon="-118.48331"/>
   <point lat="34.13769" lon="-118.48315"/>
   <point lat="34.13767" lon="-118.48302"/>
   <point lat="34.13765" lon="-118.48295"/>
   <point lat="34.13758" lon="-118.48281"/>
   <point lat="34.13746" lon="-118.48256"/>
   <point lat="34.13742" lon="-118.48246"/>
   <point lat="34.1374" lon="-118.48234"/>
   <point lat="34.13739" lon="-118.48216"/>
   <point lat="34.13739" lon="-118.48189"/>
   <point lat="34.13742" lon="-118.48157"/>
   <point lat="34.1375" lon="-118.48106"/>
   <point lat="34.13755" lon="-118.48081"/>
   <point lat="34.13762" lon="-118.48057"/>
   <point lat="34.13798" lon="-118.47968"/>
   <point lat="34.13807" lon="-118.47947"/>
   <point lat="34.13821" lon="-118.47923"/>
   <point lat="34.13829" lon="-118.47911"/>
   <point lat="34.13841" lon="-118.47899"/>
   <point lat="34.13853" lon="-118.47889"/>
   <point lat="34.13864" lon="-118.47881"/>
   <point lat="34.13871" lon="-118.47878"/>
   <point lat="34.13885" lon="-118.47873"/>
   <point lat="34.13901" lon="-118.47865"/>
   <point lat="34.13914" lon="-118.47857"/>
   <point lat="34.13949" lon="-118.47825"/>
   <point lat="34.13953" lon="-118.4782"/>
   <point lat="34.1395399" lon="-118.47814"/>
   <point lat="34.13959" lon="-118.47794"/>
   <point lat="34.13965" lon="-118.47781"/>
   <point lat="34.13971" lon="-118.4777"/>
   <point lat="34.13984" lon="-118.4775"/>
   <point lat="34.13994" lon="-118.47731"/>
   <point lat="34.14006" lon="-118.477"/>
   <point lat="34.14014" lon="-118.47686"/>
   <point lat="34.14018" lon="-118.47678"/>
   <point lat="34.14024" lon="-118.47671"/>
   <point lat="34.14037" lon="-118.47658"/>
   <point lat="34.14046" lon="-118.4765"/>
   <point lat="34.1406599" lon="-118.47636"/>
   <point lat="34.14091" lon="-118.47623"/>
   <point lat="34.14112" lon="-118.4761"/>
   <point lat="34.14126" lon="-118.47599"/>
   <point lat="34.14138" lon="-118.47588"/>
   <point lat="34.14147" lon="-118.47579"/>
   <point lat="34.14178" lon="-118.4754"/>
   <point lat="34.14188" lon="-118.47526"/>
   <point lat="34.14215" lon="-118.47484"/>
   <point lat="34.14225" lon="-118.4747"/>
   <point lat="34.14243" lon="-118.4745"/>
   <point lat="34.1426" lon="-118.47434"/>
   <point lat="34.14272" lon="-118.47425"/>
   <point lat="34.14286" lon="-118.47415"/>
   <point lat="34.14294" lon="-118.47411"/>
   <point lat="34.14303" lon="-118.47407"/>
   <point lat="34.14365" lon="-118.47389"/>
   <point lat="34.14381" lon="-118.47385"/>
   <point lat="34.14396" lon="-118.4738"/>
   <point lat="34.14407" lon="-118.47375"/>
   <point lat="34.1469" lon="-118.4717"/>
   <point lat="34.14729" lon="-118.4714"/>
   <point lat="34.1474199" lon="-118.47132"/>
   <point lat="34.14755" lon="-118.47121"/>
   <point lat="34.1476" lon="-118.47115"/>
   <point lat="34.14769" lon="-118.47102"/>
   <point lat="34.14776" lon="-118.47091"/>
   <point lat="34.14785" lon="-118.47071"/>
   <point lat="34.14792" lon="-118.47054"/>
   <point lat="34.14797" lon="-118.4704"/>
   <point lat="34.14808" lon="-118.47015"/>
   <point lat="34.14832" lon="-118.4697"/>
   <point lat="34.1484499" lon="-118.4694"/>
   <point lat="34.1485399" lon="-118.46916"/>
   <point lat="34.14859" lon="-118.469"/>
   <point lat="34.14866" lon="-118.46884"/>
   <point lat="34.14886" lon="-118.46842"/>
   <point lat="34.14895" lon="-118.46822"/>
   <point lat="34.15138" lon="-118.46727"/>
   <point lat="34.15152" lon="-118.46723"/>
   <point lat="34.15166" lon="-118.46716"/>
   <point lat="34.15173" lon="-118.46713"/>
   <point lat="34.15184" lon="-118.46704"/>
   <point lat="34.15205" lon="-118.46684"/>
   <point lat="34.15384" lon="-118.46621"/>
   <point lat="34.15366" lon="-118.46591"/>
  </path>
  <path>
   <point lat="34.28322" lon="-118.44092"/>
   <point lat="34.28134" lon="-118.4388"/>
   <point lat="34.28099" lon="-118.43852"/>
   <point lat="34.28088" lon="-118.43842"/>
   <point lat="34.28064" lon="-118.43817"/>
   <point lat="34.28045" lon="-118.43796"/>
   <point lat="34.2802" lon="-118.43765"/>
   <point lat="34.27953" lon="-118.43643"/>
   <point lat="34.27943" lon="-118.43629"/>
   <point lat="34.27938" lon="-118.4362"/>
   <point lat="34.27917" lon="-118.4359"/>
   <point lat="34.27902" lon="-118.4357"/>
   <point lat="34.2788899" lon="-118.43555"/>
   <point lat="34.27877" lon="-118.43542"/>
   <point lat="34.27866" lon="-118.43533"/>
   <point lat="34.2786199" lon="-118.4353"/>
   <point lat="34.27848" lon="-118.43518"/>
   <point lat="34.27821" lon="-118.43493"/>
   <point lat="34.27812" lon="-118.43483"/>
   <point lat="34.27803" lon="-118.43474"/>
   <point lat="34.27446" lon="-118.43096"/>
   <point lat="34.27175" lon="-118.42834"/>
   <point lat="34.26995" lon="-118.42618"/>
   <point lat="34.26609" lon="-118.42208"/>
   <point lat="34.26589" lon="-118.42264"/>
  </path>
 </route>
</body>