<?xml version="1.0" encoding="utf-8"?>
<body copyright="All data copyright Los Angeles Metro 2022.">
 <route color="df4600" latMax="34.1490799" latMin="34.0721999" lonMax="-118.04125" lonMin="-118.1489299" oppositeColor="ffffff" tag="267" title="267 El Monte Sta- Pasadena Via Temple Ci">
  <stop lat="34.1423099" lon="-118.0818799" stopId="01009" tag="1009" title="Del Mar / Madre"/>
  <stop lat="34.1423599" lon="-118.07625" stopId="01010" tag="1010" title="Del Mar / Lotus"/>
  <stop lat="34.1424099" lon="-118.07366" stopId="01011" tag="1011" title="Del Mar / Rosemead"/>
  <stop lat="34.14221" lon="-118.1041899" stopId="01370" tag="1370" title="Del Mar / Bonita"/>
  <stop lat="34.14207" lon="-118.1134499" stopId="01371" tag="1371" title="Del Mar / Allen"/>
  <stop lat="34.14222" lon="-118.0990199" stopId="01372" tag="1372" title="Del Mar / Altadena"/>
  <stop lat="34.14208" lon="-118.1097899" stopId="01373" tag="1373" title="Del Mar / Berkeley"/>
  <stop lat="34.14204" lon="-118.1159199" stopId="01374" tag="1374" title="Del Mar / Bonnie"/>
  <stop lat="34.14106" lon="-118.1248399" stopId="01375" tag="1375" title="Del Mar / Chester"/>
  <stop lat="34.1421799" lon="-118.10599" stopId="01376" tag="1376" title="Del Mar / Craig"/>
  <stop lat="34.1422499" lon="-118.09207" stopId="01377" tag="1377" title="Del Mar / Eastern"/>
  <stop lat="34.1404999" lon="-118.1371699" stopId="01378" tag="1378" title="Del Mar / El Molino"/>
  <stop lat="34.1422699" lon="-118.08966" stopId="01379" tag="1379" title="Del Mar / El Nido"/>
  <stop lat="34.1418499" lon="-118.12161" stopId="01380" tag="1380" title="Del Mar / Hill"/>
  <stop lat="34.1405" lon="-118.1341499" stopId="01381" tag="1381" title="Del Mar / Hudson"/>
  <stop lat="34.14229" lon="-118.0853599" stopId="01382" tag="1382" title="Del Mar / Kinneloa"/>
  <stop lat="34.1406999" lon="-118.13266" stopId="01383" tag="1383" title="Del Mar / Lake"/>
  <stop lat="34.14101" lon="-118.1306299" stopId="01384" tag="1384" title="Del Mar / Mentor"/>
  <stop lat="34.1422399" lon="-118.09495" stopId="01385" tag="1385" title="Del Mar / San Gabriel"/>
  <stop lat="34.14203" lon="-118.1175299" stopId="01386" tag="1386" title="Del Mar / Sierra Bonita"/>
  <stop lat="34.1422199" lon="-118.10196" stopId="01387" tag="1387" title="Del Mar / Sierra Madre"/>
  <stop lat="34.1410199" lon="-118.12782" stopId="01388" tag="1388" title="Del Mar / Wilson"/>
  <stop lat="34.14048" lon="-118.1410299" stopId="03509" tag="3509" title="Del Mar / Los Robles"/>
  <stop lat="34.14158" lon="-118.14875" stopId="04673" tag="4673" title="Raymond / Del Mar"/>
  <stop lat="34.1349299" lon="-118.07308" stopId="05444" tag="5444" title="Rosemead / California"/>
  <stop lat="34.13078" lon="-118.073" stopId="05445" tag="5445" title="Rosemead / Huntington"/>
  <stop lat="34.13728" lon="-118.07311" stopId="05446" tag="5446" title="Rosemead / Laurita"/>
  <stop lat="34.12815" lon="-118.06468" stopId="05595" tag="5595" title="Sunset / Fairview"/>
  <stop lat="34.1003699" lon="-118.0594199" stopId="06519" tag="6519" title="Temple City / Broadway"/>
  <stop lat="34.12091" lon="-118.06354" stopId="06520" tag="6520" title="Temple City / Camino Real"/>
  <stop lat="34.1245699" lon="-118.0642699" stopId="06521" tag="6521" title="Sunset / Duarte"/>
  <stop lat="34.1101599" lon="-118.0614299" stopId="06522" tag="6522" title="Temple City / Garibaldi"/>
  <stop lat="34.0940899" lon="-118.0581099" stopId="06523" tag="6523" title="Temple City / La Rosa"/>
  <stop lat="34.10699" lon="-118.06078" stopId="06524" tag="6524" title="Temple City / Las Tunas"/>
  <stop lat="34.11773" lon="-118.06291" stopId="06525" tag="6525" title="Temple City / Lemon"/>
  <stop lat="34.10335" lon="-118.06005" stopId="06526" tag="6526" title="Temple City / Live Oak"/>
  <stop lat="34.11373" lon="-118.0621" stopId="06527" tag="6527" title="Temple City / Longden"/>
  <stop lat="34.0897799" lon="-118.0572" stopId="06528" tag="6528" title="Temple City / Lower Azusa"/>
  <stop lat="34.0981799" lon="-118.0589499" stopId="06529" tag="6529" title="Temple City / Olive"/>
  <stop lat="34.0848199" lon="-118.05671" stopId="06530" tag="6530" title="Temple City / Rr Xing"/>
  <stop lat="34.10878" lon="-118.06115" stopId="06531" tag="6531" title="Temple City / Woodruff"/>
  <stop lat="34.08138" lon="-118.0579799" stopId="06734" tag="6734" title="Valley / Temple City"/>
  <stop lat="34.1490799" lon="-118.14882" tag="11957_ar" title="Raymond / Walnut Layover"/>
  <stop lat="34.0766899" lon="-118.0460199" stopId="15057" tag="15057" title="Valley / Arden"/>
  <stop lat="34.07908" lon="-118.05257" stopId="15058" tag="15058" title="Valley / Baldwin"/>
  <stop lat="34.08005" lon="-118.05483" stopId="15086" tag="15086" title="Valley / Rowland"/>
  <stop lat="34.1311799" lon="-118.06548" stopId="16044" tag="16044" title="Huntington / Sunset"/>
  <stop lat="34.0721999" lon="-118.04512" stopId="30020" tag="30020" title="El Monte Station - Lower Level"/>
  <stop lat="34.0725199" lon="-118.04202" stopId="142127" tag="142127" title="Santa Anita / Ramona"/>
  <stop lat="34.0748599" lon="-118.04125" stopId="142128" tag="142128" title="Santa Anita / Main"/>
  <stop lat="34.07824" lon="-118.05053" stopId="176170" tag="176170" title="Valley / Gibson"/>
  <stop lat="34.1413299" lon="-118.1489299" stopId="00501" tag="501" title="Raymond / Del Mar"/>
  <stop lat="34.0765099" lon="-118.0464099" stopId="06699" tag="6699" title="Valley / Arden"/>
  <stop lat="34.0789799" lon="-118.0529999" stopId="06700" tag="6700" title="Valley / Baldwin"/>
  <stop lat="34.0799499" lon="-118.0552599" stopId="06729" tag="6729" title="Valley / Rowland"/>
  <stop lat="34.08112" lon="-118.0579699" stopId="06733" tag="6733" title="Valley / Temple City"/>
  <stop lat="34.1416899" lon="-118.12146" stopId="09544" tag="9544" title="Del Mar / Hill"/>
  <stop lat="34.14212" lon="-118.08128" stopId="09552" tag="9552" title="Del Mar / Madre"/>
  <stop lat="34.14216" lon="-118.0765699" stopId="09553" tag="9553" title="Del Mar / Lotus"/>
  <stop lat="34.1422199" lon="-118.07357" stopId="09554" tag="9554" title="Del Mar / Rosemead"/>
  <stop lat="34.1343799" lon="-118.0733799" stopId="09828" tag="9828" title="Rosemead / California"/>
  <stop lat="34.14202" lon="-118.1041899" stopId="09897" tag="9897" title="Del Mar / Bonita"/>
  <stop lat="34.14187" lon="-118.1127899" stopId="09898" tag="9898" title="Del Mar / Allen"/>
  <stop lat="34.1420299" lon="-118.09836" stopId="09899" tag="9899" title="Del Mar / Altadena"/>
  <stop lat="34.1418899" lon="-118.10913" stopId="09900" tag="9900" title="Del Mar / Berkeley"/>
  <stop lat="34.14185" lon="-118.11575" stopId="09901" tag="9901" title="Del Mar / Bonnie"/>
  <stop lat="34.1409499" lon="-118.1243" stopId="09902" tag="9902" title="Del Mar / Chester"/>
  <stop lat="34.14199" lon="-118.1062999" stopId="09903" tag="9903" title="Del Mar / Craig"/>
  <stop lat="34.14206" lon="-118.0914099" stopId="09904" tag="9904" title="Del Mar / Eastern"/>
  <stop lat="34.1402999" lon="-118.13651" stopId="09905" tag="9905" title="Del Mar / El Molino"/>
  <stop lat="34.14207" lon="-118.0894899" stopId="09906" tag="9906" title="Del Mar / El Nido"/>
  <stop lat="34.14031" lon="-118.13397" stopId="09907" tag="9907" title="Del Mar / Hudson"/>
  <stop lat="34.1421599" lon="-118.0851899" stopId="09908" tag="9908" title="Del Mar / Kinneloa"/>
  <stop lat="34.1406399" lon="-118.132" stopId="09909" tag="9909" title="Del Mar / Lake"/>
  <stop lat="34.14082" lon="-118.1304699" stopId="09911" tag="9911" title="Del Mar / Mentor"/>
  <stop lat="34.14204" lon="-118.0948499" stopId="09912" tag="9912" title="Del Mar / San Gabriel"/>
  <stop lat="34.14202" lon="-118.1013" stopId="09914" tag="9914" title="Del Mar / Sierra Madre"/>
  <stop lat="34.14083" lon="-118.1276999" stopId="09915" tag="9915" title="Del Mar / Wilson"/>
  <stop lat="34.1490799" lon="-118.14882" stopId="11957" tag="11957" title="Raymond / Walnut Layover"/>
  <stop lat="34.1379999" lon="-118.0734099" stopId="13072" tag="13072" title="Rosemead / San Pasqual"/>
  <stop lat="34.14028" lon="-118.1410299" stopId="13695" tag="13695" title="Del Mar / Los Robles"/>
  <stop lat="34.1284" lon="-118.0650099" stopId="13981" tag="13981" title="Sunset / Fairview"/>
  <stop lat="34.1005999" lon="-118.0597699" stopId="14899" tag="14899" title="Temple City / Broadway"/>
  <stop lat="34.12074" lon="-118.06381" stopId="14900" tag="14900" title="Temple City / Camino Real"/>
  <stop lat="34.1248099" lon="-118.0645999" stopId="14901" tag="14901" title="Sunset / Duarte"/>
  <stop lat="34.1103899" lon="-118.0617799" stopId="14902" tag="14902" title="Temple City / Garibaldi"/>
  <stop lat="34.0938999" lon="-118.0583699" stopId="14903" tag="14903" title="Temple City / La Rosa"/>
  <stop lat="34.10685" lon="-118.06106" stopId="14904" tag="14904" title="Temple City / Las Tunas"/>
  <stop lat="34.11755" lon="-118.06318" stopId="14905" tag="14905" title="Temple City / Lemon"/>
  <stop lat="34.10277" lon="-118.06024" stopId="14906" tag="14906" title="Temple City / Live Oak"/>
  <stop lat="34.1139999" lon="-118.0624699" stopId="14907" tag="14907" title="Temple City / Longden"/>
  <stop lat="34.0891899" lon="-118.05737" stopId="14908" tag="14908" title="Temple City / Lower Azusa"/>
  <stop lat="34.0979999" lon="-118.0592199" stopId="14909" tag="14909" title="Temple City / Olive"/>
  <stop lat="34.08538" lon="-118.0568099" stopId="14910" tag="14910" title="Temple City / Rr Xing"/>
  <stop lat="34.1086" lon="-118.06141" stopId="14911" tag="14911" title="Temple City / Woodruff"/>
  <stop lat="34.0758299" lon="-118.0414999" stopId="15114" tag="15114" title="Main / Santa Anita"/>
  <stop lat="34.1306399" lon="-118.0654" stopId="17054" tag="17054" title="Huntington / Sunset"/>
  <stop lat="34.0721999" lon="-118.04512" tag="30020_ar" title="El Monte Station - Lower Level"/>
  <stop lat="34.0780999" lon="-118.0509099" stopId="176670" tag="176670" title="Valley / Gibson"/>
  <stop lat="34.13019" lon="-118.0728" stopId="65300029" tag="65300029" title="Huntington / Rosemead"/>
  <direction name="South" tag="267_94_1" title="South to El Monte Station" useForUI="true">
   <stop tag="11957"/>
   <stop tag="501"/>
   <stop tag="13695"/>
   <stop tag="9905"/>
   <stop tag="9907"/>
   <stop tag="9909"/>
   <stop tag="9911"/>
   <stop tag="9915"/>
   <stop tag="9902"/>
   <stop tag="9544"/>
   <stop tag="9901"/>
   <stop tag="9898"/>
   <stop tag="9900"/>
   <stop tag="9903"/>
   <stop tag="9897"/>
   <stop tag="9914"/>
   <stop tag="9899"/>
   <stop tag="9912"/>
   <stop tag="9904"/>
   <stop tag="9906"/>
   <stop tag="9908"/>
   <stop tag="9552"/>
   <stop tag="9553"/>
   <stop tag="9554"/>
   <stop tag="13072"/>
   <stop tag="9828"/>
   <stop tag="65300029"/>
   <stop tag="17054"/>
   <stop tag="13981"/>
   <stop tag="14901"/>
   <stop tag="14900"/>
   <stop tag="14905"/>
   <stop tag="14907"/>
   <stop tag="14902"/>
   <stop tag="14911"/>
   <stop tag="14904"/>
   <stop tag="14906"/>
   <stop tag="14899"/>
   <stop tag="14909"/>
   <stop tag="14903"/>
   <stop tag="14908"/>
   <stop tag="14910"/>
   <stop tag="6733"/>
   <stop tag="6729"/>
   <stop tag="6700"/>
   <stop tag="176670"/>
   <stop tag="6699"/>
   <stop tag="15114"/>
   <stop tag="30020_ar"/>
  </direction>
  <direction name="North" tag="267_93_0" title="North to Del Mar Station" useForUI="true">
   <stop tag="30020"/>
   <stop tag="142127"/>
   <stop tag="142128"/>
   <stop tag="15057"/>
   <stop tag="176170"/>
   <stop tag="15058"/>
   <stop tag="15086"/>
   <stop tag="6734"/>
   <stop tag="6530"/>
   <stop tag="6528"/>
   <stop tag="6523"/>
   <stop tag="6529"/>
   <stop tag="6519"/>
   <stop tag="6526"/>
   <stop tag="6524"/>
   <stop tag="6531"/>
   <stop tag="6522"/>
   <stop tag="6527"/>
   <stop tag="6525"/>
   <stop tag="6520"/>
   <stop tag="6521"/>
   <stop tag="5595"/>
   <stop tag="16044"/>
   <stop tag="5445"/>
   <stop tag="5444"/>
   <stop tag="5446"/>
   <stop tag="1011"/>
   <stop tag="1010"/>
   <stop tag="1009"/>
   <stop tag="1382"/>
   <stop tag="1379"/>
   <stop tag="1377"/>
   <stop tag="1385"/>
   <stop tag="1372"/>
   <stop tag="1387"/>
   <stop tag="1370"/>
   <stop tag="1376"/>
   <stop tag="1373"/>
   <stop tag="1371"/>
   <stop tag="1374"/>
   <stop tag="1386"/>
   <stop tag="1380"/>
   <stop tag="1375"/>
   <stop tag="1388"/>
   <stop tag="1384"/>
   <stop tag="1383"/>
   <stop tag="1381"/>
   <stop tag="1378"/>
   <stop tag="3509"/>
   <stop tag="4673"/>
   <stop tag="11957_ar"/>
  </direction>
  <path>
   <point lat="34.08978" lon="-118.0572"/>
   <point lat="34.09409" lon="-118.05811"/>
   <point lat="34.09818" lon="-118.05895"/>
   <point lat="34.10037" lon="-118.05942"/>
   <point lat="34.10335" lon="-118.06005"/>
   <point lat="34.10699" lon="-118.06078"/>
   <point lat="34.10878" lon="-118.06115"/>
   <point lat="34.11016" lon="-118.06143"/>
   <point lat="34.1137299" lon="-118.0621"/>
   <point lat="34.11773" lon="-118.06291"/>
   <point lat="34.12091" lon="-118.06354"/>
   <point lat="34.12457" lon="-118.06427"/>
   <point lat="34.12664" lon="-118.06467"/>
   <point lat="34.12815" lon="-118.06468"/>
   <point lat="34.13108" lon="-118.06514"/>
   <point lat="34.13118" lon="-118.06548"/>
  </path>
  <path>
   <point lat="34.13118" lon="-118.06548"/>
   <point lat="34.13064" lon="-118.07111"/>
   <point lat="34.1305" lon="-118.07315"/>
   <point lat="34.13078" lon="-118.073"/>
   <point lat="34.13256" lon="-118.07319"/>
   <point lat="34.13493" lon="-118.07308"/>
   <point lat="34.1372799" lon="-118.07311"/>
   <point lat="34.14232" lon="-118.07332"/>
   <point lat="34.14241" lon="-118.07366"/>
   <point lat="34.1423599" lon="-118.07625"/>
   <point lat="34.14222" lon="-118.08155"/>
   <point lat="34.14231" lon="-118.08188"/>
   <point lat="34.14229" lon="-118.08536"/>
   <point lat="34.14227" lon="-118.08966"/>
   <point lat="34.14225" lon="-118.09207"/>
   <point lat="34.14224" lon="-118.09495"/>
   <point lat="34.14222" lon="-118.09902"/>
   <point lat="34.14222" lon="-118.10196"/>
   <point lat="34.14221" lon="-118.10419"/>
   <point lat="34.14218" lon="-118.10599"/>
   <point lat="34.14208" lon="-118.10979"/>
   <point lat="34.1420699" lon="-118.11345"/>
   <point lat="34.14204" lon="-118.11592"/>
   <point lat="34.14203" lon="-118.11753"/>
   <point lat="34.1419" lon="-118.12087"/>
   <point lat="34.14185" lon="-118.12161"/>
   <point lat="34.14106" lon="-118.12484"/>
   <point lat="34.14093" lon="-118.12595"/>
   <point lat="34.14102" lon="-118.12782"/>
   <point lat="34.14101" lon="-118.13063"/>
   <point lat="34.14083" lon="-118.13163"/>
   <point lat="34.1407" lon="-118.13266"/>
  </path>
  <path>
   <point lat="34.14064" lon="-118.132"/>
   <point lat="34.14082" lon="-118.13047"/>
   <point lat="34.14092" lon="-118.12935"/>
   <point lat="34.14083" lon="-118.1277"/>
   <point lat="34.14094" lon="-118.12503"/>
   <point lat="34.1409499" lon="-118.1243"/>
   <point lat="34.1416899" lon="-118.12146"/>
   <point lat="34.14193" lon="-118.1172"/>
   <point lat="34.14185" lon="-118.11575"/>
   <point lat="34.14187" lon="-118.11279"/>
   <point lat="34.1418899" lon="-118.10913"/>
   <point lat="34.14199" lon="-118.1063"/>
   <point lat="34.14202" lon="-118.10419"/>
   <point lat="34.14202" lon="-118.1013"/>
   <point lat="34.14203" lon="-118.09836"/>
   <point lat="34.14204" lon="-118.09485"/>
   <point lat="34.14206" lon="-118.09141"/>
   <point lat="34.1420699" lon="-118.08949"/>
   <point lat="34.1421599" lon="-118.08519"/>
   <point lat="34.14212" lon="-118.08128"/>
   <point lat="34.1421599" lon="-118.07657"/>
   <point lat="34.14222" lon="-118.07357"/>
   <point lat="34.14134" lon="-118.07331"/>
   <point lat="34.138" lon="-118.07341"/>
   <point lat="34.13438" lon="-118.07338"/>
   <point lat="34.13029" lon="-118.07314"/>
   <point lat="34.13019" lon="-118.0728"/>
   <point lat="34.13064" lon="-118.0654"/>
  </path>
  <path>
   <point lat="34.14908" lon="-118.14882"/>
   <point lat="34.1495" lon="-118.14891"/>
   <point lat="34.1495" lon="-118.1499"/>
   <point lat="34.14952" lon="-118.15008"/>
   <point lat="34.14956" lon="-118.15028"/>
   <point lat="34.14961" lon="-118.15039"/>
   <point lat="34.14963" lon="-118.15053"/>
   <point lat="34.14791" lon="-118.15054"/>
   <point lat="34.14766" lon="-118.15053"/>
   <point lat="34.14656" lon="-118.15046"/>
   <point lat="34.14623" lon="-118.15047"/>
   <point lat="34.14612" lon="-118.15046"/>
   <point lat="34.14578" lon="-118.15045"/>
   <point lat="34.1445099" lon="-118.15044"/>
   <point lat="34.1445099" lon="-118.14887"/>
   <point lat="34.14133" lon="-118.14893"/>
   <point lat="34.14058" lon="-118.14883"/>
   <point lat="34.14056" lon="-118.1483"/>
   <point lat="34.14055" lon="-118.14816"/>
   <point lat="34.14052" lon="-118.14796"/>
   <point lat="34.1405" lon="-118.14763"/>
   <point lat="34.1405" lon="-118.14645"/>
   <point lat="34.1404" lon="-118.14552"/>
   <point lat="34.1403899" lon="-118.14534"/>
   <point lat="34.14038" lon="-118.14509"/>
   <point lat="34.14037" lon="-118.14473"/>
   <point lat="34.14037" lon="-118.14286"/>
   <point lat="34.14028" lon="-118.14103"/>
   <point lat="34.1403" lon="-118.13651"/>
   <point lat="34.14038" lon="-118.13515"/>
   <point lat="34.14031" lon="-118.13397"/>
   <point lat="34.14061" lon="-118.13254"/>
   <point lat="34.14064" lon="-118.132"/>
  </path>
  <path>
   <point lat="34.13064" lon="-118.0654"/>
   <point lat="34.13082" lon="-118.06511"/>
   <point lat="34.1294899" lon="-118.06497"/>
   <point lat="34.1284" lon="-118.06501"/>
   <point lat="34.12664" lon="-118.06467"/>
   <point lat="34.1248099" lon="-118.0646"/>
   <point lat="34.12074" lon="-118.06381"/>
   <point lat="34.11755" lon="-118.06318"/>
   <point lat="34.114" lon="-118.06247"/>
   <point lat="34.11039" lon="-118.06178"/>
   <point lat="34.1086" lon="-118.06141"/>
   <point lat="34.10685" lon="-118.06106"/>
   <point lat="34.10277" lon="-118.06024"/>
   <point lat="34.1006" lon="-118.05977"/>
   <point lat="34.098" lon="-118.05922"/>
   <point lat="34.0939" lon="-118.05837"/>
   <point lat="34.08919" lon="-118.05737"/>
  </path>
  <path>
   <point lat="34.08919" lon="-118.05737"/>
   <point lat="34.08768" lon="-118.05641"/>
   <point lat="34.08754" lon="-118.05636"/>
   <point lat="34.0872" lon="-118.0562"/>
   <point lat="34.0871" lon="-118.05617"/>
   <point lat="34.08695" lon="-118.05613"/>
   <point lat="34.08685" lon="-118.05613"/>
   <point lat="34.08678" lon="-118.05615"/>
   <point lat="34.08668" lon="-118.05615"/>
   <point lat="34.0865" lon="-118.05622"/>
   <point lat="34.08638" lon="-118.05626"/>
   <point lat="34.08538" lon="-118.05681"/>
   <point lat="34.08287" lon="-118.05763"/>
   <point lat="34.0813" lon="-118.05826"/>
   <point lat="34.08112" lon="-118.05797"/>
   <point lat="34.0811599" lon="-118.05766"/>
   <point lat="34.0799499" lon="-118.05526"/>
   <point lat="34.07898" lon="-118.053"/>
   <point lat="34.0781" lon="-118.05091"/>
   <point lat="34.07716" lon="-118.0482"/>
   <point lat="34.0770399" lon="-118.04787"/>
   <point lat="34.07694" lon="-118.04757"/>
   <point lat="34.07651" lon="-118.04641"/>
   <point lat="34.07644" lon="-118.0453"/>
   <point lat="34.07635" lon="-118.04271"/>
   <point lat="34.07633" lon="-118.04194"/>
   <point lat="34.07632" lon="-118.04187"/>
   <point lat="34.07617" lon="-118.04175"/>
   <point lat="34.07607" lon="-118.04165"/>
   <point lat="34.07583" lon="-118.0415"/>
   <point lat="34.07559" lon="-118.04127"/>
   <point lat="34.07542" lon="-118.04131"/>
   <point lat="34.0746899" lon="-118.04144"/>
   <point lat="34.0742" lon="-118.04155"/>
   <point lat="34.07389" lon="-118.04165"/>
   <point lat="34.07382" lon="-118.04169"/>
   <point lat="34.0736" lon="-118.0418"/>
   <point lat="34.07322" lon="-118.04203"/>
   <point lat="34.073" lon="-118.04213"/>
   <point lat="34.0728" lon="-118.04218"/>
   <point lat="34.07247" lon="-118.04221"/>
   <point lat="34.07198" lon="-118.04218"/>
   <point lat="34.07117" lon="-118.04217"/>
   <point lat="34.07115" lon="-118.04288"/>
   <point lat="34.07115" lon="-118.04445"/>
   <point lat="34.07202" lon="-118.04445"/>
   <point lat="34.07201" lon="-118.04598"/>
   <point lat="34.07223" lon="-118.04598"/>
   <point lat="34.0723399" lon="-118.04597"/>
   <point lat="34.07243" lon="-118.04578"/>
   <point lat="34.07248" lon="-118.04568"/>
   <point lat="34.07247" lon="-118.04556"/>
   <point lat="34.0722" lon="-118.04512"/>
  </path>
  <path>
   <point lat="34.1407" lon="-118.13266"/>
   <point lat="34.1405" lon="-118.13415"/>
   <point lat="34.14038" lon="-118.13515"/>
   <point lat="34.1405" lon="-118.13717"/>
   <point lat="34.1404799" lon="-118.14103"/>
   <point lat="34.14037" lon="-118.14286"/>
   <point lat="34.14037" lon="-118.14473"/>
   <point lat="34.1403899" lon="-118.14506"/>
   <point lat="34.1403899" lon="-118.14534"/>
   <point lat="34.1404" lon="-118.14552"/>
   <point lat="34.1405" lon="-118.14645"/>
   <point lat="34.1405" lon="-118.14763"/>
   <point lat="34.14052" lon="-118.14796"/>
   <point lat="34.14055" lon="-118.14816"/>
   <point lat="34.14056" lon="-118.1483"/>
   <point lat="34.14058" lon="-118.14883"/>
   <point lat="34.14158" lon="-118.14875"/>
   <point lat="34.14352" lon="-118.14886"/>
   <point lat="34.14908" lon="-118.14882"/>
  </path>
  <path>
   <point lat="34.07252" lon="-118.04202"/>
   <point lat="34.0742" lon="-118.04155"/>
   <point lat="34.07486" lon="-118.04125"/>
   <point lat="34.07542" lon="-118.04131"/>
   <point lat="34.07559" lon="-118.04127"/>
   <point lat="34.07583" lon="-118.0412"/>
   <point lat="34.07614" lon="-118.0411"/>
   <point lat="34.07653" lon="-118.04095"/>
   <point lat="34.07642" lon="-118.04133"/>
   <point lat="34.07639" lon="-118.04148"/>
   <point lat="34.07632" lon="-118.04187"/>
   <point lat="34.07633" lon="-118.04194"/>
   <point lat="34.07642" lon="-118.04488"/>
   <point lat="34.07669" lon="-118.04602"/>
   <point lat="34.07694" lon="-118.04757"/>
   <point lat="34.0770399" lon="-118.04787"/>
   <point lat="34.07716" lon="-118.0482"/>
   <point lat="34.07824" lon="-118.05053"/>
   <point lat="34.07908" lon="-118.05257"/>
   <point lat="34.08005" lon="-118.05483"/>
   <point lat="34.0811599" lon="-118.05766"/>
   <point lat="34.08138" lon="-118.05798"/>
   <point lat="34.08238" lon="-118.05783"/>
   <point lat="34.08482" lon="-118.05671"/>
   <point lat="34.08638" lon="-118.05626"/>
   <point lat="34.0865" lon="-118.05622"/>
   <point lat="34.08668" lon="-118.05615"/>
   <point lat="34.08678" lon="-118.05615"/>
   <point lat="34.08685" lon="-118.05613"/>
   <point lat="34.08695" lon="-118.05613"/>
   <point lat="34.0871" lon="-118.05617"/>
   <point lat="34.0872" lon="-118.0562"/>
   <point lat="34.08754" lon="-118.05636"/>
   <point lat="34.08768" lon="-118.05641"/>
   <point lat="34.08852" lon="-118.05687"/>
   <point lat="34.08978" lon="-118.0572"/>
  </path>
  <path>
   <point lat="34.0722" lon="-118.04512"/>
   <point lat="34.07247" lon="-118.04429"/>
   <point lat="34.07202" lon="-118.04429"/>
   <point lat="34.07202" lon="-118.04445"/>
   <point lat="34.07115" lon="-118.04445"/>
   <point lat="34.07115" lon="-118.04288"/>
   <point lat="34.07117" lon="-118.04217"/>
   <point lat="34.07188" lon="-118.04218"/>
   <point lat="34.07198" lon="-118.04218"/>
   <point lat="34.07247" lon="-118.04221"/>
   <point lat="34.07252" lon="-118.0422"/>
   <point lat="34.07252" lon="-118.04202"/>
  </path>
 </route>
</body>