<?xml version="1.0" encoding="utf-8"?>
<body copyright="All data copyright Los Angeles Metro 2022.">
 <route color="e74d00" latMax="34.1239499" latMin="34.07357" lonMax="-118.18455" lonMin="-118.2912" oppositeColor="ffffff" tag="182" title="182 Rose Hill Tc - E Hollywood Via Figue">
  <stop lat="34.07555" lon="-118.20262" stopId="00474" tag="474" title="Lincoln Park / Altura"/>
  <stop lat="34.07357" lon="-118.2114699" stopId="00959" tag="959" title="Broadway / Griffin"/>
  <stop lat="34.1239199" lon="-118.22085" stopId="01737" tag="1737" title="Eagle Rock / York"/>
  <stop lat="34.12223" lon="-118.2240399" stopId="01740" tag="1740" title="Eagle Rock / El Paso"/>
  <stop lat="34.11989" lon="-118.2289699" stopId="01752" tag="1752" title="Eagle Rock / Avenue 40"/>
  <stop lat="34.1207799" lon="-118.22711" stopId="01753" tag="1753" title="Eagle Rock / Avenue 41"/>
  <stop lat="34.1075699" lon="-118.25446" stopId="01946" tag="1946" title="Fletcher / Ripple"/>
  <stop lat="34.1057399" lon="-118.25661" stopId="01947" tag="1947" title="Fletcher / Riverside"/>
  <stop lat="34.09576" lon="-118.2847599" stopId="02074" tag="2074" title="Fountain / Hoover"/>
  <stop lat="34.1069299" lon="-118.2631399" stopId="02193" tag="2193" title="Glendale / Locksley"/>
  <stop lat="34.0889299" lon="-118.20647" stopId="02299" tag="2299" title="Griffin / Avenue 39"/>
  <stop lat="34.1087299" lon="-118.27491" stopId="02306" tag="2306" title="Saint George / Griffith Park"/>
  <stop lat="34.0860899" lon="-118.18724" tag="2545_ar" title="Huntington / Monterey"/>
  <stop lat="34.0803299" lon="-118.2027699" stopId="02981" tag="2981" title="Lincoln Park / Flora"/>
  <stop lat="34.0742199" lon="-118.20257" stopId="02982" tag="2982" title="Lincoln Park / Broadway"/>
  <stop lat="34.07854" lon="-118.20272" stopId="02983" tag="2983" title="Lincoln Park / Pomona"/>
  <stop lat="34.0858299" lon="-118.19124" stopId="03235" tag="3235" title="Mercury / Galena"/>
  <stop lat="34.08583" lon="-118.1888399" stopId="03236" tag="3236" title="Mercury / Huntington"/>
  <stop lat="34.0848799" lon="-118.19598" stopId="03237" tag="3237" title="Mercury / Reynolds"/>
  <stop lat="34.0736199" lon="-118.20794" stopId="03418" tag="3418" title="Broadway / Eastlake"/>
  <stop lat="34.0736399" lon="-118.20537" stopId="03427" tag="3427" title="Broadway / Thomas"/>
  <stop lat="34.10798" lon="-118.26728" stopId="05067" tag="5067" title="Rowena / Silver Lake"/>
  <stop lat="34.08061" lon="-118.2015499" stopId="06248" tag="6248" title="Sierra / Flora"/>
  <stop lat="34.08259" lon="-118.2004799" stopId="06249" tag="6249" title="Sierra / Gillig"/>
  <stop lat="34.0843399" lon="-118.2001" stopId="06250" tag="6250" title="Sierra / Mercury"/>
  <stop lat="34.1073399" lon="-118.27664" stopId="06317" tag="6317" title="Saint George / Aloha"/>
  <stop lat="34.0998599" lon="-118.2829499" stopId="06443" tag="6443" title="Talmadge / Clayton"/>
  <stop lat="34.1053" lon="-118.28296" stopId="06444" tag="6444" title="Talmadge / Franklin"/>
  <stop lat="34.10379" lon="-118.28295" stopId="06445" tag="6445" title="Talmadge / Melbourne"/>
  <stop lat="34.1016799" lon="-118.28295" stopId="06446" tag="6446" title="Talmadge / Prospect"/>
  <stop lat="34.09806" lon="-118.28294" stopId="06447" tag="6447" title="Talmadge / Sunset Dr"/>
  <stop lat="34.10818" lon="-118.2829699" stopId="06448" tag="6448" title="Talmadge / Tracy"/>
  <stop lat="34.10827" lon="-118.2801799" stopId="06604" tag="6604" title="Tracy / Myra"/>
  <stop lat="34.11832" lon="-118.2321499" stopId="07073" tag="7073" title="Eagle Rock / Verdugo"/>
  <stop lat="34.09803" lon="-118.2912" stopId="07092" tag="7092" title="Sunset / Vermont"/>
  <stop lat="34.0927799" lon="-118.2055499" stopId="09813" tag="9813" title="Avenue 43 / Mosher"/>
  <stop lat="34.10208" lon="-118.2032699" stopId="10431" tag="10431" title="Figueroa / Sycamore"/>
  <stop lat="34.0982299" lon="-118.20551" stopId="10434" tag="10434" title="Figueroa / Woodside"/>
  <stop lat="34.0957599" lon="-118.28868" stopId="10622" tag="10622" title="Fountain / Lyman"/>
  <stop lat="34.08704" lon="-118.2087499" stopId="10826" tag="10826" title="3621 Griffin"/>
  <stop lat="34.07939" lon="-118.21198" stopId="10828" tag="10828" title="Griffin / Avenue 28"/>
  <stop lat="34.0810899" lon="-118.2119999" stopId="10829" tag="10829" title="Griffin / Avenue 31"/>
  <stop lat="34.08324" lon="-118.21208" stopId="10830" tag="10830" title="Griffin / Avenue 33"/>
  <stop lat="34.0854299" lon="-118.21134" stopId="10831" tag="10831" title="Griffin / Avenue 35"/>
  <stop lat="34.09045" lon="-118.2053299" stopId="10833" tag="10833" title="Griffin / Avenue 41"/>
  <stop lat="34.0918099" lon="-118.2043" stopId="10834" tag="10834" title="Griffin / Avenue 43"/>
  <stop lat="34.0857999" lon="-118.19297" stopId="11725" tag="11725" title="Mercury / Sardonyx"/>
  <stop lat="34.1116" lon="-118.1890099" stopId="11993" tag="11993" title="Figueroa / Avenue 60"/>
  <stop lat="34.1049299" lon="-118.20238" stopId="12006" tag="12006" title="Figueroa / Avenue 50"/>
  <stop lat="34.1064599" lon="-118.19944" stopId="12007" tag="12007" title="Figueroa / Avenue 52"/>
  <stop lat="34.1077799" lon="-118.19677" stopId="12008" tag="12008" title="Figueroa / Avenue 54"/>
  <stop lat="34.1089199" lon="-118.19442" stopId="12009" tag="12009" title="Figueroa / Avenue 56"/>
  <stop lat="34.1097499" lon="-118.19277" stopId="12010" tag="12010" title="Figueroa / Avenue 57"/>
  <stop lat="34.1107499" lon="-118.19073" stopId="12011" tag="12011" title="Figueroa / Avenue 59"/>
  <stop lat="34.11392" lon="-118.1861199" stopId="12014" tag="12014" title="Figueroa / Piedmont"/>
  <stop lat="34.0962899" lon="-118.20725" stopId="12024" tag="12024" title="Figueroa / Avenue 45"/>
  <stop lat="34.09969" lon="-118.2041299" stopId="12026" tag="12026" title="Figueroa / Sycamore Grove Park"/>
  <stop lat="34.1147999" lon="-118.18522" stopId="12028" tag="12028" title="Figueroa / York"/>
  <stop lat="34.0766699" lon="-118.2119399" stopId="12076" tag="12076" title="Griffin / Avenue 26"/>
  <stop lat="34.1146599" lon="-118.24593" stopId="12352" tag="12352" title="Fletcher / San Fernando"/>
  <stop lat="34.1180299" lon="-118.1896599" stopId="16866" tag="16866" title="York / Aldama"/>
  <stop lat="34.1223799" lon="-118.2122499" stopId="16867" tag="16867" title="York / Armadale"/>
  <stop lat="34.1173299" lon="-118.1862399" stopId="16868" tag="16868" title="York / Branch"/>
  <stop lat="34.12358" lon="-118.21853" stopId="16869" tag="16869" title="York / Avenue 45"/>
  <stop lat="34.1231299" lon="-118.2161799" stopId="16870" tag="16870" title="York / Avenue 46"/>
  <stop lat="34.12179" lon="-118.2092" stopId="16871" tag="16871" title="York / Avenue 49"/>
  <stop lat="34.12098" lon="-118.20494" stopId="16873" tag="16873" title="York / Avenue 51"/>
  <stop lat="34.1205599" lon="-118.2027999" stopId="16874" tag="16874" title="York / Avenue 52"/>
  <stop lat="34.11991" lon="-118.19936" stopId="16875" tag="16875" title="York / Avenue 54"/>
  <stop lat="34.11935" lon="-118.19686" stopId="16876" tag="16876" title="York / Avenue 56"/>
  <stop lat="34.11878" lon="-118.19391" stopId="16877" tag="16877" title="York / Avenue 57"/>
  <stop lat="34.11214" lon="-118.2490499" stopId="17121" tag="17121" title="Fletcher / La Clede"/>
  <stop lat="34.0943099" lon="-118.2082599" stopId="17785" tag="17785" title="Avenue 43 / Figueroa"/>
  <stop lat="34.1101599" lon="-118.25141" stopId="32173" tag="32173" title="Fletcher / Larga"/>
  <stop lat="34.09567" lon="-118.2864599" stopId="142121" tag="142121" title="Fountain / Virgil"/>
  <stop lat="34.0755199" lon="-118.2028899" stopId="00473" tag="473" title="Lincoln Park / Altura"/>
  <stop lat="34.0739099" lon="-118.2054" stopId="00644" tag="644" title="Broadway / Thomas"/>
  <stop lat="34.09297" lon="-118.20559" stopId="01284" tag="1284" title="Avenue 43 / Mosher"/>
  <stop lat="34.1239499" lon="-118.22126" stopId="01736" tag="1736" title="Eagle Rock / York"/>
  <stop lat="34.1134299" lon="-118.18622" stopId="01881" tag="1881" title="Figueroa / Arroyo Glen"/>
  <stop lat="34.10706" lon="-118.26288" stopId="02194" tag="2194" title="Glendale / Locksley"/>
  <stop lat="34.08693" lon="-118.2083799" stopId="02293" tag="2293" title="3628 Griffin"/>
  <stop lat="34.07912" lon="-118.21174" stopId="02295" tag="2295" title="Griffin / Avenue 28"/>
  <stop lat="34.0808099" lon="-118.2117599" stopId="02296" tag="2296" title="Griffin / Avenue 31"/>
  <stop lat="34.0832899" lon="-118.21185" stopId="02297" tag="2297" title="Griffin / Avenue 33"/>
  <stop lat="34.0850999" lon="-118.21139" stopId="02298" tag="2298" title="Griffin / Avenue 35"/>
  <stop lat="34.09011" lon="-118.2052999" stopId="02300" tag="2300" title="Griffin / Avenue 41"/>
  <stop lat="34.09171" lon="-118.2040999" stopId="02301" tag="2301" title="Griffin / Avenue 43"/>
  <stop lat="34.0860899" lon="-118.18724" stopId="02545" tag="2545" title="Huntington / Monterey"/>
  <stop lat="34.0995799" lon="-118.20381" stopId="03176" tag="3176" title="Figueroa / Sycamore Grove Park"/>
  <stop lat="34.0942699" lon="-118.20849" stopId="03510" tag="3510" title="Figueroa / Avenue 43"/>
  <stop lat="34.09577" lon="-118.2072799" stopId="03511" tag="3511" title="Figueroa / Avenue 45"/>
  <stop lat="34.1049699" lon="-118.20185" stopId="03512" tag="3512" title="Figueroa / Avenue 50"/>
  <stop lat="34.10216" lon="-118.2029099" stopId="03521" tag="3521" title="Figueroa / Avenue 49"/>
  <stop lat="34.1061" lon="-118.1995599" stopId="03523" tag="3523" title="Figueroa / Avenue 52"/>
  <stop lat="34.1072399" lon="-118.19726" stopId="03524" tag="3524" title="Figueroa / Avenue 54"/>
  <stop lat="34.1088299" lon="-118.19405" stopId="03525" tag="3525" title="Figueroa / Avenue 56"/>
  <stop lat="34.10947" lon="-118.1927399" stopId="03526" tag="3526" title="Figueroa / Avenue 57"/>
  <stop lat="34.1102999" lon="-118.19105" stopId="03527" tag="3527" title="Figueroa / Avenue 59"/>
  <stop lat="34.1114099" lon="-118.18879" stopId="03528" tag="3528" title="Figueroa / Avenue 60"/>
  <stop lat="34.0981899" lon="-118.20496" stopId="03539" tag="3539" title="Figueroa / Woodside"/>
  <stop lat="34.07667" lon="-118.2117" stopId="03588" tag="3588" title="Griffin / Avenue 26"/>
  <stop lat="34.1150499" lon="-118.24577" stopId="03875" tag="3875" title="Fletcher / San Fernando"/>
  <stop lat="34.1080899" lon="-118.2668899" stopId="05066" tag="5066" title="Rowena / Silver Lake"/>
  <stop lat="34.0980299" lon="-118.2912" tag="7092_ar" title="Sunset / Vermont"/>
  <stop lat="34.1181899" lon="-118.1891299" stopId="08558" tag="8558" title="York / Aldama"/>
  <stop lat="34.1225699" lon="-118.2118599" stopId="08559" tag="8559" title="York / Armadale"/>
  <stop lat="34.11738" lon="-118.18585" stopId="08560" tag="8560" title="York / Branch"/>
  <stop lat="34.12377" lon="-118.21813" stopId="08561" tag="8561" title="York / Avenue 45"/>
  <stop lat="34.1233199" lon="-118.2157899" stopId="08562" tag="8562" title="York / Avenue 46"/>
  <stop lat="34.12205" lon="-118.20918" stopId="08563" tag="8563" title="York / Avenue 49"/>
  <stop lat="34.1211599" lon="-118.2045499" stopId="08565" tag="8565" title="York / Avenue 51"/>
  <stop lat="34.12075" lon="-118.20241" stopId="08566" tag="8566" title="York / Avenue 52"/>
  <stop lat="34.1200799" lon="-118.1989699" stopId="08567" tag="8567" title="York / Avenue 54"/>
  <stop lat="34.1194999" lon="-118.1964899" stopId="08568" tag="8568" title="York / Avenue 56"/>
  <stop lat="34.11896" lon="-118.19352" stopId="08569" tag="8569" title="York / Avenue 57"/>
  <stop lat="34.1158599" lon="-118.18455" stopId="08570" tag="8570" title="York / Figueroa"/>
  <stop lat="34.11823" lon="-118.2329499" stopId="10290" tag="10290" title="Eagle Rock / Glendale Fwy"/>
  <stop lat="34.1222599" lon="-118.22459" stopId="10294" tag="10294" title="Eagle Rock / El Paso"/>
  <stop lat="34.1200399" lon="-118.22926" stopId="10301" tag="10301" title="Eagle Rock / Verdugo"/>
  <stop lat="34.1209699" lon="-118.22732" stopId="10307" tag="10307" title="Eagle Rock / Avenue 41"/>
  <stop lat="34.1076799" lon="-118.25475" stopId="10498" tag="10498" title="Fletcher / Crystal"/>
  <stop lat="34.10586" lon="-118.2568999" stopId="10499" tag="10499" title="Fletcher / Riverside"/>
  <stop lat="34.0957599" lon="-118.28868" tag="10622_ar" title="Fountain / Lyman"/>
  <stop lat="34.08859" lon="-118.2064599" stopId="10832" tag="10832" title="Griffin / Avenue 39"/>
  <stop lat="34.10885" lon="-118.2751099" stopId="10838" tag="10838" title="Saint George / Griffith Park"/>
  <stop lat="34.08021" lon="-118.2030299" stopId="11472" tag="11472" title="Lincoln Park / Flora"/>
  <stop lat="34.07881" lon="-118.20296" stopId="11473" tag="11473" title="Lincoln Park / Pomona"/>
  <stop lat="34.08602" lon="-118.1905199" stopId="11727" tag="11727" title="Mercury / McKenzie"/>
  <stop lat="34.08519" lon="-118.1954899" stopId="11728" tag="11728" title="Mercury / Reynolds"/>
  <stop lat="34.0738799" lon="-118.20762" stopId="11906" tag="11906" title="Broadway / Eastlake"/>
  <stop lat="34.07419" lon="-118.21156" stopId="12077" tag="12077" title="Griffin / Broadway"/>
  <stop lat="34.0842699" lon="-118.20035" stopId="14632" tag="14632" title="Sierra / Borel"/>
  <stop lat="34.0806699" lon="-118.20179" stopId="14633" tag="14633" title="Sierra / Flora"/>
  <stop lat="34.0829" lon="-118.2006299" stopId="14634" tag="14634" title="Sierra / Gillig"/>
  <stop lat="34.1001399" lon="-118.2831199" stopId="14817" tag="14817" title="Talmadge / Clayton"/>
  <stop lat="34.1079" lon="-118.2831399" stopId="14818" tag="14818" title="Talmadge / Finley"/>
  <stop lat="34.10557" lon="-118.28313" stopId="14819" tag="14819" title="Talmadge / Franklin"/>
  <stop lat="34.10377" lon="-118.28313" stopId="14820" tag="14820" title="Talmadge / Melbourne"/>
  <stop lat="34.1019599" lon="-118.28312" stopId="14821" tag="14821" title="Talmadge / Prospect"/>
  <stop lat="34.1084199" lon="-118.27893" stopId="14973" tag="14973" title="Tracy / Ames"/>
  <stop lat="34.08601" lon="-118.1926899" stopId="16989" tag="16989" title="Mercury / Boundary"/>
  <stop lat="34.1073699" lon="-118.27699" stopId="17057" tag="17057" title="Saint George / Tracy"/>
  <stop lat="34.1123199" lon="-118.24926" stopId="17127" tag="17127" title="Fletcher / La Clede"/>
  <stop lat="34.11058" lon="-118.2513399" stopId="32175" tag="32175" title="Fletcher / Larga"/>
  <stop lat="34.0958099" lon="-118.2865499" stopId="142122" tag="142122" title="Fountain / Virgil"/>
  <stop lat="34.0958899" lon="-118.2839199" stopId="142123" tag="142123" title="Fountain / Sunset"/>
  <stop lat="34.09833" lon="-118.28311" stopId="142124" tag="142124" title="Talmadge / Sunset"/>
  <direction name="East" tag="182_14_0" title="East to Huntington-Monterey" useForUI="true">
   <stop tag="10622"/>
   <stop tag="7092"/>
   <stop tag="142121"/>
   <stop tag="2074"/>
   <stop tag="6447"/>
   <stop tag="6443"/>
   <stop tag="6446"/>
   <stop tag="6445"/>
   <stop tag="6444"/>
   <stop tag="6448"/>
   <stop tag="6604"/>
   <stop tag="6317"/>
   <stop tag="2306"/>
   <stop tag="5067"/>
   <stop tag="2193"/>
   <stop tag="1947"/>
   <stop tag="1946"/>
   <stop tag="32173"/>
   <stop tag="17121"/>
   <stop tag="12352"/>
   <stop tag="7073"/>
   <stop tag="1752"/>
   <stop tag="1753"/>
   <stop tag="1740"/>
   <stop tag="1737"/>
   <stop tag="16869"/>
   <stop tag="16870"/>
   <stop tag="16867"/>
   <stop tag="16871"/>
   <stop tag="16873"/>
   <stop tag="16874"/>
   <stop tag="16875"/>
   <stop tag="16876"/>
   <stop tag="16877"/>
   <stop tag="16866"/>
   <stop tag="16868"/>
   <stop tag="12028"/>
   <stop tag="12014"/>
   <stop tag="11993"/>
   <stop tag="12011"/>
   <stop tag="12010"/>
   <stop tag="12009"/>
   <stop tag="12008"/>
   <stop tag="12007"/>
   <stop tag="12006"/>
   <stop tag="10431"/>
   <stop tag="12026"/>
   <stop tag="10434"/>
   <stop tag="12024"/>
   <stop tag="17785"/>
   <stop tag="9813"/>
   <stop tag="10834"/>
   <stop tag="10833"/>
   <stop tag="2299"/>
   <stop tag="10826"/>
   <stop tag="10831"/>
   <stop tag="10830"/>
   <stop tag="10829"/>
   <stop tag="10828"/>
   <stop tag="12076"/>
   <stop tag="959"/>
   <stop tag="3418"/>
   <stop tag="3427"/>
   <stop tag="2982"/>
   <stop tag="474"/>
   <stop tag="2983"/>
   <stop tag="2981"/>
   <stop tag="6248"/>
   <stop tag="6249"/>
   <stop tag="6250"/>
   <stop tag="3237"/>
   <stop tag="11725"/>
   <stop tag="3235"/>
   <stop tag="3236"/>
   <stop tag="2545_ar"/>
  </direction>
  <direction name="West" tag="182_15_1" title="West to Vermont/Sunset Sta" useForUI="true">
   <stop tag="2545"/>
   <stop tag="11727"/>
   <stop tag="16989"/>
   <stop tag="11728"/>
   <stop tag="14632"/>
   <stop tag="14634"/>
   <stop tag="14633"/>
   <stop tag="11472"/>
   <stop tag="11473"/>
   <stop tag="473"/>
   <stop tag="644"/>
   <stop tag="11906"/>
   <stop tag="12077"/>
   <stop tag="3588"/>
   <stop tag="2295"/>
   <stop tag="2296"/>
   <stop tag="2297"/>
   <stop tag="2298"/>
   <stop tag="2293"/>
   <stop tag="10832"/>
   <stop tag="2300"/>
   <stop tag="2301"/>
   <stop tag="1284"/>
   <stop tag="3510"/>
   <stop tag="3511"/>
   <stop tag="3539"/>
   <stop tag="3176"/>
   <stop tag="3521"/>
   <stop tag="3512"/>
   <stop tag="3523"/>
   <stop tag="3524"/>
   <stop tag="3525"/>
   <stop tag="3526"/>
   <stop tag="3527"/>
   <stop tag="3528"/>
   <stop tag="1881"/>
   <stop tag="8570"/>
   <stop tag="8560"/>
   <stop tag="8558"/>
   <stop tag="8569"/>
   <stop tag="8568"/>
   <stop tag="8567"/>
   <stop tag="8566"/>
   <stop tag="8565"/>
   <stop tag="8563"/>
   <stop tag="8559"/>
   <stop tag="8562"/>
   <stop tag="8561"/>
   <stop tag="1736"/>
   <stop tag="10294"/>
   <stop tag="10307"/>
   <stop tag="10301"/>
   <stop tag="10290"/>
   <stop tag="3875"/>
   <stop tag="17127"/>
   <stop tag="32175"/>
   <stop tag="10498"/>
   <stop tag="10499"/>
   <stop tag="2194"/>
   <stop tag="5066"/>
   <stop tag="10838"/>
   <stop tag="17057"/>
   <stop tag="14973"/>
   <stop tag="14818"/>
   <stop tag="14819"/>
   <stop tag="14820"/>
   <stop tag="14821"/>
   <stop tag="14817"/>
   <stop tag="142124"/>
   <stop tag="142123"/>
   <stop tag="142122"/>
   <stop tag="7092"/>
   <stop tag="10622_ar"/>
  </direction>
  <path>
   <point lat="34.12395" lon="-118.22126"/>
   <point lat="34.12226" lon="-118.22459"/>
   <point lat="34.12097" lon="-118.22732"/>
   <point lat="34.12004" lon="-118.22926"/>
   <point lat="34.1182299" lon="-118.23295"/>
   <point lat="34.11779" lon="-118.23356"/>
   <point lat="34.11772" lon="-118.2337"/>
   <point lat="34.1176699" lon="-118.23381"/>
   <point lat="34.11745" lon="-118.23421"/>
   <point lat="34.11737" lon="-118.23435"/>
   <point lat="34.1172899" lon="-118.23446"/>
   <point lat="34.11785" lon="-118.23488"/>
   <point lat="34.11802" lon="-118.235"/>
   <point lat="34.11818" lon="-118.23513"/>
   <point lat="34.11827" lon="-118.23519"/>
   <point lat="34.1184299" lon="-118.23534"/>
   <point lat="34.1185199" lon="-118.23543"/>
   <point lat="34.11854" lon="-118.23548"/>
   <point lat="34.11864" lon="-118.23569"/>
   <point lat="34.11878" lon="-118.23623"/>
   <point lat="34.11886" lon="-118.23659"/>
   <point lat="34.1188999" lon="-118.23681"/>
   <point lat="34.11919" lon="-118.23921"/>
   <point lat="34.11919" lon="-118.23931"/>
   <point lat="34.11918" lon="-118.23943"/>
   <point lat="34.11914" lon="-118.23959"/>
   <point lat="34.11911" lon="-118.23968"/>
   <point lat="34.11906" lon="-118.23978"/>
   <point lat="34.1189899" lon="-118.23989"/>
   <point lat="34.11674" lon="-118.24315"/>
   <point lat="34.1150499" lon="-118.24577"/>
   <point lat="34.11427" lon="-118.24673"/>
   <point lat="34.11352" lon="-118.2476"/>
   <point lat="34.1123199" lon="-118.24926"/>
   <point lat="34.11058" lon="-118.25134"/>
   <point lat="34.10786" lon="-118.25433"/>
   <point lat="34.10768" lon="-118.25475"/>
   <point lat="34.10586" lon="-118.2569"/>
   <point lat="34.10546" lon="-118.25716"/>
   <point lat="34.1054" lon="-118.25726"/>
   <point lat="34.10528" lon="-118.25745"/>
   <point lat="34.10488" lon="-118.25835"/>
   <point lat="34.10474" lon="-118.25864"/>
   <point lat="34.1045" lon="-118.25922"/>
   <point lat="34.10462" lon="-118.25926"/>
   <point lat="34.10474" lon="-118.25933"/>
   <point lat="34.1048" lon="-118.25938"/>
   <point lat="34.10498" lon="-118.25959"/>
   <point lat="34.10521" lon="-118.25984"/>
   <point lat="34.10537" lon="-118.26"/>
   <point lat="34.1059399" lon="-118.26069"/>
   <point lat="34.10607" lon="-118.26091"/>
   <point lat="34.10624" lon="-118.26128"/>
   <point lat="34.10635" lon="-118.26153"/>
   <point lat="34.10652" lon="-118.26187"/>
   <point lat="34.10674" lon="-118.26242"/>
   <point lat="34.10706" lon="-118.26288"/>
   <point lat="34.10717" lon="-118.26338"/>
   <point lat="34.1072" lon="-118.26344"/>
   <point lat="34.10746" lon="-118.26413"/>
   <point lat="34.1075" lon="-118.26431"/>
   <point lat="34.10777" lon="-118.26608"/>
   <point lat="34.10809" lon="-118.26689"/>
   <point lat="34.10828" lon="-118.26801"/>
   <point lat="34.1089" lon="-118.27028"/>
   <point lat="34.10911" lon="-118.2711"/>
   <point lat="34.10919" lon="-118.27131"/>
   <point lat="34.10921" lon="-118.27136"/>
   <point lat="34.10929" lon="-118.27155"/>
   <point lat="34.10938" lon="-118.27167"/>
   <point lat="34.10958" lon="-118.2719"/>
   <point lat="34.10975" lon="-118.27211"/>
   <point lat="34.11048" lon="-118.27294"/>
   <point lat="34.11023" lon="-118.2732"/>
   <point lat="34.1088499" lon="-118.27511"/>
   <point lat="34.10737" lon="-118.27699"/>
  </path>
  <path>
   <point lat="34.10734" lon="-118.27664"/>
   <point lat="34.10873" lon="-118.27491"/>
   <point lat="34.10968" lon="-118.27389"/>
   <point lat="34.11023" lon="-118.2732"/>
   <point lat="34.11048" lon="-118.27294"/>
   <point lat="34.10975" lon="-118.27211"/>
   <point lat="34.10958" lon="-118.2719"/>
   <point lat="34.10938" lon="-118.27167"/>
   <point lat="34.10929" lon="-118.27155"/>
   <point lat="34.10921" lon="-118.27136"/>
   <point lat="34.10919" lon="-118.27131"/>
   <point lat="34.10911" lon="-118.2711"/>
   <point lat="34.1089" lon="-118.27028"/>
   <point lat="34.10828" lon="-118.26801"/>
   <point lat="34.10798" lon="-118.26728"/>
   <point lat="34.10777" lon="-118.26608"/>
   <point lat="34.1075" lon="-118.26431"/>
   <point lat="34.10746" lon="-118.26413"/>
   <point lat="34.1072" lon="-118.26344"/>
   <point lat="34.10693" lon="-118.26314"/>
   <point lat="34.10674" lon="-118.26242"/>
   <point lat="34.10635" lon="-118.26153"/>
   <point lat="34.10624" lon="-118.26128"/>
   <point lat="34.10607" lon="-118.26091"/>
   <point lat="34.1059399" lon="-118.26069"/>
   <point lat="34.10537" lon="-118.26"/>
   <point lat="34.10521" lon="-118.25984"/>
   <point lat="34.10498" lon="-118.25959"/>
   <point lat="34.1048" lon="-118.25938"/>
   <point lat="34.10474" lon="-118.25933"/>
   <point lat="34.10462" lon="-118.25926"/>
   <point lat="34.1045" lon="-118.25922"/>
   <point lat="34.10474" lon="-118.25864"/>
   <point lat="34.10488" lon="-118.25838"/>
   <point lat="34.10528" lon="-118.25745"/>
   <point lat="34.1054" lon="-118.25726"/>
   <point lat="34.10546" lon="-118.25716"/>
   <point lat="34.10574" lon="-118.25661"/>
   <point lat="34.10757" lon="-118.25446"/>
   <point lat="34.11016" lon="-118.25141"/>
   <point lat="34.1121399" lon="-118.24905"/>
   <point lat="34.11352" lon="-118.2476"/>
   <point lat="34.11466" lon="-118.24593"/>
   <point lat="34.11611" lon="-118.24406"/>
   <point lat="34.1189899" lon="-118.23989"/>
   <point lat="34.11906" lon="-118.23978"/>
   <point lat="34.11911" lon="-118.23968"/>
   <point lat="34.11914" lon="-118.23959"/>
   <point lat="34.11918" lon="-118.23943"/>
   <point lat="34.11919" lon="-118.23931"/>
   <point lat="34.11919" lon="-118.23921"/>
   <point lat="34.1188999" lon="-118.23681"/>
   <point lat="34.11886" lon="-118.23659"/>
   <point lat="34.11878" lon="-118.23623"/>
   <point lat="34.11864" lon="-118.23569"/>
   <point lat="34.11854" lon="-118.23548"/>
   <point lat="34.1185199" lon="-118.23543"/>
   <point lat="34.1184299" lon="-118.23534"/>
   <point lat="34.11827" lon="-118.23519"/>
   <point lat="34.11818" lon="-118.23513"/>
   <point lat="34.11802" lon="-118.235"/>
   <point lat="34.11785" lon="-118.23488"/>
   <point lat="34.1172899" lon="-118.23446"/>
   <point lat="34.11737" lon="-118.23435"/>
   <point lat="34.11745" lon="-118.23421"/>
   <point lat="34.1176699" lon="-118.23381"/>
   <point lat="34.11832" lon="-118.23215"/>
   <point lat="34.11989" lon="-118.22897"/>
   <point lat="34.12078" lon="-118.22711"/>
   <point lat="34.12223" lon="-118.22404"/>
   <point lat="34.12359" lon="-118.22158"/>
   <point lat="34.12392" lon="-118.22085"/>
  </path>
  <path>
   <point lat="34.11586" lon="-118.18455"/>
   <point lat="34.11738" lon="-118.18585"/>
   <point lat="34.11754" lon="-118.18636"/>
   <point lat="34.11819" lon="-118.18913"/>
   <point lat="34.11896" lon="-118.19352"/>
   <point lat="34.1195" lon="-118.19649"/>
   <point lat="34.11961" lon="-118.19777"/>
   <point lat="34.12008" lon="-118.19897"/>
   <point lat="34.12075" lon="-118.20241"/>
   <point lat="34.12116" lon="-118.20455"/>
   <point lat="34.12205" lon="-118.20918"/>
   <point lat="34.12257" lon="-118.21186"/>
   <point lat="34.12332" lon="-118.21579"/>
   <point lat="34.12377" lon="-118.21813"/>
   <point lat="34.12409" lon="-118.22047"/>
   <point lat="34.12395" lon="-118.22126"/>
  </path>
  <path>
   <point lat="34.09803" lon="-118.2912"/>
   <point lat="34.09816" lon="-118.28954"/>
   <point lat="34.09817" lon="-118.2885"/>
   <point lat="34.09816" lon="-118.28766"/>
   <point lat="34.09817" lon="-118.2874"/>
   <point lat="34.0971" lon="-118.28741"/>
   <point lat="34.09693" lon="-118.28739"/>
   <point lat="34.09681" lon="-118.28737"/>
   <point lat="34.09672" lon="-118.28733"/>
   <point lat="34.09658" lon="-118.28725"/>
   <point lat="34.09643" lon="-118.28718"/>
   <point lat="34.09628" lon="-118.2871"/>
   <point lat="34.09567" lon="-118.28646"/>
   <point lat="34.09576" lon="-118.28476"/>
   <point lat="34.09583" lon="-118.28384"/>
   <point lat="34.09583" lon="-118.28302"/>
   <point lat="34.0980599" lon="-118.28294"/>
   <point lat="34.09986" lon="-118.28295"/>
   <point lat="34.10168" lon="-118.28295"/>
   <point lat="34.1037899" lon="-118.28295"/>
   <point lat="34.1053" lon="-118.28296"/>
   <point lat="34.10818" lon="-118.28297"/>
   <point lat="34.10835" lon="-118.28178"/>
   <point lat="34.10827" lon="-118.28018"/>
   <point lat="34.10834" lon="-118.27914"/>
   <point lat="34.10835" lon="-118.27873"/>
   <point lat="34.10834" lon="-118.27864"/>
   <point lat="34.10834" lon="-118.27842"/>
   <point lat="34.10832" lon="-118.27834"/>
   <point lat="34.1082899" lon="-118.27827"/>
   <point lat="34.10824" lon="-118.27821"/>
   <point lat="34.10719" lon="-118.277"/>
   <point lat="34.10734" lon="-118.27664"/>
  </path>
  <path>
   <point lat="34.09427" lon="-118.20849"/>
   <point lat="34.09481" lon="-118.20826"/>
   <point lat="34.09577" lon="-118.20728"/>
   <point lat="34.09761" lon="-118.20595"/>
   <point lat="34.09787" lon="-118.20573"/>
   <point lat="34.09799" lon="-118.20561"/>
   <point lat="34.09807" lon="-118.2055"/>
   <point lat="34.09817" lon="-118.20535"/>
   <point lat="34.09819" lon="-118.20496"/>
   <point lat="34.09885" lon="-118.20434"/>
   <point lat="34.09958" lon="-118.20381"/>
   <point lat="34.10216" lon="-118.20291"/>
   <point lat="34.10302" lon="-118.20285"/>
   <point lat="34.1033" lon="-118.20287"/>
   <point lat="34.10375" lon="-118.20295"/>
   <point lat="34.10386" lon="-118.20294"/>
   <point lat="34.10402" lon="-118.20292"/>
   <point lat="34.10414" lon="-118.20289"/>
   <point lat="34.10428" lon="-118.20284"/>
   <point lat="34.10437" lon="-118.20279"/>
   <point lat="34.10446" lon="-118.20273"/>
   <point lat="34.1045299" lon="-118.20267"/>
   <point lat="34.10472" lon="-118.20248"/>
   <point lat="34.10489" lon="-118.20227"/>
   <point lat="34.10497" lon="-118.20185"/>
   <point lat="34.10563" lon="-118.20083"/>
   <point lat="34.1061" lon="-118.19956"/>
   <point lat="34.10724" lon="-118.19726"/>
   <point lat="34.10883" lon="-118.19405"/>
   <point lat="34.10947" lon="-118.19274"/>
   <point lat="34.1103" lon="-118.19105"/>
   <point lat="34.11107" lon="-118.18978"/>
   <point lat="34.11141" lon="-118.18879"/>
   <point lat="34.11173" lon="-118.18844"/>
   <point lat="34.11188" lon="-118.1882"/>
   <point lat="34.112" lon="-118.18805"/>
   <point lat="34.11209" lon="-118.18796"/>
   <point lat="34.11343" lon="-118.18622"/>
   <point lat="34.1155" lon="-118.18434"/>
   <point lat="34.11556" lon="-118.18445"/>
   <point lat="34.11586" lon="-118.18455"/>
  </path>
  <path>
   <point lat="34.12392" lon="-118.22085"/>
   <point lat="34.12409" lon="-118.22047"/>
   <point lat="34.1235799" lon="-118.21853"/>
   <point lat="34.12313" lon="-118.21618"/>
   <point lat="34.12238" lon="-118.21225"/>
   <point lat="34.12179" lon="-118.2092"/>
   <point lat="34.12098" lon="-118.20494"/>
   <point lat="34.12056" lon="-118.2028"/>
   <point lat="34.11991" lon="-118.19936"/>
   <point lat="34.11961" lon="-118.19777"/>
   <point lat="34.11935" lon="-118.19686"/>
   <point lat="34.11878" lon="-118.19391"/>
   <point lat="34.11803" lon="-118.18966"/>
   <point lat="34.11733" lon="-118.18624"/>
   <point lat="34.11636" lon="-118.18515"/>
   <point lat="34.11569" lon="-118.18459"/>
   <point lat="34.11559" lon="-118.18449"/>
   <point lat="34.11556" lon="-118.18445"/>
   <point lat="34.1155" lon="-118.18434"/>
   <point lat="34.1148" lon="-118.18522"/>
  </path>
  <path>
   <point lat="34.07391" lon="-118.2054"/>
   <point lat="34.07377" lon="-118.2065"/>
   <point lat="34.07388" lon="-118.20762"/>
   <point lat="34.07372" lon="-118.21035"/>
   <point lat="34.0737" lon="-118.21171"/>
   <point lat="34.07419" lon="-118.21156"/>
   <point lat="34.07549" lon="-118.21177"/>
   <point lat="34.07667" lon="-118.2117"/>
   <point lat="34.07912" lon="-118.21174"/>
   <point lat="34.08081" lon="-118.21176"/>
   <point lat="34.08298" lon="-118.21191"/>
   <point lat="34.08329" lon="-118.21185"/>
   <point lat="34.08372" lon="-118.21211"/>
   <point lat="34.08381" lon="-118.21213"/>
   <point lat="34.08394" lon="-118.21214"/>
   <point lat="34.08399" lon="-118.21214"/>
   <point lat="34.08421" lon="-118.21208"/>
   <point lat="34.08442" lon="-118.21201"/>
   <point lat="34.08458" lon="-118.21194"/>
   <point lat="34.0847" lon="-118.21187"/>
   <point lat="34.08482" lon="-118.21179"/>
   <point lat="34.0851" lon="-118.21139"/>
   <point lat="34.08537" lon="-118.21126"/>
   <point lat="34.08652" lon="-118.20951"/>
   <point lat="34.08693" lon="-118.20838"/>
   <point lat="34.08746" lon="-118.20772"/>
   <point lat="34.08859" lon="-118.20646"/>
   <point lat="34.09011" lon="-118.2053"/>
   <point lat="34.09171" lon="-118.2041"/>
   <point lat="34.092" lon="-118.20403"/>
   <point lat="34.09297" lon="-118.20559"/>
   <point lat="34.09344" lon="-118.20658"/>
   <point lat="34.09254" lon="-118.2066"/>
   <point lat="34.09225" lon="-118.20662"/>
   <point lat="34.0937" lon="-118.20915"/>
   <point lat="34.09427" lon="-118.20849"/>
  </path>
  <path>
   <point lat="34.09576" lon="-118.28868"/>
   <point lat="34.09557" lon="-118.29175"/>
   <point lat="34.09816" lon="-118.29176"/>
   <point lat="34.09803" lon="-118.2912"/>
   <point lat="34.09816" lon="-118.28954"/>
   <point lat="34.09817" lon="-118.2885"/>
   <point lat="34.09816" lon="-118.28766"/>
   <point lat="34.09817" lon="-118.2874"/>
   <point lat="34.0971" lon="-118.28741"/>
   <point lat="34.09693" lon="-118.28739"/>
   <point lat="34.09681" lon="-118.28737"/>
   <point lat="34.09672" lon="-118.28733"/>
   <point lat="34.09658" lon="-118.28725"/>
   <point lat="34.09643" lon="-118.28718"/>
   <point lat="34.09628" lon="-118.2871"/>
   <point lat="34.09567" lon="-118.28646"/>
   <point lat="34.09576" lon="-118.28476"/>
   <point lat="34.09583" lon="-118.28384"/>
   <point lat="34.09583" lon="-118.28302"/>
   <point lat="34.0980599" lon="-118.28294"/>
   <point lat="34.09986" lon="-118.28295"/>
   <point lat="34.10168" lon="-118.28295"/>
   <point lat="34.1037899" lon="-118.28295"/>
   <point lat="34.1053" lon="-118.28296"/>
   <point lat="34.10818" lon="-118.28297"/>
   <point lat="34.10835" lon="-118.28178"/>
   <point lat="34.10827" lon="-118.28018"/>
   <point lat="34.10834" lon="-118.27914"/>
   <point lat="34.10835" lon="-118.27873"/>
   <point lat="34.10834" lon="-118.27864"/>
   <point lat="34.10834" lon="-118.27842"/>
   <point lat="34.10832" lon="-118.27834"/>
   <point lat="34.1082899" lon="-118.27827"/>
   <point lat="34.10824" lon="-118.27821"/>
   <point lat="34.10719" lon="-118.277"/>
   <point lat="34.10734" lon="-118.27664"/>
  </path>
  <path>
   <point lat="34.10737" lon="-118.27699"/>
   <point lat="34.10824" lon="-118.27821"/>
   <point lat="34.10842" lon="-118.27893"/>
   <point lat="34.10835" lon="-118.28178"/>
   <point lat="34.10835" lon="-118.28306"/>
   <point lat="34.1079" lon="-118.28314"/>
   <point lat="34.10557" lon="-118.28313"/>
   <point lat="34.10377" lon="-118.28313"/>
   <point lat="34.10196" lon="-118.28312"/>
   <point lat="34.10014" lon="-118.28312"/>
   <point lat="34.09833" lon="-118.28311"/>
   <point lat="34.09583" lon="-118.28302"/>
   <point lat="34.09589" lon="-118.28392"/>
   <point lat="34.09578" lon="-118.28529"/>
   <point lat="34.09581" lon="-118.28655"/>
   <point lat="34.0957099" lon="-118.28781"/>
   <point lat="34.09557" lon="-118.29175"/>
   <point lat="34.09816" lon="-118.29176"/>
   <point lat="34.09803" lon="-118.2912"/>
   <point lat="34.09816" lon="-118.28954"/>
   <point lat="34.09817" lon="-118.2885"/>
   <point lat="34.09816" lon="-118.28766"/>
   <point lat="34.09817" lon="-118.2874"/>
   <point lat="34.0971" lon="-118.28741"/>
   <point lat="34.09693" lon="-118.28739"/>
   <point lat="34.09681" lon="-118.28737"/>
   <point lat="34.09672" lon="-118.28733"/>
   <point lat="34.09658" lon="-118.28725"/>
   <point lat="34.09643" lon="-118.28718"/>
   <point lat="34.09628" lon="-118.2871"/>
   <point lat="34.09617" lon="-118.28702"/>
   <point lat="34.0959999" lon="-118.28689"/>
   <point lat="34.09583" lon="-118.28677"/>
   <point lat="34.09574" lon="-118.28671"/>
   <point lat="34.09576" lon="-118.28868"/>
  </path>
  <path>
   <point lat="34.08609" lon="-118.18724"/>
   <point lat="34.08622" lon="-118.18754"/>
   <point lat="34.08628" lon="-118.1866"/>
   <point lat="34.08629" lon="-118.18447"/>
   <point lat="34.08628" lon="-118.1842"/>
   <point lat="34.0861" lon="-118.18417"/>
   <point lat="34.08614" lon="-118.18466"/>
   <point lat="34.08616" lon="-118.18513"/>
   <point lat="34.08616" lon="-118.18554"/>
   <point lat="34.08613" lon="-118.1861"/>
   <point lat="34.08609" lon="-118.18651"/>
   <point lat="34.08606" lon="-118.18677"/>
   <point lat="34.08622" lon="-118.18754"/>
   <point lat="34.08602" lon="-118.19052"/>
   <point lat="34.08601" lon="-118.19269"/>
   <point lat="34.08576" lon="-118.19348"/>
   <point lat="34.08519" lon="-118.19549"/>
   <point lat="34.0849199" lon="-118.19733"/>
   <point lat="34.0842699" lon="-118.20035"/>
   <point lat="34.0829" lon="-118.20063"/>
   <point lat="34.08067" lon="-118.20179"/>
   <point lat="34.08049" lon="-118.20263"/>
   <point lat="34.08021" lon="-118.20303"/>
   <point lat="34.07881" lon="-118.20296"/>
   <point lat="34.07552" lon="-118.20289"/>
   <point lat="34.07382" lon="-118.20272"/>
   <point lat="34.07391" lon="-118.2054"/>
  </path>
  <path>
   <point lat="34.10734" lon="-118.27664"/>
   <point lat="34.10873" lon="-118.27491"/>
   <point lat="34.10968" lon="-118.27389"/>
   <point lat="34.11023" lon="-118.2732"/>
   <point lat="34.11048" lon="-118.27294"/>
   <point lat="34.10975" lon="-118.27211"/>
   <point lat="34.10958" lon="-118.2719"/>
   <point lat="34.10938" lon="-118.27167"/>
   <point lat="34.10929" lon="-118.27155"/>
   <point lat="34.10921" lon="-118.27136"/>
   <point lat="34.10919" lon="-118.27131"/>
   <point lat="34.10911" lon="-118.2711"/>
   <point lat="34.1089" lon="-118.27028"/>
   <point lat="34.10828" lon="-118.26801"/>
   <point lat="34.10798" lon="-118.26728"/>
   <point lat="34.10777" lon="-118.26608"/>
   <point lat="34.1075" lon="-118.26431"/>
   <point lat="34.10746" lon="-118.26413"/>
   <point lat="34.1072" lon="-118.26344"/>
   <point lat="34.10717" lon="-118.26338"/>
   <point lat="34.10693" lon="-118.26314"/>
   <point lat="34.10674" lon="-118.26242"/>
   <point lat="34.10635" lon="-118.26153"/>
   <point lat="34.10624" lon="-118.26128"/>
   <point lat="34.10607" lon="-118.26091"/>
   <point lat="34.1059399" lon="-118.26069"/>
   <point lat="34.10537" lon="-118.26"/>
   <point lat="34.10521" lon="-118.25984"/>
   <point lat="34.10498" lon="-118.25959"/>
   <point lat="34.1048" lon="-118.25938"/>
   <point lat="34.10474" lon="-118.25933"/>
   <point lat="34.10462" lon="-118.25926"/>
   <point lat="34.1045" lon="-118.25922"/>
   <point lat="34.10474" lon="-118.25864"/>
   <point lat="34.10488" lon="-118.25838"/>
   <point lat="34.10528" lon="-118.25745"/>
   <point lat="34.1054" lon="-118.25726"/>
   <point lat="34.10546" lon="-118.25716"/>
   <point lat="34.10574" lon="-118.25661"/>
   <point lat="34.10757" lon="-118.25446"/>
   <point lat="34.10786" lon="-118.25433"/>
   <point lat="34.11016" lon="-118.25141"/>
   <point lat="34.1121399" lon="-118.24905"/>
   <point lat="34.11352" lon="-118.2476"/>
   <point lat="34.11427" lon="-118.24673"/>
   <point lat="34.11466" lon="-118.24593"/>
   <point lat="34.11611" lon="-118.24406"/>
   <point lat="34.1189899" lon="-118.23989"/>
   <point lat="34.11906" lon="-118.23978"/>
   <point lat="34.11911" lon="-118.23968"/>
   <point lat="34.11914" lon="-118.23959"/>
   <point lat="34.11918" lon="-118.23943"/>
   <point lat="34.11919" lon="-118.23931"/>
   <point lat="34.11919" lon="-118.23921"/>
   <point lat="34.1188999" lon="-118.23681"/>
   <point lat="34.11886" lon="-118.23659"/>
   <point lat="34.11878" lon="-118.23623"/>
   <point lat="34.11864" lon="-118.23569"/>
   <point lat="34.11854" lon="-118.23548"/>
   <point lat="34.1185199" lon="-118.23543"/>
   <point lat="34.1184299" lon="-118.23534"/>
   <point lat="34.11827" lon="-118.23519"/>
   <point lat="34.11818" lon="-118.23513"/>
   <point lat="34.11802" lon="-118.235"/>
   <point lat="34.11785" lon="-118.23488"/>
   <point lat="34.1172899" lon="-118.23446"/>
   <point lat="34.11737" lon="-118.23435"/>
   <point lat="34.11745" lon="-118.23421"/>
   <point lat="34.1176699" lon="-118.23381"/>
   <point lat="34.11832" lon="-118.23215"/>
   <point lat="34.11989" lon="-118.22897"/>
   <point lat="34.12078" lon="-118.22711"/>
   <point lat="34.12223" lon="-118.22404"/>
   <point lat="34.12359" lon="-118.22158"/>
   <point lat="34.12392" lon="-118.22085"/>
  </path>
  <path>
   <point lat="34.0742199" lon="-118.20257"/>
   <point lat="34.07555" lon="-118.20262"/>
   <point lat="34.0785399" lon="-118.20272"/>
   <point lat="34.0803299" lon="-118.20277"/>
   <point lat="34.08061" lon="-118.20155"/>
   <point lat="34.08259" lon="-118.20048"/>
   <point lat="34.08434" lon="-118.2001"/>
   <point lat="34.08465" lon="-118.19933"/>
   <point lat="34.08488" lon="-118.19598"/>
   <point lat="34.0858" lon="-118.19297"/>
   <point lat="34.08583" lon="-118.19124"/>
   <point lat="34.08583" lon="-118.18884"/>
   <point lat="34.08593" lon="-118.18834"/>
   <point lat="34.08628" lon="-118.1866"/>
   <point lat="34.08629" lon="-118.18447"/>
   <point lat="34.08628" lon="-118.1842"/>
   <point lat="34.0861" lon="-118.18417"/>
   <point lat="34.08614" lon="-118.18466"/>
   <point lat="34.08616" lon="-118.18513"/>
   <point lat="34.08616" lon="-118.18554"/>
   <point lat="34.08613" lon="-118.1861"/>
   <point lat="34.08609" lon="-118.18651"/>
   <point lat="34.08606" lon="-118.18677"/>
   <point lat="34.08609" lon="-118.18724"/>
  </path>
  <path>
   <point lat="34.10737" lon="-118.27699"/>
   <point lat="34.10842" lon="-118.27893"/>
   <point lat="34.10835" lon="-118.28178"/>
   <point lat="34.10835" lon="-118.28306"/>
   <point lat="34.1079" lon="-118.28314"/>
   <point lat="34.10557" lon="-118.28313"/>
   <point lat="34.10377" lon="-118.28313"/>
   <point lat="34.10196" lon="-118.28312"/>
   <point lat="34.10014" lon="-118.28312"/>
   <point lat="34.09833" lon="-118.28311"/>
   <point lat="34.09583" lon="-118.28302"/>
   <point lat="34.09589" lon="-118.28392"/>
   <point lat="34.09578" lon="-118.28529"/>
   <point lat="34.09581" lon="-118.28655"/>
   <point lat="34.0957099" lon="-118.28781"/>
   <point lat="34.09557" lon="-118.29175"/>
   <point lat="34.09816" lon="-118.29176"/>
   <point lat="34.09803" lon="-118.2912"/>
  </path>
  <path>
   <point lat="34.1148" lon="-118.18522"/>
   <point lat="34.1144" lon="-118.18541"/>
   <point lat="34.11392" lon="-118.18612"/>
   <point lat="34.11209" lon="-118.18796"/>
   <point lat="34.112" lon="-118.18805"/>
   <point lat="34.11188" lon="-118.1882"/>
   <point lat="34.11173" lon="-118.18844"/>
   <point lat="34.1116" lon="-118.18901"/>
   <point lat="34.11107" lon="-118.18978"/>
   <point lat="34.11075" lon="-118.19073"/>
   <point lat="34.10975" lon="-118.19277"/>
   <point lat="34.10892" lon="-118.19442"/>
   <point lat="34.10778" lon="-118.19677"/>
   <point lat="34.10646" lon="-118.19944"/>
   <point lat="34.10504" lon="-118.20202"/>
   <point lat="34.10493" lon="-118.20238"/>
   <point lat="34.10446" lon="-118.20273"/>
   <point lat="34.10208" lon="-118.20327"/>
   <point lat="34.09969" lon="-118.20413"/>
   <point lat="34.09922" lon="-118.20412"/>
   <point lat="34.09915" lon="-118.20416"/>
   <point lat="34.09898" lon="-118.20424"/>
   <point lat="34.09885" lon="-118.20434"/>
   <point lat="34.09876" lon="-118.20443"/>
   <point lat="34.09866" lon="-118.20455"/>
   <point lat="34.09846" lon="-118.20486"/>
   <point lat="34.09823" lon="-118.20551"/>
   <point lat="34.09695" lon="-118.2065"/>
   <point lat="34.09629" lon="-118.20725"/>
   <point lat="34.09452" lon="-118.20849"/>
   <point lat="34.09431" lon="-118.20826"/>
   <point lat="34.09344" lon="-118.20658"/>
   <point lat="34.09278" lon="-118.20555"/>
   <point lat="34.092" lon="-118.20403"/>
   <point lat="34.09181" lon="-118.2043"/>
   <point lat="34.09045" lon="-118.20533"/>
   <point lat="34.08893" lon="-118.20647"/>
   <point lat="34.08802" lon="-118.20718"/>
   <point lat="34.0876" lon="-118.20758"/>
   <point lat="34.08746" lon="-118.20772"/>
   <point lat="34.0874" lon="-118.20781"/>
   <point lat="34.0872699" lon="-118.20802"/>
   <point lat="34.08704" lon="-118.20875"/>
   <point lat="34.08652" lon="-118.20951"/>
   <point lat="34.08543" lon="-118.21134"/>
   <point lat="34.08482" lon="-118.21179"/>
   <point lat="34.08442" lon="-118.21201"/>
   <point lat="34.08421" lon="-118.21208"/>
   <point lat="34.08399" lon="-118.21214"/>
   <point lat="34.08324" lon="-118.21208"/>
   <point lat="34.08109" lon="-118.212"/>
   <point lat="34.0793899" lon="-118.21198"/>
   <point lat="34.07667" lon="-118.21194"/>
   <point lat="34.0735699" lon="-118.21147"/>
   <point lat="34.07362" lon="-118.20794"/>
   <point lat="34.07364" lon="-118.20537"/>
   <point lat="34.07382" lon="-118.20272"/>
   <point lat="34.0742199" lon="-118.20257"/>
  </path>
 </route>
</body>