<?xml version="1.0" encoding="utf-8"?>
<body copyright="All data copyright Los Angeles Metro 2022.">
 <route color="df4600" latMax="34.31797" latMin="34.1525499" lonMax="-118.41298" lonMin="-118.4678399" oppositeColor="ffffff" tag="234" title="234 Sylmar - Sherman Oaks Via Sepulveda">
  <stop lat="34.2939799" lon="-118.4272099" stopId="00047" tag="47" title="7th / Maclay"/>
  <stop lat="34.3021199" lon="-118.4360399" stopId="00454" tag="454" title="7th / Hubbard"/>
  <stop lat="34.3101799" lon="-118.44647" stopId="00455" tag="455" title="Borden / Polk"/>
  <stop lat="34.30481" lon="-118.43952" stopId="00456" tag="456" title="Borden / Sayre"/>
  <stop lat="34.2746099" lon="-118.44918" stopId="00464" tag="464" title="Brand / Laurel Canyon"/>
  <stop lat="34.3125599" lon="-118.4371199" stopId="02005" tag="2005" title="Foothill / Astoria"/>
  <stop lat="34.3066499" lon="-118.41298" tag="3327_ar" title="La Mission College Layover"/>
  <stop lat="34.3151199" lon="-118.4212" stopId="03425" tag="3425" title="Eldridge / Hubbard"/>
  <stop lat="34.31353" lon="-118.41935" stopId="03439" tag="3439" title="Eldridge / Pasha"/>
  <stop lat="34.30864" lon="-118.41392" stopId="03454" tag="3454" title="Eldridge / Harding"/>
  <stop lat="34.2865999" lon="-118.43656" stopId="03766" tag="3766" title="Maclay / 4th"/>
  <stop lat="34.28872" lon="-118.4336499" stopId="03767" tag="3767" title="Maclay / 5th"/>
  <stop lat="34.29112" lon="-118.4303599" stopId="03768" tag="3768" title="Maclay / Glenoaks"/>
  <stop lat="34.3085099" lon="-118.41345" stopId="04417" tag="4417" title="Harding / Eldridge"/>
  <stop lat="34.2807799" lon="-118.44078" stopId="04741" tag="4741" title="Brand / Celis"/>
  <stop lat="34.2793399" lon="-118.4427" stopId="04750" tag="4750" title="Brand / Hollister"/>
  <stop lat="34.27679" lon="-118.4462099" stopId="04752" tag="4752" title="Brand / O Melveny"/>
  <stop lat="34.3179399" lon="-118.4248599" stopId="06122" tag="6122" title="Sayre / Eldridge"/>
  <stop lat="34.15746" lon="-118.46599" stopId="06137" tag="6137" title="Sepulveda / Camarillo"/>
  <stop lat="34.22451" lon="-118.4675299" stopId="06138" tag="6138" title="Sepulveda / Chase"/>
  <stop lat="34.25751" lon="-118.4672399" stopId="06142" tag="6142" title="Sepulveda / Devonshire"/>
  <stop lat="34.16201" lon="-118.46601" stopId="06146" tag="6146" title="Sepulveda / Hesby"/>
  <stop lat="34.2184999" lon="-118.4664599" stopId="06147" tag="6147" title="Sepulveda / Lanark"/>
  <stop lat="34.17926" lon="-118.46601" stopId="06152" tag="6152" title="Sepulveda / Oxnard"/>
  <stop lat="34.2279899" lon="-118.46747" stopId="06153" tag="6153" title="Sepulveda / Parthenia"/>
  <stop lat="34.2430699" lon="-118.46737" stopId="06154" tag="6154" title="Sepulveda / Plummer"/>
  <stop lat="34.2321899" lon="-118.46745" stopId="06155" tag="6155" title="Sepulveda / Rayen"/>
  <stop lat="34.2140699" lon="-118.46599" stopId="06156" tag="6156" title="Sepulveda / Raymer"/>
  <stop lat="34.22169" lon="-118.46756" stopId="06158" tag="6158" title="Sepulveda / Roscoe"/>
  <stop lat="34.2083199" lon="-118.4660399" stopId="06160" tag="6160" title="Sepulveda / Saticoy"/>
  <stop lat="34.2014699" lon="-118.46603" stopId="06161" tag="6161" title="Sepulveda / Sherman Way"/>
  <stop lat="34.21194" lon="-118.4660299" stopId="06162" tag="6162" title="Sepulveda / Stagg"/>
  <stop lat="34.20469" lon="-118.46603" stopId="06165" tag="6165" title="Sepulveda / Valerio"/>
  <stop lat="34.1542899" lon="-118.46601" stopId="06168" tag="6168" title="Sepulveda / Ventura"/>
  <stop lat="34.28229" lon="-118.4395" stopId="06613" tag="6613" title="Truman / Brand"/>
  <stop lat="34.29073" lon="-118.4487899" stopId="06615" tag="6615" title="Truman / Hubbard"/>
  <stop lat="34.2834899" lon="-118.44079" stopId="06617" tag="6617" title="Truman / Maclay"/>
  <stop lat="34.2871599" lon="-118.4450299" stopId="06619" tag="6619" title="Truman / Workman"/>
  <stop lat="34.28507" lon="-118.44246" stopId="06620" tag="6620" title="Truman / San Fernando Mission"/>
  <stop lat="34.27068" lon="-118.4645399" stopId="09042" tag="9042" title="Brand / Mission Mobile Manor"/>
  <stop lat="34.3152699" lon="-118.4406299" stopId="10598" tag="10598" title="Foothill / Polk"/>
  <stop lat="34.2712899" lon="-118.46352" stopId="13200" tag="13200" title="Brand / Columbus"/>
  <stop lat="34.3152799" lon="-118.42783" stopId="14506" tag="14506" title="Sayre / Fenton"/>
  <stop lat="34.26483" lon="-118.46716" stopId="14521" tag="14521" title="Sepulveda / Chatsworth"/>
  <stop lat="34.16875" lon="-118.4660099" stopId="14522" tag="14522" title="Sepulveda / Clark"/>
  <stop lat="34.17602" lon="-118.4660199" stopId="20040" tag="20040" title="Sepulveda / Hatteras"/>
  <stop lat="34.1833099" lon="-118.4660299" stopId="20041" tag="20041" title="Sepulveda / Erwin"/>
  <stop lat="34.19058" lon="-118.46602" stopId="20042" tag="20042" title="Sepulveda / Kittridge"/>
  <stop lat="34.19874" lon="-118.46602" stopId="20044" tag="20044" title="Sepulveda / Vose"/>
  <stop lat="34.23945" lon="-118.4673999" stopId="20049" tag="20049" title="Sepulveda / Tupper"/>
  <stop lat="34.2466899" lon="-118.46733" stopId="20050" tag="20050" title="Sepulveda / Superior"/>
  <stop lat="34.2503099" lon="-118.4673" stopId="20051" tag="20051" title="Sepulveda / Lassen"/>
  <stop lat="34.2539299" lon="-118.46725" stopId="20052" tag="20052" title="Sepulveda / Mayall"/>
  <stop lat="34.2607799" lon="-118.4672" stopId="20053" tag="20053" title="Sepulveda / San Jose"/>
  <stop lat="34.2679299" lon="-118.46703" stopId="20054" tag="20054" title="Sepulveda / Brand"/>
  <stop lat="34.27151" lon="-118.4555199" stopId="20055" tag="20055" title="Brand / Arleta"/>
  <stop lat="34.2963899" lon="-118.4297499" stopId="20064" tag="20064" title="7th / Harding"/>
  <stop lat="34.2991099" lon="-118.4326299" stopId="20065" tag="20065" title="7th / Orange Grove"/>
  <stop lat="34.3075099" lon="-118.4430199" stopId="20066" tag="20066" title="Borden / Astoria"/>
  <stop lat="34.3127099" lon="-118.44375" stopId="20067" tag="20067" title="Polk / Dronfield"/>
  <stop lat="34.3102799" lon="-118.43346" stopId="20068" tag="20068" title="Sayre / Foothill"/>
  <stop lat="34.31263" lon="-118.4307999" stopId="20069" tag="20069" title="Sayre / Gladstone"/>
  <stop lat="34.1652799" lon="-118.46601" stopId="23400" tag="23400" title="Sepulveda / Magnolia"/>
  <stop lat="34.1810199" lon="-118.46601" stopId="23401" tag="23401" title="Sepulveda / G Line (Orange)"/>
  <stop lat="34.18707" lon="-118.46602" stopId="23403" tag="23403" title="Sepulveda / Victory"/>
  <stop lat="34.1936599" lon="-118.46602" stopId="23405" tag="23405" title="Sepulveda / Vanowen"/>
  <stop lat="34.2359499" lon="-118.46741" stopId="23407" tag="23407" title="Sepulveda / Nordhoff"/>
  <stop lat="34.2934699" lon="-118.45085" tag="30015_ar" title="Sylmar Station"/>
  <stop lat="34.1723999" lon="-118.466" stopId="43421" tag="43421" title="Sepulveda / Burbank"/>
  <stop lat="34.3104299" lon="-118.43391" stopId="02056" tag="2056" title="Foothill / Sayre"/>
  <stop lat="34.16459" lon="-118.4575499" stopId="02726" tag="2726" title="Kester / Magnolia"/>
  <stop lat="34.3066499" lon="-118.41298" stopId="03327" tag="3327" title="La Mission College Layover"/>
  <stop lat="34.3152199" lon="-118.42107" stopId="03433" tag="3433" title="Eldridge / Hubbard"/>
  <stop lat="34.31324" lon="-118.41876" stopId="03443" tag="3443" title="Eldridge / Pasha"/>
  <stop lat="34.3087399" lon="-118.4137899" stopId="03446" tag="3446" title="Eldridge / Harding"/>
  <stop lat="34.2717899" lon="-118.45616" stopId="04739" tag="4739" title="Brand / Arleta"/>
  <stop lat="34.2717399" lon="-118.46297" stopId="04742" tag="4742" title="Brand / Columbus"/>
  <stop lat="34.31797" lon="-118.4251499" stopId="06123" tag="6123" title="Sayre / Eldridge"/>
  <stop lat="34.3126699" lon="-118.43109" stopId="06126" tag="6126" title="Sayre / Gladstone"/>
  <stop lat="34.1542899" lon="-118.46601" tag="6168_ar" title="Sepulveda / Ventura"/>
  <stop lat="34.29375" lon="-118.42727" stopId="08645" tag="8645" title="7th / Maclay"/>
  <stop lat="34.30217" lon="-118.43644" stopId="09035" tag="9035" title="Borden / Hubbard"/>
  <stop lat="34.3045699" lon="-118.4395699" stopId="09037" tag="9037" title="Borden / Sayre"/>
  <stop lat="34.27472" lon="-118.4495099" stopId="09045" tag="9045" title="Brand / Laurel Canyon"/>
  <stop lat="34.3128399" lon="-118.4370399" stopId="10555" tag="10555" title="Foothill / Astoria"/>
  <stop lat="34.28643" lon="-118.4372499" stopId="12262" tag="12262" title="Maclay / 4th"/>
  <stop lat="34.28883" lon="-118.4339799" stopId="12263" tag="12263" title="Maclay / 5th"/>
  <stop lat="34.2914899" lon="-118.43032" stopId="12264" tag="12264" title="Maclay / Glenoaks"/>
  <stop lat="34.31544" lon="-118.4411099" stopId="12855" tag="12855" title="Polk / Foothill"/>
  <stop lat="34.1902099" lon="-118.46631" stopId="14516" tag="14516" title="Sepulveda / Kittridge"/>
  <stop lat="34.17185" lon="-118.46631" stopId="14517" tag="14517" title="Sepulveda / Burbank"/>
  <stop lat="34.2574499" lon="-118.46754" stopId="14524" tag="14524" title="Sepulveda / Devonshire"/>
  <stop lat="34.18276" lon="-118.46633" stopId="14525" tag="14525" title="Sepulveda / Erwin"/>
  <stop lat="34.1754699" lon="-118.4663299" stopId="14527" tag="14527" title="Sepulveda / Hatteras"/>
  <stop lat="34.2352599" lon="-118.46773" stopId="14532" tag="14532" title="Sepulveda / Nordhoff"/>
  <stop lat="34.22842" lon="-118.4677999" stopId="14534" tag="14534" title="Sepulveda / Parthenia"/>
  <stop lat="34.24252" lon="-118.4676899" stopId="14535" tag="14535" title="Sepulveda / Plummer"/>
  <stop lat="34.2081799" lon="-118.46634" stopId="14541" tag="14541" title="Sepulveda / Saticoy"/>
  <stop lat="34.2388999" lon="-118.46771" stopId="14545" tag="14545" title="Sepulveda / Tupper"/>
  <stop lat="34.19366" lon="-118.46633" stopId="14547" tag="14547" title="Sepulveda / Vanowen"/>
  <stop lat="34.2832199" lon="-118.44092" stopId="14981" tag="14981" title="Truman / Maclay"/>
  <stop lat="34.29036" lon="-118.44884" stopId="14983" tag="14983" title="Truman / Hubbard"/>
  <stop lat="34.28689" lon="-118.44516" stopId="14984" tag="14984" title="Truman / Workman"/>
  <stop lat="34.2848499" lon="-118.4426399" stopId="14987" tag="14987" title="Truman / San Fernando Mission"/>
  <stop lat="34.1525499" lon="-118.4577099" stopId="15373" tag="15373" title="Ventura / Kester"/>
  <stop lat="34.15328" lon="-118.4621" stopId="15383" tag="15383" title="Ventura / Noble"/>
  <stop lat="34.1537699" lon="-118.4650499" stopId="15391" tag="15391" title="Ventura / Sepulveda"/>
  <stop lat="34.31562" lon="-118.4277799" stopId="20085" tag="20085" title="Sayre / Fenton"/>
  <stop lat="34.31308" lon="-118.4437599" stopId="20088" tag="20088" title="Polk / Dronfield"/>
  <stop lat="34.3099899" lon="-118.44657" stopId="20089" tag="20089" title="Borden / Polk"/>
  <stop lat="34.3075599" lon="-118.4434199" stopId="20099" tag="20099" title="Borden / Astoria"/>
  <stop lat="34.2991799" lon="-118.4330299" stopId="20103" tag="20103" title="7th / Orange Grove"/>
  <stop lat="34.2964699" lon="-118.4301499" stopId="20104" tag="20104" title="7th / Harding"/>
  <stop lat="34.28087" lon="-118.4411099" stopId="20108" tag="20108" title="Brand / Celis"/>
  <stop lat="34.27662" lon="-118.4469099" stopId="20109" tag="20109" title="Brand / O Melveny"/>
  <stop lat="34.2794399" lon="-118.44302" stopId="20110" tag="20110" title="Brand / Hollister"/>
  <stop lat="34.2707199" lon="-118.46495" stopId="20113" tag="20113" title="Brand / Mission Mobile Manor"/>
  <stop lat="34.22479" lon="-118.4678299" stopId="20114" tag="20114" title="Sepulveda / Chase"/>
  <stop lat="34.2687299" lon="-118.46722" stopId="20115" tag="20115" title="Sepulveda / Brand"/>
  <stop lat="34.2646999" lon="-118.46747" stopId="20116" tag="20116" title="Sepulveda / Chatsworth"/>
  <stop lat="34.2610599" lon="-118.4675" stopId="20117" tag="20117" title="Sepulveda / San Jose"/>
  <stop lat="34.2538" lon="-118.4675499" stopId="20118" tag="20118" title="Sepulveda / Mayall"/>
  <stop lat="34.25018" lon="-118.4676099" stopId="20120" tag="20120" title="Sepulveda / Lassen"/>
  <stop lat="34.24655" lon="-118.4676299" stopId="20121" tag="20121" title="Sepulveda / Superior"/>
  <stop lat="34.2139499" lon="-118.4662999" stopId="20122" tag="20122" title="Sepulveda / Raymer"/>
  <stop lat="34.2117999" lon="-118.46634" stopId="20123" tag="20123" title="Sepulveda / Stagg"/>
  <stop lat="34.2049599" lon="-118.4663399" stopId="20124" tag="20124" title="Sepulveda / Valerio"/>
  <stop lat="34.1986" lon="-118.46633" stopId="20125" tag="20125" title="Sepulveda / Vose"/>
  <stop lat="34.17953" lon="-118.46632" stopId="20126" tag="20126" title="Sepulveda / Oxnard"/>
  <stop lat="34.1684999" lon="-118.4663099" stopId="20127" tag="20127" title="Sepulveda / Clark"/>
  <stop lat="34.1647399" lon="-118.46583" stopId="20128" tag="20128" title="Magnolia / Sepulveda"/>
  <stop lat="34.16474" lon="-118.46196" stopId="20129" tag="20129" title="Magnolia / Noble"/>
  <stop lat="34.15782" lon="-118.4575299" stopId="20130" tag="20130" title="Kester / Camarillo"/>
  <stop lat="34.23205" lon="-118.4677499" stopId="20213" tag="20213" title="Sepulveda / Rayen"/>
  <stop lat="34.21816" lon="-118.46662" stopId="20215" tag="20215" title="Sepulveda / Lanark"/>
  <stop lat="34.1807399" lon="-118.46632" stopId="23402" tag="23402" title="Sepulveda / G Line (Orange)"/>
  <stop lat="34.18624" lon="-118.4663299" stopId="23404" tag="23404" title="Sepulveda / Victory"/>
  <stop lat="34.2007799" lon="-118.46633" stopId="23406" tag="23406" title="Sepulveda / Sherman Way"/>
  <stop lat="34.221" lon="-118.4678399" stopId="23408" tag="23408" title="Sepulveda / Roscoe"/>
  <stop lat="34.2934699" lon="-118.45085" stopId="30015" tag="30015" title="Sylmar Station"/>
  <direction name="South" tag="234_71_1" title="South to Sherman Oaks Galleria" useForUI="true">
   <stop tag="3327"/>
   <stop tag="3446"/>
   <stop tag="3443"/>
   <stop tag="3433"/>
   <stop tag="6123"/>
   <stop tag="20085"/>
   <stop tag="6126"/>
   <stop tag="2056"/>
   <stop tag="10555"/>
   <stop tag="12855"/>
   <stop tag="20088"/>
   <stop tag="20089"/>
   <stop tag="20099"/>
   <stop tag="9037"/>
   <stop tag="9035"/>
   <stop tag="20103"/>
   <stop tag="20104"/>
   <stop tag="8645"/>
   <stop tag="12264"/>
   <stop tag="12263"/>
   <stop tag="12262"/>
   <stop tag="14981"/>
   <stop tag="20108"/>
   <stop tag="20110"/>
   <stop tag="20109"/>
   <stop tag="9045"/>
   <stop tag="4739"/>
   <stop tag="4742"/>
   <stop tag="20113"/>
   <stop tag="20115"/>
   <stop tag="20116"/>
   <stop tag="20117"/>
   <stop tag="14524"/>
   <stop tag="20118"/>
   <stop tag="20120"/>
   <stop tag="20121"/>
   <stop tag="14535"/>
   <stop tag="14545"/>
   <stop tag="14532"/>
   <stop tag="20213"/>
   <stop tag="14534"/>
   <stop tag="20114"/>
   <stop tag="23408"/>
   <stop tag="20215"/>
   <stop tag="20122"/>
   <stop tag="20123"/>
   <stop tag="14541"/>
   <stop tag="20124"/>
   <stop tag="23406"/>
   <stop tag="20125"/>
   <stop tag="14547"/>
   <stop tag="14516"/>
   <stop tag="23404"/>
   <stop tag="14525"/>
   <stop tag="23402"/>
   <stop tag="20126"/>
   <stop tag="14527"/>
   <stop tag="14517"/>
   <stop tag="20127"/>
   <stop tag="20128"/>
   <stop tag="20129"/>
   <stop tag="2726"/>
   <stop tag="20130"/>
   <stop tag="15373"/>
   <stop tag="15383"/>
   <stop tag="15391"/>
   <stop tag="6168_ar"/>
  </direction>
  <direction name="North" tag="234_74_0" title="North to Sylmar - Mission College" useForUI="true">
   <stop tag="6168"/>
   <stop tag="6137"/>
   <stop tag="6146"/>
   <stop tag="23400"/>
   <stop tag="14522"/>
   <stop tag="43421"/>
   <stop tag="20040"/>
   <stop tag="6152"/>
   <stop tag="23401"/>
   <stop tag="20041"/>
   <stop tag="23403"/>
   <stop tag="20042"/>
   <stop tag="23405"/>
   <stop tag="20044"/>
   <stop tag="6161"/>
   <stop tag="6165"/>
   <stop tag="6160"/>
   <stop tag="6162"/>
   <stop tag="6156"/>
   <stop tag="6147"/>
   <stop tag="6158"/>
   <stop tag="6138"/>
   <stop tag="6153"/>
   <stop tag="6155"/>
   <stop tag="23407"/>
   <stop tag="20049"/>
   <stop tag="6154"/>
   <stop tag="20050"/>
   <stop tag="20051"/>
   <stop tag="20052"/>
   <stop tag="6142"/>
   <stop tag="20053"/>
   <stop tag="14521"/>
   <stop tag="20054"/>
   <stop tag="9042"/>
   <stop tag="13200"/>
   <stop tag="20055"/>
   <stop tag="464"/>
   <stop tag="4752"/>
   <stop tag="4750"/>
   <stop tag="4741"/>
   <stop tag="6613"/>
   <stop tag="6617"/>
   <stop tag="3766"/>
   <stop tag="3767"/>
   <stop tag="3768"/>
   <stop tag="47"/>
   <stop tag="20064"/>
   <stop tag="20065"/>
   <stop tag="454"/>
   <stop tag="456"/>
   <stop tag="20066"/>
   <stop tag="455"/>
   <stop tag="20067"/>
   <stop tag="10598"/>
   <stop tag="2005"/>
   <stop tag="20068"/>
   <stop tag="20069"/>
   <stop tag="14506"/>
   <stop tag="6122"/>
   <stop tag="3425"/>
   <stop tag="3439"/>
   <stop tag="3454"/>
   <stop tag="3327_ar"/>
  </direction>
  <direction name="South" tag="234_67_1" title="South to Sherman Oaks Galleria" useForUI="true">
   <stop tag="30015"/>
   <stop tag="14983"/>
   <stop tag="14984"/>
   <stop tag="14987"/>
   <stop tag="14981"/>
   <stop tag="20108"/>
   <stop tag="20110"/>
   <stop tag="20109"/>
   <stop tag="9045"/>
   <stop tag="4739"/>
   <stop tag="4742"/>
   <stop tag="20113"/>
   <stop tag="20115"/>
   <stop tag="20116"/>
   <stop tag="20117"/>
   <stop tag="14524"/>
   <stop tag="20118"/>
   <stop tag="20120"/>
   <stop tag="20121"/>
   <stop tag="14535"/>
   <stop tag="14545"/>
   <stop tag="14532"/>
   <stop tag="20213"/>
   <stop tag="14534"/>
   <stop tag="20114"/>
   <stop tag="23408"/>
   <stop tag="20215"/>
   <stop tag="20122"/>
   <stop tag="20123"/>
   <stop tag="14541"/>
   <stop tag="20124"/>
   <stop tag="23406"/>
   <stop tag="20125"/>
   <stop tag="14547"/>
   <stop tag="14516"/>
   <stop tag="23404"/>
   <stop tag="14525"/>
   <stop tag="23402"/>
   <stop tag="20126"/>
   <stop tag="14527"/>
   <stop tag="14517"/>
   <stop tag="20127"/>
   <stop tag="20128"/>
   <stop tag="20129"/>
   <stop tag="2726"/>
   <stop tag="20130"/>
   <stop tag="15373"/>
   <stop tag="15383"/>
   <stop tag="15391"/>
   <stop tag="6168_ar"/>
  </direction>
  <path>
   <point lat="34.30999" lon="-118.44657"/>
   <point lat="34.30756" lon="-118.44342"/>
   <point lat="34.30457" lon="-118.43957"/>
   <point lat="34.3021699" lon="-118.43644"/>
   <point lat="34.30062" lon="-118.4345"/>
   <point lat="34.29918" lon="-118.43303"/>
   <point lat="34.29647" lon="-118.43015"/>
   <point lat="34.29375" lon="-118.42727"/>
   <point lat="34.2931" lon="-118.42791"/>
   <point lat="34.29149" lon="-118.43032"/>
   <point lat="34.28883" lon="-118.43398"/>
   <point lat="34.28643" lon="-118.43725"/>
   <point lat="34.28351" lon="-118.44102"/>
   <point lat="34.28322" lon="-118.44092"/>
  </path>
  <path>
   <point lat="34.31028" lon="-118.43346"/>
   <point lat="34.31263" lon="-118.4308"/>
   <point lat="34.31528" lon="-118.42783"/>
   <point lat="34.31794" lon="-118.42486"/>
   <point lat="34.31739" lon="-118.42392"/>
   <point lat="34.31512" lon="-118.4212"/>
  </path>
  <path>
   <point lat="34.3104299" lon="-118.43391"/>
   <point lat="34.31284" lon="-118.43704"/>
   <point lat="34.31555" lon="-118.44077"/>
   <point lat="34.31544" lon="-118.44111"/>
   <point lat="34.31308" lon="-118.44376"/>
   <point lat="34.31025" lon="-118.44673"/>
   <point lat="34.30999" lon="-118.44657"/>
  </path>
  <path>
   <point lat="34.31512" lon="-118.4212"/>
   <point lat="34.31353" lon="-118.41935"/>
   <point lat="34.31236" lon="-118.41785"/>
   <point lat="34.3086399" lon="-118.41392"/>
   <point lat="34.30821" lon="-118.41348"/>
   <point lat="34.30773" lon="-118.41393"/>
   <point lat="34.3076" lon="-118.41396"/>
   <point lat="34.30748" lon="-118.41396"/>
   <point lat="34.30739" lon="-118.41393"/>
   <point lat="34.30729" lon="-118.41386"/>
   <point lat="34.30719" lon="-118.41384"/>
   <point lat="34.30619" lon="-118.41379"/>
   <point lat="34.30621" lon="-118.41311"/>
   <point lat="34.30625" lon="-118.41302"/>
   <point lat="34.30665" lon="-118.41298"/>
  </path>
  <path>
   <point lat="34.27129" lon="-118.46352"/>
   <point lat="34.27158" lon="-118.46308"/>
   <point lat="34.2717699" lon="-118.46239"/>
   <point lat="34.27182" lon="-118.46211"/>
   <point lat="34.27184" lon="-118.46191"/>
   <point lat="34.2718599" lon="-118.46161"/>
   <point lat="34.27187" lon="-118.46139"/>
   <point lat="34.27187" lon="-118.46104"/>
   <point lat="34.2718" lon="-118.45933"/>
   <point lat="34.2717699" lon="-118.45887"/>
   <point lat="34.27172" lon="-118.45713"/>
   <point lat="34.27151" lon="-118.45552"/>
   <point lat="34.27173" lon="-118.4543"/>
   <point lat="34.2717699" lon="-118.45407"/>
   <point lat="34.27183" lon="-118.4538"/>
   <point lat="34.2720399" lon="-118.45318"/>
   <point lat="34.27205" lon="-118.45314"/>
   <point lat="34.27215" lon="-118.45292"/>
   <point lat="34.2722399" lon="-118.45275"/>
   <point lat="34.27239" lon="-118.45251"/>
   <point lat="34.27282" lon="-118.45188"/>
   <point lat="34.27329" lon="-118.45123"/>
   <point lat="34.27365" lon="-118.45076"/>
   <point lat="34.27461" lon="-118.44918"/>
   <point lat="34.27679" lon="-118.44621"/>
   <point lat="34.27934" lon="-118.4427"/>
   <point lat="34.28078" lon="-118.44078"/>
   <point lat="34.2819999" lon="-118.43941"/>
   <point lat="34.28229" lon="-118.4395"/>
   <point lat="34.28349" lon="-118.44079"/>
  </path>
  <path>
   <point lat="34.3152199" lon="-118.42107"/>
   <point lat="34.31811" lon="-118.42484"/>
   <point lat="34.31797" lon="-118.42515"/>
   <point lat="34.31562" lon="-118.42778"/>
   <point lat="34.31267" lon="-118.43109"/>
   <point lat="34.31015" lon="-118.43377"/>
   <point lat="34.3104299" lon="-118.43391"/>
  </path>
  <path>
   <point lat="34.29347" lon="-118.45085"/>
   <point lat="34.29284" lon="-118.45021"/>
   <point lat="34.29316" lon="-118.44982"/>
   <point lat="34.2923" lon="-118.44862"/>
   <point lat="34.29169" lon="-118.44798"/>
   <point lat="34.2913799" lon="-118.44833"/>
   <point lat="34.29122" lon="-118.4485"/>
   <point lat="34.29076" lon="-118.44901"/>
   <point lat="34.29036" lon="-118.44884"/>
   <point lat="34.28689" lon="-118.44516"/>
   <point lat="34.28607" lon="-118.44409"/>
   <point lat="34.28485" lon="-118.44264"/>
   <point lat="34.28351" lon="-118.44102"/>
   <point lat="34.28322" lon="-118.44092"/>
  </path>
  <path>
   <point lat="34.20078" lon="-118.46633"/>
   <point lat="34.1986" lon="-118.46633"/>
   <point lat="34.19366" lon="-118.46633"/>
   <point lat="34.19021" lon="-118.46631"/>
   <point lat="34.18624" lon="-118.46633"/>
   <point lat="34.18276" lon="-118.46633"/>
   <point lat="34.18074" lon="-118.46632"/>
  </path>
  <path>
   <point lat="34.28322" lon="-118.44092"/>
   <point lat="34.28233" lon="-118.43974"/>
   <point lat="34.2819999" lon="-118.43941"/>
   <point lat="34.28097" lon="-118.44076"/>
   <point lat="34.28087" lon="-118.44111"/>
   <point lat="34.27999" lon="-118.44204"/>
   <point lat="34.27944" lon="-118.44302"/>
   <point lat="34.27662" lon="-118.44691"/>
   <point lat="34.27472" lon="-118.44951"/>
   <point lat="34.27403" lon="-118.45025"/>
   <point lat="34.27329" lon="-118.45123"/>
   <point lat="34.27282" lon="-118.45188"/>
   <point lat="34.27239" lon="-118.45251"/>
   <point lat="34.2722399" lon="-118.45275"/>
   <point lat="34.27215" lon="-118.45292"/>
   <point lat="34.27205" lon="-118.45314"/>
   <point lat="34.2720399" lon="-118.45318"/>
   <point lat="34.27183" lon="-118.4538"/>
   <point lat="34.2717699" lon="-118.45407"/>
   <point lat="34.27173" lon="-118.4543"/>
   <point lat="34.27166" lon="-118.45482"/>
   <point lat="34.27164" lon="-118.45522"/>
   <point lat="34.27163" lon="-118.45578"/>
   <point lat="34.27164" lon="-118.45585"/>
   <point lat="34.27179" lon="-118.45616"/>
   <point lat="34.27172" lon="-118.45713"/>
   <point lat="34.27174" lon="-118.46297"/>
  </path>
  <path>
   <point lat="34.28349" lon="-118.44079"/>
   <point lat="34.28426" lon="-118.43999"/>
   <point lat="34.2866" lon="-118.43656"/>
   <point lat="34.28872" lon="-118.43365"/>
   <point lat="34.29112" lon="-118.43036"/>
   <point lat="34.29371" lon="-118.42708"/>
   <point lat="34.29398" lon="-118.42721"/>
   <point lat="34.29639" lon="-118.42975"/>
   <point lat="34.29911" lon="-118.43263"/>
   <point lat="34.30062" lon="-118.4345"/>
   <point lat="34.30212" lon="-118.43604"/>
   <point lat="34.30481" lon="-118.43952"/>
   <point lat="34.30751" lon="-118.44302"/>
   <point lat="34.31018" lon="-118.44647"/>
  </path>
  <path>
   <point lat="34.1810199" lon="-118.46601"/>
   <point lat="34.18331" lon="-118.46603"/>
   <point lat="34.18707" lon="-118.46602"/>
   <point lat="34.19058" lon="-118.46602"/>
   <point lat="34.19366" lon="-118.46602"/>
   <point lat="34.19874" lon="-118.46602"/>
   <point lat="34.20147" lon="-118.46603"/>
  </path>
  <path>
   <point lat="34.15429" lon="-118.46601"/>
   <point lat="34.15746" lon="-118.46599"/>
   <point lat="34.16201" lon="-118.46601"/>
   <point lat="34.16528" lon="-118.46601"/>
  </path>
  <path>
   <point lat="34.28349" lon="-118.44079"/>
   <point lat="34.28351" lon="-118.44102"/>
   <point lat="34.28507" lon="-118.44246"/>
   <point lat="34.2855599" lon="-118.4433"/>
   <point lat="34.28607" lon="-118.44409"/>
   <point lat="34.28716" lon="-118.44503"/>
   <point lat="34.28917" lon="-118.44738"/>
   <point lat="34.29073" lon="-118.44879"/>
   <point lat="34.29122" lon="-118.4485"/>
   <point lat="34.2913799" lon="-118.44833"/>
   <point lat="34.29169" lon="-118.44798"/>
   <point lat="34.2923" lon="-118.44862"/>
   <point lat="34.29316" lon="-118.44982"/>
   <point lat="34.29378" lon="-118.45063"/>
   <point lat="34.29347" lon="-118.45085"/>
  </path>
  <path>
   <point lat="34.16474" lon="-118.46583"/>
   <point lat="34.16474" lon="-118.46196"/>
   <point lat="34.16486" lon="-118.45743"/>
   <point lat="34.1645899" lon="-118.45755"/>
   <point lat="34.1636499" lon="-118.45742"/>
   <point lat="34.15782" lon="-118.45753"/>
   <point lat="34.15237" lon="-118.45741"/>
   <point lat="34.15255" lon="-118.45771"/>
   <point lat="34.15269" lon="-118.45934"/>
   <point lat="34.15328" lon="-118.4621"/>
   <point lat="34.15377" lon="-118.46505"/>
   <point lat="34.15384" lon="-118.46621"/>
   <point lat="34.15429" lon="-118.46601"/>
  </path>
  <path>
   <point lat="34.20147" lon="-118.46603"/>
   <point lat="34.20469" lon="-118.46603"/>
   <point lat="34.20832" lon="-118.46604"/>
   <point lat="34.21194" lon="-118.46603"/>
   <point lat="34.21407" lon="-118.46599"/>
   <point lat="34.21632" lon="-118.46612"/>
   <point lat="34.2185" lon="-118.46646"/>
   <point lat="34.21939" lon="-118.46711"/>
   <point lat="34.21957" lon="-118.46721"/>
   <point lat="34.2198" lon="-118.46732"/>
   <point lat="34.22019" lon="-118.46749"/>
   <point lat="34.22028" lon="-118.46752"/>
   <point lat="34.22066" lon="-118.46763"/>
   <point lat="34.22083" lon="-118.46767"/>
   <point lat="34.22116" lon="-118.4677"/>
   <point lat="34.22169" lon="-118.46756"/>
   <point lat="34.22304" lon="-118.46771"/>
   <point lat="34.22451" lon="-118.46753"/>
   <point lat="34.22799" lon="-118.46747"/>
   <point lat="34.23219" lon="-118.46745"/>
   <point lat="34.23595" lon="-118.46741"/>
  </path>
  <path>
   <point lat="34.16528" lon="-118.46601"/>
   <point lat="34.16875" lon="-118.46601"/>
   <point lat="34.1724" lon="-118.466"/>
   <point lat="34.17602" lon="-118.46602"/>
   <point lat="34.17926" lon="-118.46601"/>
   <point lat="34.1810199" lon="-118.46601"/>
  </path>
  <path>
   <point lat="34.31018" lon="-118.44647"/>
   <point lat="34.31156" lon="-118.44526"/>
   <point lat="34.31271" lon="-118.44375"/>
   <point lat="34.31555" lon="-118.44077"/>
   <point lat="34.31527" lon="-118.44063"/>
   <point lat="34.31284" lon="-118.43726"/>
   <point lat="34.31256" lon="-118.43712"/>
   <point lat="34.31015" lon="-118.43377"/>
   <point lat="34.31028" lon="-118.43346"/>
  </path>
  <path>
   <point lat="34.30665" lon="-118.41298"/>
   <point lat="34.3072" lon="-118.4131"/>
   <point lat="34.30717" lon="-118.41376"/>
   <point lat="34.30719" lon="-118.41384"/>
   <point lat="34.30729" lon="-118.41386"/>
   <point lat="34.30739" lon="-118.41393"/>
   <point lat="34.30748" lon="-118.41396"/>
   <point lat="34.3076" lon="-118.41396"/>
   <point lat="34.30773" lon="-118.41393"/>
   <point lat="34.30786" lon="-118.41381"/>
   <point lat="34.30798" lon="-118.41366"/>
   <point lat="34.30874" lon="-118.41379"/>
   <point lat="34.31236" lon="-118.41785"/>
   <point lat="34.31324" lon="-118.41876"/>
   <point lat="34.3152199" lon="-118.42107"/>
  </path>
  <path>
   <point lat="34.23595" lon="-118.46741"/>
   <point lat="34.23945" lon="-118.4674"/>
   <point lat="34.24307" lon="-118.46737"/>
   <point lat="34.24669" lon="-118.46733"/>
   <point lat="34.25031" lon="-118.4673"/>
   <point lat="34.2539299" lon="-118.46725"/>
   <point lat="34.25751" lon="-118.46724"/>
   <point lat="34.2607799" lon="-118.4672"/>
   <point lat="34.26483" lon="-118.46716"/>
   <point lat="34.26657" lon="-118.46729"/>
   <point lat="34.26793" lon="-118.46703"/>
   <point lat="34.26844" lon="-118.46693"/>
   <point lat="34.26898" lon="-118.46652"/>
   <point lat="34.2691" lon="-118.46642"/>
   <point lat="34.26931" lon="-118.46622"/>
   <point lat="34.26955" lon="-118.46601"/>
   <point lat="34.26973" lon="-118.4659"/>
   <point lat="34.26977" lon="-118.46587"/>
   <point lat="34.26996" lon="-118.46566"/>
   <point lat="34.27025" lon="-118.46528"/>
   <point lat="34.27068" lon="-118.46454"/>
   <point lat="34.27127" lon="-118.46389"/>
   <point lat="34.27129" lon="-118.46352"/>
  </path>
  <path>
   <point lat="34.18074" lon="-118.46632"/>
   <point lat="34.17953" lon="-118.46632"/>
   <point lat="34.17547" lon="-118.46633"/>
   <point lat="34.17185" lon="-118.46631"/>
   <point lat="34.1685" lon="-118.46631"/>
   <point lat="34.16487" lon="-118.46616"/>
   <point lat="34.16474" lon="-118.46583"/>
  </path>
  <path>
   <point lat="34.2352599" lon="-118.46773"/>
   <point lat="34.23205" lon="-118.46775"/>
   <point lat="34.22842" lon="-118.4678"/>
   <point lat="34.22479" lon="-118.46783"/>
   <point lat="34.22142" lon="-118.46771"/>
   <point lat="34.2209999" lon="-118.46784"/>
   <point lat="34.22019" lon="-118.46749"/>
   <point lat="34.21816" lon="-118.46662"/>
   <point lat="34.21697" lon="-118.46618"/>
   <point lat="34.21632" lon="-118.46612"/>
   <point lat="34.21553" lon="-118.46609"/>
   <point lat="34.2151" lon="-118.46609"/>
   <point lat="34.2139499" lon="-118.4663"/>
   <point lat="34.21208" lon="-118.46619"/>
   <point lat="34.2117999" lon="-118.46634"/>
   <point lat="34.20818" lon="-118.46634"/>
   <point lat="34.20496" lon="-118.46634"/>
   <point lat="34.20078" lon="-118.46633"/>
  </path>
  <path>
   <point lat="34.27174" lon="-118.46297"/>
   <point lat="34.27127" lon="-118.46389"/>
   <point lat="34.27072" lon="-118.46495"/>
   <point lat="34.26977" lon="-118.46587"/>
   <point lat="34.26932" lon="-118.46705"/>
   <point lat="34.26908" lon="-118.46705"/>
   <point lat="34.26873" lon="-118.46722"/>
   <point lat="34.26657" lon="-118.46729"/>
   <point lat="34.2647" lon="-118.46747"/>
   <point lat="34.26106" lon="-118.4675"/>
   <point lat="34.25745" lon="-118.46754"/>
   <point lat="34.2538" lon="-118.46755"/>
   <point lat="34.25018" lon="-118.46761"/>
   <point lat="34.24655" lon="-118.46763"/>
   <point lat="34.24252" lon="-118.46769"/>
   <point lat="34.2389" lon="-118.46771"/>
   <point lat="34.2352599" lon="-118.46773"/>
  </path>
  <path>
   <point lat="34.31512" lon="-118.4212"/>
   <point lat="34.31353" lon="-118.41935"/>
   <point lat="34.30851" lon="-118.41345"/>
  </path>
 </route>
</body>