<?xml version="1.0" encoding="utf-8"?>
<body copyright="All data copyright Los Angeles Metro 2022.">
 <route color="df4600" latMax="34.2934699" latMin="34.1415299" lonMax="-118.3879299" lonMin="-118.45195" oppositeColor="ffffff" tag="230" title="230 Sylmar- San Fernando- Studio City- V">
  <stop lat="34.2647399" lon="-118.4382399" stopId="00364" tag="364" title="Laurel Canyon / Paxton"/>
  <stop lat="34.1442899" lon="-118.39428" stopId="00639" tag="639" title="Ventura Pl / Ventura"/>
  <stop lat="34.2776199" lon="-118.45173" stopId="02916" tag="2916" title="San Fernando Mission / Laurel Canyon"/>
  <stop lat="34.1647599" lon="-118.3963099" stopId="03086" tag="3086" title="Laurel Canyon / Magnolia"/>
  <stop lat="34.2219199" lon="-118.39634" stopId="04551" tag="4551" title="Laurel Canyon / Roscoe"/>
  <stop lat="34.28208" lon="-118.4455899" stopId="05814" tag="5814" title="San Fernando Mission / Hollister"/>
  <stop lat="34.28114" lon="-118.4468899" stopId="05815" tag="5815" title="San Fernando Mission / Kewen"/>
  <stop lat="34.29073" lon="-118.4487899" stopId="06615" tag="6615" title="Truman / Hubbard"/>
  <stop lat="34.28716" lon="-118.44503" stopId="06619" tag="6619" title="Truman / Workman"/>
  <stop lat="34.28507" lon="-118.44246" stopId="06620" tag="6620" title="Truman / San Fernando Mission"/>
  <stop lat="34.16112" lon="-118.3963" stopId="11382" tag="11382" title="Laurel Canyon / Addison"/>
  <stop lat="34.2747799" lon="-118.4489299" stopId="11383" tag="11383" title="Laurel Canyon / Brand"/>
  <stop lat="34.2409" lon="-118.41296" stopId="11384" tag="11384" title="Laurel Canyon / Branford"/>
  <stop lat="34.17244" lon="-118.39632" stopId="11385" tag="11385" title="Laurel Canyon / Burbank"/>
  <stop lat="34.21925" lon="-118.3963499" stopId="11386" tag="11386" title="Laurel Canyon / Cantara"/>
  <stop lat="34.26974" lon="-118.44356" stopId="11387" tag="11387" title="Laurel Canyon / Chamberlain"/>
  <stop lat="34.1689599" lon="-118.39632" stopId="11388" tag="11388" title="Laurel Canyon / G Line (Orange)"/>
  <stop lat="34.1761999" lon="-118.39632" stopId="11389" tag="11389" title="Laurel Canyon / Emelita"/>
  <stop lat="34.18289" lon="-118.39631" stopId="11390" tag="11390" title="Laurel Canyon / Erwin"/>
  <stop lat="34.26174" lon="-118.43504" stopId="11391" tag="11391" title="Laurel Canyon / Filmore"/>
  <stop lat="34.27172" lon="-118.44567" stopId="11392" tag="11392" title="Laurel Canyon / Fox"/>
  <stop lat="34.19787" lon="-118.39632" stopId="11393" tag="11393" title="Laurel Canyon / Hart"/>
  <stop lat="34.2498299" lon="-118.4224299" stopId="11394" tag="11394" title="Laurel Canyon / Kagel Canyon"/>
  <stop lat="34.19059" lon="-118.3963199" stopId="11395" tag="11395" title="Laurel Canyon / Kittridge"/>
  <stop lat="34.24389" lon="-118.41613" stopId="11397" tag="11397" title="Laurel Canyon / Montague"/>
  <stop lat="34.1506499" lon="-118.39632" stopId="11398" tag="11398" title="Laurel Canyon / Moorpark"/>
  <stop lat="34.24717" lon="-118.4196" stopId="11399" tag="11399" title="Laurel Canyon / Osborne"/>
  <stop lat="34.17929" lon="-118.39631" stopId="11400" tag="11400" title="Laurel Canyon / Oxnard"/>
  <stop lat="34.2263299" lon="-118.3974999" stopId="11402" tag="11402" title="Laurel Canyon / Peoria"/>
  <stop lat="34.25578" lon="-118.42875" stopId="11403" tag="11403" title="Laurel Canyon / Pierce"/>
  <stop lat="34.1574399" lon="-118.39633" stopId="11404" tag="11404" title="Laurel Canyon / Riverside"/>
  <stop lat="34.20603" lon="-118.39635" stopId="11405" tag="11405" title="Laurel Canyon / Runnymede"/>
  <stop lat="34.2087499" lon="-118.39635" stopId="11407" tag="11407" title="Laurel Canyon / Saticoy"/>
  <stop lat="34.2322799" lon="-118.4038299" stopId="11408" tag="11408" title="Laurel Canyon / Sheldon"/>
  <stop lat="34.2004699" lon="-118.39632" stopId="11409" tag="11409" title="Laurel Canyon / Sherman Way"/>
  <stop lat="34.21198" lon="-118.39635" stopId="11410" tag="11410" title="Laurel Canyon / Stagg"/>
  <stop lat="34.2156199" lon="-118.39635" stopId="11411" tag="11411" title="Laurel Canyon / Strathern"/>
  <stop lat="34.2531099" lon="-118.4259099" stopId="11412" tag="11412" title="Laurel Canyon / Terra Bella"/>
  <stop lat="34.14666" lon="-118.39625" stopId="11413" tag="11413" title="Laurel Canyon / Valleyheart"/>
  <stop lat="34.2590699" lon="-118.43224" stopId="11414" tag="11414" title="Laurel Canyon / Van Nuys"/>
  <stop lat="34.1942299" lon="-118.39631" stopId="11415" tag="11415" title="Laurel Canyon / Vanowen"/>
  <stop lat="34.14388" lon="-118.39522" stopId="11416" tag="11416" title="Laurel Canyon / Ventura"/>
  <stop lat="34.15421" lon="-118.39632" stopId="11417" tag="11417" title="Laurel Canyon / Ventura Freeway"/>
  <stop lat="34.2290099" lon="-118.4003199" stopId="11418" tag="11418" title="Laurel Canyon / Wicks"/>
  <stop lat="34.1869699" lon="-118.3963199" stopId="15487" tag="15487" title="Laurel Canyon / Victory"/>
  <stop lat="34.27952" lon="-118.4491099" stopId="20033" tag="20033" title="San Fernando Mission / O Melveny"/>
  <stop lat="34.28019" lon="-118.4481899" stopId="20034" tag="20034" title="San Fernando Mission / Mott"/>
  <stop lat="34.2834899" lon="-118.44366" stopId="20035" tag="20035" title="San Fernando Mission / Celis"/>
  <stop lat="34.2389" lon="-118.41084" stopId="20075" tag="20075" title="Laurel Canyon / Rangoon"/>
  <stop lat="34.2356499" lon="-118.4074199" stopId="20077" tag="20077" title="Laurel Canyon / Tonopah"/>
  <stop lat="34.2934699" lon="-118.45085" tag="30015_ar" title="Sylmar Station"/>
  <stop lat="34.1442899" lon="-118.39428" tag="639_ar" title="Ventura Pl / Ventura"/>
  <stop lat="34.1613899" lon="-118.39661" stopId="02892" tag="2892" title="Laurel Canyon / Addison"/>
  <stop lat="34.2748399" lon="-118.4493599" stopId="02893" tag="2893" title="Laurel Canyon / Brand"/>
  <stop lat="34.2409399" lon="-118.4134099" stopId="02894" tag="2894" title="Laurel Canyon / Branford"/>
  <stop lat="34.1718899" lon="-118.39662" stopId="02895" tag="2895" title="Laurel Canyon / Burbank"/>
  <stop lat="34.2191099" lon="-118.3966599" stopId="02896" tag="2896" title="Laurel Canyon / Cantara"/>
  <stop lat="34.26947" lon="-118.44368" stopId="02897" tag="2897" title="Laurel Canyon / Chamberlain"/>
  <stop lat="34.1681299" lon="-118.39662" stopId="02898" tag="2898" title="Laurel Canyon / G Line (Orange)"/>
  <stop lat="34.17606" lon="-118.39662" stopId="02899" tag="2899" title="Laurel Canyon / Emelita"/>
  <stop lat="34.1827599" lon="-118.39661" stopId="02900" tag="2900" title="Laurel Canyon / Erwin"/>
  <stop lat="34.2617799" lon="-118.4354899" stopId="02901" tag="2901" title="Laurel Canyon / Filmore"/>
  <stop lat="34.2717599" lon="-118.4461199" stopId="02902" tag="2902" title="Laurel Canyon / Fox"/>
  <stop lat="34.19732" lon="-118.39662" stopId="02904" tag="2904" title="Laurel Canyon / Hart"/>
  <stop lat="34.24987" lon="-118.42288" stopId="02905" tag="2905" title="Laurel Canyon / Kagel Canyon"/>
  <stop lat="34.19041" lon="-118.3966299" stopId="02906" tag="2906" title="Laurel Canyon / Kittridge"/>
  <stop lat="34.16504" lon="-118.39662" stopId="02907" tag="2907" title="Laurel Canyon / Magnolia"/>
  <stop lat="34.24659" lon="-118.41939" stopId="02908" tag="2908" title="Laurel Canyon / Osborne"/>
  <stop lat="34.1500999" lon="-118.3966199" stopId="02909" tag="2909" title="Laurel Canyon / Moorpark"/>
  <stop lat="34.17957" lon="-118.3966199" stopId="02910" tag="2910" title="Laurel Canyon / Oxnard"/>
  <stop lat="34.26448" lon="-118.43836" stopId="02911" tag="2911" title="Laurel Canyon / Paxton"/>
  <stop lat="34.2257399" lon="-118.3973399" stopId="02912" tag="2912" title="Laurel Canyon / Peoria"/>
  <stop lat="34.2558199" lon="-118.4291999" stopId="02913" tag="2913" title="Laurel Canyon / Pierce"/>
  <stop lat="34.2057799" lon="-118.3966499" stopId="02915" tag="2915" title="Laurel Canyon / Runnymede"/>
  <stop lat="34.20862" lon="-118.39665" stopId="02917" tag="2917" title="Laurel Canyon / Saticoy"/>
  <stop lat="34.2320099" lon="-118.4039499" stopId="02918" tag="2918" title="Laurel Canyon / Sheldon"/>
  <stop lat="34.2003299" lon="-118.3966299" stopId="02919" tag="2919" title="Laurel Canyon / Sherman Way"/>
  <stop lat="34.21225" lon="-118.39665" stopId="02920" tag="2920" title="Laurel Canyon / Stagg"/>
  <stop lat="34.21548" lon="-118.39665" stopId="02921" tag="2921" title="Laurel Canyon / Strathern"/>
  <stop lat="34.25254" lon="-118.42571" stopId="02922" tag="2922" title="Laurel Canyon / Terra Bella"/>
  <stop lat="34.1464599" lon="-118.3964999" stopId="02923" tag="2923" title="Laurel Canyon / Valleyheart"/>
  <stop lat="34.2584899" lon="-118.43203" stopId="02925" tag="2925" title="Laurel Canyon / Van Nuys"/>
  <stop lat="34.1936799" lon="-118.39662" stopId="02926" tag="2926" title="Laurel Canyon / Vanowen"/>
  <stop lat="34.15466" lon="-118.39662" stopId="02927" tag="2927" title="Laurel Canyon / Ventura Freeway"/>
  <stop lat="34.22906" lon="-118.40076" stopId="02929" tag="2929" title="Laurel Canyon / Wicks"/>
  <stop lat="34.2213799" lon="-118.39666" stopId="04553" tag="4553" title="Laurel Canyon / Roscoe"/>
  <stop lat="34.2835899" lon="-118.44398" stopId="05812" tag="5812" title="San Fernando Mission / Celis"/>
  <stop lat="34.1864199" lon="-118.3966299" stopId="07139" tag="7139" title="Laurel Canyon / Victory"/>
  <stop lat="34.27726" lon="-118.45195" stopId="11406" tag="11406" title="Laurel Canyon / San Fernando Mission"/>
  <stop lat="34.1438799" lon="-118.39522" tag="11416_ar" title="Laurel Canyon / Ventura"/>
  <stop lat="34.2824499" lon="-118.44554" stopId="14189" tag="14189" title="San Fernando Mission / Hollister"/>
  <stop lat="34.2812399" lon="-118.44721" stopId="14190" tag="14190" title="San Fernando Mission / Kewen"/>
  <stop lat="34.28057" lon="-118.4481299" stopId="14191" tag="14191" title="San Fernando Mission / Mott"/>
  <stop lat="34.29036" lon="-118.44884" stopId="14983" tag="14983" title="Truman / Hubbard"/>
  <stop lat="34.28689" lon="-118.44516" stopId="14984" tag="14984" title="Truman / Workman"/>
  <stop lat="34.28485" lon="-118.44264" stopId="14987" tag="14987" title="Truman / San Fernando Mission"/>
  <stop lat="34.1429499" lon="-118.3910299" stopId="15349" tag="15349" title="Ventura / Carpenter"/>
  <stop lat="34.1415299" lon="-118.3879299" stopId="15353" tag="15353" title="Ventura / Colfax"/>
  <stop lat="34.2793499" lon="-118.4498" stopId="20037" tag="20037" title="San Fernando Mission / O Melveny"/>
  <stop lat="34.2439299" lon="-118.4165799" stopId="20073" tag="20073" title="Laurel Canyon / Montague"/>
  <stop lat="34.2386299" lon="-118.4109599" stopId="20074" tag="20074" title="Laurel Canyon / Rangoon"/>
  <stop lat="34.23569" lon="-118.40787" stopId="20076" tag="20076" title="Laurel Canyon / Tonopah"/>
  <stop lat="34.1577699" lon="-118.3966299" stopId="20078" tag="20078" title="Laurel Canyon / Riverside"/>
  <stop lat="34.2934699" lon="-118.45085" stopId="30015" tag="30015" title="Sylmar Station"/>
  <stop lat="34.1438399" lon="-118.39367" stopId="32111" tag="32111" title="Ventura / Ventura Pl"/>
  <direction name="North" tag="230_83_0" title="North to Sylmar Station" useForUI="true">
   <stop tag="639"/>
   <stop tag="11416"/>
   <stop tag="11413"/>
   <stop tag="11398"/>
   <stop tag="11417"/>
   <stop tag="11404"/>
   <stop tag="11382"/>
   <stop tag="3086"/>
   <stop tag="11388"/>
   <stop tag="11385"/>
   <stop tag="11389"/>
   <stop tag="11400"/>
   <stop tag="11390"/>
   <stop tag="15487"/>
   <stop tag="11395"/>
   <stop tag="11415"/>
   <stop tag="11393"/>
   <stop tag="11409"/>
   <stop tag="11405"/>
   <stop tag="11407"/>
   <stop tag="11410"/>
   <stop tag="11411"/>
   <stop tag="11386"/>
   <stop tag="4551"/>
   <stop tag="11402"/>
   <stop tag="11418"/>
   <stop tag="11408"/>
   <stop tag="20077"/>
   <stop tag="20075"/>
   <stop tag="11384"/>
   <stop tag="11397"/>
   <stop tag="11399"/>
   <stop tag="11394"/>
   <stop tag="11412"/>
   <stop tag="11403"/>
   <stop tag="11414"/>
   <stop tag="11391"/>
   <stop tag="364"/>
   <stop tag="11387"/>
   <stop tag="11392"/>
   <stop tag="11383"/>
   <stop tag="2916"/>
   <stop tag="20033"/>
   <stop tag="20034"/>
   <stop tag="5815"/>
   <stop tag="5814"/>
   <stop tag="20035"/>
   <stop tag="6620"/>
   <stop tag="6619"/>
   <stop tag="6615"/>
   <stop tag="30015_ar"/>
  </direction>
  <direction name="South" tag="230_90_1" title="South to Studio City" useForUI="true">
   <stop tag="30015"/>
   <stop tag="14983"/>
   <stop tag="14984"/>
   <stop tag="14987"/>
   <stop tag="5812"/>
   <stop tag="14189"/>
   <stop tag="14190"/>
   <stop tag="14191"/>
   <stop tag="20037"/>
   <stop tag="11406"/>
   <stop tag="2893"/>
   <stop tag="2902"/>
   <stop tag="2897"/>
   <stop tag="2911"/>
   <stop tag="2901"/>
   <stop tag="2925"/>
   <stop tag="2913"/>
   <stop tag="2922"/>
   <stop tag="2905"/>
   <stop tag="2908"/>
   <stop tag="20073"/>
   <stop tag="2894"/>
   <stop tag="20074"/>
   <stop tag="20076"/>
   <stop tag="2918"/>
   <stop tag="2929"/>
   <stop tag="2912"/>
   <stop tag="4553"/>
   <stop tag="2896"/>
   <stop tag="2921"/>
   <stop tag="2920"/>
   <stop tag="2917"/>
   <stop tag="2915"/>
   <stop tag="2919"/>
   <stop tag="2904"/>
   <stop tag="2926"/>
   <stop tag="2906"/>
   <stop tag="7139"/>
   <stop tag="2900"/>
   <stop tag="2910"/>
   <stop tag="2899"/>
   <stop tag="2895"/>
   <stop tag="2898"/>
   <stop tag="2907"/>
   <stop tag="2892"/>
   <stop tag="20078"/>
   <stop tag="2927"/>
   <stop tag="15353"/>
   <stop tag="15349"/>
   <stop tag="32111"/>
   <stop tag="11416_ar"/>
  </direction>
  <path>
   <point lat="34.25849" lon="-118.43203"/>
   <point lat="34.25582" lon="-118.4292"/>
   <point lat="34.25254" lon="-118.42571"/>
   <point lat="34.24987" lon="-118.42288"/>
   <point lat="34.24659" lon="-118.41939"/>
   <point lat="34.24393" lon="-118.41658"/>
   <point lat="34.24094" lon="-118.41341"/>
   <point lat="34.23863" lon="-118.41096"/>
   <point lat="34.23569" lon="-118.40787"/>
   <point lat="34.23201" lon="-118.40395"/>
   <point lat="34.23189" lon="-118.40361"/>
   <point lat="34.2290599" lon="-118.40076"/>
   <point lat="34.22574" lon="-118.39734"/>
   <point lat="34.22538" lon="-118.39687"/>
   <point lat="34.22521" lon="-118.39677"/>
   <point lat="34.2251" lon="-118.39671"/>
   <point lat="34.22492" lon="-118.39662"/>
   <point lat="34.22464" lon="-118.39652"/>
   <point lat="34.22441" lon="-118.39646"/>
   <point lat="34.22429" lon="-118.39644"/>
   <point lat="34.22407" lon="-118.39642"/>
   <point lat="34.22383" lon="-118.39637"/>
   <point lat="34.2216499" lon="-118.3965"/>
   <point lat="34.22138" lon="-118.39666"/>
  </path>
  <path>
   <point lat="34.25907" lon="-118.43224"/>
   <point lat="34.26174" lon="-118.43504"/>
   <point lat="34.26474" lon="-118.43824"/>
   <point lat="34.26974" lon="-118.44356"/>
   <point lat="34.27172" lon="-118.44567"/>
   <point lat="34.27478" lon="-118.44893"/>
   <point lat="34.27753" lon="-118.45208"/>
   <point lat="34.27762" lon="-118.45173"/>
   <point lat="34.27851" lon="-118.45074"/>
   <point lat="34.27952" lon="-118.44911"/>
   <point lat="34.28019" lon="-118.44819"/>
   <point lat="34.28114" lon="-118.44689"/>
   <point lat="34.28208" lon="-118.44559"/>
   <point lat="34.2827399" lon="-118.44492"/>
   <point lat="34.28349" lon="-118.44366"/>
   <point lat="34.28468" lon="-118.44225"/>
   <point lat="34.28507" lon="-118.44246"/>
   <point lat="34.2855599" lon="-118.4433"/>
   <point lat="34.28607" lon="-118.44409"/>
   <point lat="34.28716" lon="-118.44503"/>
   <point lat="34.28917" lon="-118.44738"/>
   <point lat="34.29073" lon="-118.44879"/>
   <point lat="34.29122" lon="-118.4485"/>
   <point lat="34.2913799" lon="-118.44833"/>
   <point lat="34.29169" lon="-118.44798"/>
   <point lat="34.2923" lon="-118.44862"/>
   <point lat="34.29316" lon="-118.44982"/>
   <point lat="34.29378" lon="-118.45063"/>
   <point lat="34.29347" lon="-118.45085"/>
  </path>
  <path>
   <point lat="34.22138" lon="-118.39666"/>
   <point lat="34.21939" lon="-118.39651"/>
   <point lat="34.21911" lon="-118.39666"/>
   <point lat="34.21548" lon="-118.39665"/>
   <point lat="34.21225" lon="-118.39665"/>
   <point lat="34.20862" lon="-118.39665"/>
   <point lat="34.20578" lon="-118.39665"/>
   <point lat="34.20033" lon="-118.39663"/>
   <point lat="34.19732" lon="-118.39662"/>
   <point lat="34.19368" lon="-118.39662"/>
  </path>
  <path>
   <point lat="34.19368" lon="-118.39662"/>
   <point lat="34.19041" lon="-118.39663"/>
   <point lat="34.18642" lon="-118.39663"/>
   <point lat="34.18276" lon="-118.39661"/>
   <point lat="34.17957" lon="-118.39662"/>
   <point lat="34.17606" lon="-118.39662"/>
   <point lat="34.17189" lon="-118.39662"/>
   <point lat="34.16813" lon="-118.39662"/>
  </path>
  <path>
   <point lat="34.16896" lon="-118.39632"/>
   <point lat="34.17244" lon="-118.39632"/>
   <point lat="34.1762" lon="-118.39632"/>
   <point lat="34.17929" lon="-118.39631"/>
   <point lat="34.18289" lon="-118.39631"/>
   <point lat="34.18697" lon="-118.39632"/>
   <point lat="34.19059" lon="-118.39632"/>
   <point lat="34.19423" lon="-118.39631"/>
  </path>
  <path>
   <point lat="34.16813" lon="-118.39662"/>
   <point lat="34.16504" lon="-118.39662"/>
   <point lat="34.16139" lon="-118.39661"/>
   <point lat="34.15777" lon="-118.39663"/>
   <point lat="34.15466" lon="-118.39662"/>
   <point lat="34.15219" lon="-118.39647"/>
   <point lat="34.15037" lon="-118.39647"/>
   <point lat="34.15038" lon="-118.39426"/>
   <point lat="34.15036" lon="-118.39373"/>
   <point lat="34.15035" lon="-118.39333"/>
   <point lat="34.15036" lon="-118.39313"/>
   <point lat="34.15036" lon="-118.39301"/>
   <point lat="34.1504" lon="-118.39243"/>
   <point lat="34.1504" lon="-118.39208"/>
   <point lat="34.15039" lon="-118.39194"/>
   <point lat="34.15038" lon="-118.39176"/>
   <point lat="34.15038" lon="-118.38772"/>
   <point lat="34.1454" lon="-118.38771"/>
   <point lat="34.14512" lon="-118.38767"/>
   <point lat="34.14454" lon="-118.38756"/>
   <point lat="34.14443" lon="-118.38755"/>
   <point lat="34.14426" lon="-118.38754"/>
   <point lat="34.14416" lon="-118.38753"/>
   <point lat="34.14376" lon="-118.38752"/>
   <point lat="34.14305" lon="-118.38756"/>
   <point lat="34.14205" lon="-118.38768"/>
   <point lat="34.14129" lon="-118.38771"/>
   <point lat="34.14153" lon="-118.38793"/>
   <point lat="34.14271" lon="-118.39082"/>
   <point lat="34.14295" lon="-118.39103"/>
   <point lat="34.14364" lon="-118.39288"/>
   <point lat="34.14384" lon="-118.39367"/>
   <point lat="34.14358" lon="-118.39527"/>
   <point lat="34.14388" lon="-118.39522"/>
  </path>
  <path>
   <point lat="34.19423" lon="-118.39631"/>
   <point lat="34.19787" lon="-118.39632"/>
   <point lat="34.20047" lon="-118.39632"/>
   <point lat="34.20603" lon="-118.39635"/>
   <point lat="34.20875" lon="-118.39635"/>
   <point lat="34.2119799" lon="-118.39635"/>
   <point lat="34.21562" lon="-118.39635"/>
   <point lat="34.21925" lon="-118.39635"/>
   <point lat="34.22192" lon="-118.39634"/>
  </path>
  <path>
   <point lat="34.14388" lon="-118.39522"/>
   <point lat="34.14459" lon="-118.39565"/>
   <point lat="34.14666" lon="-118.39625"/>
   <point lat="34.14857" lon="-118.39647"/>
   <point lat="34.15065" lon="-118.39632"/>
   <point lat="34.15421" lon="-118.39632"/>
   <point lat="34.15744" lon="-118.39633"/>
   <point lat="34.1611199" lon="-118.3963"/>
   <point lat="34.16476" lon="-118.39631"/>
   <point lat="34.16896" lon="-118.39632"/>
  </path>
  <path>
   <point lat="34.16813" lon="-118.39662"/>
   <point lat="34.16504" lon="-118.39662"/>
   <point lat="34.16139" lon="-118.39661"/>
   <point lat="34.15777" lon="-118.39663"/>
   <point lat="34.15466" lon="-118.39662"/>
   <point lat="34.1501" lon="-118.39662"/>
   <point lat="34.14857" lon="-118.39647"/>
   <point lat="34.14646" lon="-118.3965"/>
   <point lat="34.14508" lon="-118.39583"/>
   <point lat="34.14429" lon="-118.39428"/>
  </path>
  <path>
   <point lat="34.29347" lon="-118.45085"/>
   <point lat="34.29284" lon="-118.45021"/>
   <point lat="34.29316" lon="-118.44982"/>
   <point lat="34.2923" lon="-118.44862"/>
   <point lat="34.29169" lon="-118.44798"/>
   <point lat="34.2913799" lon="-118.44833"/>
   <point lat="34.29122" lon="-118.4485"/>
   <point lat="34.29076" lon="-118.44901"/>
   <point lat="34.29036" lon="-118.44884"/>
   <point lat="34.28689" lon="-118.44516"/>
   <point lat="34.28607" lon="-118.44409"/>
   <point lat="34.2855599" lon="-118.4433"/>
   <point lat="34.28485" lon="-118.44264"/>
   <point lat="34.28468" lon="-118.44225"/>
   <point lat="34.28417" lon="-118.44295"/>
   <point lat="34.2835899" lon="-118.44398"/>
   <point lat="34.2827399" lon="-118.44492"/>
   <point lat="34.28245" lon="-118.44554"/>
   <point lat="34.2812399" lon="-118.44721"/>
   <point lat="34.28057" lon="-118.44813"/>
   <point lat="34.27935" lon="-118.4498"/>
   <point lat="34.27753" lon="-118.45208"/>
   <point lat="34.27726" lon="-118.45195"/>
   <point lat="34.27484" lon="-118.44936"/>
   <point lat="34.27176" lon="-118.44612"/>
   <point lat="34.26947" lon="-118.44368"/>
   <point lat="34.26448" lon="-118.43836"/>
   <point lat="34.26178" lon="-118.43549"/>
   <point lat="34.25849" lon="-118.43203"/>
  </path>
  <path>
   <point lat="34.15744" lon="-118.39633"/>
   <point lat="34.1611199" lon="-118.3963"/>
   <point lat="34.16476" lon="-118.39631"/>
   <point lat="34.16896" lon="-118.39632"/>
  </path>
  <path>
   <point lat="34.27176" lon="-118.44612"/>
   <point lat="34.26947" lon="-118.44368"/>
   <point lat="34.26448" lon="-118.43836"/>
   <point lat="34.26178" lon="-118.43549"/>
   <point lat="34.25849" lon="-118.43203"/>
  </path>
  <path>
   <point lat="34.25907" lon="-118.43224"/>
   <point lat="34.26174" lon="-118.43504"/>
   <point lat="34.26474" lon="-118.43824"/>
   <point lat="34.26974" lon="-118.44356"/>
   <point lat="34.27172" lon="-118.44567"/>
   <point lat="34.27478" lon="-118.44893"/>
   <point lat="34.27753" lon="-118.45208"/>
   <point lat="34.27762" lon="-118.45173"/>
   <point lat="34.27851" lon="-118.45074"/>
   <point lat="34.27952" lon="-118.44911"/>
   <point lat="34.28019" lon="-118.44819"/>
   <point lat="34.28114" lon="-118.44689"/>
   <point lat="34.28208" lon="-118.44559"/>
   <point lat="34.28349" lon="-118.44366"/>
   <point lat="34.28468" lon="-118.44225"/>
   <point lat="34.28507" lon="-118.44246"/>
   <point lat="34.2855599" lon="-118.4433"/>
   <point lat="34.28716" lon="-118.44503"/>
   <point lat="34.28917" lon="-118.44738"/>
   <point lat="34.29073" lon="-118.44879"/>
   <point lat="34.29122" lon="-118.4485"/>
   <point lat="34.2913799" lon="-118.44833"/>
   <point lat="34.29169" lon="-118.44798"/>
   <point lat="34.2923" lon="-118.44862"/>
   <point lat="34.29316" lon="-118.44982"/>
   <point lat="34.29378" lon="-118.45063"/>
   <point lat="34.29347" lon="-118.45085"/>
  </path>
  <path>
   <point lat="34.22192" lon="-118.39634"/>
   <point lat="34.22383" lon="-118.39637"/>
   <point lat="34.22407" lon="-118.39642"/>
   <point lat="34.22429" lon="-118.39644"/>
   <point lat="34.22441" lon="-118.39646"/>
   <point lat="34.22464" lon="-118.39652"/>
   <point lat="34.22492" lon="-118.39662"/>
   <point lat="34.2251" lon="-118.39671"/>
   <point lat="34.22521" lon="-118.39677"/>
   <point lat="34.22538" lon="-118.39687"/>
   <point lat="34.22604" lon="-118.3974"/>
   <point lat="34.22633" lon="-118.3975"/>
   <point lat="34.22901" lon="-118.40032"/>
   <point lat="34.23189" lon="-118.40361"/>
   <point lat="34.23228" lon="-118.40383"/>
   <point lat="34.23565" lon="-118.40742"/>
   <point lat="34.2389" lon="-118.41084"/>
   <point lat="34.2409" lon="-118.41296"/>
   <point lat="34.24389" lon="-118.41613"/>
   <point lat="34.2471699" lon="-118.4196"/>
   <point lat="34.24983" lon="-118.42243"/>
   <point lat="34.25311" lon="-118.42591"/>
   <point lat="34.25578" lon="-118.42875"/>
   <point lat="34.25907" lon="-118.43224"/>
  </path>
  <path>
   <point lat="34.14429" lon="-118.39428"/>
   <point lat="34.14407" lon="-118.3936"/>
   <point lat="34.14372" lon="-118.39334"/>
   <point lat="34.14372" lon="-118.3936"/>
   <point lat="34.14358" lon="-118.39527"/>
   <point lat="34.14388" lon="-118.39522"/>
   <point lat="34.14459" lon="-118.39565"/>
   <point lat="34.14666" lon="-118.39625"/>
   <point lat="34.14857" lon="-118.39647"/>
   <point lat="34.15065" lon="-118.39632"/>
   <point lat="34.15421" lon="-118.39632"/>
   <point lat="34.15744" lon="-118.39633"/>
  </path>
 </route>
</body>