<?xml version="1.0" encoding="utf-8"?>
<body copyright="All data copyright Los Angeles Metro 2022.">
 <route color="990000" latMax="34.0721899" latMin="33.8693399" lonMax="-118.04513" lonMin="-118.28731" oppositeColor="ffffff" tag="910" title="910 Metro Silver Line">
  <stop lat="34.0624899" lon="-118.16799" stopId="00931" tag="931" title="Cal State La Busway Station"/>
  <stop lat="34.0176599" lon="-118.27992" stopId="02315" tag="2315" title="Harbor Transitway / 37th St / USC"/>
  <stop lat="33.9597999" lon="-118.2805599" stopId="02320" tag="2320" title="Harbor Transitway / Manchester"/>
  <stop lat="33.9017499" lon="-118.2864099" stopId="02321" tag="2321" title="Harbor Transitway / Rosecrans"/>
  <stop lat="33.9886899" lon="-118.2802" stopId="02322" tag="2322" title="Harbor Transitway / Slauson"/>
  <stop lat="34.0539699" lon="-118.23222" stopId="03300" tag="3300" title="Union Station Patsaouras Bus Plaza"/>
  <stop lat="34.04047" lon="-118.2679699" stopId="04652" tag="4652" title="Figueroa / Pico"/>
  <stop lat="34.03096" lon="-118.2740399" stopId="04994" tag="4994" title="Figueroa / 23rd"/>
  <stop lat="34.04513" lon="-118.2636499" stopId="05040" tag="5040" title="Figueroa / Olympic"/>
  <stop lat="34.0345699" lon="-118.27174" stopId="05049" tag="5049" title="Figueroa / Washington"/>
  <stop lat="34.05442" lon="-118.24696" stopId="05377" tag="5377" title="1st / Hill"/>
  <stop lat="34.0496199" lon="-118.25258" stopId="05378" tag="5378" title="Olive / 5th"/>
  <stop lat="33.9287299" lon="-118.28082" stopId="10855" tag="10855" title="Harbor Transitway / Harbor Fwy Station"/>
  <stop lat="34.0538899" lon="-118.24346" stopId="11917" tag="11917" title="Spring / 1st - City Hall"/>
  <stop lat="34.05488" lon="-118.23971" stopId="12415" tag="12415" title="Aliso / Los Angeles"/>
  <stop lat="34.0285399" lon="-118.27464" stopId="13460" tag="13460" title="Hov Roadway / Adams"/>
  <stop lat="34.0556699" lon="-118.21097" stopId="15029" tag="15029" title="USC Medical Ctr Busway Station"/>
  <stop lat="34.0499" lon="-118.25723" stopId="15713" tag="15713" title="6th / Flower"/>
  <stop lat="33.8693399" lon="-118.28731" stopId="30005" tag="30005" title="Harbor Gateway Transit Center"/>
  <stop lat="34.0721899" lon="-118.04513" tag="30019_ar" title="El Monte Station - Upper Level"/>
  <stop lat="34.0494699" lon="-118.2596" stopId="65300042" tag="65300042" title="Figueroa / 7th"/>
  <stop lat="34.05326" lon="-118.2491499" stopId="70500012" tag="70500012" title="Olive / General Thaddeus Kosciuszko"/>
  <stop lat="34.0303199" lon="-118.27302" stopId="01813" tag="1813" title="Flower / 23rd"/>
  <stop lat="33.9287299" lon="-118.28071" stopId="02324" tag="2324" title="Harbor Transitway / Harbor Fwy Station"/>
  <stop lat="34.0398799" lon="-118.2671" stopId="02377" tag="2377" title="Flower / Pico"/>
  <stop lat="34.03364" lon="-118.2710699" stopId="02378" tag="2378" title="Flower / Washington"/>
  <stop lat="34.0539399" lon="-118.23245" stopId="03301" tag="3301" title="Union Station Patsaouras Bus Plaza"/>
  <stop lat="34.0485499" lon="-118.25906" stopId="03674" tag="3674" title="Flower / 7th"/>
  <stop lat="34.04422" lon="-118.2630799" stopId="04675" tag="4675" title="Flower / Olympic"/>
  <stop lat="34.0556399" lon="-118.21099" stopId="05048" tag="5048" title="USC Medical Ctr Busway Station"/>
  <stop lat="34.0552499" lon="-118.2389599" stopId="08704" tag="8704" title="Arcadia / Los Angeles"/>
  <stop lat="34.0628399" lon="-118.16799" stopId="09480" tag="9480" title="Cal State La Busway Station"/>
  <stop lat="33.9020299" lon="-118.2868299" stopId="10846" tag="10846" title="Harbor Transitway / Rosecrans"/>
  <stop lat="34.01782" lon="-118.2802999" stopId="10848" tag="10848" title="Harbor Transitway / 37th St / USC"/>
  <stop lat="33.9596399" lon="-118.2810299" stopId="10853" tag="10853" title="Harbor Transitway / Manchester"/>
  <stop lat="33.98887" lon="-118.28073" stopId="10994" tag="10994" title="Harbor Transitway / Slauson"/>
  <stop lat="34.0542499" lon="-118.24336" stopId="12416" tag="12416" title="Spring / Temple"/>
  <stop lat="34.05288" lon="-118.2515699" stopId="13560" tag="13560" title="Grand / 3rd"/>
  <stop lat="34.05007" lon="-118.2542699" stopId="13561" tag="13561" title="Grand / 5th"/>
  <stop lat="34.05462" lon="-118.24678" stopId="15612" tag="15612" title="1st / Hill"/>
  <stop lat="34.0274299" lon="-118.27509" stopId="15820" tag="15820" title="Flower / Adams"/>
  <stop lat="33.8693399" lon="-118.28731" tag="30005_ar" title="Harbor Gateway Transit Center"/>
  <stop lat="34.0721899" lon="-118.04513" stopId="30019" tag="30019" title="El Monte Station - Upper Level"/>
  <direction name="South" tag="910_210_1" title="South to Silver Ln-Harbor Gateway Tc Via Dwntwn" useForUI="true">
   <stop tag="30019"/>
   <stop tag="9480"/>
   <stop tag="5048"/>
   <stop tag="3301"/>
   <stop tag="8704"/>
   <stop tag="12416"/>
   <stop tag="15612"/>
   <stop tag="13560"/>
   <stop tag="13561"/>
   <stop tag="3674"/>
   <stop tag="4675"/>
   <stop tag="2377"/>
   <stop tag="2378"/>
   <stop tag="1813"/>
   <stop tag="15820"/>
   <stop tag="10848"/>
   <stop tag="10994"/>
   <stop tag="10853"/>
   <stop tag="2324"/>
   <stop tag="10846"/>
   <stop tag="30005_ar"/>
  </direction>
  <direction name="North" tag="910_211_0" title="North to J-Silver Line El Monte Sta Via Downtown" useForUI="true">
   <stop tag="30005"/>
   <stop tag="2321"/>
   <stop tag="10855"/>
   <stop tag="2320"/>
   <stop tag="2322"/>
   <stop tag="2315"/>
   <stop tag="13460"/>
   <stop tag="4994"/>
   <stop tag="5049"/>
   <stop tag="4652"/>
   <stop tag="5040"/>
   <stop tag="65300042"/>
   <stop tag="15713"/>
   <stop tag="5378"/>
   <stop tag="70500012"/>
   <stop tag="5377"/>
   <stop tag="11917"/>
   <stop tag="12415"/>
   <stop tag="3300"/>
   <stop tag="15029"/>
   <stop tag="931"/>
   <stop tag="30019_ar"/>
  </direction>
  <path>
   <point lat="34.04855" lon="-118.25906"/>
   <point lat="34.04422" lon="-118.26308"/>
   <point lat="34.04014" lon="-118.26674"/>
   <point lat="34.0398799" lon="-118.2671"/>
   <point lat="34.03384" lon="-118.27081"/>
   <point lat="34.03364" lon="-118.27107"/>
   <point lat="34.03174" lon="-118.27211"/>
   <point lat="34.03032" lon="-118.27302"/>
   <point lat="34.02846" lon="-118.27412"/>
   <point lat="34.02743" lon="-118.27509"/>
   <point lat="34.026" lon="-118.27576"/>
   <point lat="34.02463" lon="-118.27623"/>
   <point lat="34.02447" lon="-118.27627"/>
   <point lat="34.0242999" lon="-118.27637"/>
   <point lat="34.0222399" lon="-118.27745"/>
   <point lat="34.0210999" lon="-118.2781"/>
   <point lat="34.01955" lon="-118.27909"/>
   <point lat="34.01782" lon="-118.2803"/>
   <point lat="34.01664" lon="-118.28064"/>
   <point lat="34.01584" lon="-118.28085"/>
   <point lat="34.01537" lon="-118.28094"/>
   <point lat="34.01508" lon="-118.28098"/>
   <point lat="34.0144499" lon="-118.28105"/>
   <point lat="34.01404" lon="-118.28107"/>
   <point lat="34.01325" lon="-118.28107"/>
   <point lat="34.0064" lon="-118.28125"/>
   <point lat="34.00294" lon="-118.28127"/>
   <point lat="34.0019599" lon="-118.28126"/>
   <point lat="34.00106" lon="-118.28118"/>
   <point lat="33.99954" lon="-118.28098"/>
   <point lat="33.99832" lon="-118.28088"/>
   <point lat="33.98887" lon="-118.28073"/>
   <point lat="33.9806" lon="-118.28087"/>
   <point lat="33.95964" lon="-118.28103"/>
   <point lat="33.95575" lon="-118.28091"/>
   <point lat="33.95292" lon="-118.28055"/>
   <point lat="33.9528" lon="-118.28052"/>
   <point lat="33.9526899" lon="-118.2805"/>
   <point lat="33.95064" lon="-118.28005"/>
   <point lat="33.94976" lon="-118.27987"/>
   <point lat="33.94929" lon="-118.2798"/>
   <point lat="33.94908" lon="-118.27976"/>
   <point lat="33.94874" lon="-118.27967"/>
   <point lat="33.94863" lon="-118.27965"/>
   <point lat="33.94822" lon="-118.27961"/>
   <point lat="33.948" lon="-118.2796"/>
   <point lat="33.94752" lon="-118.27959"/>
   <point lat="33.9472" lon="-118.2796"/>
   <point lat="33.94683" lon="-118.27962"/>
   <point lat="33.9464" lon="-118.27967"/>
   <point lat="33.94604" lon="-118.27973"/>
   <point lat="33.94571" lon="-118.27976"/>
   <point lat="33.94555" lon="-118.27979"/>
   <point lat="33.94542" lon="-118.27982"/>
   <point lat="33.94436" lon="-118.27995"/>
   <point lat="33.94363" lon="-118.28002"/>
   <point lat="33.94338" lon="-118.28003"/>
   <point lat="33.93841" lon="-118.27999"/>
   <point lat="33.93826" lon="-118.28"/>
   <point lat="33.93757" lon="-118.28"/>
   <point lat="33.9371" lon="-118.28001"/>
   <point lat="33.93706" lon="-118.28002"/>
   <point lat="33.93631" lon="-118.28005"/>
   <point lat="33.93566" lon="-118.28009"/>
   <point lat="33.93532" lon="-118.28012"/>
   <point lat="33.93391" lon="-118.2803"/>
   <point lat="33.93351" lon="-118.28034"/>
   <point lat="33.9322" lon="-118.2805"/>
   <point lat="33.92873" lon="-118.28071"/>
  </path>
  <path>
   <point lat="34.07219" lon="-118.04513"/>
   <point lat="34.07243" lon="-118.04578"/>
   <point lat="34.07261" lon="-118.04596"/>
   <point lat="34.0727" lon="-118.04595"/>
   <point lat="34.0727" lon="-118.04614"/>
   <point lat="34.07261" lon="-118.04734"/>
   <point lat="34.07261" lon="-118.0479"/>
   <point lat="34.0726299" lon="-118.04826"/>
   <point lat="34.07265" lon="-118.04834"/>
   <point lat="34.07269" lon="-118.04852"/>
   <point lat="34.07273" lon="-118.04867"/>
   <point lat="34.07277" lon="-118.04895"/>
   <point lat="34.0728" lon="-118.04928"/>
   <point lat="34.07273" lon="-118.0533"/>
   <point lat="34.07275" lon="-118.05347"/>
   <point lat="34.07277" lon="-118.05384"/>
   <point lat="34.07278" lon="-118.05412"/>
   <point lat="34.07278" lon="-118.05438"/>
   <point lat="34.07277" lon="-118.05471"/>
   <point lat="34.0727199" lon="-118.05548"/>
   <point lat="34.0727" lon="-118.05572"/>
   <point lat="34.07267" lon="-118.05648"/>
   <point lat="34.07243" lon="-118.07269"/>
   <point lat="34.07243" lon="-118.07327"/>
   <point lat="34.07241" lon="-118.07425"/>
   <point lat="34.07237" lon="-118.07534"/>
   <point lat="34.07237" lon="-118.07566"/>
   <point lat="34.0723" lon="-118.08173"/>
   <point lat="34.0723" lon="-118.08201"/>
   <point lat="34.07219" lon="-118.09049"/>
   <point lat="34.07219" lon="-118.09079"/>
   <point lat="34.0721" lon="-118.09659"/>
   <point lat="34.0721" lon="-118.09686"/>
   <point lat="34.07209" lon="-118.09713"/>
   <point lat="34.0721" lon="-118.09816"/>
   <point lat="34.07213" lon="-118.09936"/>
   <point lat="34.07213" lon="-118.09955"/>
   <point lat="34.07214" lon="-118.09964"/>
   <point lat="34.0721599" lon="-118.10116"/>
   <point lat="34.07217" lon="-118.10138"/>
   <point lat="34.07219" lon="-118.10394"/>
   <point lat="34.07218" lon="-118.10464"/>
   <point lat="34.07213" lon="-118.10584"/>
   <point lat="34.07201" lon="-118.10764"/>
   <point lat="34.07199" lon="-118.10803"/>
   <point lat="34.07198" lon="-118.10818"/>
   <point lat="34.07198" lon="-118.10831"/>
   <point lat="34.07194" lon="-118.10915"/>
   <point lat="34.07193" lon="-118.10921"/>
   <point lat="34.07171" lon="-118.12869"/>
   <point lat="34.0717" lon="-118.12881"/>
   <point lat="34.07165" lon="-118.13443"/>
   <point lat="34.07164" lon="-118.13457"/>
   <point lat="34.07157" lon="-118.14156"/>
   <point lat="34.07159" lon="-118.14185"/>
   <point lat="34.07167" lon="-118.14258"/>
   <point lat="34.07177" lon="-118.14325"/>
   <point lat="34.07181" lon="-118.14364"/>
   <point lat="34.07183" lon="-118.14396"/>
   <point lat="34.07183" lon="-118.14427"/>
   <point lat="34.07181" lon="-118.1445"/>
   <point lat="34.0717799" lon="-118.14471"/>
   <point lat="34.07172" lon="-118.14498"/>
   <point lat="34.07166" lon="-118.1452"/>
   <point lat="34.07158" lon="-118.14542"/>
   <point lat="34.07147" lon="-118.14568"/>
   <point lat="34.07139" lon="-118.14585"/>
   <point lat="34.07031" lon="-118.14786"/>
   <point lat="34.06866" lon="-118.15102"/>
   <point lat="34.06862" lon="-118.15109"/>
   <point lat="34.06459" lon="-118.15865"/>
   <point lat="34.06442" lon="-118.15898"/>
   <point lat="34.06419" lon="-118.1593"/>
   <point lat="34.0641" lon="-118.15944"/>
   <point lat="34.06358" lon="-118.16036"/>
   <point lat="34.063" lon="-118.16161"/>
   <point lat="34.06291" lon="-118.16194"/>
   <point lat="34.06282" lon="-118.16223"/>
   <point lat="34.06281" lon="-118.16229"/>
   <point lat="34.06277" lon="-118.16242"/>
   <point lat="34.06273" lon="-118.16261"/>
   <point lat="34.06269" lon="-118.16292"/>
   <point lat="34.06263" lon="-118.1632"/>
   <point lat="34.0626" lon="-118.1635"/>
   <point lat="34.06259" lon="-118.16371"/>
   <point lat="34.0625799" lon="-118.16408"/>
   <point lat="34.06261" lon="-118.16462"/>
   <point lat="34.06262" lon="-118.16473"/>
   <point lat="34.06262" lon="-118.16482"/>
   <point lat="34.06263" lon="-118.16502"/>
   <point lat="34.06264" lon="-118.16534"/>
   <point lat="34.06266" lon="-118.16571"/>
   <point lat="34.06269" lon="-118.16653"/>
   <point lat="34.06284" lon="-118.16799"/>
  </path>
  <path>
   <point lat="33.92873" lon="-118.28071"/>
   <point lat="33.92817" lon="-118.28073"/>
   <point lat="33.92424" lon="-118.28139"/>
   <point lat="33.92342" lon="-118.28152"/>
   <point lat="33.92277" lon="-118.28166"/>
   <point lat="33.92232" lon="-118.28179"/>
   <point lat="33.92192" lon="-118.28195"/>
   <point lat="33.92178" lon="-118.28201"/>
   <point lat="33.92037" lon="-118.28303"/>
   <point lat="33.92025" lon="-118.28314"/>
   <point lat="33.91842" lon="-118.28473"/>
   <point lat="33.91818" lon="-118.28491"/>
   <point lat="33.91768" lon="-118.28525"/>
   <point lat="33.91716" lon="-118.28557"/>
   <point lat="33.91699" lon="-118.28569"/>
   <point lat="33.91643" lon="-118.28595"/>
   <point lat="33.91603" lon="-118.28611"/>
   <point lat="33.9156199" lon="-118.28626"/>
   <point lat="33.91527" lon="-118.28637"/>
   <point lat="33.91477" lon="-118.2865"/>
   <point lat="33.91404" lon="-118.28663"/>
   <point lat="33.91362" lon="-118.28667"/>
   <point lat="33.9129" lon="-118.28671"/>
   <point lat="33.91251" lon="-118.2867"/>
   <point lat="33.90507" lon="-118.28668"/>
   <point lat="33.90487" lon="-118.28669"/>
   <point lat="33.90203" lon="-118.28683"/>
   <point lat="33.89861" lon="-118.28672"/>
   <point lat="33.8965" lon="-118.28635"/>
   <point lat="33.895" lon="-118.28599"/>
   <point lat="33.89461" lon="-118.28591"/>
   <point lat="33.89424" lon="-118.28586"/>
   <point lat="33.89382" lon="-118.28583"/>
   <point lat="33.89343" lon="-118.28579"/>
   <point lat="33.89247" lon="-118.28575"/>
   <point lat="33.8855999" lon="-118.28555"/>
   <point lat="33.88538" lon="-118.28555"/>
   <point lat="33.88508" lon="-118.28554"/>
   <point lat="33.88444" lon="-118.28549"/>
   <point lat="33.88346" lon="-118.2853"/>
   <point lat="33.88273" lon="-118.28494"/>
   <point lat="33.88177" lon="-118.28489"/>
   <point lat="33.87933" lon="-118.28493"/>
   <point lat="33.87915" lon="-118.28492"/>
   <point lat="33.87641" lon="-118.28491"/>
   <point lat="33.87577" lon="-118.28493"/>
   <point lat="33.87553" lon="-118.28495"/>
   <point lat="33.8753" lon="-118.285"/>
   <point lat="33.87522" lon="-118.28504"/>
   <point lat="33.8749899" lon="-118.28512"/>
   <point lat="33.87484" lon="-118.2852"/>
   <point lat="33.87459" lon="-118.28537"/>
   <point lat="33.87448" lon="-118.28545"/>
   <point lat="33.8743" lon="-118.2856"/>
   <point lat="33.87421" lon="-118.28569"/>
   <point lat="33.87398" lon="-118.28597"/>
   <point lat="33.87382" lon="-118.2862"/>
   <point lat="33.87368" lon="-118.28644"/>
   <point lat="33.87359" lon="-118.28661"/>
   <point lat="33.87352" lon="-118.28679"/>
   <point lat="33.87348" lon="-118.28688"/>
   <point lat="33.87342" lon="-118.28706"/>
   <point lat="33.87325" lon="-118.28773"/>
   <point lat="33.87321" lon="-118.28792"/>
   <point lat="33.87315" lon="-118.28811"/>
   <point lat="33.87308" lon="-118.28828"/>
   <point lat="33.87303" lon="-118.28836"/>
   <point lat="33.87298" lon="-118.28843"/>
   <point lat="33.87287" lon="-118.28852"/>
   <point lat="33.8727" lon="-118.28867"/>
   <point lat="33.8725499" lon="-118.28877"/>
   <point lat="33.87233" lon="-118.28889"/>
   <point lat="33.87216" lon="-118.28893"/>
   <point lat="33.87207" lon="-118.28894"/>
   <point lat="33.8719899" lon="-118.28893"/>
   <point lat="33.87175" lon="-118.28888"/>
   <point lat="33.86995" lon="-118.2886"/>
   <point lat="33.8696399" lon="-118.28853"/>
   <point lat="33.8694" lon="-118.28845"/>
   <point lat="33.86893" lon="-118.2882"/>
   <point lat="33.8689899" lon="-118.28807"/>
   <point lat="33.86984" lon="-118.28694"/>
   <point lat="33.86988" lon="-118.28687"/>
   <point lat="33.86989" lon="-118.28681"/>
   <point lat="33.8699" lon="-118.28676"/>
   <point lat="33.86981" lon="-118.28656"/>
   <point lat="33.86934" lon="-118.28731"/>
  </path>
  <path>
   <point lat="34.05567" lon="-118.21097"/>
   <point lat="34.05498" lon="-118.20937"/>
   <point lat="34.05456" lon="-118.20832"/>
   <point lat="34.05448" lon="-118.20809"/>
   <point lat="34.05434" lon="-118.20765"/>
   <point lat="34.0543" lon="-118.2075"/>
   <point lat="34.05427" lon="-118.20734"/>
   <point lat="34.05424" lon="-118.20713"/>
   <point lat="34.0542" lon="-118.20668"/>
   <point lat="34.05418" lon="-118.20623"/>
   <point lat="34.0542" lon="-118.20591"/>
   <point lat="34.05426" lon="-118.20553"/>
   <point lat="34.05431" lon="-118.20531"/>
   <point lat="34.05439" lon="-118.20503"/>
   <point lat="34.05447" lon="-118.20482"/>
   <point lat="34.0546099" lon="-118.20447"/>
   <point lat="34.05474" lon="-118.20419"/>
   <point lat="34.05486" lon="-118.20387"/>
   <point lat="34.05497" lon="-118.2036"/>
   <point lat="34.05505" lon="-118.20337"/>
   <point lat="34.05533" lon="-118.20251"/>
   <point lat="34.05536" lon="-118.20239"/>
   <point lat="34.05551" lon="-118.20187"/>
   <point lat="34.05562" lon="-118.20144"/>
   <point lat="34.05568" lon="-118.20112"/>
   <point lat="34.05576" lon="-118.2006"/>
   <point lat="34.05579" lon="-118.20027"/>
   <point lat="34.05587" lon="-118.19952"/>
   <point lat="34.0559299" lon="-118.19871"/>
   <point lat="34.05597" lon="-118.19795"/>
   <point lat="34.05598" lon="-118.19746"/>
   <point lat="34.05598" lon="-118.19716"/>
   <point lat="34.05581" lon="-118.19332"/>
   <point lat="34.05569" lon="-118.18872"/>
   <point lat="34.0557" lon="-118.18797"/>
   <point lat="34.0557299" lon="-118.18721"/>
   <point lat="34.05576" lon="-118.18675"/>
   <point lat="34.05584" lon="-118.18606"/>
   <point lat="34.05597" lon="-118.18527"/>
   <point lat="34.05619" lon="-118.18438"/>
   <point lat="34.05629" lon="-118.18404"/>
   <point lat="34.05641" lon="-118.18368"/>
   <point lat="34.05651" lon="-118.18341"/>
   <point lat="34.05657" lon="-118.18327"/>
   <point lat="34.05677" lon="-118.18278"/>
   <point lat="34.05722" lon="-118.18185"/>
   <point lat="34.0583" lon="-118.17952"/>
   <point lat="34.05875" lon="-118.17844"/>
   <point lat="34.05894" lon="-118.17801"/>
   <point lat="34.05968" lon="-118.17651"/>
   <point lat="34.06013" lon="-118.17564"/>
   <point lat="34.06038" lon="-118.17513"/>
   <point lat="34.0606099" lon="-118.1746"/>
   <point lat="34.0607" lon="-118.17442"/>
   <point lat="34.06096" lon="-118.17376"/>
   <point lat="34.06103" lon="-118.17362"/>
   <point lat="34.06152" lon="-118.17268"/>
   <point lat="34.06235" lon="-118.17084"/>
   <point lat="34.06242" lon="-118.17065"/>
   <point lat="34.0625" lon="-118.1703"/>
   <point lat="34.06254" lon="-118.1701"/>
   <point lat="34.06262" lon="-118.16959"/>
   <point lat="34.06263" lon="-118.1695"/>
   <point lat="34.06263" lon="-118.16925"/>
   <point lat="34.0625799" lon="-118.16907"/>
   <point lat="34.0624899" lon="-118.16799"/>
  </path>
  <path>
   <point lat="34.04947" lon="-118.2596"/>
   <point lat="34.05084" lon="-118.2585"/>
   <point lat="34.0499" lon="-118.25723"/>
   <point lat="34.04944" lon="-118.25634"/>
   <point lat="34.04896" lon="-118.2556"/>
   <point lat="34.04807" lon="-118.25415"/>
   <point lat="34.04947" lon="-118.25287"/>
   <point lat="34.04962" lon="-118.25258"/>
   <point lat="34.05326" lon="-118.24915"/>
   <point lat="34.05377" lon="-118.24882"/>
   <point lat="34.05385" lon="-118.24875"/>
   <point lat="34.0539" lon="-118.24871"/>
   <point lat="34.05393" lon="-118.24867"/>
   <point lat="34.055" lon="-118.24766"/>
   <point lat="34.05442" lon="-118.24696"/>
   <point lat="34.05435" lon="-118.24658"/>
   <point lat="34.05364" lon="-118.24551"/>
   <point lat="34.05296" lon="-118.24444"/>
   <point lat="34.05389" lon="-118.24346"/>
   <point lat="34.0549" lon="-118.24262"/>
   <point lat="34.05609" lon="-118.2415"/>
   <point lat="34.05549" lon="-118.24055"/>
   <point lat="34.05541" lon="-118.24043"/>
   <point lat="34.05488" lon="-118.23971"/>
   <point lat="34.05368" lon="-118.23786"/>
   <point lat="34.05382" lon="-118.23786"/>
   <point lat="34.05403" lon="-118.23783"/>
   <point lat="34.05408" lon="-118.23783"/>
   <point lat="34.05425" lon="-118.23781"/>
   <point lat="34.05438" lon="-118.23779"/>
   <point lat="34.05451" lon="-118.23778"/>
   <point lat="34.05397" lon="-118.23222"/>
  </path>
  <path>
   <point lat="34.0556399" lon="-118.21099"/>
   <point lat="34.05622" lon="-118.2123"/>
   <point lat="34.0563" lon="-118.21249"/>
   <point lat="34.05636" lon="-118.21264"/>
   <point lat="34.05642" lon="-118.21281"/>
   <point lat="34.0565" lon="-118.21305"/>
   <point lat="34.0565799" lon="-118.21337"/>
   <point lat="34.05662" lon="-118.2136"/>
   <point lat="34.05668" lon="-118.21411"/>
   <point lat="34.05669" lon="-118.21427"/>
   <point lat="34.05669" lon="-118.21439"/>
   <point lat="34.0567" lon="-118.21445"/>
   <point lat="34.05669" lon="-118.21477"/>
   <point lat="34.05665" lon="-118.21509"/>
   <point lat="34.0566" lon="-118.2153"/>
   <point lat="34.05645" lon="-118.21574"/>
   <point lat="34.05634" lon="-118.21599"/>
   <point lat="34.05579" lon="-118.21763"/>
   <point lat="34.05566" lon="-118.21811"/>
   <point lat="34.05556" lon="-118.21878"/>
   <point lat="34.05548" lon="-118.21957"/>
   <point lat="34.05543" lon="-118.21998"/>
   <point lat="34.05536" lon="-118.2203"/>
   <point lat="34.05525" lon="-118.22065"/>
   <point lat="34.05516" lon="-118.22088"/>
   <point lat="34.05498" lon="-118.22125"/>
   <point lat="34.05448" lon="-118.22195"/>
   <point lat="34.0544" lon="-118.22204"/>
   <point lat="34.0543" lon="-118.22214"/>
   <point lat="34.05409" lon="-118.22233"/>
   <point lat="34.0535799" lon="-118.22287"/>
   <point lat="34.05341" lon="-118.22308"/>
   <point lat="34.05327" lon="-118.22326"/>
   <point lat="34.05318" lon="-118.22341"/>
   <point lat="34.05313" lon="-118.22349"/>
   <point lat="34.05303" lon="-118.22374"/>
   <point lat="34.05295" lon="-118.22398"/>
   <point lat="34.05293" lon="-118.22411"/>
   <point lat="34.05292" lon="-118.22431"/>
   <point lat="34.05292" lon="-118.22462"/>
   <point lat="34.05294" lon="-118.22512"/>
   <point lat="34.0530199" lon="-118.22594"/>
   <point lat="34.05308" lon="-118.22637"/>
   <point lat="34.0531" lon="-118.22647"/>
   <point lat="34.05314" lon="-118.22671"/>
   <point lat="34.05321" lon="-118.22737"/>
   <point lat="34.05331" lon="-118.22887"/>
   <point lat="34.05333" lon="-118.22903"/>
   <point lat="34.05336" lon="-118.22957"/>
   <point lat="34.05342" lon="-118.23004"/>
   <point lat="34.05348" lon="-118.23039"/>
   <point lat="34.0535799" lon="-118.23078"/>
   <point lat="34.05374" lon="-118.23128"/>
   <point lat="34.0538" lon="-118.23154"/>
   <point lat="34.05394" lon="-118.23245"/>
  </path>
  <path>
   <point lat="34.05397" lon="-118.23222"/>
   <point lat="34.05383" lon="-118.23126"/>
   <point lat="34.0535799" lon="-118.23045"/>
   <point lat="34.0535" lon="-118.2301"/>
   <point lat="34.05348" lon="-118.22997"/>
   <point lat="34.05345" lon="-118.22967"/>
   <point lat="34.05345" lon="-118.22957"/>
   <point lat="34.05342" lon="-118.22904"/>
   <point lat="34.05342" lon="-118.22896"/>
   <point lat="34.05333" lon="-118.22776"/>
   <point lat="34.05333" lon="-118.2277"/>
   <point lat="34.05328" lon="-118.22719"/>
   <point lat="34.05323" lon="-118.22677"/>
   <point lat="34.0531999" lon="-118.22656"/>
   <point lat="34.05319" lon="-118.22645"/>
   <point lat="34.05315" lon="-118.22619"/>
   <point lat="34.05308" lon="-118.22563"/>
   <point lat="34.05304" lon="-118.22524"/>
   <point lat="34.05301" lon="-118.22482"/>
   <point lat="34.05301" lon="-118.22433"/>
   <point lat="34.0530199" lon="-118.22414"/>
   <point lat="34.05306" lon="-118.22394"/>
   <point lat="34.05328" lon="-118.22341"/>
   <point lat="34.05342" lon="-118.22322"/>
   <point lat="34.05354" lon="-118.22308"/>
   <point lat="34.05448" lon="-118.22212"/>
   <point lat="34.0546" lon="-118.22199"/>
   <point lat="34.0551699" lon="-118.22114"/>
   <point lat="34.05521" lon="-118.22105"/>
   <point lat="34.05535" lon="-118.22069"/>
   <point lat="34.0554599" lon="-118.22032"/>
   <point lat="34.05552" lon="-118.22003"/>
   <point lat="34.0557" lon="-118.21848"/>
   <point lat="34.05575" lon="-118.21818"/>
   <point lat="34.0558" lon="-118.21796"/>
   <point lat="34.05589" lon="-118.2176"/>
   <point lat="34.05661" lon="-118.2156"/>
   <point lat="34.05664" lon="-118.21551"/>
   <point lat="34.05671" lon="-118.21522"/>
   <point lat="34.05673" lon="-118.21506"/>
   <point lat="34.05675" lon="-118.21497"/>
   <point lat="34.05678" lon="-118.21468"/>
   <point lat="34.05679" lon="-118.21456"/>
   <point lat="34.05679" lon="-118.21442"/>
   <point lat="34.05678" lon="-118.21428"/>
   <point lat="34.05676" lon="-118.21412"/>
   <point lat="34.05675" lon="-118.21394"/>
   <point lat="34.05671" lon="-118.21362"/>
   <point lat="34.05663" lon="-118.21316"/>
   <point lat="34.0565799" lon="-118.213"/>
   <point lat="34.05654" lon="-118.21288"/>
   <point lat="34.05645" lon="-118.21264"/>
   <point lat="34.05632" lon="-118.21231"/>
   <point lat="34.05613" lon="-118.21191"/>
   <point lat="34.05591" lon="-118.21138"/>
   <point lat="34.05567" lon="-118.21097"/>
  </path>
  <path>
   <point lat="34.06284" lon="-118.16799"/>
   <point lat="34.06272" lon="-118.16864"/>
   <point lat="34.06195" lon="-118.17157"/>
   <point lat="34.06101" lon="-118.17344"/>
   <point lat="34.06096" lon="-118.17352"/>
   <point lat="34.06087" lon="-118.17371"/>
   <point lat="34.06085" lon="-118.17377"/>
   <point lat="34.06057" lon="-118.17439"/>
   <point lat="34.0602" lon="-118.17526"/>
   <point lat="34.05957" lon="-118.17656"/>
   <point lat="34.05914" lon="-118.17738"/>
   <point lat="34.05879" lon="-118.17811"/>
   <point lat="34.05851" lon="-118.17874"/>
   <point lat="34.05813" lon="-118.17965"/>
   <point lat="34.05753" lon="-118.18098"/>
   <point lat="34.05664" lon="-118.18286"/>
   <point lat="34.05653" lon="-118.18311"/>
   <point lat="34.05648" lon="-118.18324"/>
   <point lat="34.05621" lon="-118.184"/>
   <point lat="34.0560199" lon="-118.18463"/>
   <point lat="34.05591" lon="-118.18511"/>
   <point lat="34.05574" lon="-118.18605"/>
   <point lat="34.0557" lon="-118.18636"/>
   <point lat="34.05567" lon="-118.1867"/>
   <point lat="34.05563" lon="-118.18738"/>
   <point lat="34.05562" lon="-118.18764"/>
   <point lat="34.05562" lon="-118.18795"/>
   <point lat="34.0556399" lon="-118.1886"/>
   <point lat="34.0556399" lon="-118.18937"/>
   <point lat="34.0559299" lon="-118.19746"/>
   <point lat="34.05588" lon="-118.19846"/>
   <point lat="34.05579" lon="-118.19958"/>
   <point lat="34.05566" lon="-118.20081"/>
   <point lat="34.05562" lon="-118.20112"/>
   <point lat="34.05558" lon="-118.20133"/>
   <point lat="34.05554" lon="-118.20152"/>
   <point lat="34.05545" lon="-118.20183"/>
   <point lat="34.0553" lon="-118.20228"/>
   <point lat="34.05525" lon="-118.20245"/>
   <point lat="34.05513" lon="-118.20292"/>
   <point lat="34.0550799" lon="-118.20309"/>
   <point lat="34.055" lon="-118.2033"/>
   <point lat="34.05486" lon="-118.20363"/>
   <point lat="34.0547899" lon="-118.20389"/>
   <point lat="34.05474" lon="-118.20402"/>
   <point lat="34.05469" lon="-118.20413"/>
   <point lat="34.05455" lon="-118.2044"/>
   <point lat="34.0544" lon="-118.20474"/>
   <point lat="34.05439" lon="-118.20478"/>
   <point lat="34.05432" lon="-118.20492"/>
   <point lat="34.05425" lon="-118.20516"/>
   <point lat="34.05413" lon="-118.20571"/>
   <point lat="34.05409" lon="-118.20606"/>
   <point lat="34.05408" lon="-118.20629"/>
   <point lat="34.05408" lon="-118.20666"/>
   <point lat="34.0541" lon="-118.20689"/>
   <point lat="34.05412" lon="-118.20707"/>
   <point lat="34.05416" lon="-118.20728"/>
   <point lat="34.05426" lon="-118.20771"/>
   <point lat="34.05435" lon="-118.20805"/>
   <point lat="34.05448" lon="-118.20844"/>
   <point lat="34.05462" lon="-118.20879"/>
   <point lat="34.05483" lon="-118.20926"/>
   <point lat="34.05525" lon="-118.21028"/>
   <point lat="34.05543" lon="-118.21069"/>
   <point lat="34.0556399" lon="-118.21099"/>
  </path>
  <path>
   <point lat="33.92873" lon="-118.28082"/>
   <point lat="33.92948" lon="-118.28062"/>
   <point lat="33.93068" lon="-118.28045"/>
   <point lat="33.93101" lon="-118.28042"/>
   <point lat="33.93349" lon="-118.28013"/>
   <point lat="33.93563" lon="-118.27993"/>
   <point lat="33.93624" lon="-118.27989"/>
   <point lat="33.93657" lon="-118.27985"/>
   <point lat="33.93706" lon="-118.27984"/>
   <point lat="33.93742" lon="-118.2798"/>
   <point lat="33.93767" lon="-118.27982"/>
   <point lat="33.93808" lon="-118.27984"/>
   <point lat="33.9384299" lon="-118.27982"/>
   <point lat="33.94201" lon="-118.27984"/>
   <point lat="33.9423699" lon="-118.27982"/>
   <point lat="33.94363" lon="-118.27984"/>
   <point lat="33.94384" lon="-118.27982"/>
   <point lat="33.94421" lon="-118.27977"/>
   <point lat="33.9453699" lon="-118.27964"/>
   <point lat="33.94555" lon="-118.27961"/>
   <point lat="33.94611" lon="-118.27954"/>
   <point lat="33.94632" lon="-118.2795"/>
   <point lat="33.9471" lon="-118.27941"/>
   <point lat="33.94786" lon="-118.27941"/>
   <point lat="33.94823" lon="-118.27943"/>
   <point lat="33.94864" lon="-118.27948"/>
   <point lat="33.94903" lon="-118.27955"/>
   <point lat="33.94919" lon="-118.27959"/>
   <point lat="33.94926" lon="-118.2796"/>
   <point lat="33.94966" lon="-118.2797"/>
   <point lat="33.95067" lon="-118.27991"/>
   <point lat="33.95266" lon="-118.28027"/>
   <point lat="33.9528" lon="-118.2803"/>
   <point lat="33.95292" lon="-118.28033"/>
   <point lat="33.9598" lon="-118.28056"/>
   <point lat="33.96788" lon="-118.28069"/>
   <point lat="33.97837" lon="-118.28069"/>
   <point lat="33.98036" lon="-118.28069"/>
   <point lat="33.9808" lon="-118.28068"/>
   <point lat="33.9817899" lon="-118.28058"/>
   <point lat="33.98869" lon="-118.2802"/>
   <point lat="33.99505" lon="-118.28026"/>
   <point lat="33.99807" lon="-118.28046"/>
   <point lat="33.9999899" lon="-118.28069"/>
   <point lat="34.00136" lon="-118.28082"/>
   <point lat="34.00268" lon="-118.28086"/>
   <point lat="34.00561" lon="-118.28087"/>
   <point lat="34.01123" lon="-118.2808"/>
   <point lat="34.01334" lon="-118.2809"/>
   <point lat="34.01371" lon="-118.28091"/>
   <point lat="34.01401" lon="-118.28091"/>
   <point lat="34.01442" lon="-118.2809"/>
   <point lat="34.01449" lon="-118.28089"/>
   <point lat="34.01488" lon="-118.28087"/>
   <point lat="34.01504" lon="-118.28085"/>
   <point lat="34.01516" lon="-118.28083"/>
   <point lat="34.01542" lon="-118.28078"/>
   <point lat="34.0164199" lon="-118.28051"/>
   <point lat="34.01694" lon="-118.28034"/>
   <point lat="34.01714" lon="-118.28027"/>
   <point lat="34.01725" lon="-118.28022"/>
   <point lat="34.01766" lon="-118.27992"/>
   <point lat="34.018" lon="-118.2799"/>
   <point lat="34.02102" lon="-118.27792"/>
   <point lat="34.02119" lon="-118.27782"/>
   <point lat="34.02409" lon="-118.27627"/>
   <point lat="34.02422" lon="-118.27619"/>
   <point lat="34.02579" lon="-118.27531"/>
   <point lat="34.02601" lon="-118.27517"/>
   <point lat="34.02664" lon="-118.27481"/>
   <point lat="34.02684" lon="-118.27472"/>
   <point lat="34.02704" lon="-118.27462"/>
   <point lat="34.02734" lon="-118.27451"/>
   <point lat="34.02747" lon="-118.27447"/>
   <point lat="34.0275899" lon="-118.27474"/>
   <point lat="34.02765" lon="-118.27486"/>
   <point lat="34.02854" lon="-118.27464"/>
   <point lat="34.02881" lon="-118.27465"/>
   <point lat="34.02963" lon="-118.27476"/>
   <point lat="34.02972" lon="-118.27483"/>
   <point lat="34.02987" lon="-118.27492"/>
   <point lat="34.02991" lon="-118.27489"/>
   <point lat="34.03078" lon="-118.27433"/>
   <point lat="34.03096" lon="-118.27404"/>
   <point lat="34.03159" lon="-118.27382"/>
   <point lat="34.03457" lon="-118.27174"/>
   <point lat="34.04047" lon="-118.26797"/>
   <point lat="34.0419" lon="-118.26689"/>
   <point lat="34.04513" lon="-118.26365"/>
   <point lat="34.04793" lon="-118.26116"/>
   <point lat="34.04947" lon="-118.2596"/>
  </path>
  <path>
   <point lat="34.0624899" lon="-118.16799"/>
   <point lat="34.06251" lon="-118.16607"/>
   <point lat="34.06246" lon="-118.16484"/>
   <point lat="34.06246" lon="-118.16474"/>
   <point lat="34.06245" lon="-118.16465"/>
   <point lat="34.06241" lon="-118.16405"/>
   <point lat="34.06242" lon="-118.16361"/>
   <point lat="34.06247" lon="-118.16297"/>
   <point lat="34.06259" lon="-118.16228"/>
   <point lat="34.06269" lon="-118.16198"/>
   <point lat="34.0627" lon="-118.1619"/>
   <point lat="34.06275" lon="-118.16173"/>
   <point lat="34.06337" lon="-118.16047"/>
   <point lat="34.06388" lon="-118.15957"/>
   <point lat="34.06403" lon="-118.15929"/>
   <point lat="34.06469" lon="-118.15781"/>
   <point lat="34.0649" lon="-118.15743"/>
   <point lat="34.0682199" lon="-118.15114"/>
   <point lat="34.0683099" lon="-118.15098"/>
   <point lat="34.0683999" lon="-118.1508"/>
   <point lat="34.0706" lon="-118.14665"/>
   <point lat="34.07072" lon="-118.14635"/>
   <point lat="34.07085" lon="-118.14597"/>
   <point lat="34.07097" lon="-118.14558"/>
   <point lat="34.07103" lon="-118.14536"/>
   <point lat="34.07108" lon="-118.14516"/>
   <point lat="34.07117" lon="-118.14466"/>
   <point lat="34.0712199" lon="-118.14417"/>
   <point lat="34.0713099" lon="-118.13442"/>
   <point lat="34.07132" lon="-118.13426"/>
   <point lat="34.07142" lon="-118.1288"/>
   <point lat="34.07147" lon="-118.12293"/>
   <point lat="34.07146" lon="-118.12275"/>
   <point lat="34.07161" lon="-118.11381"/>
   <point lat="34.07164" lon="-118.10803"/>
   <point lat="34.07173" lon="-118.10201"/>
   <point lat="34.07175" lon="-118.10136"/>
   <point lat="34.07174" lon="-118.09937"/>
   <point lat="34.07176" lon="-118.0989"/>
   <point lat="34.0718" lon="-118.09664"/>
   <point lat="34.07179" lon="-118.09641"/>
   <point lat="34.0718699" lon="-118.09075"/>
   <point lat="34.0718699" lon="-118.09063"/>
   <point lat="34.07186" lon="-118.09048"/>
   <point lat="34.07195" lon="-118.08608"/>
   <point lat="34.07196" lon="-118.08428"/>
   <point lat="34.07195" lon="-118.08421"/>
   <point lat="34.07196" lon="-118.08171"/>
   <point lat="34.07199" lon="-118.08085"/>
   <point lat="34.07206" lon="-118.07534"/>
   <point lat="34.0720699" lon="-118.07497"/>
   <point lat="34.07211" lon="-118.07425"/>
   <point lat="34.07211" lon="-118.073"/>
   <point lat="34.07212" lon="-118.07271"/>
   <point lat="34.07211" lon="-118.07157"/>
   <point lat="34.07228" lon="-118.05571"/>
   <point lat="34.07227" lon="-118.05547"/>
   <point lat="34.07235" lon="-118.05377"/>
   <point lat="34.07236" lon="-118.05363"/>
   <point lat="34.07236" lon="-118.05347"/>
   <point lat="34.07237" lon="-118.05295"/>
   <point lat="34.07242" lon="-118.05184"/>
   <point lat="34.07246" lon="-118.04981"/>
   <point lat="34.07251" lon="-118.0488"/>
   <point lat="34.07261" lon="-118.04744"/>
   <point lat="34.07261" lon="-118.04734"/>
   <point lat="34.0727" lon="-118.04614"/>
   <point lat="34.0727" lon="-118.04435"/>
   <point lat="34.07247" lon="-118.04435"/>
   <point lat="34.07247" lon="-118.04429"/>
   <point lat="34.07202" lon="-118.04429"/>
   <point lat="34.07202" lon="-118.04445"/>
   <point lat="34.07219" lon="-118.04513"/>
  </path>
  <path>
   <point lat="33.86934" lon="-118.28731"/>
   <point lat="33.86882" lon="-118.28796"/>
   <point lat="33.8689899" lon="-118.28807"/>
   <point lat="33.86893" lon="-118.2882"/>
   <point lat="33.8694" lon="-118.28845"/>
   <point lat="33.8696399" lon="-118.28853"/>
   <point lat="33.86995" lon="-118.2886"/>
   <point lat="33.87175" lon="-118.28888"/>
   <point lat="33.8719899" lon="-118.28893"/>
   <point lat="33.87207" lon="-118.28894"/>
   <point lat="33.87216" lon="-118.28893"/>
   <point lat="33.87233" lon="-118.28889"/>
   <point lat="33.8725499" lon="-118.28877"/>
   <point lat="33.8727" lon="-118.28867"/>
   <point lat="33.87287" lon="-118.28852"/>
   <point lat="33.87298" lon="-118.28843"/>
   <point lat="33.87303" lon="-118.28836"/>
   <point lat="33.87308" lon="-118.28828"/>
   <point lat="33.87315" lon="-118.28811"/>
   <point lat="33.87321" lon="-118.28792"/>
   <point lat="33.87325" lon="-118.28773"/>
   <point lat="33.87342" lon="-118.28706"/>
   <point lat="33.87348" lon="-118.28688"/>
   <point lat="33.87352" lon="-118.28679"/>
   <point lat="33.87359" lon="-118.28661"/>
   <point lat="33.87368" lon="-118.28644"/>
   <point lat="33.87382" lon="-118.2862"/>
   <point lat="33.87398" lon="-118.28597"/>
   <point lat="33.87421" lon="-118.28569"/>
   <point lat="33.8743" lon="-118.2856"/>
   <point lat="33.87448" lon="-118.28545"/>
   <point lat="33.87459" lon="-118.28537"/>
   <point lat="33.87484" lon="-118.2852"/>
   <point lat="33.8749899" lon="-118.28512"/>
   <point lat="33.87522" lon="-118.28504"/>
   <point lat="33.8753" lon="-118.285"/>
   <point lat="33.87553" lon="-118.28495"/>
   <point lat="33.87577" lon="-118.28493"/>
   <point lat="33.87641" lon="-118.28491"/>
   <point lat="33.87915" lon="-118.28492"/>
   <point lat="33.87933" lon="-118.28493"/>
   <point lat="33.88159" lon="-118.28489"/>
   <point lat="33.88177" lon="-118.28489"/>
   <point lat="33.88271" lon="-118.28494"/>
   <point lat="33.88343" lon="-118.28484"/>
   <point lat="33.88353" lon="-118.28486"/>
   <point lat="33.88403" lon="-118.28501"/>
   <point lat="33.88435" lon="-118.28513"/>
   <point lat="33.88483" lon="-118.28525"/>
   <point lat="33.88515" lon="-118.2853"/>
   <point lat="33.88539" lon="-118.28531"/>
   <point lat="33.88567" lon="-118.28534"/>
   <point lat="33.89265" lon="-118.28557"/>
   <point lat="33.89284" lon="-118.28557"/>
   <point lat="33.89379" lon="-118.28562"/>
   <point lat="33.89421" lon="-118.28567"/>
   <point lat="33.8949799" lon="-118.2858"/>
   <point lat="33.8965699" lon="-118.28616"/>
   <point lat="33.89743" lon="-118.28638"/>
   <point lat="33.90175" lon="-118.28641"/>
   <point lat="33.90282" lon="-118.28651"/>
   <point lat="33.90379" lon="-118.2865"/>
   <point lat="33.90622" lon="-118.28653"/>
   <point lat="33.91001" lon="-118.28648"/>
   <point lat="33.91293" lon="-118.28652"/>
   <point lat="33.91383" lon="-118.28645"/>
   <point lat="33.91448" lon="-118.28636"/>
   <point lat="33.91519" lon="-118.28616"/>
   <point lat="33.91577" lon="-118.28598"/>
   <point lat="33.91595" lon="-118.28592"/>
   <point lat="33.91631" lon="-118.28578"/>
   <point lat="33.91713" lon="-118.28538"/>
   <point lat="33.91748" lon="-118.28516"/>
   <point lat="33.91766" lon="-118.28503"/>
   <point lat="33.9177" lon="-118.28501"/>
   <point lat="33.9179" lon="-118.28486"/>
   <point lat="33.91841" lon="-118.28451"/>
   <point lat="33.91848" lon="-118.28445"/>
   <point lat="33.91869" lon="-118.28425"/>
   <point lat="33.91879" lon="-118.28416"/>
   <point lat="33.91893" lon="-118.284"/>
   <point lat="33.9197" lon="-118.28325"/>
   <point lat="33.91989" lon="-118.28305"/>
   <point lat="33.92024" lon="-118.2827"/>
   <point lat="33.9211699" lon="-118.28194"/>
   <point lat="33.92153" lon="-118.28173"/>
   <point lat="33.92187" lon="-118.28156"/>
   <point lat="33.92227" lon="-118.28139"/>
   <point lat="33.92253" lon="-118.28132"/>
   <point lat="33.92327" lon="-118.28115"/>
   <point lat="33.92358" lon="-118.28112"/>
   <point lat="33.92373" lon="-118.28111"/>
   <point lat="33.92437" lon="-118.28109"/>
   <point lat="33.92441" lon="-118.28107"/>
   <point lat="33.92513" lon="-118.28097"/>
   <point lat="33.92555" lon="-118.28101"/>
   <point lat="33.92737" lon="-118.28081"/>
   <point lat="33.92873" lon="-118.28082"/>
  </path>
  <path>
   <point lat="34.05394" lon="-118.23245"/>
   <point lat="34.05388" lon="-118.23338"/>
   <point lat="34.05391" lon="-118.23372"/>
   <point lat="34.05397" lon="-118.23408"/>
   <point lat="34.05402" lon="-118.23443"/>
   <point lat="34.05407" lon="-118.2349"/>
   <point lat="34.0541" lon="-118.23566"/>
   <point lat="34.0541" lon="-118.2359"/>
   <point lat="34.05411" lon="-118.23607"/>
   <point lat="34.05413" lon="-118.23655"/>
   <point lat="34.05427" lon="-118.23707"/>
   <point lat="34.05439" lon="-118.23748"/>
   <point lat="34.05446" lon="-118.23767"/>
   <point lat="34.05476" lon="-118.23833"/>
   <point lat="34.05502" lon="-118.23875"/>
   <point lat="34.05525" lon="-118.23896"/>
   <point lat="34.0555" lon="-118.23948"/>
   <point lat="34.0565" lon="-118.24112"/>
   <point lat="34.05645" lon="-118.24116"/>
   <point lat="34.05624" lon="-118.24137"/>
   <point lat="34.05615" lon="-118.24144"/>
   <point lat="34.05609" lon="-118.2415"/>
   <point lat="34.05425" lon="-118.24336"/>
   <point lat="34.05296" lon="-118.24444"/>
   <point lat="34.05364" lon="-118.24551"/>
   <point lat="34.05435" lon="-118.24658"/>
   <point lat="34.05462" lon="-118.24678"/>
   <point lat="34.055" lon="-118.24766"/>
   <point lat="34.05569" lon="-118.24878"/>
   <point lat="34.05401" lon="-118.2503"/>
   <point lat="34.0539" lon="-118.25041"/>
   <point lat="34.0537599" lon="-118.25056"/>
   <point lat="34.0530199" lon="-118.25125"/>
   <point lat="34.05288" lon="-118.25157"/>
   <point lat="34.05022" lon="-118.25395"/>
   <point lat="34.05007" lon="-118.25427"/>
   <point lat="34.04875" lon="-118.25525"/>
   <point lat="34.04854" lon="-118.25543"/>
   <point lat="34.04795" lon="-118.25598"/>
   <point lat="34.04868" lon="-118.25706"/>
   <point lat="34.04937" lon="-118.25814"/>
   <point lat="34.04899" lon="-118.2585"/>
   <point lat="34.04855" lon="-118.25906"/>
  </path>
 </route>
</body>