<?xml version="1.0" encoding="utf-8"?>
<body copyright="All data copyright Los Angeles Metro 2022.">
 <route color="e74d00" latMax="34.0907499" latMin="34.00354" lonMax="-118.22738" lonMin="-118.38568" oppositeColor="ffffff" tag="105" title="105 W Hollywood - Vernon Via La Cienega">
  <stop lat="34.0082399" lon="-118.33494" stopId="00876" tag="876" title="Crenshaw / Stocker"/>
  <stop lat="34.00569" lon="-118.3338" stopId="00892" tag="892" title="Crenshaw / 43rd"/>
  <stop lat="34.09073" lon="-118.3812899" stopId="02464" tag="2464" title="Holloway / Hancock"/>
  <stop lat="34.0907499" lon="-118.37665" stopId="02465" tag="2465" title="Holloway / La Cienega"/>
  <stop lat="34.0038399" lon="-118.31838" stopId="02475" tag="2475" title="Vernon / Arlington"/>
  <stop lat="34.0037999" lon="-118.33138" stopId="02505" tag="2505" title="Vernon / Crenshaw"/>
  <stop lat="34.0177999" lon="-118.3461999" stopId="02734" tag="2734" title="Martin Luther King Jr / Coliseum"/>
  <stop lat="34.0165599" lon="-118.34425" stopId="02742" tag="2742" title="Martin Luther King Jr / Hillcrest"/>
  <stop lat="34.01972" lon="-118.34924" stopId="02746" tag="2746" title="Martin Luther King Jr / Nicolet"/>
  <stop lat="34.0116699" lon="-118.3363" stopId="02759" tag="2759" title="Martin Luther King Jr / Crenshaw"/>
  <stop lat="34.0122199" lon="-118.33805" tag="3174_ar" title="Marlton / Martin Luther King Jr"/>
  <stop lat="34.0109799" lon="-118.33917" stopId="03315" tag="3315" title="Marlton / Thrive"/>
  <stop lat="34.07635" lon="-118.37645" stopId="03653" tag="3653" title="La Cienega / Beverly"/>
  <stop lat="34.08181" lon="-118.3763699" stopId="03655" tag="3655" title="La Cienega / Melrose"/>
  <stop lat="34.0800599" lon="-118.3764" stopId="03656" tag="3656" title="La Cienega / Rosewood"/>
  <stop lat="34.0891999" lon="-118.37619" stopId="03657" tag="3657" title="La Cienega / Santa Monica"/>
  <stop lat="34.0851999" lon="-118.37632" stopId="03658" tag="3658" title="La Cienega / Waring"/>
  <stop lat="34.0040899" lon="-118.23056" stopId="04198" tag="4198" title="Vernon / Santa Fe"/>
  <stop lat="34.00406" lon="-118.2277799" stopId="04201" tag="4201" title="Pacific / Rr - Xing"/>
  <stop lat="34.02168" lon="-118.36064" stopId="04518" tag="4518" title="Obama / Cloverdale"/>
  <stop lat="34.02171" lon="-118.36619" stopId="04523" tag="4523" title="Obama / Hauser"/>
  <stop lat="34.0216699" lon="-118.35611" stopId="04525" tag="4525" title="Obama / La Brea"/>
  <stop lat="34.0218299" lon="-118.3720999" stopId="04526" tag="4526" title="Obama / La Cienega"/>
  <stop lat="34.0328" lon="-118.3704399" stopId="04976" tag="4976" title="Fairfax / Adams"/>
  <stop lat="34.0469399" lon="-118.37603" stopId="05210" tag="5210" title="La Cienega / Airdrome"/>
  <stop lat="34.0505499" lon="-118.37599" stopId="05211" tag="5211" title="La Cienega / Cashio"/>
  <stop lat="34.02405" lon="-118.3720499" stopId="05212" tag="5212" title="La Cienega / Clemson"/>
  <stop lat="34.0624799" lon="-118.37597" stopId="05213" tag="5213" title="La Cienega / Gregory"/>
  <stop lat="34.0402" lon="-118.3768599" stopId="05214" tag="5214" title="La Cienega / Guthrie"/>
  <stop lat="34.0719" lon="-118.37627" stopId="05216" tag="5216" title="La Cienega / 4th"/>
  <stop lat="34.0423899" lon="-118.37628" stopId="05217" tag="5217" title="La Cienega / Sawyer"/>
  <stop lat="34.0443499" lon="-118.37666" stopId="05218" tag="5218" title="La Cienega / 18th"/>
  <stop lat="34.0703099" lon="-118.3762099" stopId="05220" tag="5220" title="La Cienega / San Vicente"/>
  <stop lat="34.02699" lon="-118.3719" stopId="05221" tag="5221" title="La Cienega / Jefferson"/>
  <stop lat="34.0597399" lon="-118.376" stopId="05223" tag="5223" title="La Cienega / Olympic"/>
  <stop lat="34.0536199" lon="-118.3759999" stopId="05224" tag="5224" title="La Cienega / Pico"/>
  <stop lat="34.0568599" lon="-118.376" stopId="05225" tag="5225" title="La Cienega / Whitworth"/>
  <stop lat="34.08696" lon="-118.38551" stopId="05886" tag="5886" title="San Vicente / Cynthia"/>
  <stop lat="34.0121499" lon="-118.3420499" stopId="06065" tag="6065" title="Santa Rosalia / Buckingham"/>
  <stop lat="34.01374" lon="-118.3462899" stopId="06066" tag="6066" title="Santa Rosalia / Hillcrest"/>
  <stop lat="34.0128199" lon="-118.3444699" stopId="06067" tag="6067" title="Santa Rosalia / West"/>
  <stop lat="34.0038" lon="-118.32919" stopId="08125" tag="8125" title="Vernon / 11th"/>
  <stop lat="34.00382" lon="-118.3212099" stopId="08126" tag="8126" title="Vernon / 4th"/>
  <stop lat="34.0038099" lon="-118.32339" stopId="08127" tag="8127" title="Vernon / 6th"/>
  <stop lat="34.0038" lon="-118.3255699" stopId="08128" tag="8128" title="Vernon / 8th"/>
  <stop lat="34.00384" lon="-118.3136499" stopId="08138" tag="8138" title="Vernon / Gramercy"/>
  <stop lat="34.0382999" lon="-118.3769499" stopId="09130" tag="9130" title="Cadillac / La Cienega"/>
  <stop lat="34.03764" lon="-118.37413" stopId="09131" tag="9131" title="Venice / Cadillac"/>
  <stop lat="34.00403" lon="-118.24807" stopId="10243" tag="10243" title="Vernon / Compton"/>
  <stop lat="34.00403" lon="-118.2524399" stopId="10244" tag="10244" title="Vernon / Hooper"/>
  <stop lat="34.00404" lon="-118.2606899" stopId="10247" tag="10247" title="Vernon / McKinley"/>
  <stop lat="34.00406" lon="-118.2387099" stopId="10249" tag="10249" title="Vernon / Alameda"/>
  <stop lat="34.00402" lon="-118.2657199" stopId="10250" tag="10250" title="Vernon / Avalon"/>
  <stop lat="34.0040399" lon="-118.25681" stopId="10251" tag="10251" title="Vernon / Central"/>
  <stop lat="34.0039599" lon="-118.27431" stopId="10252" tag="10252" title="Vernon / Main"/>
  <stop lat="34.004" lon="-118.2694499" stopId="10253" tag="10253" title="Vernon / San Pedro"/>
  <stop lat="34.00408" lon="-118.2347399" stopId="10256" tag="10256" title="Vernon / Saint Charles"/>
  <stop lat="34.0356699" lon="-118.36913" stopId="13406" tag="13406" title="Washington Fairfax Hub"/>
  <stop lat="34.0849099" lon="-118.38363" stopId="14378" tag="14378" title="Santa Monica / San Vicente"/>
  <stop lat="34.0398799" lon="-118.37015" stopId="15299" tag="15299" title="Venice / Fairfax"/>
  <stop lat="34.0903199" lon="-118.38568" stopId="16362" tag="16362" title="San Vicente / Sunset"/>
  <stop lat="34.00385" lon="-118.30437" stopId="16410" tag="16410" title="Vernon / Denker"/>
  <stop lat="34.00382" lon="-118.29571" stopId="16416" tag="16416" title="Vernon / Budlong"/>
  <stop lat="34.00385" lon="-118.3065699" stopId="16420" tag="16420" title="Vernon / Harvard"/>
  <stop lat="34.00385" lon="-118.2874699" stopId="16421" tag="16421" title="Vernon / Hoover"/>
  <stop lat="34.00384" lon="-118.29994" stopId="16422" tag="16422" title="Vernon / Normandie"/>
  <stop lat="34.0038299" lon="-118.29204" stopId="16424" tag="16424" title="Vernon / Vermont"/>
  <stop lat="34.0038499" lon="-118.30868" stopId="16426" tag="16426" title="Vernon / Western"/>
  <stop lat="34.0849599" lon="-118.38163" tag="16532_ar" title="Division 7 Layover"/>
  <stop lat="34.0040499" lon="-118.2427" stopId="36572" tag="36572" title="Vernon / Long Beach"/>
  <stop lat="34.00393" lon="-118.2788399" stopId="36575" tag="36575" title="Vernon / Broadway"/>
  <stop lat="34.0039" lon="-118.2822999" stopId="36576" tag="36576" title="Vernon / Figueroa"/>
  <stop lat="34.0654799" lon="-118.37606" stopId="36587" tag="36587" title="La Cienega / Wilshire"/>
  <stop lat="34.07361" lon="-118.37634" stopId="70500001" tag="70500001" title="La Cienega / 3rd"/>
  <stop lat="34.02145" lon="-118.36606" stopId="00967" tag="967" title="Obama / Hauser"/>
  <stop lat="34.00377" lon="-118.2479699" stopId="01684" tag="1684" title="Vernon / Compton"/>
  <stop lat="34.00377" lon="-118.25178" stopId="01685" tag="1685" title="Vernon / Hooper"/>
  <stop lat="34.0037899" lon="-118.24358" stopId="01687" tag="1687" title="Vernon / Long Beach"/>
  <stop lat="34.0037799" lon="-118.26102" stopId="01688" tag="1688" title="Vernon / McKinley"/>
  <stop lat="34.0038099" lon="-118.23858" stopId="01690" tag="1690" title="Vernon / Alameda"/>
  <stop lat="34.0037899" lon="-118.25671" stopId="01692" tag="1692" title="Vernon / Central"/>
  <stop lat="34.00373" lon="-118.2742299" stopId="01693" tag="1693" title="Vernon / Main"/>
  <stop lat="34.0037399" lon="-118.26981" stopId="01694" tag="1694" title="Vernon / San Pedro"/>
  <stop lat="34.00382" lon="-118.2345799" stopId="01697" tag="1697" title="Vernon / Saint Charles"/>
  <stop lat="34.0326299" lon="-118.37083" stopId="01858" tag="1858" title="Fairfax / Adams"/>
  <stop lat="34.0122199" lon="-118.33805" stopId="03174" tag="3174" title="Marlton / Martin Luther King Jr"/>
  <stop lat="34.0705799" lon="-118.3765299" stopId="03654" tag="3654" title="La Cienega / Colgate"/>
  <stop lat="34.08527" lon="-118.38417" stopId="03902" tag="3902" title="San Vicente / Santa Monica"/>
  <stop lat="34.0375299" lon="-118.37345" stopId="06918" tag="6918" title="Venice / Cadillac"/>
  <stop lat="34.0046199" lon="-118.22738" tag="7099_ar" title="Vernon Yard"/>
  <stop lat="34.0035999" lon="-118.3046999" stopId="08130" tag="8130" title="Vernon / Denker"/>
  <stop lat="34.00357" lon="-118.2960399" stopId="08136" tag="8136" title="Vernon / Budlong"/>
  <stop lat="34.00364" lon="-118.2823599" stopId="08137" tag="8137" title="Vernon / Figueroa"/>
  <stop lat="34.0035999" lon="-118.3069" stopId="08140" tag="8140" title="Vernon / Harvard"/>
  <stop lat="34.0036" lon="-118.2868099" stopId="08141" tag="8141" title="Vernon / Hoover"/>
  <stop lat="34.00358" lon="-118.29984" stopId="08142" tag="8142" title="Vernon / Normandie"/>
  <stop lat="34.0035799" lon="-118.29121" stopId="08144" tag="8144" title="Vernon / Vermont"/>
  <stop lat="34.0357699" lon="-118.36942" stopId="08700" tag="8700" title="Washington Fairfax Hub"/>
  <stop lat="34.0054399" lon="-118.3339799" stopId="09414" tag="9414" title="Crenshaw / Homeland"/>
  <stop lat="34.09053" lon="-118.3816199" stopId="10997" tag="10997" title="Holloway / Hancock"/>
  <stop lat="34.0905499" lon="-118.37649" stopId="10998" tag="10998" title="Holloway / La Cienega"/>
  <stop lat="34.0174599" lon="-118.3461799" stopId="11230" tag="11230" title="Martin Luther King Jr / Coliseum"/>
  <stop lat="34.01628" lon="-118.3443" stopId="11239" tag="11239" title="Martin Luther King Jr / Hillcrest"/>
  <stop lat="34.01944" lon="-118.3493" stopId="11241" tag="11241" title="Martin Luther King Jr / Nicolet"/>
  <stop lat="34.01055" lon="-118.3395" stopId="11663" tag="11663" title="Marlton / Santa Rosalia"/>
  <stop lat="34.07565" lon="-118.3767299" stopId="12146" tag="12146" title="La Cienega / Beverly"/>
  <stop lat="34.0817" lon="-118.3766799" stopId="12148" tag="12148" title="La Cienega / Melrose"/>
  <stop lat="34.0803399" lon="-118.3766899" stopId="12149" tag="12149" title="La Cienega / Rosewood"/>
  <stop lat="34.0889299" lon="-118.37655" stopId="12150" tag="12150" title="La Cienega / Santa Monica"/>
  <stop lat="34.0854799" lon="-118.37662" stopId="12151" tag="12151" title="La Cienega / Waring"/>
  <stop lat="34.0038399" lon="-118.22973" stopId="12711" tag="12711" title="Pacific / Santa Fe"/>
  <stop lat="34.0214299" lon="-118.3609599" stopId="12975" tag="12975" title="Obama / Cloverdale"/>
  <stop lat="34.0214099" lon="-118.3525499" stopId="12976" tag="12976" title="Obama / Martin Luther King Jr"/>
  <stop lat="34.02142" lon="-118.3580699" stopId="12977" tag="12977" title="Obama / Village Green"/>
  <stop lat="34.0214199" lon="-118.35585" stopId="12983" tag="12983" title="Obama / La Brea"/>
  <stop lat="34.0215599" lon="-118.3720199" stopId="12984" tag="12984" title="Obama / La Cienega"/>
  <stop lat="34.03952" lon="-118.36967" stopId="13414" tag="13414" title="Fairfax / Venice"/>
  <stop lat="34.04725" lon="-118.3763" stopId="13659" tag="13659" title="La Cienega / Airdrome"/>
  <stop lat="34.05085" lon="-118.3763" stopId="13660" tag="13660" title="La Cienega / Cashio"/>
  <stop lat="34.0243599" lon="-118.37234" stopId="13661" tag="13661" title="La Cienega / Clemson"/>
  <stop lat="34.0623899" lon="-118.37627" stopId="13662" tag="13662" title="La Cienega / Gregory"/>
  <stop lat="34.0405199" lon="-118.37708" stopId="13663" tag="13663" title="La Cienega / Guthrie"/>
  <stop lat="34.0718199" lon="-118.3765699" stopId="13665" tag="13665" title="La Cienega / San Vicente"/>
  <stop lat="34.04232" lon="-118.37659" stopId="13666" tag="13666" title="La Cienega / Sawyer"/>
  <stop lat="34.0446899" lon="-118.37695" stopId="13667" tag="13667" title="La Cienega / 18th"/>
  <stop lat="34.0261299" lon="-118.37225" stopId="13670" tag="13670" title="La Cienega / Jefferson"/>
  <stop lat="34.0592" lon="-118.3762999" stopId="13671" tag="13671" title="La Cienega / Olympic"/>
  <stop lat="34.0530999" lon="-118.3763099" stopId="13672" tag="13672" title="La Cienega / Pico"/>
  <stop lat="34.05719" lon="-118.3763" stopId="13673" tag="13673" title="La Cienega / Whitworth"/>
  <stop lat="34.0649299" lon="-118.37634" stopId="13674" tag="13674" title="La Cienega / Wilshire"/>
  <stop lat="34.0870999" lon="-118.3853199" stopId="14261" tag="14261" title="San Vicente / Cynthia"/>
  <stop lat="34.0904499" lon="-118.38543" stopId="14289" tag="14289" title="San Vicente / Sunset"/>
  <stop lat="34.01272" lon="-118.34486" stopId="14447" tag="14447" title="Santa Rosalia / West"/>
  <stop lat="34.0120599" lon="-118.3424499" stopId="14448" tag="14448" title="Santa Rosalia / Buckingham"/>
  <stop lat="34.01351" lon="-118.3463299" stopId="14449" tag="14449" title="Santa Rosalia / Hillcrest"/>
  <stop lat="34.00356" lon="-118.3215399" stopId="16406" tag="16406" title="Vernon / 4th"/>
  <stop lat="34.0035599" lon="-118.32372" stopId="16407" tag="16407" title="Vernon / 6th"/>
  <stop lat="34.00355" lon="-118.3258999" stopId="16408" tag="16408" title="Vernon / 8th"/>
  <stop lat="34.00358" lon="-118.3183699" stopId="16409" tag="16409" title="Vernon / Arlington"/>
  <stop lat="34.00354" lon="-118.3308999" stopId="16413" tag="16413" title="Vernon / Leimert"/>
  <stop lat="34.00359" lon="-118.3139799" stopId="16418" tag="16418" title="Vernon / Gramercy"/>
  <stop lat="34.0035899" lon="-118.30914" stopId="16425" tag="16425" title="Vernon / Western"/>
  <stop lat="34.0380599" lon="-118.3768699" stopId="16534" tag="16534" title="Cadillac / La Cienega"/>
  <stop lat="34.0108799" lon="-118.33551" stopId="28292" tag="28292" title="Martin Luther King Jr / Crenshaw"/>
  <stop lat="34.00369" lon="-118.2780099" stopId="36602" tag="36602" title="Vernon / Broadway"/>
  <stop lat="34.0037699" lon="-118.26468" stopId="36603" tag="36603" title="Vernon / Avalon"/>
  <stop lat="34.00354" lon="-118.3290299" stopId="141083" tag="141083" title="Vernon / 11th"/>
  <stop lat="34.00817" lon="-118.3352399" stopId="142169" tag="142169" title="Crenshaw / Stocker"/>
  <stop lat="34.07319" lon="-118.37664" stopId="70500002" tag="70500002" title="La Cienega / 3rd"/>
  <direction name="North" tag="105_260_0" title="North to West Hollywood" useForUI="true">
   <stop tag="4201"/>
   <stop tag="4198"/>
   <stop tag="10256"/>
   <stop tag="10249"/>
   <stop tag="36572"/>
   <stop tag="10243"/>
   <stop tag="10244"/>
   <stop tag="10251"/>
   <stop tag="10247"/>
   <stop tag="10250"/>
   <stop tag="10253"/>
   <stop tag="10252"/>
   <stop tag="36575"/>
   <stop tag="36576"/>
   <stop tag="16421"/>
   <stop tag="16424"/>
   <stop tag="16416"/>
   <stop tag="16422"/>
   <stop tag="16410"/>
   <stop tag="16420"/>
   <stop tag="16426"/>
   <stop tag="8138"/>
   <stop tag="2475"/>
   <stop tag="8126"/>
   <stop tag="8127"/>
   <stop tag="8128"/>
   <stop tag="8125"/>
   <stop tag="2505"/>
   <stop tag="892"/>
   <stop tag="876"/>
   <stop tag="2759"/>
   <stop tag="3315"/>
   <stop tag="6065"/>
   <stop tag="6067"/>
   <stop tag="6066"/>
   <stop tag="2742"/>
   <stop tag="2734"/>
   <stop tag="2746"/>
   <stop tag="4525"/>
   <stop tag="4518"/>
   <stop tag="4523"/>
   <stop tag="4526"/>
   <stop tag="5212"/>
   <stop tag="5221"/>
   <stop tag="4976"/>
   <stop tag="13406"/>
   <stop tag="15299"/>
   <stop tag="9131"/>
   <stop tag="9130"/>
   <stop tag="5214"/>
   <stop tag="5217"/>
   <stop tag="5218"/>
   <stop tag="5210"/>
   <stop tag="5211"/>
   <stop tag="5224"/>
   <stop tag="5225"/>
   <stop tag="5223"/>
   <stop tag="5213"/>
   <stop tag="36587"/>
   <stop tag="5220"/>
   <stop tag="5216"/>
   <stop tag="70500001"/>
   <stop tag="3653"/>
   <stop tag="3656"/>
   <stop tag="3655"/>
   <stop tag="3658"/>
   <stop tag="3657"/>
   <stop tag="2465"/>
   <stop tag="2464"/>
   <stop tag="16362"/>
   <stop tag="5886"/>
   <stop tag="14378"/>
   <stop tag="16532_ar"/>
  </direction>
  <direction name="South" tag="105_258_1" title="South to Vernon-Santa Fe" useForUI="true">
   <stop tag="3902"/>
   <stop tag="14261"/>
   <stop tag="14289"/>
   <stop tag="10997"/>
   <stop tag="10998"/>
   <stop tag="12150"/>
   <stop tag="12151"/>
   <stop tag="12148"/>
   <stop tag="12149"/>
   <stop tag="12146"/>
   <stop tag="70500002"/>
   <stop tag="13665"/>
   <stop tag="3654"/>
   <stop tag="13674"/>
   <stop tag="13662"/>
   <stop tag="13671"/>
   <stop tag="13673"/>
   <stop tag="13672"/>
   <stop tag="13660"/>
   <stop tag="13659"/>
   <stop tag="13667"/>
   <stop tag="13666"/>
   <stop tag="13663"/>
   <stop tag="16534"/>
   <stop tag="6918"/>
   <stop tag="13414"/>
   <stop tag="8700"/>
   <stop tag="1858"/>
   <stop tag="13670"/>
   <stop tag="13661"/>
   <stop tag="12984"/>
   <stop tag="967"/>
   <stop tag="12975"/>
   <stop tag="12977"/>
   <stop tag="12983"/>
   <stop tag="12976"/>
   <stop tag="11241"/>
   <stop tag="11230"/>
   <stop tag="11239"/>
   <stop tag="14449"/>
   <stop tag="14447"/>
   <stop tag="14448"/>
   <stop tag="11663"/>
   <stop tag="28292"/>
   <stop tag="142169"/>
   <stop tag="9414"/>
   <stop tag="16413"/>
   <stop tag="141083"/>
   <stop tag="16408"/>
   <stop tag="16407"/>
   <stop tag="16406"/>
   <stop tag="16409"/>
   <stop tag="16418"/>
   <stop tag="16425"/>
   <stop tag="8140"/>
   <stop tag="8130"/>
   <stop tag="8142"/>
   <stop tag="8136"/>
   <stop tag="8144"/>
   <stop tag="8141"/>
   <stop tag="8137"/>
   <stop tag="36602"/>
   <stop tag="1693"/>
   <stop tag="1694"/>
   <stop tag="36603"/>
   <stop tag="1688"/>
   <stop tag="1692"/>
   <stop tag="1685"/>
   <stop tag="1684"/>
   <stop tag="1687"/>
   <stop tag="1690"/>
   <stop tag="1697"/>
   <stop tag="12711"/>
   <stop tag="7099_ar"/>
  </direction>
  <path>
   <point lat="34.00404" lon="-118.25681"/>
   <point lat="34.00404" lon="-118.26069"/>
   <point lat="34.00402" lon="-118.26572"/>
   <point lat="34.004" lon="-118.26945"/>
   <point lat="34.00396" lon="-118.27431"/>
   <point lat="34.0039299" lon="-118.27884"/>
   <point lat="34.0039" lon="-118.2823"/>
   <point lat="34.00385" lon="-118.28747"/>
   <point lat="34.00383" lon="-118.29204"/>
  </path>
  <path>
   <point lat="34.00379" lon="-118.25671"/>
   <point lat="34.00377" lon="-118.25178"/>
   <point lat="34.00377" lon="-118.24797"/>
   <point lat="34.00379" lon="-118.24358"/>
   <point lat="34.00381" lon="-118.23858"/>
   <point lat="34.00382" lon="-118.23458"/>
   <point lat="34.0038399" lon="-118.22973"/>
  </path>
  <path>
   <point lat="34.0038399" lon="-118.22973"/>
   <point lat="34.00396" lon="-118.22808"/>
   <point lat="34.00395" lon="-118.22793"/>
   <point lat="34.00391" lon="-118.22754"/>
   <point lat="34.00462" lon="-118.22738"/>
  </path>
  <path>
   <point lat="34.02142" lon="-118.35585"/>
   <point lat="34.02141" lon="-118.35255"/>
   <point lat="34.01971" lon="-118.34947"/>
   <point lat="34.01944" lon="-118.3493"/>
   <point lat="34.01746" lon="-118.34618"/>
   <point lat="34.01628" lon="-118.3443"/>
   <point lat="34.01583" lon="-118.34451"/>
   <point lat="34.0135099" lon="-118.34633"/>
   <point lat="34.01307" lon="-118.34546"/>
   <point lat="34.01272" lon="-118.34486"/>
   <point lat="34.01206" lon="-118.34245"/>
   <point lat="34.01189" lon="-118.34168"/>
   <point lat="34.01055" lon="-118.3395"/>
   <point lat="34.01087" lon="-118.33918"/>
   <point lat="34.01095" lon="-118.33909"/>
   <point lat="34.01105" lon="-118.33899"/>
   <point lat="34.01239" lon="-118.33778"/>
   <point lat="34.01124" lon="-118.33588"/>
   <point lat="34.01088" lon="-118.33551"/>
  </path>
  <path>
   <point lat="34.01222" lon="-118.33805"/>
   <point lat="34.01105" lon="-118.33899"/>
   <point lat="34.01095" lon="-118.33909"/>
   <point lat="34.01087" lon="-118.33918"/>
   <point lat="34.01068" lon="-118.33943"/>
   <point lat="34.01053" lon="-118.33966"/>
   <point lat="34.01044" lon="-118.33981"/>
   <point lat="34.01048" lon="-118.33984"/>
   <point lat="34.0108" lon="-118.34012"/>
   <point lat="34.01089" lon="-118.34021"/>
   <point lat="34.01113" lon="-118.34048"/>
   <point lat="34.0113" lon="-118.34069"/>
   <point lat="34.01152" lon="-118.341"/>
   <point lat="34.0119" lon="-118.34166"/>
   <point lat="34.01198" lon="-118.34188"/>
   <point lat="34.01206" lon="-118.3421"/>
   <point lat="34.0120999" lon="-118.34225"/>
   <point lat="34.0122799" lon="-118.34221"/>
   <point lat="34.01247" lon="-118.34219"/>
   <point lat="34.01253" lon="-118.34219"/>
   <point lat="34.01277" lon="-118.34222"/>
   <point lat="34.01289" lon="-118.34224"/>
   <point lat="34.01307" lon="-118.34232"/>
   <point lat="34.01319" lon="-118.34236"/>
   <point lat="34.01337" lon="-118.34241"/>
   <point lat="34.01354" lon="-118.34243"/>
   <point lat="34.01363" lon="-118.34243"/>
   <point lat="34.01386" lon="-118.34239"/>
   <point lat="34.01402" lon="-118.34235"/>
   <point lat="34.01411" lon="-118.34232"/>
   <point lat="34.01419" lon="-118.34228"/>
   <point lat="34.0143" lon="-118.34221"/>
   <point lat="34.01444" lon="-118.34209"/>
   <point lat="34.01467" lon="-118.34187"/>
   <point lat="34.01483" lon="-118.34173"/>
   <point lat="34.01124" lon="-118.33588"/>
   <point lat="34.01088" lon="-118.33551"/>
   <point lat="34.01095" lon="-118.3351"/>
   <point lat="34.00845" lon="-118.3351"/>
   <point lat="34.00817" lon="-118.33524"/>
   <point lat="34.00782" lon="-118.33505"/>
   <point lat="34.0075" lon="-118.33499"/>
   <point lat="34.00733" lon="-118.33495"/>
   <point lat="34.00672" lon="-118.33468"/>
   <point lat="34.00656" lon="-118.33459"/>
   <point lat="34.00639" lon="-118.33448"/>
   <point lat="34.00612" lon="-118.33429"/>
   <point lat="34.00544" lon="-118.33398"/>
   <point lat="34.00471" lon="-118.33323"/>
   <point lat="34.00445" lon="-118.33294"/>
   <point lat="34.0043099" lon="-118.33275"/>
   <point lat="34.0042199" lon="-118.3326"/>
   <point lat="34.00413" lon="-118.33246"/>
   <point lat="34.00408" lon="-118.3324"/>
   <point lat="34.00398" lon="-118.33231"/>
   <point lat="34.00368" lon="-118.33198"/>
   <point lat="34.00364" lon="-118.33193"/>
   <point lat="34.00366" lon="-118.33185"/>
   <point lat="34.00366" lon="-118.33179"/>
   <point lat="34.00367" lon="-118.33164"/>
   <point lat="34.00354" lon="-118.3309"/>
   <point lat="34.00354" lon="-118.32903"/>
   <point lat="34.00355" lon="-118.3259"/>
   <point lat="34.00356" lon="-118.32372"/>
   <point lat="34.00356" lon="-118.32154"/>
   <point lat="34.00358" lon="-118.31837"/>
   <point lat="34.00359" lon="-118.31398"/>
   <point lat="34.00359" lon="-118.30914"/>
   <point lat="34.0036" lon="-118.3069"/>
   <point lat="34.0036" lon="-118.3047"/>
   <point lat="34.00358" lon="-118.29984"/>
   <point lat="34.00357" lon="-118.29604"/>
   <point lat="34.00358" lon="-118.29121"/>
  </path>
  <path>
   <point lat="34.00409" lon="-118.23056"/>
   <point lat="34.00408" lon="-118.23474"/>
   <point lat="34.00406" lon="-118.23871"/>
   <point lat="34.00405" lon="-118.2427"/>
   <point lat="34.00403" lon="-118.24807"/>
   <point lat="34.00403" lon="-118.25244"/>
   <point lat="34.00404" lon="-118.25681"/>
  </path>
  <path>
   <point lat="34.00462" lon="-118.22738"/>
   <point lat="34.00406" lon="-118.22778"/>
   <point lat="34.00398" lon="-118.22867"/>
   <point lat="34.00409" lon="-118.23056"/>
  </path>
  <path>
   <point lat="34.06548" lon="-118.37606"/>
   <point lat="34.07031" lon="-118.37621"/>
   <point lat="34.0719" lon="-118.37627"/>
   <point lat="34.07361" lon="-118.37634"/>
   <point lat="34.07635" lon="-118.37645"/>
   <point lat="34.07658" lon="-118.37661"/>
   <point lat="34.08006" lon="-118.3764"/>
   <point lat="34.08181" lon="-118.37637"/>
   <point lat="34.0852" lon="-118.37632"/>
   <point lat="34.0887699" lon="-118.3764"/>
   <point lat="34.0892" lon="-118.37619"/>
  </path>
  <path>
   <point lat="34.08893" lon="-118.37655"/>
   <point lat="34.0854799" lon="-118.37662"/>
   <point lat="34.0817" lon="-118.37668"/>
   <point lat="34.08034" lon="-118.37669"/>
   <point lat="34.07658" lon="-118.37661"/>
   <point lat="34.07565" lon="-118.37673"/>
   <point lat="34.0731899" lon="-118.37664"/>
   <point lat="34.07182" lon="-118.37657"/>
   <point lat="34.07058" lon="-118.37653"/>
   <point lat="34.0649299" lon="-118.37634"/>
  </path>
  <path>
   <point lat="34.00358" lon="-118.29121"/>
   <point lat="34.0036" lon="-118.28681"/>
   <point lat="34.00364" lon="-118.28236"/>
   <point lat="34.00369" lon="-118.27801"/>
   <point lat="34.00373" lon="-118.27423"/>
   <point lat="34.00374" lon="-118.26981"/>
   <point lat="34.00377" lon="-118.26468"/>
   <point lat="34.00378" lon="-118.26102"/>
   <point lat="34.00379" lon="-118.25671"/>
  </path>
  <path>
   <point lat="34.08527" lon="-118.38417"/>
   <point lat="34.0871" lon="-118.38532"/>
   <point lat="34.08779" lon="-118.38562"/>
   <point lat="34.09045" lon="-118.38543"/>
  </path>
  <path>
   <point lat="34.04469" lon="-118.37695"/>
   <point lat="34.04392" lon="-118.37673"/>
   <point lat="34.0423199" lon="-118.37659"/>
   <point lat="34.0418" lon="-118.37657"/>
   <point lat="34.04052" lon="-118.37708"/>
   <point lat="34.03917" lon="-118.37727"/>
   <point lat="34.03896" lon="-118.37727"/>
   <point lat="34.03843" lon="-118.37722"/>
   <point lat="34.03826" lon="-118.37721"/>
   <point lat="34.03806" lon="-118.37687"/>
   <point lat="34.03745" lon="-118.37418"/>
   <point lat="34.0375299" lon="-118.37345"/>
   <point lat="34.03983" lon="-118.36967"/>
   <point lat="34.03952" lon="-118.36967"/>
   <point lat="34.03923" lon="-118.36934"/>
   <point lat="34.03886" lon="-118.36908"/>
   <point lat="34.0387" lon="-118.36898"/>
   <point lat="34.0384" lon="-118.36886"/>
   <point lat="34.03816" lon="-118.36878"/>
   <point lat="34.03798" lon="-118.36873"/>
   <point lat="34.03776" lon="-118.3687"/>
   <point lat="34.03769" lon="-118.3687"/>
   <point lat="34.03754" lon="-118.36869"/>
   <point lat="34.03735" lon="-118.3687"/>
   <point lat="34.03716" lon="-118.36872"/>
   <point lat="34.0370599" lon="-118.36874"/>
   <point lat="34.03702" lon="-118.36874"/>
   <point lat="34.03682" lon="-118.36879"/>
   <point lat="34.03653" lon="-118.3689"/>
   <point lat="34.03598" lon="-118.36915"/>
   <point lat="34.03577" lon="-118.36942"/>
  </path>
  <path>
   <point lat="34.00359" lon="-118.30914"/>
   <point lat="34.0036" lon="-118.3069"/>
   <point lat="34.0036" lon="-118.3047"/>
   <point lat="34.00358" lon="-118.29984"/>
   <point lat="34.00357" lon="-118.29604"/>
   <point lat="34.00358" lon="-118.29121"/>
  </path>
  <path>
   <point lat="34.03567" lon="-118.36913"/>
   <point lat="34.03653" lon="-118.3689"/>
   <point lat="34.03682" lon="-118.36879"/>
   <point lat="34.03702" lon="-118.36874"/>
   <point lat="34.0370599" lon="-118.36874"/>
   <point lat="34.03716" lon="-118.36872"/>
   <point lat="34.03735" lon="-118.3687"/>
   <point lat="34.03754" lon="-118.36869"/>
   <point lat="34.03769" lon="-118.3687"/>
   <point lat="34.03776" lon="-118.3687"/>
   <point lat="34.03798" lon="-118.36873"/>
   <point lat="34.03816" lon="-118.36878"/>
   <point lat="34.0384" lon="-118.36886"/>
   <point lat="34.0387" lon="-118.36898"/>
   <point lat="34.03886" lon="-118.36908"/>
   <point lat="34.03923" lon="-118.36934"/>
   <point lat="34.0394099" lon="-118.36945"/>
   <point lat="34.03983" lon="-118.36967"/>
   <point lat="34.03995" lon="-118.36974"/>
   <point lat="34.0398799" lon="-118.37015"/>
   <point lat="34.03764" lon="-118.37413"/>
   <point lat="34.03807" lon="-118.37651"/>
   <point lat="34.0383" lon="-118.37695"/>
   <point lat="34.03896" lon="-118.37727"/>
   <point lat="34.03917" lon="-118.37727"/>
   <point lat="34.03942" lon="-118.37723"/>
   <point lat="34.0402" lon="-118.37686"/>
   <point lat="34.04145" lon="-118.37668"/>
   <point lat="34.0418" lon="-118.37657"/>
   <point lat="34.04239" lon="-118.37628"/>
   <point lat="34.04305" lon="-118.37644"/>
   <point lat="34.04435" lon="-118.37666"/>
  </path>
  <path>
   <point lat="34.0375299" lon="-118.37345"/>
   <point lat="34.03983" lon="-118.36967"/>
   <point lat="34.03952" lon="-118.36967"/>
   <point lat="34.03923" lon="-118.36934"/>
   <point lat="34.03886" lon="-118.36908"/>
   <point lat="34.0387" lon="-118.36898"/>
   <point lat="34.0384" lon="-118.36886"/>
   <point lat="34.03816" lon="-118.36878"/>
   <point lat="34.03798" lon="-118.36873"/>
   <point lat="34.03776" lon="-118.3687"/>
   <point lat="34.03769" lon="-118.3687"/>
   <point lat="34.03754" lon="-118.36869"/>
   <point lat="34.03735" lon="-118.3687"/>
   <point lat="34.03716" lon="-118.36872"/>
   <point lat="34.0370599" lon="-118.36874"/>
   <point lat="34.03702" lon="-118.36874"/>
   <point lat="34.03682" lon="-118.36879"/>
   <point lat="34.03653" lon="-118.3689"/>
   <point lat="34.03598" lon="-118.36915"/>
   <point lat="34.03577" lon="-118.36942"/>
  </path>
  <path>
   <point lat="34.04435" lon="-118.37666"/>
   <point lat="34.0449" lon="-118.37676"/>
   <point lat="34.04649" lon="-118.37632"/>
   <point lat="34.04694" lon="-118.37603"/>
   <point lat="34.05055" lon="-118.37599"/>
   <point lat="34.05362" lon="-118.376"/>
   <point lat="34.05686" lon="-118.376"/>
   <point lat="34.05974" lon="-118.376"/>
   <point lat="34.06248" lon="-118.37597"/>
   <point lat="34.06548" lon="-118.37606"/>
  </path>
  <path>
   <point lat="34.02142" lon="-118.35585"/>
   <point lat="34.02141" lon="-118.35255"/>
   <point lat="34.01971" lon="-118.34947"/>
   <point lat="34.01944" lon="-118.3493"/>
   <point lat="34.01746" lon="-118.34618"/>
   <point lat="34.01628" lon="-118.3443"/>
   <point lat="34.01583" lon="-118.34451"/>
   <point lat="34.01411" lon="-118.34612"/>
   <point lat="34.0135099" lon="-118.34633"/>
   <point lat="34.01307" lon="-118.34546"/>
   <point lat="34.01272" lon="-118.34486"/>
   <point lat="34.01265" lon="-118.34415"/>
   <point lat="34.01206" lon="-118.34245"/>
   <point lat="34.01189" lon="-118.34168"/>
   <point lat="34.01055" lon="-118.3395"/>
   <point lat="34.01087" lon="-118.33918"/>
   <point lat="34.01095" lon="-118.33909"/>
   <point lat="34.01105" lon="-118.33899"/>
   <point lat="34.01239" lon="-118.33778"/>
   <point lat="34.01124" lon="-118.33588"/>
   <point lat="34.01088" lon="-118.33551"/>
  </path>
  <path>
   <point lat="34.00385" lon="-118.30868"/>
   <point lat="34.0038399" lon="-118.31365"/>
   <point lat="34.0038399" lon="-118.31838"/>
   <point lat="34.00382" lon="-118.32121"/>
   <point lat="34.00381" lon="-118.32339"/>
   <point lat="34.0038" lon="-118.32557"/>
   <point lat="34.0038" lon="-118.32919"/>
   <point lat="34.0038" lon="-118.33138"/>
   <point lat="34.00366" lon="-118.33179"/>
   <point lat="34.00366" lon="-118.33185"/>
   <point lat="34.00364" lon="-118.33193"/>
   <point lat="34.00368" lon="-118.33198"/>
   <point lat="34.00398" lon="-118.33231"/>
   <point lat="34.00408" lon="-118.3324"/>
   <point lat="34.00413" lon="-118.33246"/>
   <point lat="34.0042199" lon="-118.3326"/>
   <point lat="34.0043099" lon="-118.33275"/>
   <point lat="34.00445" lon="-118.33294"/>
   <point lat="34.00471" lon="-118.33323"/>
   <point lat="34.00489" lon="-118.3334"/>
   <point lat="34.00515" lon="-118.3336"/>
   <point lat="34.00539" lon="-118.33377"/>
   <point lat="34.00569" lon="-118.3338"/>
   <point lat="34.00612" lon="-118.33429"/>
   <point lat="34.00639" lon="-118.33448"/>
   <point lat="34.00656" lon="-118.33459"/>
   <point lat="34.00672" lon="-118.33468"/>
   <point lat="34.00733" lon="-118.33495"/>
   <point lat="34.0075" lon="-118.33499"/>
   <point lat="34.00782" lon="-118.33505"/>
   <point lat="34.00824" lon="-118.33494"/>
   <point lat="34.01095" lon="-118.3351"/>
   <point lat="34.01095" lon="-118.33525"/>
   <point lat="34.01097" lon="-118.33534"/>
   <point lat="34.011" lon="-118.33545"/>
   <point lat="34.01102" lon="-118.33553"/>
   <point lat="34.01167" lon="-118.3363"/>
  </path>
  <path>
   <point lat="34.00383" lon="-118.29204"/>
   <point lat="34.00382" lon="-118.29571"/>
   <point lat="34.0038399" lon="-118.29994"/>
   <point lat="34.00385" lon="-118.30437"/>
   <point lat="34.00385" lon="-118.30657"/>
   <point lat="34.00385" lon="-118.30868"/>
  </path>
  <path>
   <point lat="34.01088" lon="-118.33551"/>
   <point lat="34.01095" lon="-118.3351"/>
   <point lat="34.00845" lon="-118.3351"/>
   <point lat="34.00817" lon="-118.33524"/>
   <point lat="34.00733" lon="-118.33495"/>
   <point lat="34.00544" lon="-118.33398"/>
   <point lat="34.00471" lon="-118.33323"/>
   <point lat="34.00445" lon="-118.33294"/>
   <point lat="34.0043099" lon="-118.33275"/>
   <point lat="34.0042199" lon="-118.3326"/>
   <point lat="34.00413" lon="-118.33246"/>
   <point lat="34.00408" lon="-118.3324"/>
   <point lat="34.00398" lon="-118.33231"/>
   <point lat="34.00368" lon="-118.33198"/>
   <point lat="34.00364" lon="-118.33193"/>
   <point lat="34.00366" lon="-118.33185"/>
   <point lat="34.00366" lon="-118.33179"/>
   <point lat="34.00367" lon="-118.33164"/>
   <point lat="34.00354" lon="-118.3309"/>
   <point lat="34.00354" lon="-118.32903"/>
   <point lat="34.00355" lon="-118.3259"/>
   <point lat="34.00356" lon="-118.32372"/>
   <point lat="34.00356" lon="-118.32154"/>
   <point lat="34.00358" lon="-118.31837"/>
   <point lat="34.00359" lon="-118.31398"/>
   <point lat="34.00359" lon="-118.30914"/>
  </path>
  <path>
   <point lat="34.0649299" lon="-118.37634"/>
   <point lat="34.06239" lon="-118.37627"/>
   <point lat="34.0592" lon="-118.3763"/>
   <point lat="34.05719" lon="-118.3763"/>
   <point lat="34.0531" lon="-118.37631"/>
   <point lat="34.0508499" lon="-118.3763"/>
   <point lat="34.04725" lon="-118.3763"/>
   <point lat="34.04649" lon="-118.37632"/>
   <point lat="34.04469" lon="-118.37695"/>
  </path>
  <path>
   <point lat="34.03577" lon="-118.36942"/>
   <point lat="34.03534" lon="-118.36944"/>
   <point lat="34.03263" lon="-118.37083"/>
   <point lat="34.03055" lon="-118.37167"/>
   <point lat="34.03049" lon="-118.37174"/>
   <point lat="34.03046" lon="-118.37178"/>
   <point lat="34.03045" lon="-118.37183"/>
   <point lat="34.03044" lon="-118.37189"/>
   <point lat="34.03044" lon="-118.37196"/>
   <point lat="34.03043" lon="-118.37205"/>
   <point lat="34.03019" lon="-118.37199"/>
   <point lat="34.03005" lon="-118.37196"/>
   <point lat="34.02968" lon="-118.37191"/>
   <point lat="34.02952" lon="-118.37191"/>
   <point lat="34.02928" lon="-118.37193"/>
   <point lat="34.0282399" lon="-118.37199"/>
   <point lat="34.02613" lon="-118.37225"/>
   <point lat="34.02436" lon="-118.37234"/>
   <point lat="34.02171" lon="-118.37234"/>
   <point lat="34.02156" lon="-118.37202"/>
   <point lat="34.02145" lon="-118.36606"/>
   <point lat="34.02143" lon="-118.36096"/>
   <point lat="34.02142" lon="-118.35807"/>
   <point lat="34.02142" lon="-118.35585"/>
  </path>
  <path>
   <point lat="34.01088" lon="-118.33551"/>
   <point lat="34.01095" lon="-118.3351"/>
   <point lat="34.00845" lon="-118.3351"/>
   <point lat="34.00817" lon="-118.33524"/>
   <point lat="34.00782" lon="-118.33505"/>
   <point lat="34.0075" lon="-118.33499"/>
   <point lat="34.00733" lon="-118.33495"/>
   <point lat="34.00672" lon="-118.33468"/>
   <point lat="34.00656" lon="-118.33459"/>
   <point lat="34.00639" lon="-118.33448"/>
   <point lat="34.00612" lon="-118.33429"/>
   <point lat="34.00544" lon="-118.33398"/>
   <point lat="34.00471" lon="-118.33323"/>
   <point lat="34.00445" lon="-118.33294"/>
   <point lat="34.0043099" lon="-118.33275"/>
   <point lat="34.0042199" lon="-118.3326"/>
   <point lat="34.00413" lon="-118.33246"/>
   <point lat="34.00408" lon="-118.3324"/>
   <point lat="34.00398" lon="-118.33231"/>
   <point lat="34.00368" lon="-118.33198"/>
   <point lat="34.00364" lon="-118.33193"/>
   <point lat="34.00366" lon="-118.33185"/>
   <point lat="34.00366" lon="-118.33179"/>
   <point lat="34.00367" lon="-118.33164"/>
   <point lat="34.00354" lon="-118.3309"/>
   <point lat="34.00354" lon="-118.32903"/>
   <point lat="34.00355" lon="-118.3259"/>
   <point lat="34.00356" lon="-118.32372"/>
   <point lat="34.00356" lon="-118.32154"/>
   <point lat="34.00358" lon="-118.31837"/>
   <point lat="34.00359" lon="-118.31398"/>
   <point lat="34.00359" lon="-118.30914"/>
  </path>
  <path>
   <point lat="34.01167" lon="-118.3363"/>
   <point lat="34.01239" lon="-118.33778"/>
   <point lat="34.01098" lon="-118.33917"/>
   <point lat="34.01068" lon="-118.33943"/>
   <point lat="34.01053" lon="-118.33966"/>
   <point lat="34.01044" lon="-118.33981"/>
   <point lat="34.01048" lon="-118.33984"/>
   <point lat="34.0108" lon="-118.34012"/>
   <point lat="34.01089" lon="-118.34021"/>
   <point lat="34.01113" lon="-118.34048"/>
   <point lat="34.0113" lon="-118.34069"/>
   <point lat="34.01152" lon="-118.341"/>
   <point lat="34.01215" lon="-118.34205"/>
   <point lat="34.01265" lon="-118.34415"/>
   <point lat="34.01282" lon="-118.34447"/>
   <point lat="34.01317" lon="-118.34565"/>
   <point lat="34.01374" lon="-118.34629"/>
   <point lat="34.01411" lon="-118.34612"/>
   <point lat="34.01583" lon="-118.34451"/>
   <point lat="34.01656" lon="-118.34425"/>
   <point lat="34.0178" lon="-118.3462"/>
   <point lat="34.01972" lon="-118.34924"/>
   <point lat="34.02116" lon="-118.35178"/>
   <point lat="34.02154" lon="-118.35238"/>
   <point lat="34.02154" lon="-118.35562"/>
   <point lat="34.02167" lon="-118.35611"/>
  </path>
  <path>
   <point lat="34.02167" lon="-118.35611"/>
   <point lat="34.02168" lon="-118.36064"/>
   <point lat="34.02171" lon="-118.36619"/>
   <point lat="34.02183" lon="-118.3721"/>
   <point lat="34.02337" lon="-118.37225"/>
   <point lat="34.02405" lon="-118.37205"/>
   <point lat="34.02699" lon="-118.3719"/>
   <point lat="34.0282399" lon="-118.37199"/>
   <point lat="34.02928" lon="-118.37193"/>
   <point lat="34.02993" lon="-118.3718"/>
   <point lat="34.03022" lon="-118.3717"/>
   <point lat="34.03058" lon="-118.37159"/>
   <point lat="34.0307" lon="-118.37156"/>
   <point lat="34.03075" lon="-118.37153"/>
   <point lat="34.0314" lon="-118.37124"/>
   <point lat="34.03173" lon="-118.37108"/>
   <point lat="34.03246" lon="-118.37075"/>
   <point lat="34.0328" lon="-118.37044"/>
   <point lat="34.03441" lon="-118.36987"/>
   <point lat="34.03534" lon="-118.36944"/>
   <point lat="34.03567" lon="-118.36913"/>
  </path>
  <path>
   <point lat="34.09032" lon="-118.38568"/>
   <point lat="34.08779" lon="-118.38562"/>
   <point lat="34.08696" lon="-118.38551"/>
   <point lat="34.08502" lon="-118.38414"/>
   <point lat="34.08499" lon="-118.38411"/>
   <point lat="34.08489" lon="-118.38402"/>
   <point lat="34.0848299" lon="-118.38398"/>
   <point lat="34.08491" lon="-118.38363"/>
   <point lat="34.08535" lon="-118.38325"/>
   <point lat="34.08612" lon="-118.38209"/>
   <point lat="34.08664" lon="-118.38136"/>
   <point lat="34.08496" lon="-118.38163"/>
  </path>
  <path>
   <point lat="34.0892" lon="-118.37619"/>
   <point lat="34.0906499" lon="-118.37626"/>
   <point lat="34.09075" lon="-118.37665"/>
   <point lat="34.09073" lon="-118.38129"/>
   <point lat="34.09064" lon="-118.38367"/>
   <point lat="34.09064" lon="-118.38553"/>
   <point lat="34.09032" lon="-118.38568"/>
  </path>
  <path>
   <point lat="34.03577" lon="-118.36942"/>
   <point lat="34.03534" lon="-118.36944"/>
   <point lat="34.03441" lon="-118.36987"/>
   <point lat="34.03263" lon="-118.37083"/>
   <point lat="34.03055" lon="-118.37167"/>
   <point lat="34.03049" lon="-118.37174"/>
   <point lat="34.03046" lon="-118.37178"/>
   <point lat="34.03045" lon="-118.37183"/>
   <point lat="34.03044" lon="-118.37189"/>
   <point lat="34.03044" lon="-118.37196"/>
   <point lat="34.03043" lon="-118.37205"/>
   <point lat="34.03019" lon="-118.37199"/>
   <point lat="34.03005" lon="-118.37196"/>
   <point lat="34.02968" lon="-118.37191"/>
   <point lat="34.02952" lon="-118.37191"/>
   <point lat="34.02928" lon="-118.37193"/>
   <point lat="34.0282399" lon="-118.37199"/>
   <point lat="34.02613" lon="-118.37225"/>
   <point lat="34.02436" lon="-118.37234"/>
   <point lat="34.02171" lon="-118.37234"/>
   <point lat="34.02156" lon="-118.37202"/>
   <point lat="34.02145" lon="-118.36606"/>
   <point lat="34.02143" lon="-118.36096"/>
   <point lat="34.02142" lon="-118.35807"/>
   <point lat="34.02142" lon="-118.35585"/>
  </path>
  <path>
   <point lat="34.08496" lon="-118.38163"/>
   <point lat="34.08422" lon="-118.38374"/>
   <point lat="34.08434" lon="-118.38375"/>
   <point lat="34.0844499" lon="-118.38379"/>
   <point lat="34.08458" lon="-118.38383"/>
   <point lat="34.08466" lon="-118.38387"/>
   <point lat="34.08489" lon="-118.38402"/>
   <point lat="34.08499" lon="-118.38411"/>
   <point lat="34.08527" lon="-118.38417"/>
   <point lat="34.0871" lon="-118.38532"/>
   <point lat="34.08779" lon="-118.38562"/>
   <point lat="34.09045" lon="-118.38543"/>
  </path>
  <path>
   <point lat="34.09045" lon="-118.38543"/>
   <point lat="34.09064" lon="-118.38445"/>
   <point lat="34.09053" lon="-118.38162"/>
   <point lat="34.09055" lon="-118.37649"/>
   <point lat="34.08993" lon="-118.37625"/>
   <point lat="34.08893" lon="-118.37655"/>
  </path>
  <path>
   <point lat="34.00383" lon="-118.29204"/>
   <point lat="34.00382" lon="-118.29571"/>
   <point lat="34.0038399" lon="-118.29994"/>
   <point lat="34.00385" lon="-118.30437"/>
   <point lat="34.00385" lon="-118.30657"/>
   <point lat="34.00385" lon="-118.30868"/>
   <point lat="34.0038399" lon="-118.31365"/>
   <point lat="34.0038399" lon="-118.31838"/>
   <point lat="34.00382" lon="-118.32121"/>
   <point lat="34.00381" lon="-118.32339"/>
   <point lat="34.0038" lon="-118.32557"/>
   <point lat="34.0038" lon="-118.32919"/>
   <point lat="34.0038" lon="-118.33138"/>
   <point lat="34.00366" lon="-118.33179"/>
   <point lat="34.00366" lon="-118.33185"/>
   <point lat="34.00364" lon="-118.33193"/>
   <point lat="34.00368" lon="-118.33198"/>
   <point lat="34.00398" lon="-118.33231"/>
   <point lat="34.00408" lon="-118.3324"/>
   <point lat="34.00413" lon="-118.33246"/>
   <point lat="34.0042199" lon="-118.3326"/>
   <point lat="34.0043099" lon="-118.33275"/>
   <point lat="34.00445" lon="-118.33294"/>
   <point lat="34.00471" lon="-118.33323"/>
   <point lat="34.00489" lon="-118.3334"/>
   <point lat="34.00515" lon="-118.3336"/>
   <point lat="34.00539" lon="-118.33377"/>
   <point lat="34.00569" lon="-118.3338"/>
   <point lat="34.00612" lon="-118.33429"/>
   <point lat="34.00639" lon="-118.33448"/>
   <point lat="34.00656" lon="-118.33459"/>
   <point lat="34.00672" lon="-118.33468"/>
   <point lat="34.00733" lon="-118.33495"/>
   <point lat="34.0075" lon="-118.33499"/>
   <point lat="34.00782" lon="-118.33505"/>
   <point lat="34.00824" lon="-118.33494"/>
   <point lat="34.01095" lon="-118.3351"/>
   <point lat="34.01095" lon="-118.33525"/>
   <point lat="34.01097" lon="-118.33534"/>
   <point lat="34.011" lon="-118.33545"/>
   <point lat="34.01102" lon="-118.33553"/>
   <point lat="34.01167" lon="-118.3363"/>
   <point lat="34.01239" lon="-118.33778"/>
   <point lat="34.01222" lon="-118.33805"/>
  </path>
  <path>
   <point lat="34.09032" lon="-118.38568"/>
   <point lat="34.08779" lon="-118.38562"/>
   <point lat="34.08696" lon="-118.38551"/>
   <point lat="34.08502" lon="-118.38414"/>
   <point lat="34.08499" lon="-118.38411"/>
   <point lat="34.08489" lon="-118.38402"/>
   <point lat="34.0848299" lon="-118.38398"/>
   <point lat="34.08491" lon="-118.38363"/>
  </path>
 </route>
</body>