<?xml version="1.0" encoding="utf-8"?>
<body copyright="All data copyright Los Angeles Metro 2022.">
 <route color="e74d00" latMax="34.0255199" latMin="33.9008999" lonMax="-118.31735" lonMin="-118.3352499" oppositeColor="ffffff" tag="209" title="209 Expo/Crenshaw Sta- Gardena Via Arln">
  <stop lat="33.9964799" lon="-118.31803" stopId="00118" tag="118" title="5112 Arlington"/>
  <stop lat="34.0144699" lon="-118.3181199" stopId="00126" tag="126" title="Arlington / 39th"/>
  <stop lat="33.9998999" lon="-118.31802" stopId="00128" tag="128" title="Arlington / 48th"/>
  <stop lat="33.9123899" lon="-118.32635" stopId="00847" tag="847" title="Crenshaw / 132nd"/>
  <stop lat="33.9008999" lon="-118.32636" stopId="00848" tag="848" title="144th / Crenshaw"/>
  <stop lat="33.9193699" lon="-118.32636" stopId="00859" tag="859" title="Crenshaw / Northrop"/>
  <stop lat="33.9250499" lon="-118.32634" stopId="00862" tag="862" title="Crenshaw Station"/>
  <stop lat="33.9058399" lon="-118.32637" stopId="00865" tag="865" title="Crenshaw / 139th"/>
  <stop lat="34.01852" lon="-118.33495" stopId="00868" tag="868" title="Crenshaw / Coliseum"/>
  <stop lat="33.90948" lon="-118.3263699" stopId="00881" tag="881" title="Crenshaw / 135th"/>
  <stop lat="33.9172299" lon="-118.3263599" stopId="00915" tag="915" title="Crenshaw / El Segundo"/>
  <stop lat="34.0227299" lon="-118.33495" stopId="02489" tag="2489" title="Crenshaw / Exposition"/>
  <stop lat="33.92908" lon="-118.32634" stopId="04912" tag="4912" title="Crenshaw / 116th"/>
  <stop lat="33.93568" lon="-118.3176499" stopId="05601" tag="5601" title="Van Ness / Cullivan"/>
  <stop lat="33.9842699" lon="-118.31757" stopId="05602" tag="5602" title="Van Ness / Hyde Park"/>
  <stop lat="33.94169" lon="-118.3176299" stopId="05603" tag="5603" title="Van Ness / 104th"/>
  <stop lat="33.9380699" lon="-118.31764" stopId="05604" tag="5604" title="Van Ness / 108th"/>
  <stop lat="33.93336" lon="-118.31765" stopId="05605" tag="5605" title="Van Ness / 111th"/>
  <stop lat="33.9929999" lon="-118.31735" stopId="05608" tag="5608" title="Van Ness / 54th"/>
  <stop lat="33.98718" lon="-118.3175499" stopId="05609" tag="5609" title="Van Ness / 59th"/>
  <stop lat="33.98318" lon="-118.3175799" stopId="05610" tag="5610" title="Van Ness / Southwest"/>
  <stop lat="33.9798699" lon="-118.3176" stopId="05611" tag="5611" title="Van Ness / 65th"/>
  <stop lat="33.9780699" lon="-118.31761" stopId="05612" tag="5612" title="Van Ness / 67th"/>
  <stop lat="33.97264" lon="-118.3176199" stopId="05613" tag="5613" title="Van Ness / 74th"/>
  <stop lat="33.97077" lon="-118.31762" stopId="05614" tag="5614" title="Van Ness / 76th"/>
  <stop lat="33.9671099" lon="-118.31762" stopId="05615" tag="5615" title="Van Ness / 79th"/>
  <stop lat="33.96393" lon="-118.3176299" stopId="05616" tag="5616" title="Van Ness / 83rd"/>
  <stop lat="33.9561999" lon="-118.31761" stopId="05617" tag="5617" title="Van Ness / 90th"/>
  <stop lat="33.95254" lon="-118.31761" stopId="05618" tag="5618" title="Van Ness / Arbor Vitae"/>
  <stop lat="33.9493799" lon="-118.31761" stopId="05619" tag="5619" title="Van Ness / 96th"/>
  <stop lat="33.9457499" lon="-118.31762" stopId="05620" tag="5620" title="Van Ness / Century"/>
  <stop lat="33.97437" lon="-118.31761" stopId="05621" tag="5621" title="Van Ness / Florence"/>
  <stop lat="33.98168" lon="-118.3175899" stopId="05622" tag="5622" title="Van Ness / Gage"/>
  <stop lat="33.96025" lon="-118.31762" stopId="05624" tag="5624" title="Van Ness / Manchester"/>
  <stop lat="33.93085" lon="-118.3240699" stopId="07716" tag="7716" title="Imperial / Ardath"/>
  <stop lat="33.93085" lon="-118.3261599" stopId="07724" tag="7724" title="Imperial / Crenshaw"/>
  <stop lat="34.02548" lon="-118.3347599" stopId="07746" tag="7746" title="Jefferson / Crenshaw"/>
  <stop lat="34.0039799" lon="-118.31809" stopId="08129" tag="8129" title="Arlington / Vernon"/>
  <stop lat="34.0255199" lon="-118.32894" tag="8593_ar" title="Jefferson Loop Layover"/>
  <stop lat="34.0106199" lon="-118.3181099" stopId="08715" tag="8715" title="Arlington / Martin Luther King Jr"/>
  <stop lat="34.0071199" lon="-118.3180999" stopId="08725" tag="8725" title="Arlington / 42nd"/>
  <stop lat="34.01835" lon="-118.3288799" stopId="09300" tag="9300" title="Coliseum / Cherrywood"/>
  <stop lat="34.0183399" lon="-118.3317699" stopId="09302" tag="9302" title="Coliseum / Grayburn"/>
  <stop lat="34.01877" lon="-118.32297" stopId="12985" tag="12985" title="Obama / Sutro"/>
  <stop lat="33.9893799" lon="-118.31737" stopId="141078" tag="141078" title="Van Ness / Slauson"/>
  <stop lat="33.90227" lon="-118.32637" stopId="25400148" tag="25400148" title="Crenshaw / Rosecrans"/>
  <stop lat="34.011" lon="-118.31835" stopId="00117" tag="117" title="Arlington / Martin Luther King Jr"/>
  <stop lat="34.0074" lon="-118.31834" stopId="00127" tag="127" title="Arlington / 42nd"/>
  <stop lat="34.01816" lon="-118.3292099" stopId="00744" tag="744" title="Coliseum / Cherrywood"/>
  <stop lat="34.01815" lon="-118.3321" stopId="00746" tag="746" title="Coliseum / Grayburn"/>
  <stop lat="33.9008999" lon="-118.32636" tag="848_ar" title="144th / Crenshaw"/>
  <stop lat="33.9018" lon="-118.32599" stopId="00924" tag="924" title="Rosecrans / Crenshaw"/>
  <stop lat="34.0228199" lon="-118.33524" stopId="01772" tag="1772" title="Crenshaw / Exposition"/>
  <stop lat="34.0186" lon="-118.32337" stopId="04527" tag="4527" title="Obama / Sutro"/>
  <stop lat="33.9602499" lon="-118.3178599" stopId="05625" tag="5625" title="Van Ness / Manchester"/>
  <stop lat="33.93837" lon="-118.3178799" stopId="07228" tag="7228" title="Van Ness / 108th"/>
  <stop lat="34.0255199" lon="-118.32894" stopId="08593" tag="8593" title="Jefferson Loop Layover"/>
  <stop lat="33.9963999" lon="-118.3182699" stopId="08716" tag="8716" title="5112 Arlington"/>
  <stop lat="34.0147399" lon="-118.31835" stopId="08724" tag="8724" title="Arlington / 39th"/>
  <stop lat="34.0002" lon="-118.3182599" stopId="08726" tag="8726" title="Arlington / 48th"/>
  <stop lat="33.9933999" lon="-118.31799" stopId="08727" tag="8727" title="Van Ness / 54th"/>
  <stop lat="34.00342" lon="-118.3182899" stopId="08732" tag="8732" title="Arlington / Vernon"/>
  <stop lat="33.9120599" lon="-118.32666" stopId="09393" tag="9393" title="Crenshaw / 132nd"/>
  <stop lat="33.91984" lon="-118.3266699" stopId="09404" tag="9404" title="Crenshaw / Northrop"/>
  <stop lat="33.9252899" lon="-118.32664" stopId="09406" tag="9406" title="Crenshaw Station"/>
  <stop lat="33.9056999" lon="-118.3266699" stopId="09410" tag="9410" title="Crenshaw / 139th"/>
  <stop lat="33.9089199" lon="-118.32667" stopId="09428" tag="9428" title="Crenshaw / 135th"/>
  <stop lat="33.9287699" lon="-118.3266499" stopId="13368" tag="13368" title="Crenshaw / 116th"/>
  <stop lat="33.9306399" lon="-118.32664" stopId="13373" tag="13373" title="Crenshaw / Imperial"/>
  <stop lat="33.9355399" lon="-118.3178899" stopId="13987" tag="13987" title="Van Ness / Cullivan"/>
  <stop lat="33.9845399" lon="-118.31781" stopId="13988" tag="13988" title="Van Ness / Hyde Park"/>
  <stop lat="33.9834899" lon="-118.31781" stopId="13989" tag="13989" title="Van Ness / Southwest"/>
  <stop lat="33.9419899" lon="-118.31786" stopId="13990" tag="13990" title="Van Ness / 104th"/>
  <stop lat="33.93364" lon="-118.31788" stopId="13992" tag="13992" title="Van Ness / 111th"/>
  <stop lat="33.98745" lon="-118.3177899" stopId="13995" tag="13995" title="Van Ness / 59th"/>
  <stop lat="33.9801399" lon="-118.31784" stopId="13996" tag="13996" title="Van Ness / 65th"/>
  <stop lat="33.97835" lon="-118.3178499" stopId="13997" tag="13997" title="Van Ness / 67th"/>
  <stop lat="33.9729199" lon="-118.31786" stopId="13998" tag="13998" title="Van Ness / 74th"/>
  <stop lat="33.97107" lon="-118.31786" stopId="13999" tag="13999" title="Van Ness / 76th"/>
  <stop lat="33.9669499" lon="-118.31786" stopId="14000" tag="14000" title="Van Ness / Maitland"/>
  <stop lat="33.96379" lon="-118.3178699" stopId="14001" tag="14001" title="Van Ness / 83rd"/>
  <stop lat="33.9564999" lon="-118.31785" stopId="14002" tag="14002" title="Van Ness / 90th"/>
  <stop lat="33.9528899" lon="-118.31785" stopId="14003" tag="14003" title="Van Ness / Arbor Vitae"/>
  <stop lat="33.9451999" lon="-118.31786" stopId="14004" tag="14004" title="Van Ness / Century"/>
  <stop lat="33.9747799" lon="-118.31785" stopId="14005" tag="14005" title="Van Ness / Florence"/>
  <stop lat="33.9819799" lon="-118.31782" stopId="14006" tag="14006" title="Van Ness / Gage"/>
  <stop lat="33.9492399" lon="-118.31785" stopId="14007" tag="14007" title="Van Ness / 96th"/>
  <stop lat="33.9893099" lon="-118.31766" stopId="14011" tag="14011" title="Van Ness / Slauson"/>
  <stop lat="33.9311099" lon="-118.32374" stopId="140802" tag="140802" title="Imperial / Ardath"/>
  <stop lat="34.0251899" lon="-118.3352499" stopId="25400136" tag="25400136" title="Crenshaw / Jefferson"/>
  <stop lat="33.91607" lon="-118.32667" stopId="25400144" tag="25400144" title="Crenshaw / El Segundo"/>
  <direction name="South" tag="209_52_1" title="South to Crenshaw-Rosecrans" useForUI="true">
   <stop tag="8593"/>
   <stop tag="25400136"/>
   <stop tag="1772"/>
   <stop tag="746"/>
   <stop tag="744"/>
   <stop tag="4527"/>
   <stop tag="8724"/>
   <stop tag="117"/>
   <stop tag="127"/>
   <stop tag="8732"/>
   <stop tag="8726"/>
   <stop tag="8716"/>
   <stop tag="8727"/>
   <stop tag="14011"/>
   <stop tag="13995"/>
   <stop tag="13988"/>
   <stop tag="13989"/>
   <stop tag="14006"/>
   <stop tag="13996"/>
   <stop tag="13997"/>
   <stop tag="14005"/>
   <stop tag="13998"/>
   <stop tag="13999"/>
   <stop tag="14000"/>
   <stop tag="14001"/>
   <stop tag="5625"/>
   <stop tag="14002"/>
   <stop tag="14003"/>
   <stop tag="14007"/>
   <stop tag="14004"/>
   <stop tag="13990"/>
   <stop tag="7228"/>
   <stop tag="13987"/>
   <stop tag="13992"/>
   <stop tag="140802"/>
   <stop tag="13373"/>
   <stop tag="13368"/>
   <stop tag="9406"/>
   <stop tag="9404"/>
   <stop tag="25400144"/>
   <stop tag="9393"/>
   <stop tag="9428"/>
   <stop tag="9410"/>
   <stop tag="924"/>
   <stop tag="848_ar"/>
  </direction>
  <direction name="North" tag="209_51_0" title="North to Expo/Crenshaw Sta" useForUI="true">
   <stop tag="848"/>
   <stop tag="25400148"/>
   <stop tag="865"/>
   <stop tag="881"/>
   <stop tag="847"/>
   <stop tag="915"/>
   <stop tag="859"/>
   <stop tag="862"/>
   <stop tag="4912"/>
   <stop tag="7724"/>
   <stop tag="7716"/>
   <stop tag="5605"/>
   <stop tag="5601"/>
   <stop tag="5604"/>
   <stop tag="5603"/>
   <stop tag="5620"/>
   <stop tag="5619"/>
   <stop tag="5618"/>
   <stop tag="5617"/>
   <stop tag="5624"/>
   <stop tag="5616"/>
   <stop tag="5615"/>
   <stop tag="5614"/>
   <stop tag="5613"/>
   <stop tag="5621"/>
   <stop tag="5612"/>
   <stop tag="5611"/>
   <stop tag="5622"/>
   <stop tag="5610"/>
   <stop tag="5602"/>
   <stop tag="5609"/>
   <stop tag="141078"/>
   <stop tag="5608"/>
   <stop tag="118"/>
   <stop tag="128"/>
   <stop tag="8129"/>
   <stop tag="8725"/>
   <stop tag="8715"/>
   <stop tag="126"/>
   <stop tag="12985"/>
   <stop tag="9300"/>
   <stop tag="9302"/>
   <stop tag="868"/>
   <stop tag="2489"/>
   <stop tag="7746"/>
   <stop tag="8593_ar"/>
  </direction>
  <path>
   <point lat="33.9934" lon="-118.31799"/>
   <point lat="33.99299" lon="-118.31748"/>
   <point lat="33.99285" lon="-118.31738"/>
   <point lat="33.9927" lon="-118.31729"/>
   <point lat="33.99248" lon="-118.3172"/>
   <point lat="33.99238" lon="-118.31717"/>
   <point lat="33.9922899" lon="-118.31713"/>
   <point lat="33.99215" lon="-118.31713"/>
   <point lat="33.99207" lon="-118.31712"/>
   <point lat="33.99047" lon="-118.31713"/>
   <point lat="33.99028" lon="-118.31714"/>
   <point lat="33.99022" lon="-118.31714"/>
   <point lat="33.9899" lon="-118.31725"/>
   <point lat="33.9898" lon="-118.31729"/>
   <point lat="33.98931" lon="-118.31766"/>
  </path>
  <path>
   <point lat="33.98931" lon="-118.31766"/>
   <point lat="33.98904" lon="-118.31765"/>
   <point lat="33.98745" lon="-118.31779"/>
   <point lat="33.98454" lon="-118.31781"/>
   <point lat="33.98349" lon="-118.31781"/>
   <point lat="33.98198" lon="-118.31782"/>
   <point lat="33.98014" lon="-118.31784"/>
   <point lat="33.97835" lon="-118.31785"/>
   <point lat="33.97478" lon="-118.31785"/>
   <point lat="33.97292" lon="-118.31786"/>
   <point lat="33.97107" lon="-118.31786"/>
   <point lat="33.96695" lon="-118.31786"/>
   <point lat="33.96379" lon="-118.31787"/>
   <point lat="33.96025" lon="-118.31786"/>
   <point lat="33.95998" lon="-118.31774"/>
   <point lat="33.9565" lon="-118.31785"/>
   <point lat="33.9528899" lon="-118.31785"/>
   <point lat="33.94924" lon="-118.31785"/>
   <point lat="33.9452" lon="-118.31786"/>
  </path>
  <path>
   <point lat="34.02273" lon="-118.33495"/>
   <point lat="34.0256" lon="-118.3351"/>
   <point lat="34.02548" lon="-118.33476"/>
   <point lat="34.0256" lon="-118.33381"/>
   <point lat="34.0256" lon="-118.32862"/>
   <point lat="34.02526" lon="-118.32867"/>
   <point lat="34.02523" lon="-118.32882"/>
   <point lat="34.02552" lon="-118.32894"/>
  </path>
  <path>
   <point lat="33.9457499" lon="-118.31762"/>
   <point lat="33.94938" lon="-118.31761"/>
   <point lat="33.95254" lon="-118.31761"/>
   <point lat="33.9562" lon="-118.31761"/>
   <point lat="33.95998" lon="-118.31774"/>
   <point lat="33.96025" lon="-118.31762"/>
   <point lat="33.96393" lon="-118.31763"/>
   <point lat="33.96711" lon="-118.31762"/>
   <point lat="33.97077" lon="-118.31762"/>
   <point lat="33.97264" lon="-118.31762"/>
   <point lat="33.97437" lon="-118.31761"/>
   <point lat="33.97807" lon="-118.31761"/>
   <point lat="33.97987" lon="-118.3176"/>
   <point lat="33.98168" lon="-118.31759"/>
   <point lat="33.98318" lon="-118.31758"/>
   <point lat="33.98427" lon="-118.31757"/>
   <point lat="33.98718" lon="-118.31755"/>
   <point lat="33.98938" lon="-118.31737"/>
  </path>
  <path>
   <point lat="33.98938" lon="-118.31737"/>
   <point lat="33.9898" lon="-118.31729"/>
   <point lat="33.993" lon="-118.31735"/>
  </path>
  <path>
   <point lat="33.9252899" lon="-118.32664"/>
   <point lat="33.92407" lon="-118.32648"/>
   <point lat="33.91984" lon="-118.32667"/>
   <point lat="33.91607" lon="-118.32667"/>
   <point lat="33.9120599" lon="-118.32666"/>
   <point lat="33.90892" lon="-118.32667"/>
   <point lat="33.9057" lon="-118.32667"/>
   <point lat="33.90193" lon="-118.32652"/>
   <point lat="33.90193" lon="-118.32637"/>
   <point lat="33.9018" lon="-118.32599"/>
   <point lat="33.90193" lon="-118.32521"/>
   <point lat="33.90137" lon="-118.32519"/>
   <point lat="33.90134" lon="-118.3252"/>
   <point lat="33.90126" lon="-118.32519"/>
   <point lat="33.90069" lon="-118.32526"/>
   <point lat="33.90076" lon="-118.32562"/>
   <point lat="33.90081" lon="-118.32596"/>
   <point lat="33.9009" lon="-118.32636"/>
  </path>
  <path>
   <point lat="33.9009" lon="-118.32636"/>
   <point lat="33.90227" lon="-118.32637"/>
   <point lat="33.90584" lon="-118.32637"/>
   <point lat="33.90948" lon="-118.32637"/>
   <point lat="33.91239" lon="-118.32635"/>
   <point lat="33.91723" lon="-118.32636"/>
   <point lat="33.91937" lon="-118.32636"/>
   <point lat="33.92407" lon="-118.32648"/>
   <point lat="33.92505" lon="-118.32634"/>
  </path>
  <path>
   <point lat="33.92505" lon="-118.32634"/>
   <point lat="33.92908" lon="-118.32634"/>
   <point lat="33.93098" lon="-118.32649"/>
   <point lat="33.93085" lon="-118.32616"/>
   <point lat="33.93085" lon="-118.32407"/>
   <point lat="33.93098" lon="-118.3217"/>
   <point lat="33.93097" lon="-118.31777"/>
   <point lat="33.93336" lon="-118.31765"/>
   <point lat="33.93568" lon="-118.31765"/>
   <point lat="33.93807" lon="-118.31764"/>
   <point lat="33.94169" lon="-118.31763"/>
   <point lat="33.9457499" lon="-118.31762"/>
  </path>
  <path>
   <point lat="33.9452" lon="-118.31786"/>
   <point lat="33.9419899" lon="-118.31786"/>
   <point lat="33.93837" lon="-118.31788"/>
   <point lat="33.93554" lon="-118.31789"/>
   <point lat="33.9336399" lon="-118.31788"/>
   <point lat="33.93097" lon="-118.31777"/>
   <point lat="33.9311099" lon="-118.32374"/>
   <point lat="33.93098" lon="-118.32649"/>
   <point lat="33.9306399" lon="-118.32664"/>
   <point lat="33.92877" lon="-118.32665"/>
   <point lat="33.9252899" lon="-118.32664"/>
  </path>
  <path>
   <point lat="34.02282" lon="-118.33524"/>
   <point lat="34.02145" lon="-118.3351"/>
   <point lat="34.01824" lon="-118.3351"/>
   <point lat="34.01815" lon="-118.3321"/>
   <point lat="34.01825" lon="-118.33097"/>
   <point lat="34.01816" lon="-118.32921"/>
   <point lat="34.01826" lon="-118.32737"/>
   <point lat="34.01864" lon="-118.32613"/>
   <point lat="34.01893" lon="-118.32537"/>
   <point lat="34.01898" lon="-118.32526"/>
   <point lat="34.01902" lon="-118.32521"/>
   <point lat="34.01906" lon="-118.32517"/>
   <point lat="34.01914" lon="-118.32515"/>
   <point lat="34.0186" lon="-118.32337"/>
   <point lat="34.01849" lon="-118.32237"/>
   <point lat="34.01831" lon="-118.32159"/>
   <point lat="34.0183" lon="-118.32153"/>
   <point lat="34.01828" lon="-118.32132"/>
   <point lat="34.01827" lon="-118.31817"/>
   <point lat="34.01819" lon="-118.3182"/>
   <point lat="34.01808" lon="-118.31823"/>
   <point lat="34.01776" lon="-118.31825"/>
   <point lat="34.01704" lon="-118.31823"/>
   <point lat="34.01474" lon="-118.31835"/>
   <point lat="34.011" lon="-118.31835"/>
   <point lat="34.0073999" lon="-118.31834"/>
   <point lat="34.00371" lon="-118.31821"/>
   <point lat="34.00342" lon="-118.31829"/>
   <point lat="34.00297" lon="-118.31812"/>
   <point lat="34.0002" lon="-118.31826"/>
   <point lat="33.9980199" lon="-118.31815"/>
   <point lat="33.9964" lon="-118.31827"/>
   <point lat="33.99419" lon="-118.31817"/>
   <point lat="33.9934" lon="-118.31799"/>
  </path>
  <path>
   <point lat="33.993" lon="-118.31735"/>
   <point lat="33.99342" lon="-118.31786"/>
   <point lat="33.99357" lon="-118.31796"/>
   <point lat="33.99375" lon="-118.31805"/>
   <point lat="33.99389" lon="-118.3181"/>
   <point lat="33.99419" lon="-118.31817"/>
   <point lat="33.99439" lon="-118.31816"/>
   <point lat="33.99648" lon="-118.31803"/>
   <point lat="33.9980199" lon="-118.31815"/>
   <point lat="33.9998999" lon="-118.31802"/>
   <point lat="34.00297" lon="-118.31812"/>
   <point lat="34.00398" lon="-118.31809"/>
   <point lat="34.00712" lon="-118.3181"/>
   <point lat="34.01062" lon="-118.31811"/>
   <point lat="34.01447" lon="-118.31812"/>
   <point lat="34.01704" lon="-118.31823"/>
   <point lat="34.01776" lon="-118.31825"/>
   <point lat="34.01808" lon="-118.31823"/>
   <point lat="34.01819" lon="-118.3182"/>
   <point lat="34.01827" lon="-118.31817"/>
   <point lat="34.01828" lon="-118.32132"/>
   <point lat="34.0183" lon="-118.32153"/>
   <point lat="34.01831" lon="-118.32159"/>
   <point lat="34.01877" lon="-118.32297"/>
   <point lat="34.01914" lon="-118.32515"/>
   <point lat="34.01906" lon="-118.32517"/>
   <point lat="34.01902" lon="-118.32521"/>
   <point lat="34.01898" lon="-118.32526"/>
   <point lat="34.01893" lon="-118.32537"/>
   <point lat="34.01864" lon="-118.32613"/>
   <point lat="34.01835" lon="-118.32888"/>
   <point lat="34.01825" lon="-118.33097"/>
   <point lat="34.01834" lon="-118.33177"/>
   <point lat="34.01824" lon="-118.33488"/>
   <point lat="34.01824" lon="-118.3351"/>
   <point lat="34.01852" lon="-118.33495"/>
   <point lat="34.0199" lon="-118.3351"/>
   <point lat="34.02273" lon="-118.33495"/>
  </path>
  <path>
   <point lat="34.02552" lon="-118.32894"/>
   <point lat="34.0256" lon="-118.33273"/>
   <point lat="34.0256" lon="-118.3351"/>
   <point lat="34.02519" lon="-118.33525"/>
   <point lat="34.02282" lon="-118.33524"/>
  </path>
 </route>
</body>