<?xml version="1.0" encoding="utf-8"?>
<body copyright="All data copyright Los Angeles Metro 2022.">
 <route color="e74d00" latMax="34.10514" latMin="33.9238799" lonMax="-118.3087" lonMin="-118.32634" oppositeColor="ffffff" tag="207" title="207 Hollywood - Crenshaw Sta Via Western">
  <stop lat="33.9250499" lon="-118.32634" stopId="00862" tag="862" title="Crenshaw Station"/>
  <stop lat="34.10514" lon="-118.3214399" stopId="02088" tag="2088" title="Franklin / Beachwood"/>
  <stop lat="34.10514" lon="-118.31817" stopId="02089" tag="2089" title="Franklin / Bronson"/>
  <stop lat="34.0760499" lon="-118.3089799" stopId="03985" tag="3985" title="Western / Beverly"/>
  <stop lat="34.07844" lon="-118.3089999" stopId="03986" tag="3986" title="Western / Elmwood"/>
  <stop lat="34.09476" lon="-118.30906" stopId="03987" tag="3987" title="Western / Fountain"/>
  <stop lat="34.0868299" lon="-118.3089899" stopId="03988" tag="3988" title="Western / Lemon Grove"/>
  <stop lat="34.09372" lon="-118.30905" stopId="03989" tag="3989" title="Western / La Mirada"/>
  <stop lat="34.07976" lon="-118.3089899" stopId="03990" tag="3990" title="Western / Maplewood"/>
  <stop lat="34.08391" lon="-118.30898" stopId="03992" tag="3992" title="Western / Melrose"/>
  <stop lat="34.0887799" lon="-118.3089999" stopId="03993" tag="3993" title="Western / Romaine"/>
  <stop lat="34.0913899" lon="-118.3090099" stopId="03995" tag="3995" title="Western / Santa Monica"/>
  <stop lat="34.03751" lon="-118.30883" stopId="05710" tag="5710" title="Western / Santa Monica Fwy"/>
  <stop lat="34.0440899" lon="-118.3088599" stopId="05713" tag="5713" title="Western / Venice"/>
  <stop lat="33.94171" lon="-118.3088599" stopId="05714" tag="5714" title="Western / 104th"/>
  <stop lat="33.9379399" lon="-118.30887" stopId="05717" tag="5717" title="Western / 108th"/>
  <stop lat="33.9350799" lon="-118.30886" stopId="05718" tag="5718" title="Western / 110th"/>
  <stop lat="34.0506999" lon="-118.3088899" stopId="05720" tag="5720" title="Western / 11th"/>
  <stop lat="34.07357" lon="-118.30897" stopId="05721" tag="5721" title="Western / 1st"/>
  <stop lat="34.0281199" lon="-118.3087699" stopId="05723" tag="5723" title="Western / 29th"/>
  <stop lat="34.0710199" lon="-118.3089599" stopId="05724" tag="5724" title="Western / 2nd"/>
  <stop lat="34.0217499" lon="-118.30873" stopId="05725" tag="5725" title="Western / 36th"/>
  <stop lat="34.0168099" lon="-118.30874" stopId="05727" tag="5727" title="Western / 38th"/>
  <stop lat="34.0144699" lon="-118.30875" stopId="05728" tag="5728" title="Western / 39th"/>
  <stop lat="34.06863" lon="-118.30895" stopId="05729" tag="5729" title="Western / 3rd"/>
  <stop lat="34.00714" lon="-118.30875" stopId="05730" tag="5730" title="Western / 42nd"/>
  <stop lat="33.9999399" lon="-118.30876" stopId="05731" tag="5731" title="Western / 48th"/>
  <stop lat="33.99585" lon="-118.3087699" stopId="05733" tag="5733" title="Western / 51st"/>
  <stop lat="33.9935299" lon="-118.30878" stopId="05734" tag="5734" title="Western / 54th"/>
  <stop lat="34.0656299" lon="-118.3089399" stopId="05739" tag="5739" title="Western / 5th"/>
  <stop lat="33.98576" lon="-118.3087899" stopId="05740" tag="5740" title="Western / 60th"/>
  <stop lat="33.9783699" lon="-118.3088" stopId="05742" tag="5742" title="Western / 67th"/>
  <stop lat="33.9768699" lon="-118.30881" stopId="05743" tag="5743" title="Western / 69th"/>
  <stop lat="33.97079" lon="-118.3088199" stopId="05746" tag="5746" title="Western / 76th"/>
  <stop lat="33.96717" lon="-118.30882" stopId="05747" tag="5747" title="Western / 79th"/>
  <stop lat="34.0595599" lon="-118.30891" stopId="05748" tag="5748" title="Western / 7th"/>
  <stop lat="33.96394" lon="-118.3088299" stopId="05749" tag="5749" title="Western / 83rd"/>
  <stop lat="33.95621" lon="-118.3088399" stopId="05750" tag="5750" title="Western / 89th"/>
  <stop lat="34.0575199" lon="-118.30891" stopId="05751" tag="5751" title="Western / 8th"/>
  <stop lat="33.9525799" lon="-118.30884" stopId="05752" tag="5752" title="Western / 92nd"/>
  <stop lat="33.9485399" lon="-118.3088499" stopId="05753" tag="5753" title="Western / 96th"/>
  <stop lat="34.05573" lon="-118.30891" stopId="05755" tag="5755" title="Western / 9th"/>
  <stop lat="34.0325199" lon="-118.3088" stopId="05756" tag="5756" title="Western / Adams"/>
  <stop lat="33.9456099" lon="-118.30883" stopId="05759" tag="5759" title="Western / Century"/>
  <stop lat="33.97494" lon="-118.30881" stopId="05760" tag="5760" title="Western / Florence"/>
  <stop lat="33.98225" lon="-118.30879" stopId="05762" tag="5762" title="Western / Gage"/>
  <stop lat="34.0253499" lon="-118.3087399" stopId="05767" tag="5767" title="Western / Jefferson"/>
  <stop lat="33.9596699" lon="-118.30882" stopId="05769" tag="5769" title="Western / Manchester"/>
  <stop lat="34.03973" lon="-118.30884" stopId="05774" tag="5774" title="Western / Washington"/>
  <stop lat="34.0620599" lon="-118.30892" stopId="05775" tag="5775" title="Western / Wilshire"/>
  <stop lat="33.93085" lon="-118.32616" stopId="07724" tag="7724" title="Imperial / Crenshaw"/>
  <stop lat="33.93085" lon="-118.31794" stopId="07730" tag="7730" title="Imperial / Van Ness"/>
  <stop lat="34.01067" lon="-118.30875" stopId="08254" tag="8254" title="Western / Martin Luther King Jr"/>
  <stop lat="34.1018399" lon="-118.31346" stopId="11030" tag="11030" title="Hollywood / Wilton"/>
  <stop lat="33.9321899" lon="-118.30886" stopId="14147" tag="14147" title="Western / Imperial"/>
  <stop lat="34.1044099" lon="-118.30943" tag="16546_ar" title="Western / Franklin"/>
  <stop lat="34.047" lon="-118.30887" stopId="140929" tag="140929" title="Western / Pico"/>
  <stop lat="34.0188599" lon="-118.30874" stopId="140932" tag="140932" title="Western / Exposition"/>
  <stop lat="33.9831199" lon="-118.30879" stopId="140988" tag="140988" title="Western / 62nd"/>
  <stop lat="33.98887" lon="-118.30877" stopId="140989" tag="140989" title="Western / Slauson"/>
  <stop lat="34.1018599" lon="-118.30959" stopId="141000" tag="141000" title="Hollywood / Western"/>
  <stop lat="34.0041299" lon="-118.30876" stopId="65300049" tag="65300049" title="Western / Vernon"/>
  <stop lat="34.09852" lon="-118.30909" stopId="65300059" tag="65300059" title="Western / Sunset"/>
  <stop lat="34.05306" lon="-118.3089" stopId="65300081" tag="65300081" title="Western / Olympic"/>
  <stop lat="33.9250499" lon="-118.32634" tag="862_ar" title="Crenshaw Station"/>
  <stop lat="34.0179899" lon="-118.30904" stopId="05708" tag="5708" title="Western / Exposition"/>
  <stop lat="33.9379599" lon="-118.30918" stopId="07229" tag="7229" title="Western / 108th"/>
  <stop lat="34.0110199" lon="-118.30906" stopId="11257" tag="11257" title="Western / Martin Luther King Jr"/>
  <stop lat="34.07579" lon="-118.30929" stopId="12460" tag="12460" title="Western / Beverly"/>
  <stop lat="34.0784399" lon="-118.3092999" stopId="12461" tag="12461" title="Western / Elmwood"/>
  <stop lat="34.09548" lon="-118.30938" stopId="12462" tag="12462" title="Western / Fountain"/>
  <stop lat="34.1013699" lon="-118.30942" stopId="12464" tag="12464" title="Western / Hollywood"/>
  <stop lat="34.0868299" lon="-118.30929" stopId="12467" tag="12467" title="Western / Lemon Grove"/>
  <stop lat="34.0929599" lon="-118.30932" stopId="12468" tag="12468" title="Western / Lexington"/>
  <stop lat="34.08046" lon="-118.3092999" stopId="12469" tag="12469" title="Western / Maplewood"/>
  <stop lat="34.0831599" lon="-118.30929" stopId="12470" tag="12470" title="Western / Melrose"/>
  <stop lat="34.0882299" lon="-118.3092999" stopId="12472" tag="12472" title="Western / Romaine"/>
  <stop lat="34.09021" lon="-118.30932" stopId="12474" tag="12474" title="Western / Santa Monica"/>
  <stop lat="34.07383" lon="-118.30928" stopId="12475" tag="12475" title="Western / 1st"/>
  <stop lat="33.9238799" lon="-118.3179" stopId="13994" tag="13994" title="Van Ness / 120th"/>
  <stop lat="33.9306999" lon="-118.31789" stopId="14008" tag="14008" title="Van Ness / Imperial"/>
  <stop lat="34.0375299" lon="-118.3091499" stopId="14094" tag="14094" title="Western / Santa Monica Fwy"/>
  <stop lat="33.94199" lon="-118.3091599" stopId="14100" tag="14100" title="Western / 104th"/>
  <stop lat="33.93545" lon="-118.3091899" stopId="14102" tag="14102" title="Western / 110th"/>
  <stop lat="34.05098" lon="-118.30919" stopId="14105" tag="14105" title="Western / 11th"/>
  <stop lat="34.0712899" lon="-118.3092699" stopId="14108" tag="14108" title="Western / 2nd"/>
  <stop lat="34.02161" lon="-118.30904" stopId="14109" tag="14109" title="Western / 36th"/>
  <stop lat="34.0165899" lon="-118.30905" stopId="14111" tag="14111" title="Western / 38th"/>
  <stop lat="34.01477" lon="-118.30905" stopId="14112" tag="14112" title="Western / 39th"/>
  <stop lat="34.0691199" lon="-118.3092599" stopId="14113" tag="14113" title="Western / 3rd"/>
  <stop lat="34.0074199" lon="-118.30906" stopId="14114" tag="14114" title="Western / 42nd"/>
  <stop lat="34.0002199" lon="-118.30906" stopId="14115" tag="14115" title="Western / 48th"/>
  <stop lat="33.99711" lon="-118.3090699" stopId="14117" tag="14117" title="Western / 51st"/>
  <stop lat="33.9933899" lon="-118.30908" stopId="14118" tag="14118" title="Western / 54th"/>
  <stop lat="34.0654899" lon="-118.3092399" stopId="14122" tag="14122" title="Western / 5th"/>
  <stop lat="33.98537" lon="-118.3090899" stopId="14123" tag="14123" title="Western / 60th"/>
  <stop lat="33.9835299" lon="-118.3090899" stopId="14124" tag="14124" title="Western / 62nd"/>
  <stop lat="33.9786399" lon="-118.3091" stopId="14125" tag="14125" title="Western / 67th"/>
  <stop lat="33.9771399" lon="-118.30911" stopId="14126" tag="14126" title="Western / 69th"/>
  <stop lat="33.97106" lon="-118.30912" stopId="14128" tag="14128" title="Western / 76th"/>
  <stop lat="33.9674499" lon="-118.30913" stopId="14129" tag="14129" title="Western / 79th"/>
  <stop lat="34.05983" lon="-118.30922" stopId="14130" tag="14130" title="Western / 7th"/>
  <stop lat="33.9638" lon="-118.3091399" stopId="14131" tag="14131" title="Western / 83rd"/>
  <stop lat="33.95648" lon="-118.3091399" stopId="14132" tag="14132" title="Western / 89th"/>
  <stop lat="34.0581899" lon="-118.30922" stopId="14133" tag="14133" title="Western / 8th"/>
  <stop lat="33.9528599" lon="-118.30914" stopId="14134" tag="14134" title="Western / 92nd"/>
  <stop lat="33.9488199" lon="-118.3091499" stopId="14136" tag="14136" title="Western / 96th"/>
  <stop lat="34.0560099" lon="-118.3092199" stopId="14137" tag="14137" title="Western / 9th"/>
  <stop lat="34.0328699" lon="-118.30911" stopId="14138" tag="14138" title="Western / Adams"/>
  <stop lat="33.94561" lon="-118.30914" stopId="14141" tag="14141" title="Western / Century"/>
  <stop lat="33.9741599" lon="-118.30912" stopId="14143" tag="14143" title="Western / Florence"/>
  <stop lat="33.98204" lon="-118.3090999" stopId="14144" tag="14144" title="Western / Gage"/>
  <stop lat="33.9310999" lon="-118.30937" stopId="14145" tag="14145" title="Imperial / Western"/>
  <stop lat="33.9321899" lon="-118.30886" tag="14147_ar" title="Western / Imperial"/>
  <stop lat="34.02575" lon="-118.30905" stopId="14148" tag="14148" title="Western / Jefferson"/>
  <stop lat="34.0523499" lon="-118.3091999" stopId="14152" tag="14152" title="Western / Olympic"/>
  <stop lat="34.0473399" lon="-118.3091799" stopId="14154" tag="14154" title="Western / Pico"/>
  <stop lat="34.0033599" lon="-118.30906" stopId="14156" tag="14156" title="Western / Vernon"/>
  <stop lat="34.04008" lon="-118.30914" stopId="14157" tag="14157" title="Western / Washington"/>
  <stop lat="34.04304" lon="-118.30916" stopId="15321" tag="15321" title="Western / Venice"/>
  <stop lat="34.1044099" lon="-118.30943" stopId="16546" tag="16546" title="Western / Franklin"/>
  <stop lat="33.98887" lon="-118.30908" stopId="25500" tag="25500" title="Western / Slauson"/>
  <stop lat="34.02924" lon="-118.30908" stopId="141003" tag="141003" title="Western / 29th"/>
  <stop lat="34.09412" lon="-118.30937" stopId="142120" tag="142120" title="Western / La Mirada"/>
  <stop lat="33.93376" lon="-118.3087" stopId="176152" tag="176152" title="111th / Western"/>
  <stop lat="34.0977" lon="-118.30938" stopId="65300063" tag="65300063" title="Western / Sunset"/>
  <stop lat="34.0619099" lon="-118.30923" stopId="65300067" tag="65300067" title="Western / Wilshire"/>
  <stop lat="33.9597499" lon="-118.30911" stopId="65300076" tag="65300076" title="Western / Manchester"/>
  <direction name="North" tag="207_291_0" title="North to Hollywood" useForUI="true">
   <stop tag="862"/>
   <stop tag="7724"/>
   <stop tag="7730"/>
   <stop tag="14147"/>
   <stop tag="5718"/>
   <stop tag="5717"/>
   <stop tag="5714"/>
   <stop tag="5759"/>
   <stop tag="5753"/>
   <stop tag="5752"/>
   <stop tag="5750"/>
   <stop tag="5769"/>
   <stop tag="5749"/>
   <stop tag="5747"/>
   <stop tag="5746"/>
   <stop tag="5760"/>
   <stop tag="5743"/>
   <stop tag="5742"/>
   <stop tag="5762"/>
   <stop tag="140988"/>
   <stop tag="5740"/>
   <stop tag="140989"/>
   <stop tag="5734"/>
   <stop tag="5733"/>
   <stop tag="5731"/>
   <stop tag="65300049"/>
   <stop tag="5730"/>
   <stop tag="8254"/>
   <stop tag="5728"/>
   <stop tag="5727"/>
   <stop tag="140932"/>
   <stop tag="5725"/>
   <stop tag="5767"/>
   <stop tag="5723"/>
   <stop tag="5756"/>
   <stop tag="5710"/>
   <stop tag="5774"/>
   <stop tag="5713"/>
   <stop tag="140929"/>
   <stop tag="5720"/>
   <stop tag="65300081"/>
   <stop tag="5755"/>
   <stop tag="5751"/>
   <stop tag="5748"/>
   <stop tag="5775"/>
   <stop tag="5739"/>
   <stop tag="5729"/>
   <stop tag="5724"/>
   <stop tag="5721"/>
   <stop tag="3985"/>
   <stop tag="3986"/>
   <stop tag="3990"/>
   <stop tag="3992"/>
   <stop tag="3988"/>
   <stop tag="3993"/>
   <stop tag="3995"/>
   <stop tag="3989"/>
   <stop tag="3987"/>
   <stop tag="65300059"/>
   <stop tag="141000"/>
   <stop tag="11030"/>
   <stop tag="2088"/>
   <stop tag="2089"/>
   <stop tag="16546_ar"/>
  </direction>
  <direction name="South" tag="207_293_1" title="South to Crenshaw Green Line Sta" useForUI="true">
   <stop tag="16546"/>
   <stop tag="12464"/>
   <stop tag="65300063"/>
   <stop tag="12462"/>
   <stop tag="142120"/>
   <stop tag="12468"/>
   <stop tag="12474"/>
   <stop tag="12472"/>
   <stop tag="12467"/>
   <stop tag="12470"/>
   <stop tag="12469"/>
   <stop tag="12461"/>
   <stop tag="12460"/>
   <stop tag="12475"/>
   <stop tag="14108"/>
   <stop tag="14113"/>
   <stop tag="14122"/>
   <stop tag="65300067"/>
   <stop tag="14130"/>
   <stop tag="14133"/>
   <stop tag="14137"/>
   <stop tag="14152"/>
   <stop tag="14105"/>
   <stop tag="14154"/>
   <stop tag="15321"/>
   <stop tag="14157"/>
   <stop tag="14094"/>
   <stop tag="14138"/>
   <stop tag="141003"/>
   <stop tag="14148"/>
   <stop tag="14109"/>
   <stop tag="5708"/>
   <stop tag="14111"/>
   <stop tag="14112"/>
   <stop tag="11257"/>
   <stop tag="14114"/>
   <stop tag="14156"/>
   <stop tag="14115"/>
   <stop tag="14117"/>
   <stop tag="14118"/>
   <stop tag="25500"/>
   <stop tag="14123"/>
   <stop tag="14124"/>
   <stop tag="14144"/>
   <stop tag="14125"/>
   <stop tag="14126"/>
   <stop tag="14143"/>
   <stop tag="14128"/>
   <stop tag="14129"/>
   <stop tag="14131"/>
   <stop tag="65300076"/>
   <stop tag="14132"/>
   <stop tag="14134"/>
   <stop tag="14136"/>
   <stop tag="14141"/>
   <stop tag="14100"/>
   <stop tag="7229"/>
   <stop tag="14102"/>
   <stop tag="14145"/>
   <stop tag="14008"/>
   <stop tag="13994"/>
   <stop tag="862_ar"/>
  </direction>
  <path>
   <point lat="34.01799" lon="-118.30904"/>
   <point lat="34.01659" lon="-118.30905"/>
   <point lat="34.01477" lon="-118.30905"/>
   <point lat="34.01102" lon="-118.30906"/>
   <point lat="34.00742" lon="-118.30906"/>
   <point lat="34.00336" lon="-118.30906"/>
   <point lat="34.00022" lon="-118.30906"/>
   <point lat="33.99711" lon="-118.30907"/>
   <point lat="33.99339" lon="-118.30908"/>
  </path>
  <path>
   <point lat="33.93219" lon="-118.30886"/>
   <point lat="33.93508" lon="-118.30886"/>
   <point lat="33.93794" lon="-118.30887"/>
  </path>
  <path>
   <point lat="34.10441" lon="-118.30943"/>
   <point lat="34.10137" lon="-118.30942"/>
  </path>
  <path>
   <point lat="34.06191" lon="-118.30923"/>
   <point lat="34.05983" lon="-118.30922"/>
   <point lat="34.05819" lon="-118.30922"/>
   <point lat="34.05601" lon="-118.30922"/>
   <point lat="34.0523499" lon="-118.3092"/>
   <point lat="34.05098" lon="-118.30919"/>
   <point lat="34.04734" lon="-118.30918"/>
   <point lat="34.04304" lon="-118.30916"/>
   <point lat="34.04008" lon="-118.30914"/>
   <point lat="34.0375299" lon="-118.30915"/>
   <point lat="34.03664" lon="-118.30897"/>
   <point lat="34.03287" lon="-118.30911"/>
  </path>
  <path>
   <point lat="34.10186" lon="-118.30959"/>
   <point lat="34.10184" lon="-118.31346"/>
   <point lat="34.1017" lon="-118.31473"/>
   <point lat="34.1017" lon="-118.3158"/>
   <point lat="34.10169" lon="-118.31615"/>
   <point lat="34.10213" lon="-118.31652"/>
   <point lat="34.10229" lon="-118.31667"/>
   <point lat="34.10243" lon="-118.31681"/>
   <point lat="34.10253" lon="-118.31693"/>
   <point lat="34.1028" lon="-118.31735"/>
   <point lat="34.1031199" lon="-118.31787"/>
   <point lat="34.10322" lon="-118.318"/>
   <point lat="34.1034" lon="-118.31826"/>
   <point lat="34.10366" lon="-118.31869"/>
   <point lat="34.10372" lon="-118.31881"/>
   <point lat="34.1038799" lon="-118.31919"/>
   <point lat="34.1039" lon="-118.31925"/>
   <point lat="34.10411" lon="-118.3197"/>
   <point lat="34.10423" lon="-118.31999"/>
   <point lat="34.10446" lon="-118.32065"/>
   <point lat="34.1045299" lon="-118.32093"/>
   <point lat="34.10457" lon="-118.32112"/>
   <point lat="34.10459" lon="-118.32125"/>
   <point lat="34.1046" lon="-118.32138"/>
   <point lat="34.1046" lon="-118.32191"/>
   <point lat="34.10458" lon="-118.3224"/>
   <point lat="34.10526" lon="-118.32239"/>
   <point lat="34.10514" lon="-118.32144"/>
   <point lat="34.10527" lon="-118.32041"/>
   <point lat="34.10514" lon="-118.31817"/>
   <point lat="34.10527" lon="-118.31579"/>
   <point lat="34.10527" lon="-118.31502"/>
   <point lat="34.10536" lon="-118.31365"/>
   <point lat="34.10537" lon="-118.31353"/>
   <point lat="34.1053799" lon="-118.31323"/>
   <point lat="34.1053799" lon="-118.31128"/>
   <point lat="34.10539" lon="-118.31073"/>
   <point lat="34.10539" lon="-118.30926"/>
   <point lat="34.10441" lon="-118.30943"/>
  </path>
  <path>
   <point lat="33.99353" lon="-118.30878"/>
   <point lat="33.99585" lon="-118.30877"/>
   <point lat="33.99994" lon="-118.30876"/>
   <point lat="34.00413" lon="-118.30876"/>
   <point lat="34.00714" lon="-118.30875"/>
   <point lat="34.01067" lon="-118.30875"/>
   <point lat="34.01447" lon="-118.30875"/>
   <point lat="34.01681" lon="-118.30874"/>
   <point lat="34.0188599" lon="-118.30874"/>
  </path>
  <path>
   <point lat="34.08316" lon="-118.30929"/>
   <point lat="34.08046" lon="-118.3093"/>
   <point lat="34.07844" lon="-118.3093"/>
   <point lat="34.07579" lon="-118.30929"/>
   <point lat="34.07383" lon="-118.30928"/>
   <point lat="34.07129" lon="-118.30927"/>
   <point lat="34.06912" lon="-118.30926"/>
   <point lat="34.0654899" lon="-118.30924"/>
   <point lat="34.06191" lon="-118.30923"/>
  </path>
  <path>
   <point lat="33.95975" lon="-118.30911"/>
   <point lat="33.95648" lon="-118.30914"/>
   <point lat="33.95286" lon="-118.30914"/>
   <point lat="33.94882" lon="-118.30915"/>
   <point lat="33.94561" lon="-118.30914"/>
   <point lat="33.9419899" lon="-118.30916"/>
   <point lat="33.9379599" lon="-118.30918"/>
   <point lat="33.93545" lon="-118.30919"/>
   <point lat="33.93098" lon="-118.30904"/>
   <point lat="33.9311" lon="-118.30937"/>
  </path>
  <path>
   <point lat="33.9311" lon="-118.30937"/>
   <point lat="33.93098" lon="-118.3112"/>
   <point lat="33.93097" lon="-118.31777"/>
   <point lat="33.9307" lon="-118.31789"/>
   <point lat="33.9238799" lon="-118.3179"/>
   <point lat="33.92372" lon="-118.32238"/>
   <point lat="33.92372" lon="-118.32649"/>
   <point lat="33.9238799" lon="-118.32649"/>
   <point lat="33.92407" lon="-118.32648"/>
   <point lat="33.92427" lon="-118.32649"/>
   <point lat="33.92505" lon="-118.32634"/>
  </path>
  <path>
   <point lat="33.95975" lon="-118.30911"/>
   <point lat="33.95648" lon="-118.30914"/>
   <point lat="33.95286" lon="-118.30914"/>
   <point lat="33.94882" lon="-118.30915"/>
   <point lat="33.94561" lon="-118.30914"/>
   <point lat="33.9419899" lon="-118.30916"/>
   <point lat="33.9379599" lon="-118.30918"/>
  </path>
  <path>
   <point lat="34.0188599" lon="-118.30874"/>
   <point lat="34.02175" lon="-118.30873"/>
   <point lat="34.02535" lon="-118.30874"/>
   <point lat="34.02812" lon="-118.30877"/>
   <point lat="34.03252" lon="-118.3088"/>
  </path>
  <path>
   <point lat="33.99339" lon="-118.30908"/>
   <point lat="33.98887" lon="-118.30908"/>
   <point lat="33.98537" lon="-118.30909"/>
   <point lat="33.98353" lon="-118.30909"/>
   <point lat="33.98238" lon="-118.30895"/>
   <point lat="33.98204" lon="-118.3091"/>
   <point lat="33.97864" lon="-118.3091"/>
   <point lat="33.97714" lon="-118.30911"/>
   <point lat="33.97416" lon="-118.30912"/>
   <point lat="33.97106" lon="-118.30912"/>
   <point lat="33.96745" lon="-118.30913"/>
   <point lat="33.9638" lon="-118.30914"/>
   <point lat="33.95975" lon="-118.30911"/>
  </path>
  <path>
   <point lat="33.93794" lon="-118.30887"/>
   <point lat="33.94171" lon="-118.30886"/>
   <point lat="33.94561" lon="-118.30883"/>
   <point lat="33.94854" lon="-118.30885"/>
   <point lat="33.95258" lon="-118.30884"/>
   <point lat="33.95621" lon="-118.30884"/>
   <point lat="33.95967" lon="-118.30882"/>
  </path>
  <path>
   <point lat="34.03287" lon="-118.30911"/>
   <point lat="34.02924" lon="-118.30908"/>
   <point lat="34.02575" lon="-118.30905"/>
   <point lat="34.02161" lon="-118.30904"/>
   <point lat="34.01799" lon="-118.30904"/>
  </path>
  <path>
   <point lat="34.03252" lon="-118.3088"/>
   <point lat="34.03664" lon="-118.30897"/>
   <point lat="34.03751" lon="-118.30883"/>
   <point lat="34.03973" lon="-118.30884"/>
   <point lat="34.04409" lon="-118.30886"/>
   <point lat="34.047" lon="-118.30887"/>
   <point lat="34.0507" lon="-118.30889"/>
   <point lat="34.05306" lon="-118.3089"/>
   <point lat="34.0557299" lon="-118.30891"/>
   <point lat="34.0575199" lon="-118.30891"/>
   <point lat="34.05956" lon="-118.30891"/>
   <point lat="34.06206" lon="-118.30892"/>
  </path>
  <path>
   <point lat="34.10137" lon="-118.30942"/>
   <point lat="34.0977" lon="-118.30938"/>
   <point lat="34.09548" lon="-118.30938"/>
   <point lat="34.0941199" lon="-118.30937"/>
   <point lat="34.09296" lon="-118.30932"/>
   <point lat="34.09021" lon="-118.30932"/>
   <point lat="34.08823" lon="-118.3093"/>
   <point lat="34.08683" lon="-118.30929"/>
   <point lat="34.08316" lon="-118.30929"/>
  </path>
  <path>
   <point lat="34.06206" lon="-118.30892"/>
   <point lat="34.06563" lon="-118.30894"/>
   <point lat="34.06863" lon="-118.30895"/>
   <point lat="34.07102" lon="-118.30896"/>
   <point lat="34.0735699" lon="-118.30897"/>
   <point lat="34.07605" lon="-118.30898"/>
   <point lat="34.07844" lon="-118.309"/>
   <point lat="34.07976" lon="-118.30899"/>
   <point lat="34.08391" lon="-118.30898"/>
   <point lat="34.08683" lon="-118.30899"/>
   <point lat="34.08878" lon="-118.309"/>
   <point lat="34.0913899" lon="-118.30901"/>
   <point lat="34.09372" lon="-118.30905"/>
   <point lat="34.09476" lon="-118.30906"/>
   <point lat="34.09852" lon="-118.30909"/>
   <point lat="34.10174" lon="-118.30926"/>
   <point lat="34.10186" lon="-118.30959"/>
  </path>
  <path>
   <point lat="33.9379599" lon="-118.30918"/>
   <point lat="33.93545" lon="-118.30919"/>
   <point lat="33.9338399" lon="-118.30903"/>
   <point lat="33.93376" lon="-118.3087"/>
   <point lat="33.9338399" lon="-118.30723"/>
   <point lat="33.93098" lon="-118.30721"/>
   <point lat="33.93098" lon="-118.30904"/>
   <point lat="33.93219" lon="-118.30886"/>
  </path>
  <path>
   <point lat="33.92505" lon="-118.32634"/>
   <point lat="33.93098" lon="-118.32649"/>
   <point lat="33.93085" lon="-118.32616"/>
   <point lat="33.93098" lon="-118.3239"/>
   <point lat="33.93085" lon="-118.31794"/>
   <point lat="33.93098" lon="-118.3134"/>
   <point lat="33.93098" lon="-118.30904"/>
   <point lat="33.93219" lon="-118.30886"/>
  </path>
  <path>
   <point lat="33.95967" lon="-118.30882"/>
   <point lat="33.96394" lon="-118.30883"/>
   <point lat="33.96717" lon="-118.30882"/>
   <point lat="33.97079" lon="-118.30882"/>
   <point lat="33.9749399" lon="-118.30881"/>
   <point lat="33.97687" lon="-118.30881"/>
   <point lat="33.97837" lon="-118.3088"/>
   <point lat="33.98225" lon="-118.30879"/>
   <point lat="33.98312" lon="-118.30879"/>
   <point lat="33.98576" lon="-118.30879"/>
   <point lat="33.98887" lon="-118.30877"/>
   <point lat="33.99353" lon="-118.30878"/>
  </path>
 </route>
</body>