<?xml version="1.0" encoding="utf-8"?>
<body copyright="All data copyright Los Angeles Metro 2022.">
 <route color="e74d00" latMax="33.9280999" latMin="33.7324899" lonMax="-118.22283" lonMin="-118.3126199" oppositeColor="ffffff" tag="205" title="205 Willowbrook Sta-San Pedro Via Wilmgt">
  <stop lat="33.7378599" lon="-118.3057199" stopId="00049" tag="49" title="7th / Patton"/>
  <stop lat="33.84667" lon="-118.2433699" stopId="00202" tag="202" title="Del Amo / Tajauta"/>
  <stop lat="33.84666" lon="-118.25313" stopId="00225" tag="225" title="Del Amo / Tillman"/>
  <stop lat="33.84667" lon="-118.24819" stopId="00243" tag="243" title="Del Amo / Central"/>
  <stop lat="33.73779" lon="-118.29029" stopId="00271" tag="271" title="7th / Grand"/>
  <stop lat="33.78929" lon="-118.3074499" stopId="00709" tag="709" title="Western / Pacific Coast"/>
  <stop lat="33.74336" lon="-118.27995" stopId="01471" tag="1471" title="1st / Harbor"/>
  <stop lat="33.7862499" lon="-118.2865699" stopId="03034" tag="3034" title="Do Not Announce This Stop!"/>
  <stop lat="33.7899299" lon="-118.29711" stopId="04240" tag="4240" title="Pacific Coast / Normandie"/>
  <stop lat="33.8314699" lon="-118.29011" stopId="04794" tag="4794" title="Vermont / Carson"/>
  <stop lat="33.7385599" lon="-118.2797" stopId="05120" tag="5120" title="Harbor / 6th"/>
  <stop lat="33.7433799" lon="-118.2882099" stopId="05399" tag="5399" title="1st / Pacific"/>
  <stop lat="33.8500999" lon="-118.29036" stopId="05636" tag="5636" title="Vermont / Francisco"/>
  <stop lat="33.7980399" lon="-118.29064" stopId="05638" tag="5638" title="Vermont / Lomita"/>
  <stop lat="33.8587399" lon="-118.29037" stopId="05651" tag="5651" title="Vermont / 190th"/>
  <stop lat="33.8104099" lon="-118.29018" stopId="05697" tag="5697" title="Vermont / Sepulveda"/>
  <stop lat="33.8419" lon="-118.28987" stopId="05699" tag="5699" title="Vermont / Torrance"/>
  <stop lat="33.7377899" lon="-118.30957" stopId="05778" tag="5778" title="Weymouth / 7th"/>
  <stop lat="33.73785" lon="-118.30302" stopId="05779" tag="5779" title="7th / Walker"/>
  <stop lat="33.73639" lon="-118.30957" stopId="05780" tag="5780" title="Weymouth / 9th"/>
  <stop lat="33.92515" lon="-118.2389" stopId="05795" tag="5795" title="Wilmington / 119th"/>
  <stop lat="33.8670499" lon="-118.2904" stopId="07095" tag="7095" title="Vermont / 182nd"/>
  <stop lat="33.8473999" lon="-118.26443" stopId="07098" tag="7098" title="Del Amo / Avalon"/>
  <stop lat="33.7378299" lon="-118.2991099" stopId="07376" tag="7376" title="7th / Alma"/>
  <stop lat="33.73786" lon="-118.30741" stopId="07378" tag="7378" title="7th / Averill"/>
  <stop lat="33.7378099" lon="-118.2946999" stopId="07384" tag="7384" title="7th / Cabrillo"/>
  <stop lat="33.7377999" lon="-118.2925599" stopId="07389" tag="7389" title="7th / Gaffey"/>
  <stop lat="33.7377899" lon="-118.28587" stopId="07396" tag="7396" title="7th / Mesa"/>
  <stop lat="33.7378199" lon="-118.2968999" stopId="07397" tag="7397" title="7th / Meyler"/>
  <stop lat="33.7377899" lon="-118.28758" stopId="07399" tag="7399" title="7th / Pacific"/>
  <stop lat="33.7433999" lon="-118.2948399" stopId="07400" tag="7400" title="1st / Cabrillo"/>
  <stop lat="33.73777" lon="-118.28103" stopId="07402" tag="7402" title="7th / Palos Verdes"/>
  <stop lat="33.74339" lon="-118.29214" stopId="07404" tag="7404" title="1st / Gaffey"/>
  <stop lat="33.7434" lon="-118.29704" stopId="07405" tag="7405" title="1st / Meyler"/>
  <stop lat="33.73785" lon="-118.30132" stopId="07410" tag="7410" title="7th / Leland"/>
  <stop lat="33.88881" lon="-118.23696" stopId="07500" tag="7500" title="Wilmington / Alondra"/>
  <stop lat="33.86267" lon="-118.2662799" stopId="08795" tag="8795" title="Avalon / 184th"/>
  <stop lat="33.84663" lon="-118.25841" stopId="08833" tag="8833" title="Del Amo / Leapwood"/>
  <stop lat="33.8587699" lon="-118.2662699" stopId="08834" tag="8834" title="Avalon / 189th"/>
  <stop lat="33.86671" lon="-118.2662899" stopId="08878" tag="8878" title="Avalon / Victoria"/>
  <stop lat="33.85346" lon="-118.26567" stopId="08879" tag="8879" title="Avalon / Elsmere"/>
  <stop lat="33.74338" lon="-118.2904299" stopId="13819" tag="13819" title="1st / Grand"/>
  <stop lat="33.92357" lon="-118.2389099" stopId="14168" tag="14168" title="Wilmington / 120th"/>
  <stop lat="33.73258" lon="-118.30807" stopId="15760" tag="15760" title="13th / Averill"/>
  <stop lat="33.7434599" lon="-118.30956" stopId="16982" tag="16982" title="1st / Western"/>
  <stop lat="33.7794699" lon="-118.30941" stopId="16984" tag="16984" title="Western / Palos Verdes"/>
  <stop lat="33.7859799" lon="-118.28446" stopId="16987" tag="16987" title="L St / Harbor College"/>
  <stop lat="33.8470099" lon="-118.2338" stopId="16991" tag="16991" title="Wilmington / Del Amo"/>
  <stop lat="33.8956799" lon="-118.2374099" stopId="16993" tag="16993" title="Wilmington / Compton"/>
  <stop lat="33.9031599" lon="-118.23791" stopId="16996" tag="16996" title="Wilmington / Rosecrans"/>
  <stop lat="33.8702099" lon="-118.2818899" stopId="17059" tag="17059" title="182nd / Figueroa"/>
  <stop lat="33.7873799" lon="-118.30754" stopId="17424" tag="17424" title="Western / 259th"/>
  <stop lat="33.78935" lon="-118.30444" stopId="17426" tag="17426" title="Pacific Coast / President"/>
  <stop lat="33.78934" lon="-118.3013299" stopId="17428" tag="17428" title="Pacific Coast / Belle Porte"/>
  <stop lat="33.79088" lon="-118.2913599" stopId="17430" tag="17430" title="Pacific Coast / Vermont"/>
  <stop lat="33.7905599" lon="-118.2829899" stopId="17431" tag="17431" title="Pacific Coast / Figueroa"/>
  <stop lat="33.7908999" lon="-118.2836899" stopId="17432" tag="17432" title="Pacific Coast / Figueroa"/>
  <stop lat="33.78594" lon="-118.28129" stopId="17433" tag="17433" title="L St / Figueroa"/>
  <stop lat="33.7912699" lon="-118.29075" stopId="17435" tag="17435" title="Bixby / Pacific Coast"/>
  <stop lat="33.7945799" lon="-118.29066" stopId="17436" tag="17436" title="Vermont / 253rd"/>
  <stop lat="33.8023699" lon="-118.29024" stopId="17438" tag="17438" title="Vermont / 245th"/>
  <stop lat="33.8062499" lon="-118.29021" stopId="17440" tag="17440" title="Vermont / Ashbridge"/>
  <stop lat="33.81241" lon="-118.2901799" stopId="17442" tag="17442" title="Vermont / Coriander"/>
  <stop lat="33.81557" lon="-118.2901399" stopId="17444" tag="17444" title="Vermont / 232nd"/>
  <stop lat="33.8188299" lon="-118.29012" stopId="17446" tag="17446" title="Vermont / 228th"/>
  <stop lat="33.8243299" lon="-118.29011" stopId="17448" tag="17448" title="Vermont / 223rd"/>
  <stop lat="33.8283699" lon="-118.2901199" stopId="17450" tag="17450" title="Vermont / 220th"/>
  <stop lat="33.8341699" lon="-118.2901199" stopId="17452" tag="17452" title="Vermont / 214th"/>
  <stop lat="33.8387" lon="-118.28993" stopId="17454" tag="17454" title="Vermont / Javelin"/>
  <stop lat="33.84612" lon="-118.29022" stopId="17456" tag="17456" title="Vermont / Del Amo"/>
  <stop lat="33.8540899" lon="-118.2903699" stopId="17459" tag="17459" title="Vermont / Knox"/>
  <stop lat="33.8618899" lon="-118.2904199" stopId="17461" tag="17461" title="Vermont / 186th"/>
  <stop lat="33.86643" lon="-118.2817099" stopId="17464" tag="17464" title="Figueroa / Patrice"/>
  <stop lat="33.8628299" lon="-118.28117" stopId="17466" tag="17466" title="Victoria / Figueroa"/>
  <stop lat="33.86422" lon="-118.2780999" stopId="17468" tag="17468" title="Victoria / Broadway"/>
  <stop lat="33.8655899" lon="-118.27504" stopId="17470" tag="17470" title="Victoria / Main"/>
  <stop lat="33.86676" lon="-118.27111" stopId="17472" tag="17472" title="Victoria / Wall"/>
  <stop lat="33.84667" lon="-118.23831" stopId="17474" tag="17474" title="Del Amo / Alvo"/>
  <stop lat="33.8494399" lon="-118.2339799" stopId="17476" tag="17476" title="Wilmington / Dimondale"/>
  <stop lat="33.85358" lon="-118.23431" stopId="17478" tag="17478" title="Wilmington / Gladwick"/>
  <stop lat="33.8558099" lon="-118.2344899" stopId="17480" tag="17480" title="Wilmington / Cashdan"/>
  <stop lat="33.85797" lon="-118.23467" stopId="17482" tag="17482" title="Wilmington / University"/>
  <stop lat="33.86064" lon="-118.2349" stopId="17484" tag="17484" title="Wilmington / Glenn Curtiss"/>
  <stop lat="33.8639799" lon="-118.2352899" stopId="17486" tag="17486" title="Wilmington / Charles Willard"/>
  <stop lat="33.86818" lon="-118.2355" stopId="17488" tag="17488" title="Wilmington / Victoria"/>
  <stop lat="33.8715099" lon="-118.2357199" stopId="17490" tag="17490" title="2121 Wilmington"/>
  <stop lat="33.87607" lon="-118.23589" stopId="17492" tag="17492" title="Walnut / Wilmington"/>
  <stop lat="33.8761899" lon="-118.23064" stopId="17494" tag="17494" title="501 Walnut"/>
  <stop lat="33.8764199" lon="-118.23062" stopId="17495" tag="17495" title="501 Walnut"/>
  <stop lat="33.8765399" lon="-118.2252" stopId="17496" tag="17496" title="Walnut / Acacia"/>
  <stop lat="33.87642" lon="-118.2361" stopId="17497" tag="17497" title="Wilmington / Walnut"/>
  <stop lat="33.8777099" lon="-118.2361899" stopId="17498" tag="17498" title="Wilmington / Rr Xing"/>
  <stop lat="33.7342099" lon="-118.3095999" stopId="17551" tag="17551" title="Weymouth / Harbor View"/>
  <stop lat="33.73255" lon="-118.3054199" stopId="17553" tag="17553" title="13th / Patton"/>
  <stop lat="33.73255" lon="-118.30321" stopId="17555" tag="17555" title="13th / Walker"/>
  <stop lat="33.73254" lon="-118.30101" stopId="17557" tag="17557" title="13th / Leland"/>
  <stop lat="33.7325299" lon="-118.2992999" stopId="17559" tag="17559" title="13th / Alma"/>
  <stop lat="33.7325199" lon="-118.2970799" stopId="17561" tag="17561" title="13th / Meyler"/>
  <stop lat="33.73251" lon="-118.2944" stopId="17563" tag="17563" title="13th / Cabrillo"/>
  <stop lat="33.7324999" lon="-118.29269" stopId="17565" tag="17565" title="13th / Gaffey"/>
  <stop lat="33.74342" lon="-118.29925" stopId="17568" tag="17568" title="1st / Bandini"/>
  <stop lat="33.74342" lon="-118.3018599" stopId="17570" tag="17570" title="1st / Hanford"/>
  <stop lat="33.7434299" lon="-118.3040999" stopId="17572" tag="17572" title="1st / Walker"/>
  <stop lat="33.7434399" lon="-118.3067899" stopId="17575" tag="17575" title="1st / Patton"/>
  <stop lat="33.7474799" lon="-118.3094" stopId="17577" tag="17577" title="Western / Summerland"/>
  <stop lat="33.74996" lon="-118.3090699" stopId="17579" tag="17579" title="Western / Crestwood"/>
  <stop lat="33.7519999" lon="-118.30881" stopId="17581" tag="17581" title="Western / Park Western"/>
  <stop lat="33.7536199" lon="-118.30884" stopId="17583" tag="17583" title="Western / Capitol"/>
  <stop lat="33.7575799" lon="-118.3112299" stopId="17585" tag="17585" title="Western / Caddington"/>
  <stop lat="33.7602299" lon="-118.31228" stopId="17587" tag="17587" title="Western / Toscanini"/>
  <stop lat="33.76291" lon="-118.3114999" stopId="17589" tag="17589" title="Western / Westmont"/>
  <stop lat="33.76672" lon="-118.3103799" stopId="17591" tag="17591" title="Western / Avenida Aprenda"/>
  <stop lat="33.7701099" lon="-118.30939" stopId="17593" tag="17593" title="Western / John Montgomery"/>
  <stop lat="33.7761999" lon="-118.3089499" stopId="17595" tag="17595" title="Western / Peninsula Verde"/>
  <stop lat="33.7807199" lon="-118.3095999" stopId="17597" tag="17597" title="Western / Leesdale"/>
  <stop lat="33.78356" lon="-118.30977" stopId="17599" tag="17599" title="Western / 263rd"/>
  <stop lat="33.8810299" lon="-118.2364199" stopId="17607" tag="17607" title="Wilmington / Greenleaf"/>
  <stop lat="33.8842399" lon="-118.2366399" stopId="17609" tag="17609" title="Wilmington / Caldwell"/>
  <stop lat="33.89267" lon="-118.23721" stopId="17611" tag="17611" title="Wilmington / Laurel"/>
  <stop lat="33.9003" lon="-118.2377" stopId="17613" tag="17613" title="Wilmington / Poplar"/>
  <stop lat="33.90583" lon="-118.23828" stopId="17615" tag="17615" title="Wilmington / 139th"/>
  <stop lat="33.9093399" lon="-118.23895" stopId="17617" tag="17617" title="Wilmington / Stockwell"/>
  <stop lat="33.91126" lon="-118.2389399" stopId="17619" tag="17619" title="Wilmington / Nord"/>
  <stop lat="33.9142399" lon="-118.23891" stopId="17631" tag="17631" title="Wilmington / 130th"/>
  <stop lat="33.9164999" lon="-118.2389" stopId="17633" tag="17633" title="Wilmington / El Segundo"/>
  <stop lat="33.92013" lon="-118.23891" stopId="17635" tag="17635" title="Wilmington / 124th"/>
  <stop lat="33.92073" lon="-118.23891" stopId="17637" tag="17637" title="Wilmington / 123rd"/>
  <stop lat="33.9215599" lon="-118.2389199" stopId="17639" tag="17639" title="Wilmington / 122nd"/>
  <stop lat="33.8693399" lon="-118.28731" stopId="30005" tag="30005" title="Harbor Gateway Transit Center"/>
  <stop lat="33.9280999" lon="-118.23798" tag="30007_ar" title="Willowbrook - Rosa Parks Station - West"/>
  <stop lat="33.8759799" lon="-118.22283" stopId="30014" tag="30014" title="Artesia Station"/>
  <stop lat="33.8591799" lon="-118.2659599" stopId="00224" tag="224" title="Avalon / 189th"/>
  <stop lat="33.84687" lon="-118.25381" stopId="00226" tag="226" title="Del Amo / Tillman"/>
  <stop lat="33.8469199" lon="-118.24885" stopId="00244" tag="244" title="Del Amo / Central"/>
  <stop lat="33.8478199" lon="-118.26463" stopId="00275" tag="275" title="Avalon / Del Amo"/>
  <stop lat="33.85363" lon="-118.26539" stopId="00291" tag="291" title="Avalon / Elsmere"/>
  <stop lat="33.7892099" lon="-118.30775" stopId="00711" tag="711" title="Western / Pacific Coast"/>
  <stop lat="33.74302" lon="-118.2797799" stopId="01472" tag="1472" title="Harbor / 1st"/>
  <stop lat="33.74323" lon="-118.28804" stopId="01480" tag="1480" title="1st / Pacific"/>
  <stop lat="33.8671099" lon="-118.2664699" stopId="01701" tag="1701" title="Victoria / Avalon"/>
  <stop lat="33.86748" lon="-118.23578" stopId="02765" tag="2765" title="Wilmington / Victoria"/>
  <stop lat="33.9247199" lon="-118.2366999" stopId="04528" tag="4528" title="119th / Willowbrook"/>
  <stop lat="33.8631899" lon="-118.26598" stopId="04796" tag="4796" title="Avalon / 184th"/>
  <stop lat="33.7432499" lon="-118.2946799" stopId="07401" tag="7401" title="1st / Cabrillo"/>
  <stop lat="33.7432599" lon="-118.2968699" stopId="07406" tag="7406" title="1st / Meyler"/>
  <stop lat="33.8469299" lon="-118.2440299" stopId="08817" tag="8817" title="Del Amo / Tajauta"/>
  <stop lat="33.8469" lon="-118.25906" stopId="08835" tag="8835" title="Del Amo / Leapwood"/>
  <stop lat="33.7911299" lon="-118.2920199" stopId="12738" tag="12738" title="Pacific Coast / Vermont"/>
  <stop lat="33.73848" lon="-118.2799999" stopId="13585" tag="13585" title="Harbor / 6th"/>
  <stop lat="33.7343699" lon="-118.2880699" stopId="13802" tag="13802" title="Pacific / 11th"/>
  <stop lat="33.74324" lon="-118.29027" stopId="13820" tag="13820" title="1st / Grand"/>
  <stop lat="33.74324" lon="-118.29198" stopId="13821" tag="13821" title="1st / Gaffey"/>
  <stop lat="33.73621" lon="-118.2880599" stopId="13822" tag="13822" title="Pacific / 9th"/>
  <stop lat="33.7979199" lon="-118.29095" stopId="14019" tag="14019" title="Vermont / Lomita"/>
  <stop lat="33.85855" lon="-118.29068" stopId="14034" tag="14034" title="Vermont / 190th"/>
  <stop lat="33.8098699" lon="-118.29049" stopId="14084" tag="14084" title="Vermont / Sepulveda"/>
  <stop lat="33.8417499" lon="-118.2901599" stopId="14086" tag="14086" title="Vermont / Torrance"/>
  <stop lat="33.8313299" lon="-118.29042" stopId="15440" tag="15440" title="Vermont / Carson"/>
  <stop lat="33.7379199" lon="-118.2855399" stopId="15752" tag="15752" title="7th / Mesa"/>
  <stop lat="33.7379099" lon="-118.2811599" stopId="15757" tag="15757" title="7th / Palos Verdes"/>
  <stop lat="33.88824" lon="-118.23723" stopId="15851" tag="15851" title="Wilmington / Alondra"/>
  <stop lat="33.92434" lon="-118.2392099" stopId="16657" tag="16657" title="Wilmington / 120th"/>
  <stop lat="33.7433199" lon="-118.30947" stopId="16983" tag="16983" title="1st / Western"/>
  <stop lat="33.7781799" lon="-118.30955" stopId="16985" tag="16985" title="Western / Palos Verdes"/>
  <stop lat="33.7899499" lon="-118.29784" stopId="16986" tag="16986" title="Pacific Coast / Normandie"/>
  <stop lat="33.8468899" lon="-118.23428" stopId="16992" tag="16992" title="Del Amo / Wilmington"/>
  <stop lat="33.8956099" lon="-118.2377099" stopId="16994" tag="16994" title="Wilmington / Compton"/>
  <stop lat="33.9030399" lon="-118.23821" stopId="16997" tag="16997" title="Wilmington / Rosecrans"/>
  <stop lat="33.8704099" lon="-118.2821399" stopId="17082" tag="17082" title="182nd / Figueroa"/>
  <stop lat="33.7870399" lon="-118.30794" stopId="17425" tag="17425" title="Western / 260th"/>
  <stop lat="33.7895999" lon="-118.3041099" stopId="17427" tag="17427" title="Pacific Coast / President"/>
  <stop lat="33.7895899" lon="-118.3009999" stopId="17429" tag="17429" title="Pacific Coast / Belle Porte"/>
  <stop lat="33.7944399" lon="-118.2909699" stopId="17437" tag="17437" title="Vermont / 253rd"/>
  <stop lat="33.8026499" lon="-118.29053" stopId="17439" tag="17439" title="Vermont / 245th"/>
  <stop lat="33.8058399" lon="-118.29051" stopId="17441" tag="17441" title="Vermont / Ashbridge"/>
  <stop lat="33.8122" lon="-118.2904699" stopId="17443" tag="17443" title="Vermont / Lindencliff"/>
  <stop lat="33.81544" lon="-118.2904399" stopId="17445" tag="17445" title="Vermont / 232nd"/>
  <stop lat="33.8186899" lon="-118.29042" stopId="17447" tag="17447" title="Vermont / 228th"/>
  <stop lat="33.8242" lon="-118.29041" stopId="17449" tag="17449" title="Vermont / 223rd"/>
  <stop lat="33.82823" lon="-118.29042" stopId="17451" tag="17451" title="Vermont / 220th"/>
  <stop lat="33.8344499" lon="-118.2904299" stopId="17453" tag="17453" title="Vermont / 214th"/>
  <stop lat="33.83862" lon="-118.2902899" stopId="17455" tag="17455" title="Vermont / Javelin"/>
  <stop lat="33.8463899" lon="-118.2905199" stopId="17457" tag="17457" title="Vermont / Del Amo"/>
  <stop lat="33.84997" lon="-118.29065" stopId="17458" tag="17458" title="Vermont / Francisco"/>
  <stop lat="33.85395" lon="-118.29067" stopId="17460" tag="17460" title="Vermont / Knox"/>
  <stop lat="33.86216" lon="-118.2907199" stopId="17462" tag="17462" title="Vermont / 186th"/>
  <stop lat="33.86685" lon="-118.2906999" stopId="17463" tag="17463" title="Vermont / 182nd"/>
  <stop lat="33.8661599" lon="-118.28141" stopId="17465" tag="17465" title="Figueroa / Patrice"/>
  <stop lat="33.8630599" lon="-118.28132" stopId="17467" tag="17467" title="Victoria / Figueroa"/>
  <stop lat="33.8644299" lon="-118.27824" stopId="17469" tag="17469" title="Victoria / Broadway"/>
  <stop lat="33.86581" lon="-118.2751799" stopId="17471" tag="17471" title="Victoria / Main"/>
  <stop lat="33.8670099" lon="-118.27128" stopId="17473" tag="17473" title="Victoria / Wall"/>
  <stop lat="33.84692" lon="-118.23897" stopId="17475" tag="17475" title="Del Amo / Alvo"/>
  <stop lat="33.8489499" lon="-118.2342599" stopId="17477" tag="17477" title="Wilmington / Dimondale"/>
  <stop lat="33.8534199" lon="-118.2345999" stopId="17479" tag="17479" title="Wilmington / Gladwick"/>
  <stop lat="33.8560599" lon="-118.2348099" stopId="17481" tag="17481" title="Wilmington / Cashdan"/>
  <stop lat="33.85782" lon="-118.23496" stopId="17483" tag="17483" title="Wilmington / University"/>
  <stop lat="33.8604799" lon="-118.2351899" stopId="17485" tag="17485" title="Wilmington / Glenn Curtiss"/>
  <stop lat="33.86424" lon="-118.23561" stopId="17487" tag="17487" title="Wilmington / Charles Willard"/>
  <stop lat="33.8714299" lon="-118.2360699" stopId="17491" tag="17491" title="2121 Wilmington"/>
  <stop lat="33.8758499" lon="-118.2363599" stopId="17493" tag="17493" title="Wilmington / Walnut"/>
  <stop lat="33.8779699" lon="-118.2365099" stopId="17499" tag="17499" title="Wilmington / Rr Xing"/>
  <stop lat="33.7324999" lon="-118.29269" tag="17565_ar" title="13th / Gaffey"/>
  <stop lat="33.7324899" lon="-118.29048" stopId="17567" tag="17567" title="13th / Grand"/>
  <stop lat="33.7432699" lon="-118.2990799" stopId="17569" tag="17569" title="1st / Bandini"/>
  <stop lat="33.74328" lon="-118.3017" stopId="17571" tag="17571" title="1st / Hanford"/>
  <stop lat="33.74328" lon="-118.30443" stopId="17573" tag="17573" title="1st / Walker"/>
  <stop lat="33.7432899" lon="-118.3061299" stopId="17576" tag="17576" title="1st / Patton"/>
  <stop lat="33.74687" lon="-118.3097799" stopId="17578" tag="17578" title="Western / Summerland"/>
  <stop lat="33.75026" lon="-118.3093399" stopId="17580" tag="17580" title="Western / Crestwood"/>
  <stop lat="33.7522999" lon="-118.3090799" stopId="17582" tag="17582" title="Western / Park Western"/>
  <stop lat="33.7538399" lon="-118.3091999" stopId="17584" tag="17584" title="Western / Trudie"/>
  <stop lat="33.75758" lon="-118.31168" stopId="17586" tag="17586" title="Western / Caddington"/>
  <stop lat="33.7601599" lon="-118.3126199" stopId="17588" tag="17588" title="Western / Toscanini"/>
  <stop lat="33.76324" lon="-118.3117199" stopId="17590" tag="17590" title="Western / Delasonde"/>
  <stop lat="33.76705" lon="-118.3105999" stopId="17592" tag="17592" title="Western / Avenida Aprenda"/>
  <stop lat="33.7703999" lon="-118.30962" stopId="17594" tag="17594" title="Western / Green Hills"/>
  <stop lat="33.77562" lon="-118.30917" stopId="17596" tag="17596" title="Western / Peninsula Verde"/>
  <stop lat="33.7806299" lon="-118.3098999" stopId="17598" tag="17598" title="Western / Leesdale"/>
  <stop lat="33.78384" lon="-118.3100599" stopId="17600" tag="17600" title="Western / 263rd"/>
  <stop lat="33.8804699" lon="-118.2366799" stopId="17608" tag="17608" title="Wilmington / Greenleaf"/>
  <stop lat="33.88408" lon="-118.23693" stopId="17610" tag="17610" title="Wilmington / Caldwell"/>
  <stop lat="33.8929299" lon="-118.2375399" stopId="17612" tag="17612" title="Wilmington / Laurel"/>
  <stop lat="33.9001499" lon="-118.2379899" stopId="17614" tag="17614" title="Wilmington / Poplar"/>
  <stop lat="33.90597" lon="-118.23869" stopId="17616" tag="17616" title="Wilmington / 139th"/>
  <stop lat="33.9087899" lon="-118.2392499" stopId="17618" tag="17618" title="Wilmington / Stockwell"/>
  <stop lat="33.9115299" lon="-118.23923" stopId="17630" tag="17630" title="Wilmington / 133rd"/>
  <stop lat="33.9137799" lon="-118.23923" stopId="17632" tag="17632" title="Wilmington / 130th"/>
  <stop lat="33.9164199" lon="-118.23921" stopId="17634" tag="17634" title="Wilmington / El Segundo"/>
  <stop lat="33.9195799" lon="-118.2392199" stopId="17636" tag="17636" title="Wilmington / 124th"/>
  <stop lat="33.9280999" lon="-118.23798" stopId="30007" tag="30007" title="Willowbrook - Rosa Parks Station - West"/>
  <stop lat="33.92302" lon="-118.2392199" stopId="20500002" tag="20500002" title="Wilmington / 120th"/>
  <stop lat="33.9209999" lon="-118.23922" stopId="20500003" tag="20500003" title="Wilmington / 123rd"/>
  <direction name="North" tag="205_87_0" title="North to Willowbrook / Rosa Parks Station" useForUI="true">
   <stop tag="17565"/>
   <stop tag="17563"/>
   <stop tag="17561"/>
   <stop tag="17559"/>
   <stop tag="17557"/>
   <stop tag="17555"/>
   <stop tag="17553"/>
   <stop tag="15760"/>
   <stop tag="17551"/>
   <stop tag="5780"/>
   <stop tag="5778"/>
   <stop tag="7378"/>
   <stop tag="49"/>
   <stop tag="5779"/>
   <stop tag="7410"/>
   <stop tag="7376"/>
   <stop tag="7397"/>
   <stop tag="7384"/>
   <stop tag="7389"/>
   <stop tag="271"/>
   <stop tag="7399"/>
   <stop tag="7396"/>
   <stop tag="7402"/>
   <stop tag="5120"/>
   <stop tag="1471"/>
   <stop tag="5399"/>
   <stop tag="13819"/>
   <stop tag="7404"/>
   <stop tag="7400"/>
   <stop tag="7405"/>
   <stop tag="17568"/>
   <stop tag="17570"/>
   <stop tag="17572"/>
   <stop tag="17575"/>
   <stop tag="16982"/>
   <stop tag="17577"/>
   <stop tag="17579"/>
   <stop tag="17581"/>
   <stop tag="17583"/>
   <stop tag="17585"/>
   <stop tag="17587"/>
   <stop tag="17589"/>
   <stop tag="17591"/>
   <stop tag="17593"/>
   <stop tag="17595"/>
   <stop tag="16984"/>
   <stop tag="17597"/>
   <stop tag="17599"/>
   <stop tag="17424"/>
   <stop tag="709"/>
   <stop tag="17426"/>
   <stop tag="17428"/>
   <stop tag="4240"/>
   <stop tag="17430"/>
   <stop tag="17431"/>
   <stop tag="3034"/>
   <stop tag="16987"/>
   <stop tag="17433"/>
   <stop tag="17432"/>
   <stop tag="17435"/>
   <stop tag="17436"/>
   <stop tag="5638"/>
   <stop tag="17438"/>
   <stop tag="17440"/>
   <stop tag="5697"/>
   <stop tag="17442"/>
   <stop tag="17444"/>
   <stop tag="17446"/>
   <stop tag="17448"/>
   <stop tag="17450"/>
   <stop tag="4794"/>
   <stop tag="17452"/>
   <stop tag="17454"/>
   <stop tag="5699"/>
   <stop tag="17456"/>
   <stop tag="5636"/>
   <stop tag="17459"/>
   <stop tag="5651"/>
   <stop tag="17461"/>
   <stop tag="7095"/>
   <stop tag="30005"/>
   <stop tag="17059"/>
   <stop tag="17464"/>
   <stop tag="17466"/>
   <stop tag="17468"/>
   <stop tag="17470"/>
   <stop tag="17472"/>
   <stop tag="8878"/>
   <stop tag="8795"/>
   <stop tag="8834"/>
   <stop tag="8879"/>
   <stop tag="7098"/>
   <stop tag="8833"/>
   <stop tag="225"/>
   <stop tag="243"/>
   <stop tag="202"/>
   <stop tag="17474"/>
   <stop tag="16991"/>
   <stop tag="17476"/>
   <stop tag="17478"/>
   <stop tag="17480"/>
   <stop tag="17482"/>
   <stop tag="17484"/>
   <stop tag="17486"/>
   <stop tag="17488"/>
   <stop tag="17490"/>
   <stop tag="17492"/>
   <stop tag="17494"/>
   <stop tag="30014"/>
   <stop tag="17496"/>
   <stop tag="17495"/>
   <stop tag="17497"/>
   <stop tag="17498"/>
   <stop tag="17607"/>
   <stop tag="17609"/>
   <stop tag="7500"/>
   <stop tag="17611"/>
   <stop tag="16993"/>
   <stop tag="17613"/>
   <stop tag="16996"/>
   <stop tag="17615"/>
   <stop tag="17617"/>
   <stop tag="17619"/>
   <stop tag="17631"/>
   <stop tag="17633"/>
   <stop tag="17635"/>
   <stop tag="17637"/>
   <stop tag="17639"/>
   <stop tag="14168"/>
   <stop tag="5795"/>
   <stop tag="30007_ar"/>
  </direction>
  <direction name="South" tag="205_85_1" title="South to San Pedro -13th-Gaffey" useForUI="true">
   <stop tag="30007"/>
   <stop tag="4528"/>
   <stop tag="16657"/>
   <stop tag="20500002"/>
   <stop tag="20500003"/>
   <stop tag="17636"/>
   <stop tag="17634"/>
   <stop tag="17632"/>
   <stop tag="17630"/>
   <stop tag="17618"/>
   <stop tag="17616"/>
   <stop tag="16997"/>
   <stop tag="17614"/>
   <stop tag="16994"/>
   <stop tag="17612"/>
   <stop tag="15851"/>
   <stop tag="17610"/>
   <stop tag="17608"/>
   <stop tag="17499"/>
   <stop tag="17492"/>
   <stop tag="17494"/>
   <stop tag="30014"/>
   <stop tag="17496"/>
   <stop tag="17495"/>
   <stop tag="17493"/>
   <stop tag="17491"/>
   <stop tag="2765"/>
   <stop tag="17487"/>
   <stop tag="17485"/>
   <stop tag="17483"/>
   <stop tag="17481"/>
   <stop tag="17479"/>
   <stop tag="17477"/>
   <stop tag="16992"/>
   <stop tag="17475"/>
   <stop tag="8817"/>
   <stop tag="244"/>
   <stop tag="226"/>
   <stop tag="8835"/>
   <stop tag="275"/>
   <stop tag="291"/>
   <stop tag="224"/>
   <stop tag="4796"/>
   <stop tag="1701"/>
   <stop tag="17473"/>
   <stop tag="17471"/>
   <stop tag="17469"/>
   <stop tag="17467"/>
   <stop tag="17465"/>
   <stop tag="17082"/>
   <stop tag="30005"/>
   <stop tag="17463"/>
   <stop tag="17462"/>
   <stop tag="14034"/>
   <stop tag="17460"/>
   <stop tag="17458"/>
   <stop tag="17457"/>
   <stop tag="14086"/>
   <stop tag="17455"/>
   <stop tag="17453"/>
   <stop tag="15440"/>
   <stop tag="17451"/>
   <stop tag="17449"/>
   <stop tag="17447"/>
   <stop tag="17445"/>
   <stop tag="17443"/>
   <stop tag="14084"/>
   <stop tag="17441"/>
   <stop tag="17439"/>
   <stop tag="14019"/>
   <stop tag="17437"/>
   <stop tag="17430"/>
   <stop tag="17431"/>
   <stop tag="3034"/>
   <stop tag="16987"/>
   <stop tag="17433"/>
   <stop tag="17432"/>
   <stop tag="12738"/>
   <stop tag="16986"/>
   <stop tag="17429"/>
   <stop tag="17427"/>
   <stop tag="711"/>
   <stop tag="17425"/>
   <stop tag="17600"/>
   <stop tag="17598"/>
   <stop tag="16985"/>
   <stop tag="17596"/>
   <stop tag="17594"/>
   <stop tag="17592"/>
   <stop tag="17590"/>
   <stop tag="17588"/>
   <stop tag="17586"/>
   <stop tag="17584"/>
   <stop tag="17582"/>
   <stop tag="17580"/>
   <stop tag="17578"/>
   <stop tag="16983"/>
   <stop tag="17576"/>
   <stop tag="17573"/>
   <stop tag="17571"/>
   <stop tag="17569"/>
   <stop tag="7406"/>
   <stop tag="7401"/>
   <stop tag="13821"/>
   <stop tag="13820"/>
   <stop tag="1480"/>
   <stop tag="1472"/>
   <stop tag="13585"/>
   <stop tag="15757"/>
   <stop tag="15752"/>
   <stop tag="13822"/>
   <stop tag="13802"/>
   <stop tag="17567"/>
   <stop tag="17565_ar"/>
  </direction>
  <path>
   <point lat="33.90304" lon="-118.23821"/>
   <point lat="33.90067" lon="-118.23788"/>
   <point lat="33.9001499" lon="-118.23799"/>
   <point lat="33.89728" lon="-118.23766"/>
   <point lat="33.89561" lon="-118.23771"/>
   <point lat="33.89293" lon="-118.23754"/>
   <point lat="33.88824" lon="-118.23723"/>
   <point lat="33.88408" lon="-118.23693"/>
   <point lat="33.88047" lon="-118.23668"/>
   <point lat="33.87797" lon="-118.23651"/>
   <point lat="33.87613" lon="-118.23623"/>
   <point lat="33.87607" lon="-118.23589"/>
   <point lat="33.87619" lon="-118.23064"/>
   <point lat="33.87641" lon="-118.22732"/>
   <point lat="33.87647" lon="-118.22487"/>
   <point lat="33.8768" lon="-118.22488"/>
   <point lat="33.87682" lon="-118.22337"/>
   <point lat="33.87669" lon="-118.22325"/>
   <point lat="33.87624" lon="-118.22302"/>
   <point lat="33.87544" lon="-118.22302"/>
   <point lat="33.87536" lon="-118.223"/>
   <point lat="33.8753" lon="-118.22294"/>
   <point lat="33.87529" lon="-118.22287"/>
   <point lat="33.8753" lon="-118.2228"/>
   <point lat="33.87535" lon="-118.22274"/>
   <point lat="33.87539" lon="-118.22271"/>
   <point lat="33.87544" lon="-118.22271"/>
   <point lat="33.87554" lon="-118.22275"/>
   <point lat="33.87598" lon="-118.22283"/>
  </path>
  <path>
   <point lat="33.78995" lon="-118.29784"/>
   <point lat="33.78955" lon="-118.29901"/>
   <point lat="33.7894999" lon="-118.29938"/>
   <point lat="33.78948" lon="-118.29966"/>
   <point lat="33.7895899" lon="-118.301"/>
   <point lat="33.78947" lon="-118.30273"/>
   <point lat="33.7896" lon="-118.30411"/>
   <point lat="33.78948" lon="-118.3076"/>
   <point lat="33.78921" lon="-118.30775"/>
   <point lat="33.78704" lon="-118.30794"/>
   <point lat="33.78645" lon="-118.30813"/>
   <point lat="33.78384" lon="-118.31006"/>
   <point lat="33.78197" lon="-118.30994"/>
   <point lat="33.78063" lon="-118.3099"/>
   <point lat="33.77818" lon="-118.30955"/>
  </path>
  <path>
   <point lat="33.7377899" lon="-118.28758"/>
   <point lat="33.7377899" lon="-118.28587"/>
   <point lat="33.73784" lon="-118.28237"/>
   <point lat="33.73777" lon="-118.28103"/>
   <point lat="33.73778" lon="-118.28028"/>
   <point lat="33.73775" lon="-118.27988"/>
   <point lat="33.73806" lon="-118.27985"/>
   <point lat="33.73856" lon="-118.2797"/>
   <point lat="33.74086" lon="-118.27964"/>
   <point lat="33.74307" lon="-118.27962"/>
   <point lat="33.74329" lon="-118.27963"/>
   <point lat="33.74336" lon="-118.27995"/>
   <point lat="33.74338" lon="-118.28821"/>
   <point lat="33.74338" lon="-118.29043"/>
   <point lat="33.74339" lon="-118.29214"/>
   <point lat="33.7434" lon="-118.29484"/>
   <point lat="33.7434" lon="-118.29704"/>
   <point lat="33.74342" lon="-118.29925"/>
   <point lat="33.74342" lon="-118.30186"/>
   <point lat="33.7434299" lon="-118.3041"/>
   <point lat="33.74344" lon="-118.30679"/>
   <point lat="33.74346" lon="-118.30956"/>
  </path>
  <path>
   <point lat="33.8474" lon="-118.26443"/>
   <point lat="33.84684" lon="-118.25989"/>
   <point lat="33.84663" lon="-118.25841"/>
   <point lat="33.84671" lon="-118.25452"/>
   <point lat="33.84666" lon="-118.25313"/>
   <point lat="33.84679" lon="-118.25298"/>
   <point lat="33.84667" lon="-118.24819"/>
   <point lat="33.84667" lon="-118.24337"/>
   <point lat="33.84667" lon="-118.23831"/>
   <point lat="33.8467399" lon="-118.23396"/>
   <point lat="33.84701" lon="-118.2338"/>
  </path>
  <path>
   <point lat="33.77818" lon="-118.30955"/>
   <point lat="33.77562" lon="-118.30917"/>
   <point lat="33.7747" lon="-118.30889"/>
   <point lat="33.77397" lon="-118.3088"/>
   <point lat="33.77369" lon="-118.30878"/>
   <point lat="33.77346" lon="-118.30878"/>
   <point lat="33.77321" lon="-118.30879"/>
   <point lat="33.77305" lon="-118.3088"/>
   <point lat="33.7725099" lon="-118.30886"/>
   <point lat="33.7704" lon="-118.30962"/>
   <point lat="33.76803" lon="-118.31016"/>
   <point lat="33.76705" lon="-118.3106"/>
   <point lat="33.76324" lon="-118.31172"/>
   <point lat="33.76016" lon="-118.31262"/>
   <point lat="33.75939" lon="-118.31255"/>
   <point lat="33.75758" lon="-118.31168"/>
   <point lat="33.75724" lon="-118.31102"/>
   <point lat="33.75706" lon="-118.31083"/>
   <point lat="33.7568399" lon="-118.31061"/>
   <point lat="33.75661" lon="-118.3104"/>
   <point lat="33.75633" lon="-118.31019"/>
   <point lat="33.75598" lon="-118.30994"/>
   <point lat="33.75579" lon="-118.30981"/>
   <point lat="33.7556" lon="-118.30971"/>
   <point lat="33.75492" lon="-118.30943"/>
   <point lat="33.75456" lon="-118.30927"/>
   <point lat="33.75416" lon="-118.30912"/>
   <point lat="33.7538399" lon="-118.3092"/>
   <point lat="33.7533" lon="-118.30894"/>
   <point lat="33.7523" lon="-118.30908"/>
   <point lat="33.75126" lon="-118.30906"/>
   <point lat="33.75026" lon="-118.30934"/>
   <point lat="33.74713" lon="-118.3096"/>
   <point lat="33.74687" lon="-118.30978"/>
   <point lat="33.7434" lon="-118.30979"/>
   <point lat="33.74332" lon="-118.30947"/>
  </path>
  <path>
   <point lat="33.78598" lon="-118.28446"/>
   <point lat="33.7859399" lon="-118.28129"/>
   <point lat="33.78601" lon="-118.28075"/>
   <point lat="33.78689" lon="-118.28089"/>
   <point lat="33.7875" lon="-118.28097"/>
   <point lat="33.78775" lon="-118.28097"/>
   <point lat="33.78816" lon="-118.28094"/>
   <point lat="33.78826" lon="-118.28093"/>
   <point lat="33.7883799" lon="-118.28089"/>
   <point lat="33.78855" lon="-118.28084"/>
   <point lat="33.78858" lon="-118.28083"/>
   <point lat="33.78878" lon="-118.28073"/>
   <point lat="33.7888499" lon="-118.28071"/>
   <point lat="33.7890299" lon="-118.28067"/>
   <point lat="33.78921" lon="-118.28065"/>
   <point lat="33.78942" lon="-118.28065"/>
   <point lat="33.78947" lon="-118.28066"/>
   <point lat="33.78954" lon="-118.28066"/>
   <point lat="33.78983" lon="-118.28073"/>
   <point lat="33.79009" lon="-118.28083"/>
   <point lat="33.79045" lon="-118.28106"/>
   <point lat="33.79049" lon="-118.28138"/>
   <point lat="33.79055" lon="-118.28172"/>
   <point lat="33.7906" lon="-118.28214"/>
   <point lat="33.79066" lon="-118.2828"/>
   <point lat="33.7909" lon="-118.28369"/>
   <point lat="33.79089" lon="-118.28481"/>
   <point lat="33.79096" lon="-118.28592"/>
   <point lat="33.79098" lon="-118.28652"/>
   <point lat="33.79099" lon="-118.28719"/>
   <point lat="33.7909999" lon="-118.29083"/>
   <point lat="33.79127" lon="-118.29075"/>
   <point lat="33.79246" lon="-118.29086"/>
   <point lat="33.79458" lon="-118.29066"/>
   <point lat="33.79804" lon="-118.29064"/>
   <point lat="33.79996" lon="-118.2906"/>
   <point lat="33.80237" lon="-118.29024"/>
   <point lat="33.80577" lon="-118.29036"/>
   <point lat="33.80625" lon="-118.29021"/>
   <point lat="33.81041" lon="-118.29018"/>
   <point lat="33.81241" lon="-118.29018"/>
   <point lat="33.81557" lon="-118.29014"/>
   <point lat="33.81883" lon="-118.29012"/>
   <point lat="33.82433" lon="-118.29011"/>
   <point lat="33.82837" lon="-118.29012"/>
   <point lat="33.83147" lon="-118.29011"/>
  </path>
  <path>
   <point lat="33.78993" lon="-118.29711"/>
   <point lat="33.7904" lon="-118.29628"/>
   <point lat="33.79066" lon="-118.29556"/>
   <point lat="33.79072" lon="-118.29535"/>
   <point lat="33.79089" lon="-118.29464"/>
   <point lat="33.79096" lon="-118.29414"/>
   <point lat="33.79099" lon="-118.29388"/>
   <point lat="33.79102" lon="-118.29276"/>
   <point lat="33.79101" lon="-118.29169"/>
   <point lat="33.79088" lon="-118.29136"/>
   <point lat="33.79099" lon="-118.28719"/>
   <point lat="33.79098" lon="-118.28652"/>
   <point lat="33.79096" lon="-118.28592"/>
   <point lat="33.79093" lon="-118.28536"/>
   <point lat="33.79089" lon="-118.28481"/>
   <point lat="33.79056" lon="-118.28299"/>
   <point lat="33.79008" lon="-118.28261"/>
   <point lat="33.78986" lon="-118.28253"/>
   <point lat="33.78968" lon="-118.28243"/>
   <point lat="33.78944" lon="-118.28226"/>
   <point lat="33.78925" lon="-118.28216"/>
   <point lat="33.78914" lon="-118.28211"/>
   <point lat="33.78906" lon="-118.28208"/>
   <point lat="33.78879" lon="-118.28203"/>
   <point lat="33.78602" lon="-118.28161"/>
   <point lat="33.78605" lon="-118.28422"/>
   <point lat="33.78604" lon="-118.28578"/>
   <point lat="33.78605" lon="-118.28624"/>
   <point lat="33.78625" lon="-118.28657"/>
   <point lat="33.78605" lon="-118.28679"/>
   <point lat="33.78598" lon="-118.28446"/>
  </path>
  <path>
   <point lat="33.83133" lon="-118.29042"/>
   <point lat="33.82823" lon="-118.29042"/>
   <point lat="33.8242" lon="-118.29041"/>
   <point lat="33.8186899" lon="-118.29042"/>
   <point lat="33.81544" lon="-118.29044"/>
   <point lat="33.8122" lon="-118.29047"/>
   <point lat="33.8098699" lon="-118.29049"/>
   <point lat="33.80584" lon="-118.29051"/>
   <point lat="33.80265" lon="-118.29053"/>
   <point lat="33.79996" lon="-118.2906"/>
   <point lat="33.79792" lon="-118.29095"/>
   <point lat="33.79444" lon="-118.29097"/>
   <point lat="33.79246" lon="-118.29086"/>
   <point lat="33.79212" lon="-118.29097"/>
   <point lat="33.79101" lon="-118.29169"/>
   <point lat="33.79088" lon="-118.29136"/>
  </path>
  <path>
   <point lat="33.90316" lon="-118.23791"/>
   <point lat="33.90496" lon="-118.23818"/>
   <point lat="33.90583" lon="-118.23828"/>
   <point lat="33.90627" lon="-118.23871"/>
   <point lat="33.90652" lon="-118.23883"/>
   <point lat="33.9066" lon="-118.23886"/>
   <point lat="33.90665" lon="-118.23889"/>
   <point lat="33.90683" lon="-118.23896"/>
   <point lat="33.90695" lon="-118.23899"/>
   <point lat="33.90713" lon="-118.23904"/>
   <point lat="33.90732" lon="-118.23907"/>
   <point lat="33.90801" lon="-118.2391"/>
   <point lat="33.90907" lon="-118.2391"/>
   <point lat="33.90934" lon="-118.23895"/>
   <point lat="33.91061" lon="-118.23909"/>
   <point lat="33.91126" lon="-118.23894"/>
   <point lat="33.91424" lon="-118.23891"/>
   <point lat="33.9165" lon="-118.2389"/>
   <point lat="33.92013" lon="-118.23891"/>
   <point lat="33.92073" lon="-118.23891"/>
   <point lat="33.92156" lon="-118.23892"/>
   <point lat="33.92357" lon="-118.23891"/>
   <point lat="33.92515" lon="-118.2389"/>
   <point lat="33.92596" lon="-118.23906"/>
   <point lat="33.9285" lon="-118.23906"/>
   <point lat="33.92912" lon="-118.23908"/>
   <point lat="33.92912" lon="-118.2384"/>
   <point lat="33.9281" lon="-118.23798"/>
  </path>
  <path>
   <point lat="33.84701" lon="-118.2338"/>
   <point lat="33.84944" lon="-118.23398"/>
   <point lat="33.85358" lon="-118.23431"/>
   <point lat="33.85581" lon="-118.23449"/>
   <point lat="33.85797" lon="-118.23467"/>
   <point lat="33.8606399" lon="-118.2349"/>
   <point lat="33.86398" lon="-118.23529"/>
   <point lat="33.8679" lon="-118.23564"/>
   <point lat="33.86818" lon="-118.2355"/>
   <point lat="33.87151" lon="-118.23572"/>
   <point lat="33.87613" lon="-118.23623"/>
   <point lat="33.87607" lon="-118.23589"/>
   <point lat="33.87619" lon="-118.23064"/>
   <point lat="33.87641" lon="-118.22732"/>
   <point lat="33.87647" lon="-118.22487"/>
   <point lat="33.8768" lon="-118.22488"/>
   <point lat="33.87682" lon="-118.22337"/>
   <point lat="33.87669" lon="-118.22325"/>
   <point lat="33.87624" lon="-118.22302"/>
   <point lat="33.87544" lon="-118.22302"/>
   <point lat="33.87536" lon="-118.223"/>
   <point lat="33.8753" lon="-118.22294"/>
   <point lat="33.87529" lon="-118.22287"/>
   <point lat="33.8753" lon="-118.2228"/>
   <point lat="33.87535" lon="-118.22274"/>
   <point lat="33.87539" lon="-118.22271"/>
   <point lat="33.87544" lon="-118.22271"/>
   <point lat="33.87554" lon="-118.22275"/>
   <point lat="33.87598" lon="-118.22283"/>
  </path>
  <path>
   <point lat="33.86934" lon="-118.28731"/>
   <point lat="33.8689899" lon="-118.28807"/>
   <point lat="33.8684299" lon="-118.28798"/>
   <point lat="33.86829" lon="-118.28822"/>
   <point lat="33.86821" lon="-118.28835"/>
   <point lat="33.86801" lon="-118.28874"/>
   <point lat="33.86685" lon="-118.2907"/>
   <point lat="33.86216" lon="-118.29072"/>
   <point lat="33.85855" lon="-118.29068"/>
   <point lat="33.85395" lon="-118.29067"/>
   <point lat="33.84997" lon="-118.29065"/>
   <point lat="33.84639" lon="-118.29052"/>
   <point lat="33.8435" lon="-118.29033"/>
   <point lat="33.84175" lon="-118.29016"/>
   <point lat="33.83884" lon="-118.29007"/>
   <point lat="33.83862" lon="-118.29029"/>
   <point lat="33.8362399" lon="-118.2903"/>
   <point lat="33.8344499" lon="-118.29043"/>
   <point lat="33.83133" lon="-118.29042"/>
  </path>
  <path>
   <point lat="33.78598" lon="-118.28446"/>
   <point lat="33.7859399" lon="-118.28129"/>
   <point lat="33.78601" lon="-118.28075"/>
   <point lat="33.78689" lon="-118.28089"/>
   <point lat="33.7875" lon="-118.28097"/>
   <point lat="33.78775" lon="-118.28097"/>
   <point lat="33.78816" lon="-118.28094"/>
   <point lat="33.78826" lon="-118.28093"/>
   <point lat="33.7883799" lon="-118.28089"/>
   <point lat="33.78855" lon="-118.28084"/>
   <point lat="33.78858" lon="-118.28083"/>
   <point lat="33.78878" lon="-118.28073"/>
   <point lat="33.7888499" lon="-118.28071"/>
   <point lat="33.7890299" lon="-118.28067"/>
   <point lat="33.78921" lon="-118.28065"/>
   <point lat="33.78942" lon="-118.28065"/>
   <point lat="33.78947" lon="-118.28066"/>
   <point lat="33.78954" lon="-118.28066"/>
   <point lat="33.78983" lon="-118.28073"/>
   <point lat="33.79009" lon="-118.28083"/>
   <point lat="33.79045" lon="-118.28106"/>
   <point lat="33.79049" lon="-118.28138"/>
   <point lat="33.79055" lon="-118.28172"/>
   <point lat="33.7906" lon="-118.28214"/>
   <point lat="33.79066" lon="-118.2828"/>
   <point lat="33.7909" lon="-118.28369"/>
   <point lat="33.79089" lon="-118.28481"/>
   <point lat="33.79096" lon="-118.28592"/>
   <point lat="33.79098" lon="-118.28652"/>
   <point lat="33.79099" lon="-118.28719"/>
   <point lat="33.79113" lon="-118.29202"/>
   <point lat="33.79099" lon="-118.29388"/>
   <point lat="33.79089" lon="-118.29464"/>
   <point lat="33.79072" lon="-118.29535"/>
   <point lat="33.78995" lon="-118.29784"/>
  </path>
  <path>
   <point lat="33.87598" lon="-118.22283"/>
   <point lat="33.87669" lon="-118.22325"/>
   <point lat="33.87682" lon="-118.22337"/>
   <point lat="33.8768" lon="-118.22488"/>
   <point lat="33.87647" lon="-118.22487"/>
   <point lat="33.87654" lon="-118.2252"/>
   <point lat="33.87642" lon="-118.23062"/>
   <point lat="33.87613" lon="-118.23623"/>
   <point lat="33.87642" lon="-118.2361"/>
   <point lat="33.87771" lon="-118.23619"/>
   <point lat="33.88103" lon="-118.23642"/>
   <point lat="33.88424" lon="-118.23664"/>
   <point lat="33.88881" lon="-118.23696"/>
   <point lat="33.89267" lon="-118.23721"/>
   <point lat="33.89568" lon="-118.23741"/>
   <point lat="33.8972399" lon="-118.23765"/>
   <point lat="33.89728" lon="-118.23766"/>
   <point lat="33.9003" lon="-118.2377"/>
   <point lat="33.90316" lon="-118.23791"/>
  </path>
  <path>
   <point lat="33.74332" lon="-118.30947"/>
   <point lat="33.74329" lon="-118.30613"/>
   <point lat="33.74328" lon="-118.30443"/>
   <point lat="33.74328" lon="-118.3017"/>
   <point lat="33.74327" lon="-118.29908"/>
   <point lat="33.74326" lon="-118.29687"/>
   <point lat="33.74325" lon="-118.29468"/>
   <point lat="33.74324" lon="-118.29198"/>
   <point lat="33.74324" lon="-118.29027"/>
   <point lat="33.7432299" lon="-118.28804"/>
   <point lat="33.74329" lon="-118.27963"/>
   <point lat="33.74302" lon="-118.27978"/>
   <point lat="33.74162" lon="-118.27965"/>
   <point lat="33.73848" lon="-118.28"/>
   <point lat="33.73806" lon="-118.27985"/>
   <point lat="33.73775" lon="-118.27988"/>
   <point lat="33.73778" lon="-118.28028"/>
   <point lat="33.7378" lon="-118.28044"/>
   <point lat="33.73791" lon="-118.28116"/>
   <point lat="33.73784" lon="-118.28237"/>
   <point lat="33.73792" lon="-118.28554"/>
   <point lat="33.73786" lon="-118.28741"/>
   <point lat="33.73786" lon="-118.28791"/>
   <point lat="33.73621" lon="-118.28806"/>
   <point lat="33.73437" lon="-118.28807"/>
   <point lat="33.73378" lon="-118.28793"/>
   <point lat="33.73287" lon="-118.28793"/>
   <point lat="33.7324" lon="-118.28794"/>
   <point lat="33.7324" lon="-118.28824"/>
   <point lat="33.73241" lon="-118.28843"/>
   <point lat="33.73242" lon="-118.289"/>
   <point lat="33.73242" lon="-118.29016"/>
   <point lat="33.73249" lon="-118.29048"/>
   <point lat="33.73243" lon="-118.29236"/>
   <point lat="33.7325" lon="-118.29269"/>
  </path>
  <path>
   <point lat="33.86934" lon="-118.28731"/>
   <point lat="33.86882" lon="-118.28796"/>
   <point lat="33.8689899" lon="-118.28807"/>
   <point lat="33.86984" lon="-118.28694"/>
   <point lat="33.86988" lon="-118.28687"/>
   <point lat="33.86989" lon="-118.28681"/>
   <point lat="33.8699" lon="-118.28676"/>
   <point lat="33.86981" lon="-118.28656"/>
   <point lat="33.86958" lon="-118.28611"/>
   <point lat="33.87021" lon="-118.28189"/>
   <point lat="33.86769" lon="-118.28157"/>
   <point lat="33.86643" lon="-118.28171"/>
   <point lat="33.86282" lon="-118.28153"/>
   <point lat="33.86283" lon="-118.28117"/>
   <point lat="33.86422" lon="-118.2781"/>
   <point lat="33.86559" lon="-118.27504"/>
   <point lat="33.86631" lon="-118.27377"/>
   <point lat="33.86639" lon="-118.2736"/>
   <point lat="33.86648" lon="-118.27339"/>
   <point lat="33.86659" lon="-118.27303"/>
   <point lat="33.86675" lon="-118.27264"/>
   <point lat="33.86682" lon="-118.27221"/>
   <point lat="33.86685" lon="-118.2719"/>
   <point lat="33.86676" lon="-118.27111"/>
   <point lat="33.86692" lon="-118.27008"/>
   <point lat="33.86699" lon="-118.26614"/>
   <point lat="33.86671" lon="-118.26629"/>
   <point lat="33.86525" lon="-118.26614"/>
   <point lat="33.86267" lon="-118.26628"/>
   <point lat="33.8616699" lon="-118.26612"/>
   <point lat="33.85877" lon="-118.26627"/>
   <point lat="33.85346" lon="-118.26567"/>
   <point lat="33.84753" lon="-118.26475"/>
   <point lat="33.8474" lon="-118.26443"/>
  </path>
  <path>
   <point lat="33.83147" lon="-118.29011"/>
   <point lat="33.83417" lon="-118.29012"/>
   <point lat="33.8362399" lon="-118.2903"/>
   <point lat="33.8387" lon="-118.28993"/>
   <point lat="33.84136" lon="-118.28999"/>
   <point lat="33.8419" lon="-118.28987"/>
   <point lat="33.84283" lon="-118.29013"/>
   <point lat="33.8435" lon="-118.29033"/>
   <point lat="33.84371" lon="-118.29034"/>
   <point lat="33.84612" lon="-118.29022"/>
   <point lat="33.8496499" lon="-118.29049"/>
   <point lat="33.8501" lon="-118.29036"/>
   <point lat="33.85409" lon="-118.29037"/>
   <point lat="33.85874" lon="-118.29037"/>
   <point lat="33.86189" lon="-118.29042"/>
   <point lat="33.86636" lon="-118.29053"/>
   <point lat="33.86705" lon="-118.2904"/>
   <point lat="33.86784" lon="-118.28914"/>
   <point lat="33.86801" lon="-118.28874"/>
   <point lat="33.86821" lon="-118.28835"/>
   <point lat="33.86829" lon="-118.28822"/>
   <point lat="33.8684299" lon="-118.28798"/>
   <point lat="33.86865" lon="-118.28811"/>
   <point lat="33.8689899" lon="-118.28807"/>
   <point lat="33.86984" lon="-118.28694"/>
   <point lat="33.86988" lon="-118.28687"/>
   <point lat="33.86989" lon="-118.28681"/>
   <point lat="33.8699" lon="-118.28676"/>
   <point lat="33.86981" lon="-118.28656"/>
   <point lat="33.86934" lon="-118.28731"/>
  </path>
  <path>
   <point lat="33.9281" lon="-118.23798"/>
   <point lat="33.92462" lon="-118.23612"/>
   <point lat="33.92472" lon="-118.2367"/>
   <point lat="33.92461" lon="-118.23906"/>
   <point lat="33.92434" lon="-118.23921"/>
   <point lat="33.92302" lon="-118.23922"/>
   <point lat="33.921" lon="-118.23922"/>
   <point lat="33.91958" lon="-118.23922"/>
   <point lat="33.91642" lon="-118.23921"/>
   <point lat="33.91378" lon="-118.23923"/>
   <point lat="33.91153" lon="-118.23923"/>
   <point lat="33.90879" lon="-118.23925"/>
   <point lat="33.90732" lon="-118.23907"/>
   <point lat="33.90597" lon="-118.23869"/>
   <point lat="33.90535" lon="-118.23827"/>
   <point lat="33.90532" lon="-118.23824"/>
   <point lat="33.90496" lon="-118.23818"/>
   <point lat="33.90466" lon="-118.23815"/>
   <point lat="33.90332" lon="-118.23808"/>
   <point lat="33.90304" lon="-118.23821"/>
  </path>
  <path>
   <point lat="33.84689" lon="-118.23428"/>
   <point lat="33.84679" lon="-118.23507"/>
   <point lat="33.84692" lon="-118.23897"/>
   <point lat="33.84693" lon="-118.24403"/>
   <point lat="33.84692" lon="-118.24885"/>
   <point lat="33.84679" lon="-118.25298"/>
   <point lat="33.84687" lon="-118.25381"/>
   <point lat="33.8469" lon="-118.25906"/>
   <point lat="33.84699" lon="-118.26074"/>
   <point lat="33.84753" lon="-118.26475"/>
   <point lat="33.84782" lon="-118.26463"/>
  </path>
  <path>
   <point lat="33.84782" lon="-118.26463"/>
   <point lat="33.8487" lon="-118.26489"/>
   <point lat="33.85363" lon="-118.26539"/>
   <point lat="33.85918" lon="-118.26596"/>
   <point lat="33.8616699" lon="-118.26612"/>
   <point lat="33.86319" lon="-118.26598"/>
   <point lat="33.86699" lon="-118.26614"/>
   <point lat="33.8671099" lon="-118.26647"/>
   <point lat="33.86701" lon="-118.27128"/>
   <point lat="33.86675" lon="-118.27264"/>
   <point lat="33.86581" lon="-118.27518"/>
   <point lat="33.86443" lon="-118.27824"/>
   <point lat="33.86306" lon="-118.28132"/>
   <point lat="33.86282" lon="-118.28153"/>
   <point lat="33.86404" lon="-118.28154"/>
   <point lat="33.86616" lon="-118.28141"/>
   <point lat="33.87031" lon="-118.28162"/>
   <point lat="33.87041" lon="-118.28214"/>
   <point lat="33.86978" lon="-118.28584"/>
   <point lat="33.86981" lon="-118.28656"/>
   <point lat="33.86934" lon="-118.28731"/>
  </path>
  <path>
   <point lat="33.87598" lon="-118.22283"/>
   <point lat="33.87669" lon="-118.22325"/>
   <point lat="33.87682" lon="-118.22337"/>
   <point lat="33.8768" lon="-118.22488"/>
   <point lat="33.87647" lon="-118.22487"/>
   <point lat="33.87654" lon="-118.2252"/>
   <point lat="33.87642" lon="-118.23062"/>
   <point lat="33.87613" lon="-118.23623"/>
   <point lat="33.87585" lon="-118.23636"/>
   <point lat="33.8714299" lon="-118.23607"/>
   <point lat="33.86748" lon="-118.23578"/>
   <point lat="33.86424" lon="-118.23561"/>
   <point lat="33.86048" lon="-118.23519"/>
   <point lat="33.8578199" lon="-118.23496"/>
   <point lat="33.85606" lon="-118.23481"/>
   <point lat="33.85342" lon="-118.2346"/>
   <point lat="33.84895" lon="-118.23426"/>
   <point lat="33.84739" lon="-118.23394"/>
   <point lat="33.84706" lon="-118.23394"/>
   <point lat="33.8467399" lon="-118.23396"/>
   <point lat="33.84689" lon="-118.23428"/>
  </path>
  <path>
   <point lat="33.7325" lon="-118.29269"/>
   <point lat="33.73251" lon="-118.2944"/>
   <point lat="33.73252" lon="-118.29708"/>
   <point lat="33.7325299" lon="-118.2993"/>
   <point lat="33.73254" lon="-118.30101"/>
   <point lat="33.73255" lon="-118.30321"/>
   <point lat="33.73255" lon="-118.30542"/>
   <point lat="33.73258" lon="-118.30807"/>
   <point lat="33.73264" lon="-118.30847"/>
   <point lat="33.73289" lon="-118.30878"/>
   <point lat="33.73301" lon="-118.30894"/>
   <point lat="33.73309" lon="-118.30903"/>
   <point lat="33.7333" lon="-118.30919"/>
   <point lat="33.73369" lon="-118.30946"/>
   <point lat="33.73421" lon="-118.3096"/>
   <point lat="33.73519" lon="-118.3097"/>
   <point lat="33.73639" lon="-118.30957"/>
   <point lat="33.7377899" lon="-118.30957"/>
   <point lat="33.73793" lon="-118.30871"/>
   <point lat="33.73786" lon="-118.30741"/>
   <point lat="33.73786" lon="-118.30572"/>
   <point lat="33.73785" lon="-118.30302"/>
   <point lat="33.73785" lon="-118.30132"/>
   <point lat="33.73783" lon="-118.29911"/>
   <point lat="33.73782" lon="-118.2969"/>
   <point lat="33.73781" lon="-118.2947"/>
   <point lat="33.7378" lon="-118.29256"/>
   <point lat="33.7377899" lon="-118.29029"/>
   <point lat="33.7377899" lon="-118.28758"/>
  </path>
  <path>
   <point lat="33.83133" lon="-118.29042"/>
   <point lat="33.82823" lon="-118.29042"/>
   <point lat="33.8242" lon="-118.29041"/>
   <point lat="33.8186899" lon="-118.29042"/>
   <point lat="33.81544" lon="-118.29044"/>
   <point lat="33.8122" lon="-118.29047"/>
   <point lat="33.8098699" lon="-118.29049"/>
   <point lat="33.80584" lon="-118.29051"/>
   <point lat="33.80265" lon="-118.29053"/>
   <point lat="33.79996" lon="-118.2906"/>
   <point lat="33.79792" lon="-118.29095"/>
   <point lat="33.79444" lon="-118.29097"/>
   <point lat="33.79246" lon="-118.29086"/>
   <point lat="33.79212" lon="-118.29097"/>
   <point lat="33.79101" lon="-118.29169"/>
   <point lat="33.79088" lon="-118.29136"/>
   <point lat="33.79099" lon="-118.28719"/>
   <point lat="33.79098" lon="-118.28652"/>
   <point lat="33.79096" lon="-118.28592"/>
   <point lat="33.79093" lon="-118.28536"/>
   <point lat="33.79089" lon="-118.28481"/>
   <point lat="33.79056" lon="-118.28299"/>
   <point lat="33.79008" lon="-118.28261"/>
   <point lat="33.78986" lon="-118.28253"/>
   <point lat="33.78968" lon="-118.28243"/>
   <point lat="33.78944" lon="-118.28226"/>
   <point lat="33.78925" lon="-118.28216"/>
   <point lat="33.78914" lon="-118.28211"/>
   <point lat="33.78906" lon="-118.28208"/>
   <point lat="33.78879" lon="-118.28203"/>
   <point lat="33.78602" lon="-118.28161"/>
   <point lat="33.78605" lon="-118.28422"/>
   <point lat="33.78604" lon="-118.28578"/>
   <point lat="33.78605" lon="-118.28624"/>
   <point lat="33.78625" lon="-118.28657"/>
   <point lat="33.78605" lon="-118.28679"/>
   <point lat="33.78598" lon="-118.28446"/>
  </path>
  <path>
   <point lat="33.74346" lon="-118.30956"/>
   <point lat="33.74388" lon="-118.30966"/>
   <point lat="33.74748" lon="-118.3094"/>
   <point lat="33.74927" lon="-118.30932"/>
   <point lat="33.74996" lon="-118.30907"/>
   <point lat="33.75126" lon="-118.30906"/>
   <point lat="33.752" lon="-118.30881"/>
   <point lat="33.7533" lon="-118.30894"/>
   <point lat="33.75362" lon="-118.30884"/>
   <point lat="33.7556" lon="-118.30971"/>
   <point lat="33.75758" lon="-118.31123"/>
   <point lat="33.75785" lon="-118.31179"/>
   <point lat="33.75798" lon="-118.31193"/>
   <point lat="33.75805" lon="-118.31199"/>
   <point lat="33.7583399" lon="-118.3122"/>
   <point lat="33.75866" lon="-118.31238"/>
   <point lat="33.7588" lon="-118.31244"/>
   <point lat="33.75889" lon="-118.31247"/>
   <point lat="33.75903" lon="-118.3125"/>
   <point lat="33.75922" lon="-118.31253"/>
   <point lat="33.75939" lon="-118.31255"/>
   <point lat="33.75955" lon="-118.31256"/>
   <point lat="33.75964" lon="-118.31256"/>
   <point lat="33.7599" lon="-118.31253"/>
   <point lat="33.75999" lon="-118.31251"/>
   <point lat="33.76023" lon="-118.31228"/>
   <point lat="33.76291" lon="-118.3115"/>
   <point lat="33.76672" lon="-118.31038"/>
   <point lat="33.77011" lon="-118.30939"/>
   <point lat="33.7725099" lon="-118.30886"/>
   <point lat="33.77305" lon="-118.3088"/>
   <point lat="33.77321" lon="-118.30879"/>
   <point lat="33.77346" lon="-118.30878"/>
   <point lat="33.77369" lon="-118.30878"/>
   <point lat="33.77397" lon="-118.3088"/>
   <point lat="33.7747" lon="-118.30889"/>
   <point lat="33.7762" lon="-118.30895"/>
   <point lat="33.77947" lon="-118.30941"/>
  </path>
  <path>
   <point lat="33.77947" lon="-118.30941"/>
   <point lat="33.78072" lon="-118.3096"/>
   <point lat="33.78197" lon="-118.30994"/>
   <point lat="33.78356" lon="-118.30977"/>
   <point lat="33.78409" lon="-118.30989"/>
   <point lat="33.7842" lon="-118.30987"/>
   <point lat="33.78445" lon="-118.3098"/>
   <point lat="33.78469" lon="-118.3097"/>
   <point lat="33.78491" lon="-118.30959"/>
   <point lat="33.7850899" lon="-118.30949"/>
   <point lat="33.7852" lon="-118.30941"/>
   <point lat="33.78532" lon="-118.30931"/>
   <point lat="33.78541" lon="-118.30921"/>
   <point lat="33.78553" lon="-118.30907"/>
   <point lat="33.78577" lon="-118.30878"/>
   <point lat="33.78738" lon="-118.30754"/>
   <point lat="33.78929" lon="-118.30745"/>
   <point lat="33.78948" lon="-118.30645"/>
   <point lat="33.78935" lon="-118.30444"/>
   <point lat="33.78947" lon="-118.30273"/>
   <point lat="33.78934" lon="-118.30133"/>
   <point lat="33.7894999" lon="-118.29938"/>
   <point lat="33.78993" lon="-118.29711"/>
  </path>
 </route>
</body>