<?xml version="1.0" encoding="utf-8"?>
<body copyright="All data copyright Los Angeles Metro 2022.">
 <route color="33cccc" latMax="34.14671" latMin="34.02924" lonMax="-118.24589" lonMin="-118.2843399" oppositeColor="000000" tag="603" title="603 Glendale-Grand Sta Via San Fernando-">
  <stop lat="34.09244" lon="-118.2565199" stopId="00087" tag="87" title="Allesandro / Baxter"/>
  <stop lat="34.09892" lon="-118.2506099" stopId="00090" tag="90" title="Allesandro / Sunflower"/>
  <stop lat="34.10757" lon="-118.2544599" stopId="01946" tag="1946" title="Fletcher / Ripple"/>
  <stop lat="34.0838899" lon="-118.25984" stopId="02198" tag="2198" title="Glendale / Berkeley"/>
  <stop lat="34.0886599" lon="-118.25924" stopId="02199" tag="2199" title="Glendale / Clifford"/>
  <stop lat="34.0855999" lon="-118.25975" stopId="02203" tag="2203" title="Glendale / Effie"/>
  <stop lat="34.1267299" lon="-118.2576799" stopId="02469" tag="2469" title="San Fernando / Central"/>
  <stop lat="34.0803499" lon="-118.26162" stopId="03360" tag="3360" title="Alvarado / Montana"/>
  <stop lat="34.0779299" lon="-118.26311" stopId="03362" tag="3362" title="Alvarado / Sunset"/>
  <stop lat="34.1193499" lon="-118.2500899" stopId="03885" tag="3885" title="San Fernando / Treadwell"/>
  <stop lat="34.10588" lon="-118.2563199" stopId="04502" tag="4502" title="Riverside / Fletcher"/>
  <stop lat="34.1043299" lon="-118.2532299" stopId="04504" tag="4504" title="Riverside / Gilroy"/>
  <stop lat="34.10227" lon="-118.25125" stopId="04510" tag="4510" title="Riverside / Gleneden"/>
  <stop lat="34.10008" lon="-118.25013" stopId="04589" tag="4589" title="Riverside / Allesandro"/>
  <stop lat="34.0456099" lon="-118.2840799" stopId="04653" tag="4653" title="Hoover / Alvarado"/>
  <stop lat="34.02927" lon="-118.27077" stopId="05107" tag="5107" title="23rd / Grand"/>
  <stop lat="34.0369099" lon="-118.28385" stopId="05148" tag="5148" title="Hoover / Santa Monica Fwy"/>
  <stop lat="34.0415599" lon="-118.2839699" stopId="05149" tag="5149" title="Hoover / 18th"/>
  <stop lat="34.03954" lon="-118.28391" stopId="05154" tag="5154" title="Hoover / Washington"/>
  <stop lat="34.1388799" lon="-118.2642899" stopId="05392" tag="5392" title="Pacific / Riverdale"/>
  <stop lat="34.1406899" lon="-118.26429" stopId="05394" tag="5394" title="Pacific / Vine"/>
  <stop lat="34.13067" lon="-118.26083" stopId="05835" tag="5835" title="San Fernando / Magnolia"/>
  <stop lat="34.1237199" lon="-118.2546899" stopId="05849" tag="5849" title="San Fernando / Brand"/>
  <stop lat="34.13327" lon="-118.2622" stopId="05862" tag="5862" title="San Fernando / Chevy Chase"/>
  <stop lat="34.12582" lon="-118.25683" stopId="05864" tag="5864" title="San Fernando / Cerritos"/>
  <stop lat="34.1286099" lon="-118.25925" stopId="05865" tag="5865" title="San Fernando / Los Feliz"/>
  <stop lat="34.04351" lon="-118.28396" stopId="06903" tag="6903" title="Hoover / Venice"/>
  <stop lat="34.05649" lon="-118.27702" stopId="07377" tag="7377" title="7th / Alvarado"/>
  <stop lat="34.05887" lon="-118.28228" stopId="07386" tag="7386" title="7th / Coronado"/>
  <stop lat="34.0792799" lon="-118.26885" stopId="08033" tag="8033" title="Sunset / Coronado"/>
  <stop lat="34.07788" lon="-118.2662" stopId="08066" tag="8066" title="Sunset / Rosemont"/>
  <stop lat="34.0723299" lon="-118.27467" stopId="08100" tag="8100" title="Temple / Rampart"/>
  <stop lat="34.0909" lon="-118.2581299" stopId="08689" tag="8689" title="Allesandro / Ewing"/>
  <stop lat="34.09363" lon="-118.2550899" stopId="08690" tag="8690" title="Allesandro / Oak Glen"/>
  <stop lat="34.0958499" lon="-118.25332" stopId="08692" tag="8692" title="Allesandro / Whitmore"/>
  <stop lat="34.1151199" lon="-118.24589" stopId="12353" tag="12353" title="San Fernando / Fletcher"/>
  <stop lat="34.0329399" lon="-118.26832" stopId="13575" tag="13575" title="Grand / Washington"/>
  <stop lat="34.05956" lon="-118.27457" stopId="15706" tag="15706" title="6th / Alvarado"/>
  <stop lat="34.0604899" lon="-118.2767299" stopId="15716" tag="15716" title="6th / Grand View"/>
  <stop lat="34.06118" lon="-118.27828" stopId="15721" tag="15721" title="6th / Park View"/>
  <stop lat="34.0624199" lon="-118.2810599" stopId="15722" tag="15722" title="6th / Rampart"/>
  <stop lat="34.0581599" lon="-118.2806799" stopId="15758" tag="15758" title="7th / Park View"/>
  <stop lat="34.14231" lon="-118.2642799" stopId="15925" tag="15925" title="Pacific / Colorado"/>
  <stop lat="34.03015" lon="-118.27272" stopId="17104" tag="17104" title="23rd / Flower"/>
  <stop lat="34.0309699" lon="-118.2744899" stopId="17105" tag="17105" title="23rd / Figueroa"/>
  <stop lat="34.0321" lon="-118.27675" stopId="17106" tag="17106" title="23rd / Estrella"/>
  <stop lat="34.03338" lon="-118.27962" stopId="17107" tag="17107" title="23rd / Scarff"/>
  <stop lat="34.03494" lon="-118.28314" stopId="17108" tag="17108" title="23rd / Union"/>
  <stop lat="34.0470799" lon="-118.28409" stopId="17109" tag="17109" title="Hoover / Pico"/>
  <stop lat="34.04973" lon="-118.28403" stopId="17110" tag="17110" title="Hoover / 12th"/>
  <stop lat="34.05222" lon="-118.28407" stopId="17111" tag="17111" title="Hoover / Olympic"/>
  <stop lat="34.05564" lon="-118.2841" stopId="17112" tag="17112" title="Hoover / James M Wood"/>
  <stop lat="34.0574699" lon="-118.2841" stopId="17113" tag="17113" title="Hoover / 8th"/>
  <stop lat="34.0563799" lon="-118.27524" stopId="17114" tag="17114" title="Westlake / Macarthur Park Station"/>
  <stop lat="34.0659799" lon="-118.27892" stopId="17116" tag="17116" title="Rampart / 3rd"/>
  <stop lat="34.0692699" lon="-118.27681" stopId="17117" tag="17117" title="Rampart / Beverly"/>
  <stop lat="34.0751999" lon="-118.27151" stopId="17118" tag="17118" title="Coronado / Bellevue"/>
  <stop lat="34.1121399" lon="-118.24905" stopId="17121" tag="17121" title="Fletcher / La Clede"/>
  <stop lat="34.1452699" lon="-118.2608" tag="17123_ar" title="Columbus / Hawthorne"/>
  <stop lat="34.1101599" lon="-118.25141" stopId="32173" tag="32173" title="Fletcher / Larga"/>
  <stop lat="34.1375" lon="-118.26428" stopId="32174" tag="32174" title="Pacific / San Fernando"/>
  <stop lat="34.0908699" lon="-118.25836" stopId="00088" tag="88" title="Allesandro / Ewing"/>
  <stop lat="34.0937599" lon="-118.25518" stopId="00089" tag="89" title="Allesandro / Oak Glen"/>
  <stop lat="34.0958099" lon="-118.25355" stopId="00091" tag="91" title="Allesandro / Whitmore"/>
  <stop lat="34.1251" lon="-118.25649" stopId="01330" tag="1330" title="San Fernando / Cerritos"/>
  <stop lat="34.1235199" lon="-118.2548599" stopId="02016" tag="2016" title="San Fernando / Brand"/>
  <stop lat="34.13734" lon="-118.2645299" stopId="04200" tag="4200" title="Pacific / San Fernando"/>
  <stop lat="34.0996999" lon="-118.25023" stopId="04499" tag="4499" title="Riverside / Allesandro"/>
  <stop lat="34.0324499" lon="-118.26828" stopId="05113" tag="5113" title="Grand / Washington"/>
  <stop lat="34.0331899" lon="-118.26457" tag="6535_ar" title="Terminal 28 - East Lot"/>
  <stop lat="34.0335499" lon="-118.2662799" stopId="07256" tag="7256" title="18th / Olive"/>
  <stop lat="34.06031" lon="-118.27684" stopId="07352" tag="7352" title="6th / Grand View"/>
  <stop lat="34.0609699" lon="-118.2783199" stopId="07359" tag="7359" title="6th / Park View"/>
  <stop lat="34.0595499" lon="-118.27514" stopId="07369" tag="7369" title="6th / Alvarado"/>
  <stop lat="34.05813" lon="-118.28025" stopId="07403" tag="7403" title="7th / Park View"/>
  <stop lat="34.09246" lon="-118.2567599" stopId="08688" tag="8688" title="Allesandro / Baxter"/>
  <stop lat="34.09854" lon="-118.2512699" stopId="08691" tag="8691" title="Allesandro / Rosebud"/>
  <stop lat="34.10768" lon="-118.2547499" stopId="10498" tag="10498" title="Fletcher / Crystal"/>
  <stop lat="34.0837" lon="-118.2601599" stopId="10739" tag="10739" title="Glendale / Berkeley"/>
  <stop lat="34.08813" lon="-118.2596499" stopId="10740" tag="10740" title="Glendale / Branden"/>
  <stop lat="34.0859899" lon="-118.26003" stopId="10744" tag="10744" title="Glendale / Effie"/>
  <stop lat="34.08034" lon="-118.2619699" stopId="11847" tag="11847" title="Alvarado / Montana"/>
  <stop lat="34.0778599" lon="-118.2635" stopId="11849" tag="11849" title="Alvarado / Sunset"/>
  <stop lat="34.1465699" lon="-118.2580399" stopId="11936" tag="11936" title="Central / Broadway"/>
  <stop lat="34.1149499" lon="-118.24612" stopId="12351" tag="12351" title="San Fernando / Fletcher"/>
  <stop lat="34.11945" lon="-118.25059" stopId="12360" tag="12360" title="San Fernando / Treadwell"/>
  <stop lat="34.1056899" lon="-118.2564299" stopId="12960" tag="12960" title="Riverside / Fletcher"/>
  <stop lat="34.1041" lon="-118.2533" stopId="12962" tag="12962" title="Riverside / Gilroy"/>
  <stop lat="34.0577099" lon="-118.2762" stopId="13122" tag="13122" title="Alvarado / Wilshire"/>
  <stop lat="34.1439699" lon="-118.2580499" stopId="13359" tag="13359" title="Central / Americana"/>
  <stop lat="34.03672" lon="-118.28415" stopId="13606" tag="13606" title="Hoover / Santa Monica Fwy"/>
  <stop lat="34.0419699" lon="-118.2842699" stopId="13607" tag="13607" title="Hoover / 18th"/>
  <stop lat="34.03967" lon="-118.28422" stopId="13613" tag="13613" title="Hoover / Washington"/>
  <stop lat="34.13886" lon="-118.26453" stopId="13799" tag="13799" title="Pacific / Riverdale"/>
  <stop lat="34.1409699" lon="-118.26453" stopId="13801" tag="13801" title="Pacific / Vine"/>
  <stop lat="34.14225" lon="-118.2645199" stopId="13823" tag="13823" title="Pacific / Colorado"/>
  <stop lat="34.1308799" lon="-118.2612699" stopId="14209" tag="14209" title="San Fernando / Magnolia"/>
  <stop lat="34.12253" lon="-118.25383" stopId="14222" tag="14222" title="San Fernando / Glendale"/>
  <stop lat="34.12657" lon="-118.25792" stopId="14223" tag="14223" title="San Fernando / Central"/>
  <stop lat="34.13361" lon="-118.26271" stopId="14239" tag="14239" title="San Fernando / Chevy Chase"/>
  <stop lat="34.1281299" lon="-118.25921" stopId="14242" tag="14242" title="San Fernando / Los Feliz"/>
  <stop lat="34.04398" lon="-118.28427" stopId="15254" tag="15254" title="Hoover / Venice"/>
  <stop lat="34.0567399" lon="-118.2771799" stopId="15737" tag="15737" title="7th / Alvarado"/>
  <stop lat="34.0590099" lon="-118.2822199" stopId="15745" tag="15745" title="7th / Coronado"/>
  <stop lat="34.0781599" lon="-118.2661199" stopId="16353" tag="16353" title="Sunset / Rosemont"/>
  <stop lat="34.1452699" lon="-118.2608" stopId="17123" tag="17123" title="Columbus / Hawthorne"/>
  <stop lat="34.1426499" lon="-118.26072" stopId="17126" tag="17126" title="Colorado / Columbus"/>
  <stop lat="34.11232" lon="-118.2492599" stopId="17127" tag="17127" title="Fletcher / La Clede"/>
  <stop lat="34.0793599" lon="-118.26915" stopId="17128" tag="17128" title="Coronado / Sunset"/>
  <stop lat="34.07521" lon="-118.2716899" stopId="17129" tag="17129" title="Coronado / Bellevue"/>
  <stop lat="34.0723999" lon="-118.27506" stopId="17130" tag="17130" title="Rampart / Temple"/>
  <stop lat="34.06967" lon="-118.2768199" stopId="17131" tag="17131" title="Rampart / Beverly"/>
  <stop lat="34.06644" lon="-118.2788999" stopId="17132" tag="17132" title="Rampart / 3rd"/>
  <stop lat="34.06201" lon="-118.28062" stopId="17133" tag="17133" title="6th / Coronado"/>
  <stop lat="34.05795" lon="-118.2843199" stopId="17135" tag="17135" title="Hoover / 8th"/>
  <stop lat="34.0560599" lon="-118.2843399" stopId="17136" tag="17136" title="Hoover / James M Wood"/>
  <stop lat="34.0522099" lon="-118.2843099" stopId="17137" tag="17137" title="Hoover / Olympic"/>
  <stop lat="34.05007" lon="-118.28428" stopId="17138" tag="17138" title="Hoover / 12th"/>
  <stop lat="34.0475099" lon="-118.28429" stopId="17139" tag="17139" title="Hoover / Pico"/>
  <stop lat="34.04547" lon="-118.2843199" stopId="17140" tag="17140" title="Hoover / Alvarado"/>
  <stop lat="34.03492" lon="-118.28362" stopId="17141" tag="17141" title="23rd / Union"/>
  <stop lat="34.03341" lon="-118.28018" stopId="17142" tag="17142" title="23rd / Oak"/>
  <stop lat="34.03197" lon="-118.27696" stopId="17143" tag="17143" title="23rd / Estrella"/>
  <stop lat="34.03079" lon="-118.27459" stopId="17144" tag="17144" title="23rd / Figueroa"/>
  <stop lat="34.0301699" lon="-118.2732599" stopId="17145" tag="17145" title="23rd / Flower"/>
  <stop lat="34.02924" lon="-118.27033" stopId="17146" tag="17146" title="Grand / 23rd"/>
  <stop lat="34.14671" lon="-118.25966" stopId="20177" tag="20177" title="Broadway / Galleria"/>
  <stop lat="34.1105799" lon="-118.25134" stopId="32175" tag="32175" title="Fletcher / Larga"/>
  <direction name="North" tag="603_26_0" title="North to Glendale Galleria" useForUI="true">
   <stop tag="13575"/>
   <stop tag="5107"/>
   <stop tag="17104"/>
   <stop tag="17105"/>
   <stop tag="17106"/>
   <stop tag="17107"/>
   <stop tag="17108"/>
   <stop tag="5148"/>
   <stop tag="5154"/>
   <stop tag="5149"/>
   <stop tag="6903"/>
   <stop tag="4653"/>
   <stop tag="17109"/>
   <stop tag="17110"/>
   <stop tag="17111"/>
   <stop tag="17112"/>
   <stop tag="17113"/>
   <stop tag="7386"/>
   <stop tag="15758"/>
   <stop tag="7377"/>
   <stop tag="17114"/>
   <stop tag="15706"/>
   <stop tag="15716"/>
   <stop tag="15721"/>
   <stop tag="15722"/>
   <stop tag="17116"/>
   <stop tag="17117"/>
   <stop tag="8100"/>
   <stop tag="17118"/>
   <stop tag="8033"/>
   <stop tag="8066"/>
   <stop tag="3362"/>
   <stop tag="3360"/>
   <stop tag="2198"/>
   <stop tag="2203"/>
   <stop tag="2199"/>
   <stop tag="8689"/>
   <stop tag="87"/>
   <stop tag="8690"/>
   <stop tag="8692"/>
   <stop tag="90"/>
   <stop tag="4589"/>
   <stop tag="4510"/>
   <stop tag="4504"/>
   <stop tag="4502"/>
   <stop tag="1946"/>
   <stop tag="32173"/>
   <stop tag="17121"/>
   <stop tag="12353"/>
   <stop tag="3885"/>
   <stop tag="5849"/>
   <stop tag="5864"/>
   <stop tag="2469"/>
   <stop tag="5865"/>
   <stop tag="5835"/>
   <stop tag="5862"/>
   <stop tag="32174"/>
   <stop tag="5392"/>
   <stop tag="5394"/>
   <stop tag="15925"/>
   <stop tag="17123_ar"/>
  </direction>
  <direction name="South" tag="603_27_1" title="South to Grand Sta/LA Trade Tech" useForUI="true">
   <stop tag="17123"/>
   <stop tag="20177"/>
   <stop tag="11936"/>
   <stop tag="13359"/>
   <stop tag="17126"/>
   <stop tag="13823"/>
   <stop tag="13801"/>
   <stop tag="13799"/>
   <stop tag="4200"/>
   <stop tag="14239"/>
   <stop tag="14209"/>
   <stop tag="14242"/>
   <stop tag="14223"/>
   <stop tag="1330"/>
   <stop tag="2016"/>
   <stop tag="14222"/>
   <stop tag="12360"/>
   <stop tag="12351"/>
   <stop tag="17127"/>
   <stop tag="32175"/>
   <stop tag="10498"/>
   <stop tag="12960"/>
   <stop tag="12962"/>
   <stop tag="4499"/>
   <stop tag="8691"/>
   <stop tag="91"/>
   <stop tag="89"/>
   <stop tag="8688"/>
   <stop tag="88"/>
   <stop tag="10740"/>
   <stop tag="10744"/>
   <stop tag="10739"/>
   <stop tag="11847"/>
   <stop tag="11849"/>
   <stop tag="16353"/>
   <stop tag="17128"/>
   <stop tag="17129"/>
   <stop tag="17130"/>
   <stop tag="17131"/>
   <stop tag="17132"/>
   <stop tag="17133"/>
   <stop tag="7359"/>
   <stop tag="7352"/>
   <stop tag="7369"/>
   <stop tag="13122"/>
   <stop tag="15737"/>
   <stop tag="7403"/>
   <stop tag="15745"/>
   <stop tag="17135"/>
   <stop tag="17136"/>
   <stop tag="17137"/>
   <stop tag="17138"/>
   <stop tag="17139"/>
   <stop tag="17140"/>
   <stop tag="15254"/>
   <stop tag="13607"/>
   <stop tag="13613"/>
   <stop tag="13606"/>
   <stop tag="17141"/>
   <stop tag="17142"/>
   <stop tag="17143"/>
   <stop tag="17144"/>
   <stop tag="17145"/>
   <stop tag="17146"/>
   <stop tag="5113"/>
   <stop tag="7256"/>
   <stop tag="6535_ar"/>
  </direction>
  <path>
   <point lat="34.03245" lon="-118.26828"/>
   <point lat="34.03421" lon="-118.26733"/>
   <point lat="34.03376" lon="-118.26651"/>
   <point lat="34.03355" lon="-118.26628"/>
   <point lat="34.03313" lon="-118.26539"/>
   <point lat="34.03287" lon="-118.26491"/>
   <point lat="34.03319" lon="-118.26457"/>
  </path>
  <path>
   <point lat="34.05638" lon="-118.27524"/>
   <point lat="34.05741" lon="-118.27468"/>
   <point lat="34.059" lon="-118.27364"/>
   <point lat="34.05956" lon="-118.27457"/>
   <point lat="34.06049" lon="-118.27673"/>
   <point lat="34.06118" lon="-118.27828"/>
   <point lat="34.06242" lon="-118.28106"/>
   <point lat="34.0649299" lon="-118.27973"/>
   <point lat="34.06598" lon="-118.27892"/>
   <point lat="34.06927" lon="-118.27681"/>
   <point lat="34.07233" lon="-118.27467"/>
   <point lat="34.07227" lon="-118.27406"/>
   <point lat="34.07222" lon="-118.27389"/>
   <point lat="34.0722" lon="-118.27385"/>
   <point lat="34.07209" lon="-118.27351"/>
   <point lat="34.07303" lon="-118.27294"/>
   <point lat="34.07329" lon="-118.27277"/>
   <point lat="34.07428" lon="-118.27217"/>
   <point lat="34.0752" lon="-118.27151"/>
   <point lat="34.07928" lon="-118.26885"/>
   <point lat="34.07839" lon="-118.26673"/>
   <point lat="34.07788" lon="-118.2662"/>
   <point lat="34.07763" lon="-118.26572"/>
   <point lat="34.07754" lon="-118.26554"/>
   <point lat="34.07749" lon="-118.26542"/>
   <point lat="34.07746" lon="-118.26531"/>
   <point lat="34.07744" lon="-118.26523"/>
   <point lat="34.07743" lon="-118.26512"/>
   <point lat="34.0774199" lon="-118.26495"/>
   <point lat="34.0774199" lon="-118.26477"/>
   <point lat="34.07744" lon="-118.26454"/>
   <point lat="34.0775099" lon="-118.2641"/>
   <point lat="34.07762" lon="-118.26347"/>
   <point lat="34.07793" lon="-118.26311"/>
  </path>
  <path>
   <point lat="34.11495" lon="-118.24612"/>
   <point lat="34.11454" lon="-118.24633"/>
   <point lat="34.1123199" lon="-118.24926"/>
   <point lat="34.11058" lon="-118.25134"/>
   <point lat="34.10786" lon="-118.25433"/>
   <point lat="34.10768" lon="-118.25475"/>
   <point lat="34.10596" lon="-118.25656"/>
   <point lat="34.10569" lon="-118.25643"/>
   <point lat="34.10471" lon="-118.25384"/>
   <point lat="34.10467" lon="-118.25379"/>
   <point lat="34.10456" lon="-118.25362"/>
   <point lat="34.1041" lon="-118.2533"/>
   <point lat="34.10338" lon="-118.2524"/>
   <point lat="34.10262" lon="-118.25162"/>
   <point lat="34.10251" lon="-118.25153"/>
   <point lat="34.10235" lon="-118.25142"/>
   <point lat="34.10227" lon="-118.25138"/>
   <point lat="34.10214" lon="-118.25132"/>
   <point lat="34.1009" lon="-118.25069"/>
   <point lat="34.10057" lon="-118.25053"/>
   <point lat="34.0997" lon="-118.25023"/>
   <point lat="34.09854" lon="-118.25127"/>
   <point lat="34.09752" lon="-118.25217"/>
   <point lat="34.09581" lon="-118.25355"/>
   <point lat="34.09472" lon="-118.2543"/>
   <point lat="34.09376" lon="-118.25518"/>
   <point lat="34.09323" lon="-118.25562"/>
   <point lat="34.09246" lon="-118.25676"/>
   <point lat="34.09124" lon="-118.25794"/>
   <point lat="34.09087" lon="-118.25836"/>
   <point lat="34.09052" lon="-118.25848"/>
   <point lat="34.08813" lon="-118.25965"/>
   <point lat="34.08791" lon="-118.25954"/>
   <point lat="34.08599" lon="-118.26003"/>
   <point lat="34.0837" lon="-118.26016"/>
   <point lat="34.08322" lon="-118.26002"/>
   <point lat="34.08217" lon="-118.26068"/>
   <point lat="34.08034" lon="-118.26197"/>
   <point lat="34.07786" lon="-118.2635"/>
  </path>
  <path>
   <point lat="34.12813" lon="-118.25921"/>
   <point lat="34.12657" lon="-118.25792"/>
   <point lat="34.1251" lon="-118.25649"/>
   <point lat="34.12352" lon="-118.25486"/>
   <point lat="34.12253" lon="-118.25383"/>
   <point lat="34.11945" lon="-118.25059"/>
   <point lat="34.11562" lon="-118.2466"/>
   <point lat="34.11495" lon="-118.24612"/>
  </path>
  <path>
   <point lat="34.04751" lon="-118.28429"/>
   <point lat="34.04547" lon="-118.28432"/>
   <point lat="34.04398" lon="-118.28427"/>
   <point lat="34.04197" lon="-118.28427"/>
   <point lat="34.03967" lon="-118.28422"/>
   <point lat="34.03672" lon="-118.28415"/>
   <point lat="34.03519" lon="-118.28398"/>
   <point lat="34.03492" lon="-118.28362"/>
   <point lat="34.03341" lon="-118.28018"/>
   <point lat="34.03197" lon="-118.27696"/>
   <point lat="34.03079" lon="-118.27459"/>
   <point lat="34.03017" lon="-118.27326"/>
   <point lat="34.02924" lon="-118.27033"/>
   <point lat="34.03245" lon="-118.26828"/>
  </path>
  <path>
   <point lat="34.1452699" lon="-118.2608"/>
   <point lat="34.14586" lon="-118.26088"/>
   <point lat="34.14598" lon="-118.26089"/>
   <point lat="34.14603" lon="-118.2609"/>
   <point lat="34.14615" lon="-118.26095"/>
   <point lat="34.14621" lon="-118.26099"/>
   <point lat="34.14634" lon="-118.26112"/>
   <point lat="34.14642" lon="-118.26118"/>
   <point lat="34.1465" lon="-118.26123"/>
   <point lat="34.1465699" lon="-118.26125"/>
   <point lat="34.1467" lon="-118.2613"/>
   <point lat="34.14684" lon="-118.26132"/>
   <point lat="34.14671" lon="-118.25966"/>
   <point lat="34.14684" lon="-118.25815"/>
   <point lat="34.14684" lon="-118.25788"/>
   <point lat="34.1465699" lon="-118.25804"/>
   <point lat="34.14438" lon="-118.2579"/>
   <point lat="34.14397" lon="-118.25805"/>
   <point lat="34.14255" lon="-118.25789"/>
   <point lat="34.14265" lon="-118.26072"/>
   <point lat="34.14225" lon="-118.26452"/>
   <point lat="34.14097" lon="-118.26453"/>
   <point lat="34.13886" lon="-118.26453"/>
   <point lat="34.13762" lon="-118.26442"/>
   <point lat="34.13734" lon="-118.26453"/>
   <point lat="34.1368" lon="-118.26441"/>
   <point lat="34.13615" lon="-118.26386"/>
   <point lat="34.13361" lon="-118.26271"/>
   <point lat="34.13088" lon="-118.26127"/>
   <point lat="34.13015" lon="-118.26073"/>
   <point lat="34.12981" lon="-118.26044"/>
   <point lat="34.12813" lon="-118.25921"/>
  </path>
  <path>
   <point lat="34.03294" lon="-118.26832"/>
   <point lat="34.02996" lon="-118.27005"/>
   <point lat="34.0292699" lon="-118.27077"/>
   <point lat="34.02938" lon="-118.27126"/>
   <point lat="34.03015" lon="-118.27272"/>
   <point lat="34.03097" lon="-118.27449"/>
   <point lat="34.0321" lon="-118.27675"/>
   <point lat="34.03338" lon="-118.27962"/>
   <point lat="34.03494" lon="-118.28314"/>
   <point lat="34.03519" lon="-118.28398"/>
   <point lat="34.03554" lon="-118.28397"/>
   <point lat="34.03601" lon="-118.28397"/>
   <point lat="34.03619" lon="-118.28398"/>
   <point lat="34.03655" lon="-118.28399"/>
   <point lat="34.03691" lon="-118.28385"/>
   <point lat="34.03812" lon="-118.284"/>
   <point lat="34.03954" lon="-118.28391"/>
   <point lat="34.0415599" lon="-118.28397"/>
   <point lat="34.04351" lon="-118.28396"/>
   <point lat="34.04561" lon="-118.28408"/>
   <point lat="34.04708" lon="-118.28409"/>
  </path>
  <path>
   <point lat="34.04708" lon="-118.28409"/>
   <point lat="34.0497299" lon="-118.28403"/>
   <point lat="34.05222" lon="-118.28407"/>
   <point lat="34.0556399" lon="-118.2841"/>
   <point lat="34.05747" lon="-118.2841"/>
   <point lat="34.05775" lon="-118.28422"/>
   <point lat="34.05795" lon="-118.2842"/>
   <point lat="34.05812" lon="-118.28417"/>
   <point lat="34.05875" lon="-118.28417"/>
   <point lat="34.05966" lon="-118.2842"/>
   <point lat="34.05982" lon="-118.28421"/>
   <point lat="34.05941" lon="-118.28331"/>
   <point lat="34.05887" lon="-118.28228"/>
   <point lat="34.0586399" lon="-118.28158"/>
   <point lat="34.05816" lon="-118.28068"/>
   <point lat="34.0564899" lon="-118.27702"/>
   <point lat="34.0559299" lon="-118.27563"/>
   <point lat="34.05638" lon="-118.27524"/>
  </path>
  <path>
   <point lat="34.12861" lon="-118.25925"/>
   <point lat="34.12981" lon="-118.26044"/>
   <point lat="34.13067" lon="-118.26083"/>
   <point lat="34.13165" lon="-118.26151"/>
   <point lat="34.13327" lon="-118.2622"/>
   <point lat="34.13615" lon="-118.26386"/>
   <point lat="34.1375" lon="-118.26428"/>
   <point lat="34.13888" lon="-118.26429"/>
   <point lat="34.14069" lon="-118.26429"/>
   <point lat="34.14231" lon="-118.26428"/>
   <point lat="34.14253" lon="-118.26089"/>
   <point lat="34.14337" lon="-118.26085"/>
   <point lat="34.1452699" lon="-118.2608"/>
  </path>
  <path>
   <point lat="34.07793" lon="-118.26311"/>
   <point lat="34.08035" lon="-118.26162"/>
   <point lat="34.08322" lon="-118.26002"/>
   <point lat="34.0838899" lon="-118.25984"/>
   <point lat="34.0856" lon="-118.25975"/>
   <point lat="34.08791" lon="-118.25954"/>
   <point lat="34.08866" lon="-118.25924"/>
   <point lat="34.08955" lon="-118.25922"/>
   <point lat="34.08968" lon="-118.25921"/>
   <point lat="34.08976" lon="-118.25918"/>
   <point lat="34.08987" lon="-118.25915"/>
   <point lat="34.08994" lon="-118.25912"/>
   <point lat="34.08991" lon="-118.25903"/>
   <point lat="34.0899" lon="-118.25898"/>
   <point lat="34.0899" lon="-118.25885"/>
   <point lat="34.0909" lon="-118.25813"/>
   <point lat="34.09124" lon="-118.25794"/>
   <point lat="34.09244" lon="-118.25652"/>
   <point lat="34.09301" lon="-118.2559"/>
   <point lat="34.09363" lon="-118.25509"/>
   <point lat="34.09472" lon="-118.2543"/>
   <point lat="34.09585" lon="-118.25332"/>
   <point lat="34.09892" lon="-118.25061"/>
   <point lat="34.09958" lon="-118.25003"/>
   <point lat="34.10008" lon="-118.25013"/>
   <point lat="34.10227" lon="-118.25125"/>
   <point lat="34.10433" lon="-118.25323"/>
   <point lat="34.10471" lon="-118.25384"/>
   <point lat="34.10588" lon="-118.25632"/>
   <point lat="34.10622" lon="-118.25625"/>
   <point lat="34.10757" lon="-118.25446"/>
   <point lat="34.11016" lon="-118.25141"/>
   <point lat="34.1121399" lon="-118.24905"/>
   <point lat="34.11352" lon="-118.2476"/>
   <point lat="34.11512" lon="-118.24589"/>
  </path>
  <path>
   <point lat="34.03319" lon="-118.26457"/>
   <point lat="34.03357" lon="-118.26431"/>
   <point lat="34.03401" lon="-118.2651"/>
   <point lat="34.03422" lon="-118.26552"/>
   <point lat="34.03434" lon="-118.26574"/>
   <point lat="34.03465" lon="-118.26627"/>
   <point lat="34.03473" lon="-118.26642"/>
   <point lat="34.03494" lon="-118.26685"/>
   <point lat="34.03473" lon="-118.26699"/>
   <point lat="34.03464" lon="-118.26704"/>
   <point lat="34.0345299" lon="-118.26712"/>
   <point lat="34.0344" lon="-118.2672"/>
   <point lat="34.03437" lon="-118.26722"/>
   <point lat="34.03426" lon="-118.2673"/>
   <point lat="34.03421" lon="-118.26733"/>
   <point lat="34.03294" lon="-118.26832"/>
  </path>
  <path>
   <point lat="34.07786" lon="-118.2635"/>
   <point lat="34.0775099" lon="-118.2641"/>
   <point lat="34.07744" lon="-118.26454"/>
   <point lat="34.0774199" lon="-118.26477"/>
   <point lat="34.0774199" lon="-118.26495"/>
   <point lat="34.07743" lon="-118.26512"/>
   <point lat="34.07744" lon="-118.26523"/>
   <point lat="34.07746" lon="-118.26531"/>
   <point lat="34.07749" lon="-118.26542"/>
   <point lat="34.07754" lon="-118.26554"/>
   <point lat="34.07763" lon="-118.26572"/>
   <point lat="34.07778" lon="-118.2659"/>
   <point lat="34.07787" lon="-118.26598"/>
   <point lat="34.0781599" lon="-118.26612"/>
   <point lat="34.07825" lon="-118.26647"/>
   <point lat="34.07936" lon="-118.26915"/>
   <point lat="34.07521" lon="-118.27169"/>
   <point lat="34.07442" lon="-118.27208"/>
   <point lat="34.07428" lon="-118.27217"/>
   <point lat="34.07329" lon="-118.27277"/>
   <point lat="34.07303" lon="-118.27294"/>
   <point lat="34.07209" lon="-118.27351"/>
   <point lat="34.0722" lon="-118.27385"/>
   <point lat="34.07222" lon="-118.27389"/>
   <point lat="34.07227" lon="-118.27406"/>
   <point lat="34.07241" lon="-118.27447"/>
   <point lat="34.07249" lon="-118.27474"/>
   <point lat="34.0724" lon="-118.27506"/>
   <point lat="34.06967" lon="-118.27682"/>
   <point lat="34.06644" lon="-118.2789"/>
   <point lat="34.06243" lon="-118.28133"/>
   <point lat="34.06201" lon="-118.28062"/>
   <point lat="34.06097" lon="-118.27832"/>
   <point lat="34.06031" lon="-118.27684"/>
   <point lat="34.05955" lon="-118.27514"/>
   <point lat="34.05796" lon="-118.27586"/>
   <point lat="34.05771" lon="-118.2762"/>
  </path>
  <path>
   <point lat="34.11512" lon="-118.24589"/>
   <point lat="34.11935" lon="-118.25009"/>
   <point lat="34.12372" lon="-118.25469"/>
   <point lat="34.12582" lon="-118.25683"/>
   <point lat="34.12673" lon="-118.25768"/>
   <point lat="34.12861" lon="-118.25925"/>
  </path>
  <path>
   <point lat="34.05771" lon="-118.2762"/>
   <point lat="34.05648" lon="-118.27681"/>
   <point lat="34.05674" lon="-118.27718"/>
   <point lat="34.05746" lon="-118.27894"/>
   <point lat="34.05813" lon="-118.28025"/>
   <point lat="34.05862" lon="-118.28152"/>
   <point lat="34.0586399" lon="-118.28158"/>
   <point lat="34.05901" lon="-118.28222"/>
   <point lat="34.05937" lon="-118.28322"/>
   <point lat="34.05982" lon="-118.28421"/>
   <point lat="34.05966" lon="-118.2842"/>
   <point lat="34.05875" lon="-118.28417"/>
   <point lat="34.05795" lon="-118.28432"/>
   <point lat="34.05606" lon="-118.28434"/>
   <point lat="34.05221" lon="-118.28431"/>
   <point lat="34.05007" lon="-118.28428"/>
   <point lat="34.04751" lon="-118.28429"/>
  </path>
 </route>
</body>