<?xml version="1.0" encoding="utf-8"?>
<body copyright="All data copyright Los Angeles Metro 2022.">
 <route color="e74d00" latMax="34.1433899" latMin="33.9277699" lonMax="-118.18354" lonMin="-118.2829099" oppositeColor="ffffff" tag="81" title="81 Eagle Rock- Dwntwn LA- Harbor Fwy St">
  <stop lat="34.04859" lon="-118.2517599" stopId="00040" tag="40" title="Hill / 5th"/>
  <stop lat="34.1401" lon="-118.21879" stopId="00758" tag="758" title="Colorado / Ellenwood"/>
  <stop lat="34.13932" lon="-118.21448" stopId="00765" tag="765" title="Colorado / Eagle Rock"/>
  <stop lat="34.1396099" lon="-118.2161099" stopId="00770" tag="770" title="Colorado / El Rio"/>
  <stop lat="34.1421799" lon="-118.2227199" stopId="00786" tag="786" title="Colorado / Sierra Villa"/>
  <stop lat="34.13799" lon="-118.2142599" stopId="01742" tag="1742" title="Eagle Rock / Merton"/>
  <stop lat="34.1352699" lon="-118.21506" stopId="01757" tag="1757" title="Eagle Rock / Yosemite"/>
  <stop lat="34.11343" lon="-118.1862199" stopId="01881" tag="1881" title="Figueroa / Arroyo Glen"/>
  <stop lat="34.0107099" lon="-118.28257" stopId="01883" tag="1883" title="Figueroa / Martin Luther King Jr"/>
  <stop lat="34.0995799" lon="-118.20381" stopId="03176" tag="3176" title="Figueroa / Sycamore Grove Park"/>
  <stop lat="34.0883399" lon="-118.21569" stopId="03501" tag="3501" title="Figueroa / Amabel"/>
  <stop lat="34.1291499" lon="-118.1877199" stopId="03502" tag="3502" title="Figueroa / Annan"/>
  <stop lat="34.13201" lon="-118.18904" stopId="03504" tag="3504" title="Figueroa / Buena Vista"/>
  <stop lat="34.12662" lon="-118.18655" stopId="03505" tag="3505" title="Figueroa / Burwood"/>
  <stop lat="34.0862399" lon="-118.21906" stopId="03506" tag="3506" title="Figueroa / Cypress"/>
  <stop lat="34.0926699" lon="-118.20979" stopId="03508" tag="3508" title="Figueroa / Avenue 41"/>
  <stop lat="34.0942699" lon="-118.20849" stopId="03510" tag="3510" title="Figueroa / Avenue 43"/>
  <stop lat="34.09577" lon="-118.2072799" stopId="03511" tag="3511" title="Figueroa / Avenue 45"/>
  <stop lat="34.1049699" lon="-118.20185" stopId="03512" tag="3512" title="Figueroa / Avenue 50"/>
  <stop lat="34.1344599" lon="-118.18923" stopId="03515" tag="3515" title="Figueroa / Lanark"/>
  <stop lat="34.1200299" lon="-118.18354" stopId="03517" tag="3517" title="Figueroa / Meridian"/>
  <stop lat="34.10216" lon="-118.2029099" stopId="03521" tag="3521" title="Figueroa / Avenue 49"/>
  <stop lat="34.1061" lon="-118.1995599" stopId="03523" tag="3523" title="Figueroa / Avenue 52"/>
  <stop lat="34.1072399" lon="-118.19726" stopId="03524" tag="3524" title="Figueroa / Avenue 54"/>
  <stop lat="34.10883" lon="-118.1940499" stopId="03525" tag="3525" title="Figueroa / Avenue 56"/>
  <stop lat="34.10947" lon="-118.1927399" stopId="03526" tag="3526" title="Figueroa / Avenue 57"/>
  <stop lat="34.11141" lon="-118.1887899" stopId="03528" tag="3528" title="Figueroa / Avenue 60"/>
  <stop lat="34.1234599" lon="-118.1850899" stopId="03530" tag="3530" title="Figueroa / Springvale"/>
  <stop lat="34.0846799" lon="-118.22109" stopId="03532" tag="3532" title="Figueroa / Avenue 28"/>
  <stop lat="34.0981899" lon="-118.20496" stopId="03539" tag="3539" title="Figueroa / Woodside"/>
  <stop lat="34.1152299" lon="-118.18441" stopId="03540" tag="3540" title="Figueroa / York"/>
  <stop lat="34.06254" lon="-118.2395099" stopId="03611" tag="3611" title="Hill / Alpine"/>
  <stop lat="34.0609699" lon="-118.24025" stopId="03612" tag="3612" title="Hill / Ord"/>
  <stop lat="34.0642699" lon="-118.23864" stopId="03616" tag="3616" title="Hill / College"/>
  <stop lat="34.02224" lon="-118.2796099" stopId="03634" tag="3634" title="Figueroa / Jefferson"/>
  <stop lat="34.02523" lon="-118.2776899" stopId="03692" tag="3692" title="Figueroa / 30th"/>
  <stop lat="34.04047" lon="-118.2679699" stopId="04652" tag="4652" title="Figueroa / Pico"/>
  <stop lat="34.0518099" lon="-118.24882" stopId="04771" tag="4771" title="Hill / 3rd"/>
  <stop lat="34.0187899" lon="-118.28179" stopId="04980" tag="4980" title="Figueroa / Exposition"/>
  <stop lat="34.01635" lon="-118.2826" stopId="04981" tag="4981" title="Figueroa / Flower"/>
  <stop lat="33.9418199" lon="-118.2824399" stopId="04983" tag="4983" title="Figueroa / 104th"/>
  <stop lat="33.9381" lon="-118.28243" stopId="04984" tag="4984" title="Figueroa / 108th"/>
  <stop lat="33.9340899" lon="-118.28243" stopId="04985" tag="4985" title="Figueroa / 111th"/>
  <stop lat="33.92861" lon="-118.28244" stopId="04987" tag="4987" title="Figueroa / Harbor Fwy Station"/>
  <stop lat="34.04202" lon="-118.2665899" stopId="04991" tag="4991" title="Figueroa / 12th"/>
  <stop lat="34.03096" lon="-118.2740399" stopId="04994" tag="4994" title="Figueroa / 23rd"/>
  <stop lat="34.01385" lon="-118.28259" stopId="04997" tag="4997" title="Figueroa / 39th"/>
  <stop lat="34.0090899" lon="-118.2825799" stopId="04999" tag="4999" title="Figueroa / 41st"/>
  <stop lat="34.00727" lon="-118.28257" stopId="05000" tag="5000" title="Figueroa / 42nd"/>
  <stop lat="34.00577" lon="-118.28256" stopId="05001" tag="5001" title="Figueroa / 43rd"/>
  <stop lat="34.0009199" lon="-118.2825399" stopId="05002" tag="5002" title="Figueroa / 47th"/>
  <stop lat="33.9981599" lon="-118.2825299" stopId="05003" tag="5003" title="Figueroa / 49th"/>
  <stop lat="33.9963499" lon="-118.2825199" stopId="05005" tag="5005" title="Figueroa / 51st"/>
  <stop lat="33.9931399" lon="-118.28251" stopId="05006" tag="5006" title="Figueroa / 54th"/>
  <stop lat="33.99131" lon="-118.28251" stopId="05007" tag="5007" title="Figueroa / 56th"/>
  <stop lat="33.98583" lon="-118.2825199" stopId="05008" tag="5008" title="Figueroa / 59th"/>
  <stop lat="33.9840599" lon="-118.28251" stopId="05010" tag="5010" title="Figueroa / 61st"/>
  <stop lat="33.9805099" lon="-118.28251" stopId="05011" tag="5011" title="Figueroa / 65th"/>
  <stop lat="33.9772099" lon="-118.28252" stopId="05012" tag="5012" title="Figueroa / 69th"/>
  <stop lat="33.9706299" lon="-118.28253" stopId="05014" tag="5014" title="Figueroa / 76th"/>
  <stop lat="33.9677" lon="-118.28253" stopId="05015" tag="5015" title="Figueroa / 79th"/>
  <stop lat="33.9630799" lon="-118.28254" stopId="05020" tag="5020" title="Figueroa / 83rd"/>
  <stop lat="33.96217" lon="-118.2825499" stopId="05021" tag="5021" title="Figueroa / 84th"/>
  <stop lat="33.95724" lon="-118.28254" stopId="05022" tag="5022" title="Figueroa / 88th"/>
  <stop lat="33.953" lon="-118.28253" stopId="05024" tag="5024" title="Figueroa / 92nd"/>
  <stop lat="33.94709" lon="-118.28248" stopId="05025" tag="5025" title="Figueroa / 98th"/>
  <stop lat="34.0279299" lon="-118.27597" stopId="05030" tag="5030" title="Figueroa / Adams"/>
  <stop lat="33.9452599" lon="-118.2824799" stopId="05032" tag="5032" title="Figueroa / Century"/>
  <stop lat="33.9490199" lon="-118.2825199" stopId="05033" tag="5033" title="Figueroa / Colden"/>
  <stop lat="33.9744799" lon="-118.28252" stopId="05035" tag="5035" title="Figueroa / Florence"/>
  <stop lat="33.9826" lon="-118.2825199" stopId="05036" tag="5036" title="Figueroa / Gage"/>
  <stop lat="33.9312199" lon="-118.28244" stopId="05037" tag="5037" title="Figueroa / Imperial"/>
  <stop lat="33.96036" lon="-118.28255" stopId="05039" tag="5039" title="Figueroa / Manchester"/>
  <stop lat="34.04513" lon="-118.2636499" stopId="05040" tag="5040" title="Figueroa / Olympic"/>
  <stop lat="33.98941" lon="-118.28251" stopId="05046" tag="5046" title="Figueroa / Slauson"/>
  <stop lat="34.00357" lon="-118.28254" stopId="05047" tag="5047" title="Figueroa / Vernon"/>
  <stop lat="34.03457" lon="-118.2717399" stopId="05049" tag="5049" title="Figueroa / Washington"/>
  <stop lat="34.0331899" lon="-118.26457" stopId="06535" tag="6535" title="Terminal 28 - East Lot"/>
  <stop lat="34.0444599" lon="-118.25953" stopId="07442" tag="7442" title="9th / Grand"/>
  <stop lat="34.0451399" lon="-118.2605699" stopId="07443" tag="7443" title="9th / Hope"/>
  <stop lat="34.0565999" lon="-118.24415" stopId="08091" tag="8091" title="Hill / Temple"/>
  <stop lat="34.1433899" lon="-118.2249999" stopId="09067" tag="9067" title="Broadway / Sumner"/>
  <stop lat="34.1426499" lon="-118.22718" tag="9322_ar" title="Colorado / Eagledale"/>
  <stop lat="34.1372199" lon="-118.18911" tag="11267_ar" title="La Loma / Colorado Layover"/>
  <stop lat="34.05475" lon="-118.2460399" stopId="12102" tag="12102" title="Hill / 1st"/>
  <stop lat="34.05041" lon="-118.2501399" stopId="12409" tag="12409" title="Hill / 4th"/>
  <stop lat="34.03724" lon="-118.2700499" stopId="13554" tag="13554" title="Figueroa / Venice"/>
  <stop lat="34.0456999" lon="-118.25453" stopId="13600" tag="13600" title="Hill / 7th"/>
  <stop lat="34.04431" lon="-118.2557999" stopId="13601" tag="13601" title="Hill / 8th"/>
  <stop lat="34.0839199" lon="-118.22208" stopId="15866" tag="15866" title="Figueroa / Avenue 26"/>
  <stop lat="34.1329599" lon="-118.1991599" stopId="16882" tag="16882" title="Yosemite / Floristan"/>
  <stop lat="34.13405" lon="-118.20918" stopId="16883" tag="16883" title="Yosemite / Highland View"/>
  <stop lat="34.13284" lon="-118.1957799" stopId="16885" tag="16885" title="Yosemite / Avoca"/>
  <stop lat="34.13352" lon="-118.20635" stopId="16886" tag="16886" title="Yosemite / La Roda"/>
  <stop lat="34.1330699" lon="-118.2019499" stopId="16887" tag="16887" title="Yosemite / Townsend"/>
  <stop lat="34.13331" lon="-118.1937599" stopId="16888" tag="16888" title="Yosemite / Wiota"/>
  <stop lat="34.1347899" lon="-118.2131099" stopId="142135" tag="142135" title="Yosemite / Del Rosa Walk"/>
  <stop lat="34.0906" lon="-118.2114899" stopId="142416" tag="142416" title="Figueroa / Pasadena"/>
  <stop lat="34.14262" lon="-118.22485" stopId="00764" tag="764" title="Colorado / Broadway"/>
  <stop lat="34.04543" lon="-118.25706" stopId="01266" tag="1266" title="8th / Olive"/>
  <stop lat="33.92866" lon="-118.28274" stopId="01887" tag="1887" title="Figueroa / Harbor Fwy Station"/>
  <stop lat="34.03698" lon="-118.26906" stopId="01888" tag="1888" title="Venice / Flower"/>
  <stop lat="34.04576" lon="-118.2547699" stopId="02456" tag="2456" title="Hill / 7th"/>
  <stop lat="34.0840599" lon="-118.22234" stopId="03534" tag="3534" title="Figueroa / Avenue 26"/>
  <stop lat="34.0442199" lon="-118.26308" stopId="04675" tag="4675" title="Flower / Olympic"/>
  <stop lat="34.0052799" lon="-118.2828599" stopId="05043" tag="5043" title="Figueroa / 43rd"/>
  <stop lat="34.05381" lon="-118.2472299" stopId="05133" tag="5133" title="Hill / 1st"/>
  <stop lat="34.0515" lon="-118.2494199" stopId="05135" tag="5135" title="Hill / 3rd"/>
  <stop lat="34.0331899" lon="-118.26457" tag="6535_ar" title="Terminal 28 - East Lot"/>
  <stop lat="34.1327699" lon="-118.1993399" stopId="08573" tag="8573" title="Yosemite / Floristan"/>
  <stop lat="34.13259" lon="-118.1960399" stopId="08575" tag="8575" title="Yosemite / Avoca"/>
  <stop lat="34.1346" lon="-118.21316" stopId="08576" tag="8576" title="Yosemite / Del Rosa Walk"/>
  <stop lat="34.1349599" lon="-118.21506" stopId="08577" tag="8577" title="Yosemite / Eagle Rock"/>
  <stop lat="34.1334599" lon="-118.2071199" stopId="08578" tag="8578" title="Yosemite / La Roda"/>
  <stop lat="34.13393" lon="-118.20964" stopId="08579" tag="8579" title="Yosemite / Norwalk"/>
  <stop lat="34.1328499" lon="-118.2015299" stopId="08580" tag="8580" title="Yosemite / Townsend"/>
  <stop lat="34.13323" lon="-118.1932699" stopId="08581" tag="8581" title="Yosemite / Wiota"/>
  <stop lat="34.13984" lon="-118.21878" stopId="09315" tag="9315" title="Colorado / Ellenwood"/>
  <stop lat="34.1426499" lon="-118.22718" stopId="09322" tag="9322" title="Colorado / Eagledale"/>
  <stop lat="34.1421" lon="-118.22323" stopId="09333" tag="9333" title="Colorado / Sierra Villa"/>
  <stop lat="34.1372099" lon="-118.2148" stopId="10292" tag="10292" title="Eagle Rock / Chickasaw"/>
  <stop lat="34.13903" lon="-118.2144799" stopId="10293" tag="10293" title="Colorado / Eagle Rock"/>
  <stop lat="33.9417" lon="-118.2827499" stopId="10428" tag="10428" title="Figueroa / 104th"/>
  <stop lat="34.02037" lon="-118.2811299" stopId="10429" tag="10429" title="Figueroa / USC McCarthy"/>
  <stop lat="34.0115199" lon="-118.2828899" stopId="10430" tag="10430" title="Figueroa / Martin Luther King Jr"/>
  <stop lat="34.1020799" lon="-118.20327" stopId="10431" tag="10431" title="Figueroa / Sycamore"/>
  <stop lat="34.0982299" lon="-118.20551" stopId="10434" tag="10434" title="Figueroa / Woodside"/>
  <stop lat="34.1341199" lon="-118.1897399" stopId="10435" tag="10435" title="Figueroa / Yosemite"/>
  <stop lat="33.9277699" lon="-118.28184" tag="10438_ar" title="Figueroa / 117th Layover"/>
  <stop lat="34.0372399" lon="-118.27039" stopId="10440" tag="10440" title="Figueroa / Venice"/>
  <stop lat="34.1372199" lon="-118.18911" stopId="11267" tag="11267" title="La Loma / Colorado Layover"/>
  <stop lat="34.1116" lon="-118.1890099" stopId="11993" tag="11993" title="Figueroa / Avenue 60"/>
  <stop lat="34.08866" lon="-118.2155499" stopId="11994" tag="11994" title="Figueroa / Amabel"/>
  <stop lat="34.1293499" lon="-118.1881299" stopId="11995" tag="11995" title="Figueroa / Annan"/>
  <stop lat="34.1317699" lon="-118.1892499" stopId="11996" tag="11996" title="Figueroa / Buena Vista"/>
  <stop lat="34.1266299" lon="-118.1868899" stopId="11997" tag="11997" title="Figueroa / Burwood"/>
  <stop lat="34.1376899" lon="-118.18788" stopId="11998" tag="11998" title="Figueroa / Colorado"/>
  <stop lat="34.1364799" lon="-118.18834" stopId="11999" tag="11999" title="Figueroa / La Loma"/>
  <stop lat="34.0866599" lon="-118.21896" stopId="12000" tag="12000" title="Figueroa / Cypress"/>
  <stop lat="34.0907299" lon="-118.21179" stopId="12003" tag="12003" title="Figueroa / Pasadena"/>
  <stop lat="34.12029" lon="-118.18393" stopId="12004" tag="12004" title="Figueroa / Meridian"/>
  <stop lat="34.1049299" lon="-118.20238" stopId="12006" tag="12006" title="Figueroa / Avenue 50"/>
  <stop lat="34.1064599" lon="-118.19944" stopId="12007" tag="12007" title="Figueroa / Avenue 52"/>
  <stop lat="34.10778" lon="-118.1967699" stopId="12008" tag="12008" title="Figueroa / Avenue 54"/>
  <stop lat="34.1089199" lon="-118.19442" stopId="12009" tag="12009" title="Figueroa / Avenue 56"/>
  <stop lat="34.10975" lon="-118.1927699" stopId="12010" tag="12010" title="Figueroa / Avenue 57"/>
  <stop lat="34.11392" lon="-118.1861199" stopId="12014" tag="12014" title="Figueroa / Piedmont"/>
  <stop lat="34.12375" lon="-118.18555" stopId="12015" tag="12015" title="Figueroa / Springvale"/>
  <stop lat="34.0930399" lon="-118.20985" stopId="12021" tag="12021" title="Figueroa / Avenue 41"/>
  <stop lat="34.09468" lon="-118.2085499" stopId="12023" tag="12023" title="Figueroa / Avenue 43"/>
  <stop lat="34.0962899" lon="-118.20725" stopId="12024" tag="12024" title="Figueroa / Avenue 45"/>
  <stop lat="34.09969" lon="-118.2041299" stopId="12026" tag="12026" title="Figueroa / Sycamore Grove Park"/>
  <stop lat="34.1147999" lon="-118.18522" stopId="12028" tag="12028" title="Figueroa / York"/>
  <stop lat="34.0629199" lon="-118.23958" stopId="12098" tag="12098" title="Hill / Alpine"/>
  <stop lat="34.0608999" lon="-118.24052" stopId="12101" tag="12101" title="Hill / Ord"/>
  <stop lat="34.0646" lon="-118.2387399" stopId="12103" tag="12103" title="Hill / College"/>
  <stop lat="34.0191899" lon="-118.28192" stopId="13422" tag="13422" title="Figueroa / Exposition"/>
  <stop lat="34.04243" lon="-118.2665899" stopId="13423" tag="13423" title="Figueroa / 12th"/>
  <stop lat="34.01627" lon="-118.2829099" stopId="13424" tag="13424" title="Figueroa / State"/>
  <stop lat="33.9380599" lon="-118.28269" stopId="13425" tag="13425" title="Figueroa / 108th"/>
  <stop lat="33.93368" lon="-118.2827399" stopId="13426" tag="13426" title="Figueroa / 111th"/>
  <stop lat="34.0306399" lon="-118.27459" stopId="13435" tag="13435" title="Figueroa / 23rd"/>
  <stop lat="34.02486" lon="-118.2782399" stopId="13436" tag="13436" title="Figueroa / 30th"/>
  <stop lat="34.0137699" lon="-118.28289" stopId="13437" tag="13437" title="Figueroa / 39th"/>
  <stop lat="34.00762" lon="-118.28287" stopId="13438" tag="13438" title="Figueroa / 41st"/>
  <stop lat="34.00978" lon="-118.28288" stopId="13439" tag="13439" title="Figueroa / 41st"/>
  <stop lat="34.00083" lon="-118.28284" stopId="13441" tag="13441" title="Figueroa / 47th"/>
  <stop lat="33.99844" lon="-118.28283" stopId="13442" tag="13442" title="Figueroa / 49th"/>
  <stop lat="33.99627" lon="-118.28282" stopId="13443" tag="13443" title="Figueroa / 51st"/>
  <stop lat="33.9934399" lon="-118.2828199" stopId="13444" tag="13444" title="Figueroa / 54th"/>
  <stop lat="33.99161" lon="-118.28281" stopId="13445" tag="13445" title="Figueroa / 56th"/>
  <stop lat="33.98614" lon="-118.2828199" stopId="13446" tag="13446" title="Figueroa / 59th"/>
  <stop lat="33.9843299" lon="-118.28281" stopId="13447" tag="13447" title="Figueroa / 61st"/>
  <stop lat="33.9807799" lon="-118.28281" stopId="13448" tag="13448" title="Figueroa / 65th"/>
  <stop lat="33.9775199" lon="-118.2828199" stopId="13449" tag="13449" title="Figueroa / 69th"/>
  <stop lat="33.9709099" lon="-118.28283" stopId="13451" tag="13451" title="Figueroa / 76th"/>
  <stop lat="33.9679999" lon="-118.28284" stopId="13452" tag="13452" title="Figueroa / 79th"/>
  <stop lat="33.96448" lon="-118.2828499" stopId="13454" tag="13454" title="Figueroa / 82nd"/>
  <stop lat="33.96231" lon="-118.28285" stopId="13455" tag="13455" title="Figueroa / 84th"/>
  <stop lat="33.95691" lon="-118.28284" stopId="13456" tag="13456" title="Figueroa / 88th"/>
  <stop lat="33.95297" lon="-118.28284" stopId="13457" tag="13457" title="Figueroa / 92nd"/>
  <stop lat="33.9475199" lon="-118.2827999" stopId="13458" tag="13458" title="Figueroa / 98th"/>
  <stop lat="34.0283699" lon="-118.27604" stopId="13462" tag="13462" title="Figueroa / Adams"/>
  <stop lat="33.94575" lon="-118.28274" stopId="13463" tag="13463" title="Figueroa / Century"/>
  <stop lat="33.9493099" lon="-118.2828299" stopId="13465" tag="13465" title="Figueroa / Colden"/>
  <stop lat="33.9749299" lon="-118.2828" stopId="13466" tag="13466" title="Figueroa / Florence"/>
  <stop lat="33.9821799" lon="-118.2828199" stopId="13468" tag="13468" title="Figueroa / Gage"/>
  <stop lat="33.93073" lon="-118.28274" stopId="13469" tag="13469" title="Figueroa / Imperial"/>
  <stop lat="34.02174" lon="-118.2802599" stopId="13470" tag="13470" title="Figueroa / Jefferson"/>
  <stop lat="33.95981" lon="-118.28285" stopId="13471" tag="13471" title="Figueroa / Manchester"/>
  <stop lat="34.0404699" lon="-118.26831" stopId="13474" tag="13474" title="Figueroa / Pico"/>
  <stop lat="33.9888999" lon="-118.28281" stopId="13478" tag="13478" title="Figueroa / Slauson"/>
  <stop lat="34.0039599" lon="-118.2828499" stopId="13480" tag="13480" title="Figueroa / Vernon"/>
  <stop lat="34.04612" lon="-118.2613699" stopId="13495" tag="13495" title="Flower / 9th"/>
  <stop lat="34.05044" lon="-118.2504099" stopId="13596" tag="13596" title="Hill / 4th"/>
  <stop lat="34.04861" lon="-118.2520499" stopId="13597" tag="13597" title="Hill / 5th"/>
  <stop lat="34.04723" lon="-118.2534099" stopId="13598" tag="13598" title="Hill / 6th"/>
  <stop lat="34.0563699" lon="-118.2448" stopId="16381" tag="16381" title="Hill / Temple"/>
  <stop lat="34.03462" lon="-118.2720599" stopId="16455" tag="16455" title="Figueroa / Washington"/>
  <direction name="North" tag="81_321_0" title="North to Eagle Rock Plaza" useForUI="true">
   <stop tag="4987"/>
   <stop tag="5037"/>
   <stop tag="4985"/>
   <stop tag="4984"/>
   <stop tag="4983"/>
   <stop tag="5032"/>
   <stop tag="5025"/>
   <stop tag="5033"/>
   <stop tag="5024"/>
   <stop tag="5022"/>
   <stop tag="5039"/>
   <stop tag="5021"/>
   <stop tag="5020"/>
   <stop tag="5015"/>
   <stop tag="5014"/>
   <stop tag="5035"/>
   <stop tag="5012"/>
   <stop tag="5011"/>
   <stop tag="5036"/>
   <stop tag="5010"/>
   <stop tag="5008"/>
   <stop tag="5046"/>
   <stop tag="5007"/>
   <stop tag="5006"/>
   <stop tag="5005"/>
   <stop tag="5003"/>
   <stop tag="5002"/>
   <stop tag="5047"/>
   <stop tag="5001"/>
   <stop tag="5000"/>
   <stop tag="4999"/>
   <stop tag="1883"/>
   <stop tag="4997"/>
   <stop tag="4981"/>
   <stop tag="4980"/>
   <stop tag="3634"/>
   <stop tag="3692"/>
   <stop tag="5030"/>
   <stop tag="4994"/>
   <stop tag="5049"/>
   <stop tag="13554"/>
   <stop tag="4652"/>
   <stop tag="4991"/>
   <stop tag="5040"/>
   <stop tag="7443"/>
   <stop tag="7442"/>
   <stop tag="13601"/>
   <stop tag="13600"/>
   <stop tag="40"/>
   <stop tag="12409"/>
   <stop tag="4771"/>
   <stop tag="12102"/>
   <stop tag="8091"/>
   <stop tag="3612"/>
   <stop tag="3611"/>
   <stop tag="3616"/>
   <stop tag="15866"/>
   <stop tag="3532"/>
   <stop tag="3506"/>
   <stop tag="3501"/>
   <stop tag="142416"/>
   <stop tag="3508"/>
   <stop tag="3510"/>
   <stop tag="3511"/>
   <stop tag="3539"/>
   <stop tag="3176"/>
   <stop tag="3521"/>
   <stop tag="3512"/>
   <stop tag="3523"/>
   <stop tag="3524"/>
   <stop tag="3525"/>
   <stop tag="3526"/>
   <stop tag="3528"/>
   <stop tag="1881"/>
   <stop tag="3540"/>
   <stop tag="3517"/>
   <stop tag="3530"/>
   <stop tag="3505"/>
   <stop tag="3502"/>
   <stop tag="3504"/>
   <stop tag="16888"/>
   <stop tag="16885"/>
   <stop tag="16882"/>
   <stop tag="16887"/>
   <stop tag="16886"/>
   <stop tag="16883"/>
   <stop tag="142135"/>
   <stop tag="1757"/>
   <stop tag="1742"/>
   <stop tag="765"/>
   <stop tag="770"/>
   <stop tag="758"/>
   <stop tag="786"/>
   <stop tag="9067"/>
   <stop tag="9322_ar"/>
  </direction>
  <direction name="South" tag="81_320_1" title="South to Harbor Fwy Station" useForUI="true">
   <stop tag="9322"/>
   <stop tag="764"/>
   <stop tag="9333"/>
   <stop tag="9315"/>
   <stop tag="10293"/>
   <stop tag="10292"/>
   <stop tag="8577"/>
   <stop tag="8576"/>
   <stop tag="8579"/>
   <stop tag="8578"/>
   <stop tag="8580"/>
   <stop tag="8573"/>
   <stop tag="8575"/>
   <stop tag="8581"/>
   <stop tag="11996"/>
   <stop tag="11995"/>
   <stop tag="11997"/>
   <stop tag="12015"/>
   <stop tag="12004"/>
   <stop tag="12028"/>
   <stop tag="12014"/>
   <stop tag="11993"/>
   <stop tag="12010"/>
   <stop tag="12009"/>
   <stop tag="12008"/>
   <stop tag="12007"/>
   <stop tag="12006"/>
   <stop tag="10431"/>
   <stop tag="12026"/>
   <stop tag="10434"/>
   <stop tag="12024"/>
   <stop tag="12023"/>
   <stop tag="12021"/>
   <stop tag="12003"/>
   <stop tag="11994"/>
   <stop tag="12000"/>
   <stop tag="3534"/>
   <stop tag="12103"/>
   <stop tag="12098"/>
   <stop tag="12101"/>
   <stop tag="16381"/>
   <stop tag="5133"/>
   <stop tag="5135"/>
   <stop tag="13596"/>
   <stop tag="13597"/>
   <stop tag="13598"/>
   <stop tag="2456"/>
   <stop tag="1266"/>
   <stop tag="13495"/>
   <stop tag="4675"/>
   <stop tag="13423"/>
   <stop tag="13474"/>
   <stop tag="10440"/>
   <stop tag="16455"/>
   <stop tag="13435"/>
   <stop tag="13462"/>
   <stop tag="13436"/>
   <stop tag="13470"/>
   <stop tag="10429"/>
   <stop tag="13422"/>
   <stop tag="13424"/>
   <stop tag="13437"/>
   <stop tag="10430"/>
   <stop tag="13439"/>
   <stop tag="13438"/>
   <stop tag="5043"/>
   <stop tag="13480"/>
   <stop tag="13441"/>
   <stop tag="13442"/>
   <stop tag="13443"/>
   <stop tag="13444"/>
   <stop tag="13445"/>
   <stop tag="13478"/>
   <stop tag="13446"/>
   <stop tag="13447"/>
   <stop tag="13468"/>
   <stop tag="13448"/>
   <stop tag="13449"/>
   <stop tag="13466"/>
   <stop tag="13451"/>
   <stop tag="13452"/>
   <stop tag="13454"/>
   <stop tag="13455"/>
   <stop tag="13471"/>
   <stop tag="13456"/>
   <stop tag="13457"/>
   <stop tag="13465"/>
   <stop tag="13458"/>
   <stop tag="13463"/>
   <stop tag="10428"/>
   <stop tag="13425"/>
   <stop tag="13426"/>
   <stop tag="13469"/>
   <stop tag="1887"/>
   <stop tag="10438_ar"/>
  </direction>
  <direction name="South" tag="81_323_1" title="South to Harbor Fwy Station" useForUI="true">
   <stop tag="11267"/>
   <stop tag="11998"/>
   <stop tag="11999"/>
   <stop tag="10435"/>
   <stop tag="11996"/>
   <stop tag="11995"/>
   <stop tag="11997"/>
   <stop tag="12015"/>
   <stop tag="12004"/>
   <stop tag="12028"/>
   <stop tag="12014"/>
   <stop tag="11993"/>
   <stop tag="12010"/>
   <stop tag="12009"/>
   <stop tag="12008"/>
   <stop tag="12007"/>
   <stop tag="12006"/>
   <stop tag="10431"/>
   <stop tag="12026"/>
   <stop tag="10434"/>
   <stop tag="12024"/>
   <stop tag="12023"/>
   <stop tag="12021"/>
   <stop tag="12003"/>
   <stop tag="11994"/>
   <stop tag="12000"/>
   <stop tag="3534"/>
   <stop tag="12103"/>
   <stop tag="12098"/>
   <stop tag="12101"/>
   <stop tag="16381"/>
   <stop tag="5133"/>
   <stop tag="5135"/>
   <stop tag="13596"/>
   <stop tag="13597"/>
   <stop tag="13598"/>
   <stop tag="2456"/>
   <stop tag="1266"/>
   <stop tag="13495"/>
   <stop tag="4675"/>
   <stop tag="13423"/>
   <stop tag="13474"/>
   <stop tag="10440"/>
   <stop tag="16455"/>
   <stop tag="13435"/>
   <stop tag="13462"/>
   <stop tag="13436"/>
   <stop tag="13470"/>
   <stop tag="10429"/>
   <stop tag="13422"/>
   <stop tag="13424"/>
   <stop tag="13437"/>
   <stop tag="10430"/>
   <stop tag="13439"/>
   <stop tag="13438"/>
   <stop tag="5043"/>
   <stop tag="13480"/>
   <stop tag="13441"/>
   <stop tag="13442"/>
   <stop tag="13443"/>
   <stop tag="13444"/>
   <stop tag="13445"/>
   <stop tag="13478"/>
   <stop tag="13446"/>
   <stop tag="13447"/>
   <stop tag="13468"/>
   <stop tag="13448"/>
   <stop tag="13449"/>
   <stop tag="13466"/>
   <stop tag="13451"/>
   <stop tag="13452"/>
   <stop tag="13454"/>
   <stop tag="13455"/>
   <stop tag="13471"/>
   <stop tag="13456"/>
   <stop tag="13457"/>
   <stop tag="13465"/>
   <stop tag="13458"/>
   <stop tag="13463"/>
   <stop tag="10428"/>
   <stop tag="13425"/>
   <stop tag="13426"/>
   <stop tag="13469"/>
   <stop tag="1887"/>
   <stop tag="10438_ar"/>
  </direction>
  <path>
   <point lat="34.08406" lon="-118.22234"/>
   <point lat="34.08305" lon="-118.22346"/>
   <point lat="34.08282" lon="-118.22376"/>
   <point lat="34.08094" lon="-118.22537"/>
   <point lat="34.08027" lon="-118.22618"/>
   <point lat="34.08016" lon="-118.22632"/>
   <point lat="34.07923" lon="-118.22745"/>
   <point lat="34.07861" lon="-118.22835"/>
   <point lat="34.07831" lon="-118.22884"/>
   <point lat="34.07812" lon="-118.22909"/>
   <point lat="34.07729" lon="-118.2301"/>
   <point lat="34.07676" lon="-118.23079"/>
   <point lat="34.0764799" lon="-118.2311"/>
   <point lat="34.07639" lon="-118.23121"/>
   <point lat="34.076" lon="-118.2316"/>
   <point lat="34.07564" lon="-118.23194"/>
   <point lat="34.07541" lon="-118.23217"/>
   <point lat="34.07503" lon="-118.23258"/>
   <point lat="34.07408" lon="-118.23355"/>
   <point lat="34.07342" lon="-118.23417"/>
   <point lat="34.07305" lon="-118.23448"/>
   <point lat="34.07271" lon="-118.23474"/>
   <point lat="34.07255" lon="-118.23484"/>
   <point lat="34.0719" lon="-118.23519"/>
   <point lat="34.07166" lon="-118.2353"/>
   <point lat="34.07149" lon="-118.23534"/>
   <point lat="34.07135" lon="-118.2354"/>
   <point lat="34.07124" lon="-118.23546"/>
   <point lat="34.07079" lon="-118.23566"/>
   <point lat="34.07058" lon="-118.23576"/>
   <point lat="34.06982" lon="-118.23607"/>
   <point lat="34.06955" lon="-118.23619"/>
   <point lat="34.06896" lon="-118.23652"/>
   <point lat="34.0686899" lon="-118.23665"/>
   <point lat="34.06847" lon="-118.23675"/>
   <point lat="34.0677499" lon="-118.23705"/>
   <point lat="34.06668" lon="-118.23755"/>
   <point lat="34.06594" lon="-118.23794"/>
   <point lat="34.06583" lon="-118.23799"/>
   <point lat="34.0646" lon="-118.23874"/>
   <point lat="34.06292" lon="-118.23958"/>
   <point lat="34.06133" lon="-118.24024"/>
   <point lat="34.0608999" lon="-118.24052"/>
   <point lat="34.05919" lon="-118.24107"/>
   <point lat="34.05906" lon="-118.24114"/>
   <point lat="34.05891" lon="-118.24124"/>
   <point lat="34.05863" lon="-118.24144"/>
   <point lat="34.05793" lon="-118.2421"/>
   <point lat="34.05788" lon="-118.24215"/>
   <point lat="34.05777" lon="-118.24228"/>
   <point lat="34.05771" lon="-118.24237"/>
   <point lat="34.05766" lon="-118.24243"/>
   <point lat="34.05756" lon="-118.24266"/>
   <point lat="34.0575" lon="-118.24276"/>
   <point lat="34.05711" lon="-118.2435"/>
   <point lat="34.05707" lon="-118.24357"/>
   <point lat="34.05694" lon="-118.24381"/>
   <point lat="34.05655" lon="-118.24443"/>
   <point lat="34.05637" lon="-118.2448"/>
   <point lat="34.05381" lon="-118.24723"/>
   <point lat="34.0515" lon="-118.24942"/>
   <point lat="34.05044" lon="-118.25041"/>
   <point lat="34.0486099" lon="-118.25205"/>
   <point lat="34.04723" lon="-118.25341"/>
   <point lat="34.04576" lon="-118.25477"/>
   <point lat="34.04469" lon="-118.25559"/>
   <point lat="34.04448" lon="-118.25579"/>
   <point lat="34.04518" lon="-118.25687"/>
   <point lat="34.04543" lon="-118.25706"/>
   <point lat="34.04586" lon="-118.25793"/>
   <point lat="34.04727" lon="-118.26009"/>
   <point lat="34.04612" lon="-118.26137"/>
   <point lat="34.04422" lon="-118.26308"/>
  </path>
  <path>
   <point lat="34.08468" lon="-118.22109"/>
   <point lat="34.0862399" lon="-118.21906"/>
   <point lat="34.08767" lon="-118.21729"/>
   <point lat="34.08785" lon="-118.21692"/>
   <point lat="34.08834" lon="-118.21569"/>
   <point lat="34.08981" lon="-118.21311"/>
   <point lat="34.0906" lon="-118.21149"/>
   <point lat="34.0912" lon="-118.21108"/>
   <point lat="34.09267" lon="-118.20979"/>
   <point lat="34.09427" lon="-118.20849"/>
   <point lat="34.09577" lon="-118.20728"/>
   <point lat="34.09761" lon="-118.20595"/>
   <point lat="34.09787" lon="-118.20573"/>
   <point lat="34.09799" lon="-118.20561"/>
   <point lat="34.09807" lon="-118.2055"/>
   <point lat="34.09817" lon="-118.20535"/>
   <point lat="34.09819" lon="-118.20496"/>
   <point lat="34.09885" lon="-118.20434"/>
   <point lat="34.09958" lon="-118.20381"/>
   <point lat="34.10216" lon="-118.20291"/>
   <point lat="34.10302" lon="-118.20285"/>
   <point lat="34.1033" lon="-118.20287"/>
   <point lat="34.10375" lon="-118.20295"/>
   <point lat="34.10386" lon="-118.20294"/>
   <point lat="34.10402" lon="-118.20292"/>
   <point lat="34.10414" lon="-118.20289"/>
   <point lat="34.10428" lon="-118.20284"/>
   <point lat="34.10437" lon="-118.20279"/>
   <point lat="34.10446" lon="-118.20273"/>
   <point lat="34.1045299" lon="-118.20267"/>
   <point lat="34.10472" lon="-118.20248"/>
   <point lat="34.10489" lon="-118.20227"/>
   <point lat="34.10497" lon="-118.20185"/>
   <point lat="34.10563" lon="-118.20083"/>
   <point lat="34.1061" lon="-118.19956"/>
   <point lat="34.10724" lon="-118.19726"/>
   <point lat="34.10883" lon="-118.19405"/>
   <point lat="34.10947" lon="-118.19274"/>
   <point lat="34.11107" lon="-118.18978"/>
   <point lat="34.11141" lon="-118.18879"/>
   <point lat="34.11173" lon="-118.18844"/>
   <point lat="34.11188" lon="-118.1882"/>
   <point lat="34.112" lon="-118.18805"/>
   <point lat="34.11209" lon="-118.18796"/>
   <point lat="34.11343" lon="-118.18622"/>
   <point lat="34.1144" lon="-118.18541"/>
   <point lat="34.1152299" lon="-118.18441"/>
  </path>
  <path>
   <point lat="33.97448" lon="-118.28252"/>
   <point lat="33.97721" lon="-118.28252"/>
   <point lat="33.98051" lon="-118.28251"/>
   <point lat="33.9826" lon="-118.28252"/>
   <point lat="33.98406" lon="-118.28251"/>
   <point lat="33.98583" lon="-118.28252"/>
   <point lat="33.98941" lon="-118.28251"/>
   <point lat="33.99131" lon="-118.28251"/>
   <point lat="33.9931399" lon="-118.28251"/>
   <point lat="33.99635" lon="-118.28252"/>
   <point lat="33.99816" lon="-118.28253"/>
   <point lat="34.00092" lon="-118.28254"/>
   <point lat="34.00277" lon="-118.28269"/>
   <point lat="34.00357" lon="-118.28254"/>
   <point lat="34.00577" lon="-118.28256"/>
   <point lat="34.00727" lon="-118.28257"/>
   <point lat="34.00909" lon="-118.28258"/>
   <point lat="34.01071" lon="-118.28257"/>
   <point lat="34.01385" lon="-118.28259"/>
   <point lat="34.01635" lon="-118.2826"/>
   <point lat="34.0172" lon="-118.28275"/>
   <point lat="34.01747" lon="-118.28273"/>
   <point lat="34.0176" lon="-118.28271"/>
   <point lat="34.0177" lon="-118.28266"/>
   <point lat="34.01777" lon="-118.28262"/>
   <point lat="34.01818" lon="-118.28235"/>
   <point lat="34.01837" lon="-118.28224"/>
   <point lat="34.01879" lon="-118.28179"/>
  </path>
  <path>
   <point lat="34.08468" lon="-118.22109"/>
   <point lat="34.08544" lon="-118.22032"/>
   <point lat="34.0862399" lon="-118.21906"/>
   <point lat="34.08767" lon="-118.21729"/>
   <point lat="34.08785" lon="-118.21692"/>
   <point lat="34.08834" lon="-118.21569"/>
   <point lat="34.08981" lon="-118.21311"/>
   <point lat="34.0906" lon="-118.21149"/>
   <point lat="34.0912" lon="-118.21108"/>
   <point lat="34.09267" lon="-118.20979"/>
   <point lat="34.09427" lon="-118.20849"/>
   <point lat="34.09577" lon="-118.20728"/>
   <point lat="34.09761" lon="-118.20595"/>
   <point lat="34.09787" lon="-118.20573"/>
   <point lat="34.09799" lon="-118.20561"/>
   <point lat="34.09807" lon="-118.2055"/>
   <point lat="34.09817" lon="-118.20535"/>
   <point lat="34.09819" lon="-118.20496"/>
   <point lat="34.09885" lon="-118.20434"/>
   <point lat="34.09958" lon="-118.20381"/>
   <point lat="34.10216" lon="-118.20291"/>
   <point lat="34.10302" lon="-118.20285"/>
   <point lat="34.1033" lon="-118.20287"/>
   <point lat="34.10375" lon="-118.20295"/>
   <point lat="34.10386" lon="-118.20294"/>
   <point lat="34.10402" lon="-118.20292"/>
   <point lat="34.10414" lon="-118.20289"/>
   <point lat="34.10428" lon="-118.20284"/>
   <point lat="34.10437" lon="-118.20279"/>
   <point lat="34.10446" lon="-118.20273"/>
   <point lat="34.1045299" lon="-118.20267"/>
   <point lat="34.10472" lon="-118.20248"/>
   <point lat="34.10489" lon="-118.20227"/>
   <point lat="34.10497" lon="-118.20185"/>
   <point lat="34.10563" lon="-118.20083"/>
   <point lat="34.1061" lon="-118.19956"/>
   <point lat="34.10724" lon="-118.19726"/>
   <point lat="34.10883" lon="-118.19405"/>
   <point lat="34.10947" lon="-118.19274"/>
   <point lat="34.11107" lon="-118.18978"/>
   <point lat="34.11141" lon="-118.18879"/>
   <point lat="34.11173" lon="-118.18844"/>
   <point lat="34.11188" lon="-118.1882"/>
   <point lat="34.112" lon="-118.18805"/>
   <point lat="34.11209" lon="-118.18796"/>
   <point lat="34.11343" lon="-118.18622"/>
   <point lat="34.1144" lon="-118.18541"/>
   <point lat="34.1152299" lon="-118.18441"/>
  </path>
  <path>
   <point lat="34.13722" lon="-118.18911"/>
   <point lat="34.13727" lon="-118.18954"/>
   <point lat="34.1373" lon="-118.1896"/>
   <point lat="34.13734" lon="-118.18965"/>
   <point lat="34.13737" lon="-118.18967"/>
   <point lat="34.13737" lon="-118.18957"/>
   <point lat="34.13738" lon="-118.1895"/>
   <point lat="34.13802" lon="-118.18769"/>
   <point lat="34.1381299" lon="-118.18745"/>
   <point lat="34.13816" lon="-118.18739"/>
   <point lat="34.13782" lon="-118.18756"/>
   <point lat="34.13769" lon="-118.18788"/>
  </path>
  <path>
   <point lat="34.14265" lon="-118.22718"/>
   <point lat="34.14262" lon="-118.22485"/>
   <point lat="34.14241" lon="-118.22362"/>
   <point lat="34.1421" lon="-118.22323"/>
   <point lat="34.14147" lon="-118.22136"/>
   <point lat="34.14134" lon="-118.22107"/>
   <point lat="34.14125" lon="-118.2209"/>
   <point lat="34.14117" lon="-118.22077"/>
   <point lat="34.14109" lon="-118.22067"/>
   <point lat="34.13984" lon="-118.21878"/>
   <point lat="34.13903" lon="-118.21448"/>
   <point lat="34.13912" lon="-118.21407"/>
   <point lat="34.13806" lon="-118.21439"/>
   <point lat="34.13721" lon="-118.2148"/>
   <point lat="34.13496" lon="-118.21506"/>
  </path>
  <path>
   <point lat="34.04576" lon="-118.25477"/>
   <point lat="34.04469" lon="-118.25559"/>
   <point lat="34.04448" lon="-118.25579"/>
   <point lat="34.04518" lon="-118.25687"/>
   <point lat="34.04543" lon="-118.25706"/>
   <point lat="34.04586" lon="-118.25793"/>
   <point lat="34.04727" lon="-118.26009"/>
   <point lat="34.04612" lon="-118.26137"/>
   <point lat="34.04422" lon="-118.26308"/>
   <point lat="34.04295" lon="-118.26412"/>
   <point lat="34.04303" lon="-118.26424"/>
   <point lat="34.04336" lon="-118.26466"/>
   <point lat="34.0437" lon="-118.26522"/>
   <point lat="34.04243" lon="-118.26659"/>
   <point lat="34.04084" lon="-118.26787"/>
   <point lat="34.04047" lon="-118.26831"/>
   <point lat="34.03855" lon="-118.26937"/>
   <point lat="34.0379999" lon="-118.26973"/>
   <point lat="34.03774" lon="-118.26989"/>
   <point lat="34.03752" lon="-118.27004"/>
   <point lat="34.03698" lon="-118.26906"/>
   <point lat="34.03671" lon="-118.26819"/>
   <point lat="34.03646" lon="-118.26761"/>
   <point lat="34.03634" lon="-118.26769"/>
   <point lat="34.03577" lon="-118.26631"/>
   <point lat="34.0357399" lon="-118.26634"/>
   <point lat="34.03494" lon="-118.26685"/>
   <point lat="34.03473" lon="-118.26699"/>
   <point lat="34.03464" lon="-118.26704"/>
   <point lat="34.0345299" lon="-118.26712"/>
   <point lat="34.0344" lon="-118.2672"/>
   <point lat="34.03437" lon="-118.26722"/>
   <point lat="34.03426" lon="-118.2673"/>
   <point lat="34.03421" lon="-118.26733"/>
   <point lat="34.03376" lon="-118.26651"/>
   <point lat="34.03329" lon="-118.26568"/>
   <point lat="34.03287" lon="-118.26491"/>
   <point lat="34.03319" lon="-118.26457"/>
  </path>
  <path>
   <point lat="34.1148" lon="-118.18522"/>
   <point lat="34.1144" lon="-118.18541"/>
   <point lat="34.11392" lon="-118.18612"/>
   <point lat="34.11209" lon="-118.18796"/>
   <point lat="34.112" lon="-118.18805"/>
   <point lat="34.11188" lon="-118.1882"/>
   <point lat="34.11173" lon="-118.18844"/>
   <point lat="34.1116" lon="-118.18901"/>
   <point lat="34.11107" lon="-118.18978"/>
   <point lat="34.10975" lon="-118.19277"/>
   <point lat="34.10892" lon="-118.19442"/>
   <point lat="34.10778" lon="-118.19677"/>
   <point lat="34.10646" lon="-118.19944"/>
   <point lat="34.10504" lon="-118.20202"/>
   <point lat="34.10493" lon="-118.20238"/>
   <point lat="34.10446" lon="-118.20273"/>
   <point lat="34.10208" lon="-118.20327"/>
   <point lat="34.09969" lon="-118.20413"/>
   <point lat="34.09922" lon="-118.20412"/>
   <point lat="34.09915" lon="-118.20416"/>
   <point lat="34.09898" lon="-118.20424"/>
   <point lat="34.09885" lon="-118.20434"/>
   <point lat="34.09876" lon="-118.20443"/>
   <point lat="34.09866" lon="-118.20455"/>
   <point lat="34.09846" lon="-118.20486"/>
   <point lat="34.09817" lon="-118.20535"/>
   <point lat="34.09823" lon="-118.20551"/>
   <point lat="34.09695" lon="-118.2065"/>
   <point lat="34.09629" lon="-118.20725"/>
   <point lat="34.0946799" lon="-118.20855"/>
   <point lat="34.09304" lon="-118.20985"/>
   <point lat="34.09122" lon="-118.21108"/>
   <point lat="34.09073" lon="-118.21179"/>
   <point lat="34.08981" lon="-118.21311"/>
   <point lat="34.08866" lon="-118.21555"/>
   <point lat="34.08767" lon="-118.21729"/>
   <point lat="34.08666" lon="-118.21896"/>
   <point lat="34.08544" lon="-118.22032"/>
   <point lat="34.08406" lon="-118.22234"/>
  </path>
  <path>
   <point lat="34.08666" lon="-118.21896"/>
   <point lat="34.08406" lon="-118.22234"/>
  </path>
  <path>
   <point lat="34.04576" lon="-118.25477"/>
   <point lat="34.04469" lon="-118.25559"/>
   <point lat="34.04448" lon="-118.25579"/>
   <point lat="34.04518" lon="-118.25687"/>
   <point lat="34.04543" lon="-118.25706"/>
   <point lat="34.04586" lon="-118.25793"/>
   <point lat="34.04727" lon="-118.26009"/>
   <point lat="34.04612" lon="-118.26137"/>
   <point lat="34.04422" lon="-118.26308"/>
   <point lat="34.04295" lon="-118.26412"/>
   <point lat="34.04303" lon="-118.26424"/>
   <point lat="34.04336" lon="-118.26466"/>
   <point lat="34.0437" lon="-118.26522"/>
   <point lat="34.04243" lon="-118.26659"/>
   <point lat="34.04084" lon="-118.26787"/>
   <point lat="34.04047" lon="-118.26831"/>
   <point lat="34.03724" lon="-118.27039"/>
   <point lat="34.0346199" lon="-118.27206"/>
   <point lat="34.03064" lon="-118.27459"/>
   <point lat="34.02837" lon="-118.27604"/>
   <point lat="34.0248599" lon="-118.27824"/>
   <point lat="34.02301" lon="-118.2793"/>
   <point lat="34.02174" lon="-118.28026"/>
   <point lat="34.02037" lon="-118.28113"/>
   <point lat="34.01919" lon="-118.28192"/>
  </path>
  <path>
   <point lat="34.08406" lon="-118.22234"/>
   <point lat="34.08282" lon="-118.22376"/>
   <point lat="34.08094" lon="-118.22537"/>
   <point lat="34.08027" lon="-118.22618"/>
   <point lat="34.08016" lon="-118.22632"/>
   <point lat="34.07923" lon="-118.22745"/>
   <point lat="34.07861" lon="-118.22835"/>
   <point lat="34.07831" lon="-118.22884"/>
   <point lat="34.07812" lon="-118.22909"/>
   <point lat="34.07729" lon="-118.2301"/>
   <point lat="34.07676" lon="-118.23079"/>
   <point lat="34.0764799" lon="-118.2311"/>
   <point lat="34.07639" lon="-118.23121"/>
   <point lat="34.076" lon="-118.2316"/>
   <point lat="34.07564" lon="-118.23194"/>
   <point lat="34.07541" lon="-118.23217"/>
   <point lat="34.07503" lon="-118.23258"/>
   <point lat="34.07408" lon="-118.23355"/>
   <point lat="34.07342" lon="-118.23417"/>
   <point lat="34.07305" lon="-118.23448"/>
   <point lat="34.07271" lon="-118.23474"/>
   <point lat="34.07255" lon="-118.23484"/>
   <point lat="34.0719" lon="-118.23519"/>
   <point lat="34.07166" lon="-118.2353"/>
   <point lat="34.07149" lon="-118.23534"/>
   <point lat="34.07135" lon="-118.2354"/>
   <point lat="34.07124" lon="-118.23546"/>
   <point lat="34.07079" lon="-118.23566"/>
   <point lat="34.07058" lon="-118.23576"/>
   <point lat="34.06982" lon="-118.23607"/>
   <point lat="34.06955" lon="-118.23619"/>
   <point lat="34.06896" lon="-118.23652"/>
   <point lat="34.0686899" lon="-118.23665"/>
   <point lat="34.06847" lon="-118.23675"/>
   <point lat="34.0677499" lon="-118.23705"/>
   <point lat="34.06668" lon="-118.23755"/>
   <point lat="34.06594" lon="-118.23794"/>
   <point lat="34.0646" lon="-118.23874"/>
   <point lat="34.06292" lon="-118.23958"/>
   <point lat="34.06133" lon="-118.24024"/>
   <point lat="34.0608999" lon="-118.24052"/>
   <point lat="34.05919" lon="-118.24107"/>
   <point lat="34.05906" lon="-118.24114"/>
   <point lat="34.05891" lon="-118.24124"/>
   <point lat="34.05863" lon="-118.24144"/>
   <point lat="34.05793" lon="-118.2421"/>
   <point lat="34.05788" lon="-118.24215"/>
   <point lat="34.05777" lon="-118.24228"/>
   <point lat="34.05771" lon="-118.24237"/>
   <point lat="34.05766" lon="-118.24243"/>
   <point lat="34.05756" lon="-118.24266"/>
   <point lat="34.0575" lon="-118.24276"/>
   <point lat="34.05711" lon="-118.2435"/>
   <point lat="34.05707" lon="-118.24357"/>
   <point lat="34.05694" lon="-118.24381"/>
   <point lat="34.05655" lon="-118.24443"/>
   <point lat="34.05637" lon="-118.2448"/>
   <point lat="34.05381" lon="-118.24723"/>
   <point lat="34.0515" lon="-118.24942"/>
   <point lat="34.05044" lon="-118.25041"/>
   <point lat="34.0486099" lon="-118.25205"/>
   <point lat="34.04723" lon="-118.25341"/>
   <point lat="34.04576" lon="-118.25477"/>
   <point lat="34.04469" lon="-118.25559"/>
   <point lat="34.04448" lon="-118.25579"/>
   <point lat="34.04518" lon="-118.25687"/>
   <point lat="34.04543" lon="-118.25706"/>
   <point lat="34.04586" lon="-118.25793"/>
   <point lat="34.04727" lon="-118.26009"/>
   <point lat="34.04612" lon="-118.26137"/>
   <point lat="34.04422" lon="-118.26308"/>
  </path>
  <path>
   <point lat="34.04446" lon="-118.25953"/>
   <point lat="34.0437299" lon="-118.25822"/>
   <point lat="34.04302" lon="-118.25714"/>
   <point lat="34.04431" lon="-118.2558"/>
   <point lat="34.0456999" lon="-118.25453"/>
   <point lat="34.04859" lon="-118.25176"/>
   <point lat="34.05041" lon="-118.25014"/>
   <point lat="34.05181" lon="-118.24882"/>
   <point lat="34.05475" lon="-118.24604"/>
   <point lat="34.0566" lon="-118.24415"/>
   <point lat="34.05707" lon="-118.24357"/>
   <point lat="34.0575" lon="-118.24276"/>
   <point lat="34.05756" lon="-118.24266"/>
   <point lat="34.05766" lon="-118.24243"/>
   <point lat="34.05771" lon="-118.24237"/>
   <point lat="34.05777" lon="-118.24228"/>
   <point lat="34.05788" lon="-118.24215"/>
   <point lat="34.05793" lon="-118.2421"/>
   <point lat="34.05863" lon="-118.24144"/>
   <point lat="34.05891" lon="-118.24124"/>
   <point lat="34.05906" lon="-118.24114"/>
   <point lat="34.05919" lon="-118.24107"/>
   <point lat="34.06074" lon="-118.24046"/>
   <point lat="34.06097" lon="-118.24025"/>
   <point lat="34.06133" lon="-118.24024"/>
   <point lat="34.06254" lon="-118.23951"/>
   <point lat="34.06427" lon="-118.23864"/>
   <point lat="34.06577" lon="-118.23802"/>
   <point lat="34.06583" lon="-118.23799"/>
   <point lat="34.06594" lon="-118.23794"/>
   <point lat="34.06668" lon="-118.23755"/>
   <point lat="34.06809" lon="-118.23677"/>
   <point lat="34.06835" lon="-118.23666"/>
   <point lat="34.06856" lon="-118.23654"/>
   <point lat="34.0686899" lon="-118.23644"/>
   <point lat="34.06884" lon="-118.23627"/>
   <point lat="34.06898" lon="-118.23609"/>
   <point lat="34.0691" lon="-118.23591"/>
   <point lat="34.0692499" lon="-118.2358"/>
   <point lat="34.06938" lon="-118.23573"/>
   <point lat="34.06948" lon="-118.23563"/>
   <point lat="34.0696299" lon="-118.23552"/>
   <point lat="34.06976" lon="-118.23544"/>
   <point lat="34.06988" lon="-118.23538"/>
   <point lat="34.06999" lon="-118.23535"/>
   <point lat="34.07011" lon="-118.23532"/>
   <point lat="34.07039" lon="-118.23527"/>
   <point lat="34.07079" lon="-118.23516"/>
   <point lat="34.07104" lon="-118.2351"/>
   <point lat="34.07158" lon="-118.23494"/>
   <point lat="34.07203" lon="-118.23475"/>
   <point lat="34.07219" lon="-118.23467"/>
   <point lat="34.07241" lon="-118.23452"/>
   <point lat="34.07265" lon="-118.23433"/>
   <point lat="34.07298" lon="-118.23404"/>
   <point lat="34.07305" lon="-118.23399"/>
   <point lat="34.07459" lon="-118.23251"/>
   <point lat="34.07468" lon="-118.23242"/>
   <point lat="34.07479" lon="-118.23233"/>
   <point lat="34.07489" lon="-118.23224"/>
   <point lat="34.07494" lon="-118.23219"/>
   <point lat="34.0750699" lon="-118.23207"/>
   <point lat="34.07543" lon="-118.23165"/>
   <point lat="34.07561" lon="-118.23147"/>
   <point lat="34.07573" lon="-118.23134"/>
   <point lat="34.07658" lon="-118.23035"/>
   <point lat="34.07668" lon="-118.23022"/>
   <point lat="34.07712" lon="-118.22968"/>
   <point lat="34.07741" lon="-118.22937"/>
   <point lat="34.07894" lon="-118.22746"/>
   <point lat="34.08078" lon="-118.22527"/>
   <point lat="34.0808899" lon="-118.22515"/>
   <point lat="34.08099" lon="-118.22509"/>
   <point lat="34.08104" lon="-118.22505"/>
   <point lat="34.08113" lon="-118.22496"/>
   <point lat="34.08122" lon="-118.22485"/>
   <point lat="34.08133" lon="-118.22471"/>
   <point lat="34.0816299" lon="-118.22428"/>
   <point lat="34.08264" lon="-118.22355"/>
   <point lat="34.08288" lon="-118.22351"/>
   <point lat="34.08305" lon="-118.22346"/>
   <point lat="34.08392" lon="-118.22208"/>
   <point lat="34.08468" lon="-118.22109"/>
  </path>
  <path>
   <point lat="34.01879" lon="-118.28179"/>
   <point lat="34.01968" lon="-118.2814"/>
   <point lat="34.0222399" lon="-118.27961"/>
   <point lat="34.02301" lon="-118.2793"/>
   <point lat="34.02523" lon="-118.27769"/>
   <point lat="34.02793" lon="-118.27597"/>
   <point lat="34.03096" lon="-118.27404"/>
   <point lat="34.03457" lon="-118.27174"/>
   <point lat="34.03724" lon="-118.27005"/>
   <point lat="34.04047" lon="-118.26797"/>
   <point lat="34.04084" lon="-118.26787"/>
   <point lat="34.04202" lon="-118.26659"/>
   <point lat="34.04513" lon="-118.26365"/>
   <point lat="34.04624" lon="-118.26277"/>
   <point lat="34.04624" lon="-118.26224"/>
   <point lat="34.04623" lon="-118.26214"/>
   <point lat="34.0462" lon="-118.26208"/>
   <point lat="34.04613" lon="-118.26196"/>
   <point lat="34.04606" lon="-118.2618"/>
   <point lat="34.04601" lon="-118.26173"/>
   <point lat="34.04514" lon="-118.26057"/>
   <point lat="34.04446" lon="-118.25953"/>
  </path>
  <path>
   <point lat="34.04446" lon="-118.25953"/>
   <point lat="34.0437299" lon="-118.25822"/>
   <point lat="34.04302" lon="-118.25714"/>
   <point lat="34.04431" lon="-118.2558"/>
   <point lat="34.0456999" lon="-118.25453"/>
  </path>
  <path>
   <point lat="34.13527" lon="-118.21506"/>
   <point lat="34.1360699" lon="-118.21499"/>
   <point lat="34.13799" lon="-118.21426"/>
   <point lat="34.13912" lon="-118.21407"/>
   <point lat="34.13913" lon="-118.2142"/>
   <point lat="34.13932" lon="-118.21448"/>
   <point lat="34.13961" lon="-118.21611"/>
   <point lat="34.1400999" lon="-118.21879"/>
   <point lat="34.14016" lon="-118.21954"/>
   <point lat="34.14028" lon="-118.21976"/>
   <point lat="34.1404" lon="-118.21993"/>
   <point lat="34.14218" lon="-118.22272"/>
   <point lat="34.14275" lon="-118.22443"/>
   <point lat="34.14277" lon="-118.22446"/>
   <point lat="34.14281" lon="-118.22454"/>
   <point lat="34.1429199" lon="-118.22468"/>
   <point lat="34.1433899" lon="-118.225"/>
   <point lat="34.1435699" lon="-118.22551"/>
   <point lat="34.14361" lon="-118.22557"/>
   <point lat="34.14372" lon="-118.22571"/>
   <point lat="34.14389" lon="-118.22595"/>
   <point lat="34.14392" lon="-118.22598"/>
   <point lat="34.14398" lon="-118.22607"/>
   <point lat="34.1444" lon="-118.22663"/>
   <point lat="34.14452" lon="-118.22678"/>
   <point lat="34.14464" lon="-118.22694"/>
   <point lat="34.14467" lon="-118.22697"/>
   <point lat="34.14481" lon="-118.22716"/>
   <point lat="34.1448899" lon="-118.22726"/>
   <point lat="34.14495" lon="-118.22735"/>
   <point lat="34.14511" lon="-118.22756"/>
   <point lat="34.14515" lon="-118.2276"/>
   <point lat="34.14524" lon="-118.22773"/>
   <point lat="34.1455" lon="-118.22807"/>
   <point lat="34.14277" lon="-118.22808"/>
   <point lat="34.14265" lon="-118.22718"/>
  </path>
  <path>
   <point lat="33.92777" lon="-118.28184"/>
   <point lat="33.92776" lon="-118.28237"/>
   <point lat="33.9278199" lon="-118.28259"/>
   <point lat="33.92861" lon="-118.28244"/>
   <point lat="33.92917" lon="-118.28259"/>
   <point lat="33.93122" lon="-118.28244"/>
   <point lat="33.93409" lon="-118.28243"/>
   <point lat="33.9381" lon="-118.28243"/>
   <point lat="33.94182" lon="-118.28244"/>
   <point lat="33.94526" lon="-118.28248"/>
   <point lat="33.94709" lon="-118.28248"/>
   <point lat="33.94902" lon="-118.28252"/>
   <point lat="33.953" lon="-118.28253"/>
   <point lat="33.95724" lon="-118.28254"/>
   <point lat="33.96036" lon="-118.28255"/>
   <point lat="33.96217" lon="-118.28255"/>
   <point lat="33.96308" lon="-118.28254"/>
   <point lat="33.9677" lon="-118.28253"/>
   <point lat="33.97063" lon="-118.28253"/>
   <point lat="33.97448" lon="-118.28252"/>
  </path>
  <path>
   <point lat="34.13496" lon="-118.21506"/>
   <point lat="34.1346" lon="-118.21316"/>
   <point lat="34.13393" lon="-118.20964"/>
   <point lat="34.13368" lon="-118.20775"/>
   <point lat="34.13346" lon="-118.20712"/>
   <point lat="34.13305" lon="-118.20417"/>
   <point lat="34.13285" lon="-118.20153"/>
   <point lat="34.13277" lon="-118.19934"/>
   <point lat="34.13262" lon="-118.19704"/>
   <point lat="34.13259" lon="-118.19604"/>
   <point lat="34.13323" lon="-118.19327"/>
   <point lat="34.1336" lon="-118.19226"/>
   <point lat="34.13368" lon="-118.19196"/>
   <point lat="34.13368" lon="-118.1919"/>
   <point lat="34.13371" lon="-118.19167"/>
   <point lat="34.13374" lon="-118.1915"/>
   <point lat="34.13394" lon="-118.19001"/>
   <point lat="34.13394" lon="-118.1899"/>
   <point lat="34.13395" lon="-118.18964"/>
   <point lat="34.13387" lon="-118.18968"/>
   <point lat="34.13378" lon="-118.1897"/>
   <point lat="34.13361" lon="-118.18972"/>
   <point lat="34.13354" lon="-118.18971"/>
   <point lat="34.1334" lon="-118.18971"/>
   <point lat="34.1332499" lon="-118.1897"/>
   <point lat="34.13315" lon="-118.18968"/>
   <point lat="34.133" lon="-118.18964"/>
   <point lat="34.13289" lon="-118.18959"/>
   <point lat="34.13268" lon="-118.1895"/>
   <point lat="34.13246" lon="-118.18939"/>
   <point lat="34.1321" lon="-118.18923"/>
   <point lat="34.13177" lon="-118.18925"/>
   <point lat="34.13106" lon="-118.18876"/>
   <point lat="34.12935" lon="-118.18813"/>
   <point lat="34.12663" lon="-118.18689"/>
   <point lat="34.12375" lon="-118.18555"/>
   <point lat="34.1208" lon="-118.18402"/>
   <point lat="34.12029" lon="-118.18393"/>
   <point lat="34.11972" lon="-118.18364"/>
   <point lat="34.11952" lon="-118.18363"/>
   <point lat="34.1171999" lon="-118.18342"/>
   <point lat="34.11693" lon="-118.18339"/>
   <point lat="34.1166399" lon="-118.18338"/>
   <point lat="34.11654" lon="-118.18339"/>
   <point lat="34.1164599" lon="-118.18342"/>
   <point lat="34.11636" lon="-118.18347"/>
   <point lat="34.11628" lon="-118.18354"/>
   <point lat="34.11602" lon="-118.18379"/>
   <point lat="34.11568" lon="-118.18416"/>
   <point lat="34.11491" lon="-118.18491"/>
   <point lat="34.1148" lon="-118.18522"/>
  </path>
  <path>
   <point lat="34.1148" lon="-118.18522"/>
   <point lat="34.1144" lon="-118.18541"/>
   <point lat="34.11392" lon="-118.18612"/>
   <point lat="34.11209" lon="-118.18796"/>
   <point lat="34.112" lon="-118.18805"/>
   <point lat="34.11188" lon="-118.1882"/>
   <point lat="34.11173" lon="-118.18844"/>
   <point lat="34.1116" lon="-118.18901"/>
   <point lat="34.11107" lon="-118.18978"/>
   <point lat="34.10975" lon="-118.19277"/>
   <point lat="34.10892" lon="-118.19442"/>
   <point lat="34.10778" lon="-118.19677"/>
   <point lat="34.10646" lon="-118.19944"/>
   <point lat="34.10504" lon="-118.20202"/>
   <point lat="34.10493" lon="-118.20238"/>
   <point lat="34.10446" lon="-118.20273"/>
   <point lat="34.10208" lon="-118.20327"/>
   <point lat="34.09969" lon="-118.20413"/>
   <point lat="34.09922" lon="-118.20412"/>
   <point lat="34.09915" lon="-118.20416"/>
   <point lat="34.09898" lon="-118.20424"/>
   <point lat="34.09885" lon="-118.20434"/>
   <point lat="34.09876" lon="-118.20443"/>
   <point lat="34.09866" lon="-118.20455"/>
   <point lat="34.09846" lon="-118.20486"/>
   <point lat="34.09823" lon="-118.20551"/>
   <point lat="34.09695" lon="-118.2065"/>
   <point lat="34.09629" lon="-118.20725"/>
   <point lat="34.0946799" lon="-118.20855"/>
   <point lat="34.09304" lon="-118.20985"/>
   <point lat="34.09122" lon="-118.21108"/>
   <point lat="34.09073" lon="-118.21179"/>
   <point lat="34.08981" lon="-118.21311"/>
   <point lat="34.08866" lon="-118.21555"/>
   <point lat="34.08767" lon="-118.21729"/>
   <point lat="34.08666" lon="-118.21896"/>
   <point lat="34.08406" lon="-118.22234"/>
  </path>
  <path>
   <point lat="34.0456999" lon="-118.25453"/>
   <point lat="34.04859" lon="-118.25176"/>
   <point lat="34.05041" lon="-118.25014"/>
   <point lat="34.05181" lon="-118.24882"/>
   <point lat="34.05475" lon="-118.24604"/>
   <point lat="34.0566" lon="-118.24415"/>
   <point lat="34.05707" lon="-118.24357"/>
   <point lat="34.0575" lon="-118.24276"/>
   <point lat="34.05756" lon="-118.24266"/>
   <point lat="34.05766" lon="-118.24243"/>
   <point lat="34.05771" lon="-118.24237"/>
   <point lat="34.05777" lon="-118.24228"/>
   <point lat="34.05788" lon="-118.24215"/>
   <point lat="34.05793" lon="-118.2421"/>
   <point lat="34.05863" lon="-118.24144"/>
   <point lat="34.05891" lon="-118.24124"/>
   <point lat="34.05906" lon="-118.24114"/>
   <point lat="34.05919" lon="-118.24107"/>
   <point lat="34.06074" lon="-118.24046"/>
   <point lat="34.06097" lon="-118.24025"/>
   <point lat="34.06133" lon="-118.24024"/>
   <point lat="34.06254" lon="-118.23951"/>
   <point lat="34.06427" lon="-118.23864"/>
   <point lat="34.06577" lon="-118.23802"/>
   <point lat="34.06583" lon="-118.23799"/>
   <point lat="34.06594" lon="-118.23794"/>
   <point lat="34.06668" lon="-118.23755"/>
   <point lat="34.06809" lon="-118.23677"/>
   <point lat="34.06835" lon="-118.23666"/>
   <point lat="34.06856" lon="-118.23654"/>
   <point lat="34.0686899" lon="-118.23644"/>
   <point lat="34.06884" lon="-118.23627"/>
   <point lat="34.06898" lon="-118.23609"/>
   <point lat="34.0691" lon="-118.23591"/>
   <point lat="34.0692499" lon="-118.2358"/>
   <point lat="34.06938" lon="-118.23573"/>
   <point lat="34.06948" lon="-118.23563"/>
   <point lat="34.0696299" lon="-118.23552"/>
   <point lat="34.06976" lon="-118.23544"/>
   <point lat="34.06988" lon="-118.23538"/>
   <point lat="34.06999" lon="-118.23535"/>
   <point lat="34.07011" lon="-118.23532"/>
   <point lat="34.07039" lon="-118.23527"/>
   <point lat="34.07079" lon="-118.23516"/>
   <point lat="34.07104" lon="-118.2351"/>
   <point lat="34.07158" lon="-118.23494"/>
   <point lat="34.07203" lon="-118.23475"/>
   <point lat="34.07219" lon="-118.23467"/>
   <point lat="34.07241" lon="-118.23452"/>
   <point lat="34.07265" lon="-118.23433"/>
   <point lat="34.07298" lon="-118.23404"/>
   <point lat="34.07305" lon="-118.23399"/>
   <point lat="34.07459" lon="-118.23251"/>
   <point lat="34.07468" lon="-118.23242"/>
   <point lat="34.07479" lon="-118.23233"/>
   <point lat="34.07489" lon="-118.23224"/>
   <point lat="34.07494" lon="-118.23219"/>
   <point lat="34.0750699" lon="-118.23207"/>
   <point lat="34.07543" lon="-118.23165"/>
   <point lat="34.07561" lon="-118.23147"/>
   <point lat="34.07573" lon="-118.23134"/>
   <point lat="34.07658" lon="-118.23035"/>
   <point lat="34.07668" lon="-118.23022"/>
   <point lat="34.07712" lon="-118.22968"/>
   <point lat="34.07741" lon="-118.22937"/>
   <point lat="34.07894" lon="-118.22746"/>
   <point lat="34.08078" lon="-118.22527"/>
   <point lat="34.0808899" lon="-118.22515"/>
   <point lat="34.08099" lon="-118.22509"/>
   <point lat="34.08104" lon="-118.22505"/>
   <point lat="34.08113" lon="-118.22496"/>
   <point lat="34.08122" lon="-118.22485"/>
   <point lat="34.08133" lon="-118.22471"/>
   <point lat="34.0816299" lon="-118.22428"/>
   <point lat="34.08264" lon="-118.22355"/>
   <point lat="34.08288" lon="-118.22351"/>
   <point lat="34.08305" lon="-118.22346"/>
   <point lat="34.08468" lon="-118.22109"/>
  </path>
  <path>
   <point lat="34.1152299" lon="-118.18441"/>
   <point lat="34.11602" lon="-118.18379"/>
   <point lat="34.11628" lon="-118.18354"/>
   <point lat="34.11635" lon="-118.18349"/>
   <point lat="34.1164599" lon="-118.18342"/>
   <point lat="34.11654" lon="-118.18339"/>
   <point lat="34.1166399" lon="-118.18338"/>
   <point lat="34.11693" lon="-118.18339"/>
   <point lat="34.11915" lon="-118.1836"/>
   <point lat="34.12003" lon="-118.18354"/>
   <point lat="34.1208" lon="-118.18402"/>
   <point lat="34.12346" lon="-118.18509"/>
   <point lat="34.12662" lon="-118.18655"/>
   <point lat="34.12915" lon="-118.18772"/>
   <point lat="34.13106" lon="-118.18876"/>
   <point lat="34.13201" lon="-118.18904"/>
   <point lat="34.13246" lon="-118.18939"/>
   <point lat="34.13268" lon="-118.1895"/>
   <point lat="34.13289" lon="-118.18959"/>
   <point lat="34.133" lon="-118.18964"/>
   <point lat="34.13315" lon="-118.18968"/>
   <point lat="34.1332499" lon="-118.1897"/>
   <point lat="34.1334" lon="-118.18971"/>
   <point lat="34.13354" lon="-118.18971"/>
   <point lat="34.13361" lon="-118.18972"/>
   <point lat="34.13378" lon="-118.1897"/>
   <point lat="34.13387" lon="-118.18968"/>
   <point lat="34.13395" lon="-118.18964"/>
   <point lat="34.13394" lon="-118.1899"/>
   <point lat="34.13394" lon="-118.19001"/>
   <point lat="34.13374" lon="-118.1915"/>
   <point lat="34.13371" lon="-118.19167"/>
   <point lat="34.13368" lon="-118.1919"/>
   <point lat="34.13368" lon="-118.19196"/>
   <point lat="34.13331" lon="-118.19376"/>
   <point lat="34.13284" lon="-118.19578"/>
   <point lat="34.1325999" lon="-118.19653"/>
   <point lat="34.13259" lon="-118.19675"/>
   <point lat="34.1325999" lon="-118.19689"/>
   <point lat="34.13262" lon="-118.19704"/>
   <point lat="34.1327799" lon="-118.19789"/>
   <point lat="34.13296" lon="-118.19916"/>
   <point lat="34.1330699" lon="-118.20195"/>
   <point lat="34.13305" lon="-118.20417"/>
   <point lat="34.13352" lon="-118.20635"/>
   <point lat="34.13368" lon="-118.20775"/>
   <point lat="34.13405" lon="-118.20918"/>
   <point lat="34.13479" lon="-118.21311"/>
   <point lat="34.13527" lon="-118.21506"/>
  </path>
  <path>
   <point lat="33.97493" lon="-118.2828"/>
   <point lat="33.97091" lon="-118.28283"/>
   <point lat="33.968" lon="-118.28284"/>
   <point lat="33.96448" lon="-118.28285"/>
   <point lat="33.96231" lon="-118.28285"/>
   <point lat="33.95981" lon="-118.28285"/>
   <point lat="33.95691" lon="-118.28284"/>
   <point lat="33.95297" lon="-118.28284"/>
   <point lat="33.9493099" lon="-118.28283"/>
   <point lat="33.94752" lon="-118.2828"/>
   <point lat="33.9457499" lon="-118.28274"/>
   <point lat="33.9417" lon="-118.28275"/>
   <point lat="33.93806" lon="-118.28269"/>
   <point lat="33.93368" lon="-118.28274"/>
   <point lat="33.9307299" lon="-118.28274"/>
   <point lat="33.92866" lon="-118.28274"/>
   <point lat="33.92797" lon="-118.28259"/>
   <point lat="33.92766" lon="-118.28259"/>
   <point lat="33.92737" lon="-118.28258"/>
   <point lat="33.92737" lon="-118.2817"/>
   <point lat="33.92745" lon="-118.28178"/>
   <point lat="33.92777" lon="-118.28184"/>
  </path>
  <path>
   <point lat="34.13769" lon="-118.18788"/>
   <point lat="34.13725" lon="-118.18786"/>
   <point lat="34.13648" lon="-118.18834"/>
   <point lat="34.13467" lon="-118.18925"/>
   <point lat="34.13412" lon="-118.18974"/>
   <point lat="34.13361" lon="-118.18972"/>
   <point lat="34.13177" lon="-118.18925"/>
   <point lat="34.13106" lon="-118.18876"/>
   <point lat="34.12935" lon="-118.18813"/>
   <point lat="34.12663" lon="-118.18689"/>
   <point lat="34.12375" lon="-118.18555"/>
   <point lat="34.1208" lon="-118.18402"/>
   <point lat="34.12029" lon="-118.18393"/>
   <point lat="34.11972" lon="-118.18364"/>
   <point lat="34.11952" lon="-118.18363"/>
   <point lat="34.1171999" lon="-118.18342"/>
   <point lat="34.11693" lon="-118.18339"/>
   <point lat="34.1166399" lon="-118.18338"/>
   <point lat="34.11654" lon="-118.18339"/>
   <point lat="34.1164599" lon="-118.18342"/>
   <point lat="34.11636" lon="-118.18347"/>
   <point lat="34.11628" lon="-118.18354"/>
   <point lat="34.11602" lon="-118.18379"/>
   <point lat="34.11568" lon="-118.18416"/>
   <point lat="34.11491" lon="-118.18491"/>
   <point lat="34.1148" lon="-118.18522"/>
  </path>
  <path>
   <point lat="34.1152299" lon="-118.18441"/>
   <point lat="34.11602" lon="-118.18379"/>
   <point lat="34.11628" lon="-118.18354"/>
   <point lat="34.11635" lon="-118.18349"/>
   <point lat="34.1164599" lon="-118.18342"/>
   <point lat="34.11654" lon="-118.18339"/>
   <point lat="34.1166399" lon="-118.18338"/>
   <point lat="34.11693" lon="-118.18339"/>
   <point lat="34.11915" lon="-118.1836"/>
   <point lat="34.12003" lon="-118.18354"/>
   <point lat="34.1208" lon="-118.18402"/>
   <point lat="34.12346" lon="-118.18509"/>
   <point lat="34.12662" lon="-118.18655"/>
   <point lat="34.12915" lon="-118.18772"/>
   <point lat="34.13106" lon="-118.18876"/>
   <point lat="34.13201" lon="-118.18904"/>
   <point lat="34.13268" lon="-118.1895"/>
   <point lat="34.13289" lon="-118.18959"/>
   <point lat="34.133" lon="-118.18964"/>
   <point lat="34.13315" lon="-118.18968"/>
   <point lat="34.1332499" lon="-118.1897"/>
   <point lat="34.1334" lon="-118.18971"/>
   <point lat="34.13354" lon="-118.18971"/>
   <point lat="34.13361" lon="-118.18972"/>
   <point lat="34.13378" lon="-118.1897"/>
   <point lat="34.13387" lon="-118.18968"/>
   <point lat="34.13395" lon="-118.18964"/>
   <point lat="34.134" lon="-118.18963"/>
   <point lat="34.13416" lon="-118.18957"/>
   <point lat="34.13446" lon="-118.18923"/>
   <point lat="34.1358" lon="-118.18851"/>
   <point lat="34.13619" lon="-118.18829"/>
   <point lat="34.13638" lon="-118.18823"/>
   <point lat="34.1367" lon="-118.1881"/>
   <point lat="34.13689" lon="-118.18857"/>
   <point lat="34.13722" lon="-118.18911"/>
  </path>
  <path>
   <point lat="34.04422" lon="-118.26308"/>
   <point lat="34.04295" lon="-118.26412"/>
   <point lat="34.04303" lon="-118.26424"/>
   <point lat="34.04336" lon="-118.26466"/>
   <point lat="34.0437" lon="-118.26522"/>
   <point lat="34.04243" lon="-118.26659"/>
   <point lat="34.04084" lon="-118.26787"/>
   <point lat="34.04047" lon="-118.26831"/>
   <point lat="34.03724" lon="-118.27039"/>
   <point lat="34.0346199" lon="-118.27206"/>
   <point lat="34.03064" lon="-118.27459"/>
   <point lat="34.02837" lon="-118.27604"/>
   <point lat="34.0248599" lon="-118.27824"/>
   <point lat="34.02301" lon="-118.2793"/>
   <point lat="34.02174" lon="-118.28026"/>
   <point lat="34.02037" lon="-118.28113"/>
   <point lat="34.01919" lon="-118.28192"/>
  </path>
  <path>
   <point lat="34.01919" lon="-118.28192"/>
   <point lat="34.0176" lon="-118.28271"/>
   <point lat="34.01627" lon="-118.28291"/>
   <point lat="34.01377" lon="-118.28289"/>
   <point lat="34.01152" lon="-118.28289"/>
   <point lat="34.00978" lon="-118.28288"/>
   <point lat="34.00762" lon="-118.28287"/>
   <point lat="34.00528" lon="-118.28286"/>
   <point lat="34.00396" lon="-118.28285"/>
   <point lat="34.00083" lon="-118.28284"/>
   <point lat="33.99844" lon="-118.28283"/>
   <point lat="33.99627" lon="-118.28282"/>
   <point lat="33.99344" lon="-118.28282"/>
   <point lat="33.99161" lon="-118.28281"/>
   <point lat="33.9889" lon="-118.28281"/>
   <point lat="33.98614" lon="-118.28282"/>
   <point lat="33.98433" lon="-118.28281"/>
   <point lat="33.98218" lon="-118.28282"/>
   <point lat="33.98078" lon="-118.28281"/>
   <point lat="33.97752" lon="-118.28282"/>
   <point lat="33.97493" lon="-118.2828"/>
  </path>
  <path>
   <point lat="34.08406" lon="-118.22234"/>
   <point lat="34.08305" lon="-118.22346"/>
   <point lat="34.08282" lon="-118.22376"/>
   <point lat="34.08094" lon="-118.22537"/>
   <point lat="34.08027" lon="-118.22618"/>
   <point lat="34.08016" lon="-118.22632"/>
   <point lat="34.07923" lon="-118.22745"/>
   <point lat="34.07861" lon="-118.22835"/>
   <point lat="34.07831" lon="-118.22884"/>
   <point lat="34.07812" lon="-118.22909"/>
   <point lat="34.07729" lon="-118.2301"/>
   <point lat="34.07676" lon="-118.23079"/>
   <point lat="34.0764799" lon="-118.2311"/>
   <point lat="34.07639" lon="-118.23121"/>
   <point lat="34.076" lon="-118.2316"/>
   <point lat="34.07564" lon="-118.23194"/>
   <point lat="34.07541" lon="-118.23217"/>
   <point lat="34.07503" lon="-118.23258"/>
   <point lat="34.07408" lon="-118.23355"/>
   <point lat="34.07342" lon="-118.23417"/>
   <point lat="34.07305" lon="-118.23448"/>
   <point lat="34.07271" lon="-118.23474"/>
   <point lat="34.07255" lon="-118.23484"/>
   <point lat="34.0719" lon="-118.23519"/>
   <point lat="34.07166" lon="-118.2353"/>
   <point lat="34.07149" lon="-118.23534"/>
   <point lat="34.07135" lon="-118.2354"/>
   <point lat="34.07124" lon="-118.23546"/>
   <point lat="34.07079" lon="-118.23566"/>
   <point lat="34.07058" lon="-118.23576"/>
   <point lat="34.06982" lon="-118.23607"/>
   <point lat="34.06955" lon="-118.23619"/>
   <point lat="34.06896" lon="-118.23652"/>
   <point lat="34.0686899" lon="-118.23665"/>
   <point lat="34.06847" lon="-118.23675"/>
   <point lat="34.0677499" lon="-118.23705"/>
   <point lat="34.06668" lon="-118.23755"/>
   <point lat="34.06594" lon="-118.23794"/>
   <point lat="34.06583" lon="-118.23799"/>
   <point lat="34.0646" lon="-118.23874"/>
   <point lat="34.06292" lon="-118.23958"/>
   <point lat="34.06133" lon="-118.24024"/>
   <point lat="34.0608999" lon="-118.24052"/>
   <point lat="34.05919" lon="-118.24107"/>
   <point lat="34.05906" lon="-118.24114"/>
   <point lat="34.05891" lon="-118.24124"/>
   <point lat="34.05863" lon="-118.24144"/>
   <point lat="34.05793" lon="-118.2421"/>
   <point lat="34.05788" lon="-118.24215"/>
   <point lat="34.05777" lon="-118.24228"/>
   <point lat="34.05771" lon="-118.24237"/>
   <point lat="34.05766" lon="-118.24243"/>
   <point lat="34.05756" lon="-118.24266"/>
   <point lat="34.0575" lon="-118.24276"/>
   <point lat="34.05711" lon="-118.2435"/>
   <point lat="34.05707" lon="-118.24357"/>
   <point lat="34.05694" lon="-118.24381"/>
   <point lat="34.05655" lon="-118.24443"/>
   <point lat="34.05637" lon="-118.2448"/>
   <point lat="34.05381" lon="-118.24723"/>
   <point lat="34.0515" lon="-118.24942"/>
   <point lat="34.05044" lon="-118.25041"/>
   <point lat="34.0486099" lon="-118.25205"/>
   <point lat="34.04723" lon="-118.25341"/>
   <point lat="34.04576" lon="-118.25477"/>
  </path>
  <path>
   <point lat="34.13496" lon="-118.21506"/>
   <point lat="34.1346" lon="-118.21316"/>
   <point lat="34.13393" lon="-118.20964"/>
   <point lat="34.13346" lon="-118.20712"/>
   <point lat="34.13305" lon="-118.20417"/>
   <point lat="34.13285" lon="-118.20153"/>
   <point lat="34.13277" lon="-118.19934"/>
   <point lat="34.13262" lon="-118.19704"/>
   <point lat="34.13259" lon="-118.19604"/>
   <point lat="34.13323" lon="-118.19327"/>
   <point lat="34.1336" lon="-118.19226"/>
   <point lat="34.13368" lon="-118.19196"/>
   <point lat="34.13368" lon="-118.1919"/>
   <point lat="34.13371" lon="-118.19167"/>
   <point lat="34.13374" lon="-118.1915"/>
   <point lat="34.13394" lon="-118.19001"/>
   <point lat="34.13394" lon="-118.1899"/>
   <point lat="34.13395" lon="-118.18964"/>
   <point lat="34.13387" lon="-118.18968"/>
   <point lat="34.13378" lon="-118.1897"/>
   <point lat="34.13361" lon="-118.18972"/>
   <point lat="34.13354" lon="-118.18971"/>
   <point lat="34.1334" lon="-118.18971"/>
   <point lat="34.1332499" lon="-118.1897"/>
   <point lat="34.13315" lon="-118.18968"/>
   <point lat="34.133" lon="-118.18964"/>
   <point lat="34.13289" lon="-118.18959"/>
   <point lat="34.13268" lon="-118.1895"/>
   <point lat="34.13246" lon="-118.18939"/>
   <point lat="34.1321" lon="-118.18923"/>
   <point lat="34.13177" lon="-118.18925"/>
   <point lat="34.13106" lon="-118.18876"/>
   <point lat="34.12935" lon="-118.18813"/>
   <point lat="34.12663" lon="-118.18689"/>
   <point lat="34.12375" lon="-118.18555"/>
   <point lat="34.1208" lon="-118.18402"/>
   <point lat="34.12029" lon="-118.18393"/>
   <point lat="34.11972" lon="-118.18364"/>
   <point lat="34.11952" lon="-118.18363"/>
   <point lat="34.1171999" lon="-118.18342"/>
   <point lat="34.11693" lon="-118.18339"/>
   <point lat="34.1166399" lon="-118.18338"/>
   <point lat="34.11654" lon="-118.18339"/>
   <point lat="34.1164599" lon="-118.18342"/>
   <point lat="34.11636" lon="-118.18347"/>
   <point lat="34.11628" lon="-118.18354"/>
   <point lat="34.11602" lon="-118.18379"/>
   <point lat="34.11568" lon="-118.18416"/>
   <point lat="34.11491" lon="-118.18491"/>
   <point lat="34.1148" lon="-118.18522"/>
  </path>
  <path>
   <point lat="33.97493" lon="-118.2828"/>
   <point lat="33.97091" lon="-118.28283"/>
   <point lat="33.968" lon="-118.28284"/>
   <point lat="33.96448" lon="-118.28285"/>
   <point lat="33.96231" lon="-118.28285"/>
   <point lat="33.95981" lon="-118.28285"/>
   <point lat="33.95691" lon="-118.28284"/>
   <point lat="33.95297" lon="-118.28284"/>
   <point lat="33.9493099" lon="-118.28283"/>
   <point lat="33.94752" lon="-118.2828"/>
   <point lat="33.9457499" lon="-118.28274"/>
   <point lat="33.9417" lon="-118.28275"/>
   <point lat="33.93806" lon="-118.28269"/>
   <point lat="33.93368" lon="-118.28274"/>
   <point lat="33.9307299" lon="-118.28274"/>
   <point lat="33.92917" lon="-118.28259"/>
   <point lat="33.92866" lon="-118.28274"/>
   <point lat="33.92797" lon="-118.28259"/>
   <point lat="33.92766" lon="-118.28259"/>
   <point lat="33.92737" lon="-118.28258"/>
   <point lat="33.92737" lon="-118.2817"/>
   <point lat="33.92745" lon="-118.28178"/>
   <point lat="33.92777" lon="-118.28184"/>
  </path>
  <path>
   <point lat="34.01919" lon="-118.28192"/>
   <point lat="34.01837" lon="-118.28224"/>
   <point lat="34.01818" lon="-118.28235"/>
   <point lat="34.01777" lon="-118.28262"/>
   <point lat="34.0177" lon="-118.28266"/>
   <point lat="34.0176" lon="-118.28271"/>
   <point lat="34.01747" lon="-118.28273"/>
   <point lat="34.0172" lon="-118.28275"/>
   <point lat="34.01627" lon="-118.28291"/>
   <point lat="34.01377" lon="-118.28289"/>
   <point lat="34.01152" lon="-118.28289"/>
   <point lat="34.00978" lon="-118.28288"/>
   <point lat="34.00762" lon="-118.28287"/>
   <point lat="34.00528" lon="-118.28286"/>
   <point lat="34.00396" lon="-118.28285"/>
   <point lat="34.00083" lon="-118.28284"/>
   <point lat="33.99844" lon="-118.28283"/>
   <point lat="33.99627" lon="-118.28282"/>
   <point lat="33.99344" lon="-118.28282"/>
   <point lat="33.99161" lon="-118.28281"/>
   <point lat="33.9889" lon="-118.28281"/>
   <point lat="33.98614" lon="-118.28282"/>
   <point lat="33.98433" lon="-118.28281"/>
   <point lat="33.98218" lon="-118.28282"/>
   <point lat="33.98078" lon="-118.28281"/>
   <point lat="33.97752" lon="-118.28282"/>
   <point lat="33.97493" lon="-118.2828"/>
  </path>
  <path>
   <point lat="34.08406" lon="-118.22234"/>
   <point lat="34.08282" lon="-118.22376"/>
   <point lat="34.08094" lon="-118.22537"/>
   <point lat="34.08027" lon="-118.22618"/>
   <point lat="34.08016" lon="-118.22632"/>
   <point lat="34.07923" lon="-118.22745"/>
   <point lat="34.07861" lon="-118.22835"/>
   <point lat="34.07831" lon="-118.22884"/>
   <point lat="34.07812" lon="-118.22909"/>
   <point lat="34.07729" lon="-118.2301"/>
   <point lat="34.07676" lon="-118.23079"/>
   <point lat="34.0764799" lon="-118.2311"/>
   <point lat="34.07639" lon="-118.23121"/>
   <point lat="34.076" lon="-118.2316"/>
   <point lat="34.07564" lon="-118.23194"/>
   <point lat="34.07541" lon="-118.23217"/>
   <point lat="34.07503" lon="-118.23258"/>
   <point lat="34.07408" lon="-118.23355"/>
   <point lat="34.07342" lon="-118.23417"/>
   <point lat="34.07305" lon="-118.23448"/>
   <point lat="34.07271" lon="-118.23474"/>
   <point lat="34.07255" lon="-118.23484"/>
   <point lat="34.0719" lon="-118.23519"/>
   <point lat="34.07166" lon="-118.2353"/>
   <point lat="34.07149" lon="-118.23534"/>
   <point lat="34.07135" lon="-118.2354"/>
   <point lat="34.07124" lon="-118.23546"/>
   <point lat="34.07079" lon="-118.23566"/>
   <point lat="34.07058" lon="-118.23576"/>
   <point lat="34.06982" lon="-118.23607"/>
   <point lat="34.06955" lon="-118.23619"/>
   <point lat="34.06896" lon="-118.23652"/>
   <point lat="34.0686899" lon="-118.23665"/>
   <point lat="34.06847" lon="-118.23675"/>
   <point lat="34.0677499" lon="-118.23705"/>
   <point lat="34.06668" lon="-118.23755"/>
   <point lat="34.06594" lon="-118.23794"/>
   <point lat="34.0646" lon="-118.23874"/>
   <point lat="34.06292" lon="-118.23958"/>
   <point lat="34.06133" lon="-118.24024"/>
   <point lat="34.0608999" lon="-118.24052"/>
   <point lat="34.05919" lon="-118.24107"/>
   <point lat="34.05906" lon="-118.24114"/>
   <point lat="34.05891" lon="-118.24124"/>
   <point lat="34.05863" lon="-118.24144"/>
   <point lat="34.05793" lon="-118.2421"/>
   <point lat="34.05788" lon="-118.24215"/>
   <point lat="34.05777" lon="-118.24228"/>
   <point lat="34.05771" lon="-118.24237"/>
   <point lat="34.05766" lon="-118.24243"/>
   <point lat="34.05756" lon="-118.24266"/>
   <point lat="34.0575" lon="-118.24276"/>
   <point lat="34.05711" lon="-118.2435"/>
   <point lat="34.05707" lon="-118.24357"/>
   <point lat="34.05694" lon="-118.24381"/>
   <point lat="34.05655" lon="-118.24443"/>
   <point lat="34.05637" lon="-118.2448"/>
   <point lat="34.05381" lon="-118.24723"/>
   <point lat="34.0515" lon="-118.24942"/>
   <point lat="34.05044" lon="-118.25041"/>
   <point lat="34.0486099" lon="-118.25205"/>
   <point lat="34.04723" lon="-118.25341"/>
   <point lat="34.04576" lon="-118.25477"/>
  </path>
  <path>
   <point lat="34.03319" lon="-118.26457"/>
   <point lat="34.03357" lon="-118.26431"/>
   <point lat="34.03401" lon="-118.2651"/>
   <point lat="34.03473" lon="-118.26452"/>
   <point lat="34.03521" lon="-118.26538"/>
   <point lat="34.0357399" lon="-118.26634"/>
   <point lat="34.03577" lon="-118.26631"/>
   <point lat="34.03634" lon="-118.26769"/>
   <point lat="34.03646" lon="-118.26761"/>
   <point lat="34.03752" lon="-118.27004"/>
   <point lat="34.03774" lon="-118.26989"/>
   <point lat="34.0379999" lon="-118.26973"/>
   <point lat="34.04016" lon="-118.26835"/>
   <point lat="34.04047" lon="-118.26797"/>
   <point lat="34.04084" lon="-118.26787"/>
   <point lat="34.04202" lon="-118.26659"/>
   <point lat="34.04513" lon="-118.26365"/>
   <point lat="34.04624" lon="-118.26277"/>
   <point lat="34.04624" lon="-118.26224"/>
   <point lat="34.04623" lon="-118.26214"/>
   <point lat="34.0462" lon="-118.26208"/>
   <point lat="34.04613" lon="-118.26196"/>
   <point lat="34.04606" lon="-118.2618"/>
   <point lat="34.04601" lon="-118.26173"/>
   <point lat="34.04514" lon="-118.26057"/>
   <point lat="34.04446" lon="-118.25953"/>
  </path>
 </route>
</body>