<?xml version="1.0" encoding="utf-8"?>
<body copyright="All data copyright Los Angeles Metro 2022.">
 <route color="df4600" latMax="34.1159299" latMin="33.8871399" lonMax="-118.15014" lonMin="-118.18382" oppositeColor="ffffff" tag="258" title="258 Highland Park - Paramount Via Fremon">
  <stop lat="34.0631799" lon="-118.16908" stopId="00708" tag="708" title="Cal State La Transit Center"/>
  <stop lat="33.9571199" lon="-118.1641899" stopId="01759" tag="1759" title="Eastern / Cecilia"/>
  <stop lat="33.96299" lon="-118.1652199" stopId="01760" tag="1760" title="Eastern / Clara"/>
  <stop lat="33.9676599" lon="-118.16459" stopId="01761" tag="1761" title="Eastern / Florence"/>
  <stop lat="33.9756899" lon="-118.16349" stopId="01762" tag="1762" title="Eastern / Gage"/>
  <stop lat="33.9539799" lon="-118.16366" stopId="01763" tag="1763" title="Eastern / Garfield"/>
  <stop lat="33.95981" lon="-118.1652" stopId="01764" tag="1764" title="Eastern / Jaboneria"/>
  <stop lat="33.96593" lon="-118.1648299" stopId="01765" tag="1765" title="Eastern / Live Oak"/>
  <stop lat="33.97141" lon="-118.1640899" stopId="01766" tag="1766" title="Eastern / Lubec"/>
  <stop lat="34.1120399" lon="-118.15014" stopId="01853" tag="1853" title="Fair Oaks / Monterey"/>
  <stop lat="34.1090099" lon="-118.15016" stopId="01855" tag="1855" title="Fair Oaks / Rollin"/>
  <stop lat="34.1056899" lon="-118.15022" stopId="01856" tag="1856" title="Fair Oaks / Spruce"/>
  <stop lat="34.1015399" lon="-118.15199" stopId="02096" tag="2096" title="Fremont / Maple"/>
  <stop lat="34.1158099" lon="-118.18239" tag="2170_ar" title="Garvanza / Avenue 63"/>
  <stop lat="34.1038799" lon="-118.15209" stopId="02551" tag="2551" title="Huntington / Fremont"/>
  <stop lat="34.0374699" lon="-118.1617" stopId="03196" tag="3196" title="Mednik / 1st"/>
  <stop lat="34.0337599" lon="-118.16185" stopId="03197" tag="3197" title="Mednik / 3rd"/>
  <stop lat="34.0428199" lon="-118.1617799" stopId="03198" tag="3198" title="Mednik / Hammel"/>
  <stop lat="34.0578599" lon="-118.17202" stopId="03451" tag="3451" title="Eastern / City Terrace"/>
  <stop lat="34.0593699" lon="-118.1726399" stopId="03455" tag="3455" title="Eastern / Ramona"/>
  <stop lat="34.09843" lon="-118.15199" stopId="03542" tag="3542" title="Fremont / Alhambra"/>
  <stop lat="34.0949399" lon="-118.1519199" stopId="03543" tag="3543" title="Fremont / Main"/>
  <stop lat="34.0267399" lon="-118.16536" stopId="04666" tag="4666" title="Arizona / 6th"/>
  <stop lat="34.0181499" lon="-118.16821" stopId="04667" tag="4667" title="Arizona / Olympic"/>
  <stop lat="34.02902" lon="-118.1646599" stopId="04668" tag="4668" title="Arizona / Eagle"/>
  <stop lat="34.02446" lon="-118.1660799" stopId="04669" tag="4669" title="Arizona / Hubbard"/>
  <stop lat="34.0205099" lon="-118.16754" stopId="04670" tag="4670" title="Arizona / Verona"/>
  <stop lat="34.02264" lon="-118.1668599" stopId="04671" tag="4671" title="Arizona / Whittier"/>
  <stop lat="33.9921599" lon="-118.16091" stopId="04940" tag="4940" title="Eastern / Bandini"/>
  <stop lat="33.98088" lon="-118.1626899" stopId="04941" tag="4941" title="Eastern / 61st"/>
  <stop lat="33.9861599" lon="-118.16184" stopId="04942" tag="4942" title="Eastern / Slauson"/>
  <stop lat="34.0004699" lon="-118.15958" stopId="04943" tag="4943" title="Eastern / Washington"/>
  <stop lat="34.0055599" lon="-118.15882" stopId="04944" tag="4944" title="Eastern / Everington"/>
  <stop lat="34.0043299" lon="-118.159" stopId="04945" tag="4945" title="Eastern / Harbor"/>
  <stop lat="33.9795099" lon="-118.16289" stopId="04947" tag="4947" title="Eastern / Randolph"/>
  <stop lat="33.98896" lon="-118.1614099" stopId="04948" tag="4948" title="Eastern / Rickenbacker"/>
  <stop lat="34.00729" lon="-118.15855" stopId="04949" tag="4949" title="Eastern / Stevens"/>
  <stop lat="34.0842399" lon="-118.1517699" stopId="05054" tag="5054" title="Fremont / Orange"/>
  <stop lat="34.09122" lon="-118.15187" stopId="05055" tag="5055" title="Fremont / Poplar"/>
  <stop lat="34.08807" lon="-118.15183" stopId="05058" tag="5058" title="Fremont / Commonwealth"/>
  <stop lat="34.0739699" lon="-118.1516699" stopId="05059" tag="5059" title="Fremont / Glendon"/>
  <stop lat="34.0697999" lon="-118.15162" stopId="05060" tag="5060" title="Fremont / Hellman"/>
  <stop lat="34.0802399" lon="-118.1517399" stopId="05061" tag="5061" title="Fremont / Mission"/>
  <stop lat="34.07716" lon="-118.15171" stopId="05062" tag="5062" title="Fremont / Valley"/>
  <stop lat="34.0314099" lon="-118.16337" stopId="05302" tag="5302" title="Mednik / 4th"/>
  <stop lat="34.01249" lon="-118.16277" stopId="06482" tag="6482" title="Telegraph / Clela"/>
  <stop lat="34.0443999" lon="-118.1734599" stopId="10059" tag="10059" title="Eastern / Floral"/>
  <stop lat="34.04729" lon="-118.17488" stopId="10061" tag="10061" title="Eastern / Marianna"/>
  <stop lat="34.0514099" lon="-118.17419" stopId="10092" tag="10092" title="Eastern / Sheriff"/>
  <stop lat="34.0538799" lon="-118.17256" stopId="10099" tag="10099" title="Eastern / Hauck"/>
  <stop lat="34.0443099" lon="-118.1668199" stopId="10500" tag="10500" title="Floral / Corporate Center"/>
  <stop lat="34.0443" lon="-118.1717699" stopId="10505" tag="10505" title="Floral / Humphreys"/>
  <stop lat="34.1159299" lon="-118.15289" stopId="11760" tag="11760" title="Mission / Fremont"/>
  <stop lat="34.1158299" lon="-118.1629" stopId="11762" tag="11762" title="Mission / Grand"/>
  <stop lat="34.1158899" lon="-118.15805" stopId="11763" tag="11763" title="Mission / Meridian"/>
  <stop lat="34.1158599" lon="-118.1609" stopId="11764" tag="11764" title="Mission / Orange Grove"/>
  <stop lat="34.11557" lon="-118.1665499" stopId="12779" tag="12779" title="Pasadena / Mission"/>
  <stop lat="34.1123599" lon="-118.1708199" stopId="12781" tag="12781" title="Pasadena / Arroyo"/>
  <stop lat="34.1140699" lon="-118.16779" stopId="12782" tag="12782" title="Pasadena / El Centro"/>
  <stop lat="34.1123399" lon="-118.16933" stopId="12783" tag="12783" title="Pasadena / Hawthorne"/>
  <stop lat="34.1122399" lon="-118.1750099" stopId="12786" tag="12786" title="Pasadena / Sycamore"/>
  <stop lat="34.0138599" lon="-118.1657899" stopId="14861" tag="14861" title="Telegraph / Ferris"/>
  <stop lat="34.0152799" lon="-118.1689599" stopId="14873" tag="14873" title="Telegraph / Arizona"/>
  <stop lat="34.0111099" lon="-118.15969" stopId="14874" tag="14874" title="Telegraph / Atlantic"/>
  <stop lat="33.98329" lon="-118.1622999" stopId="14933" tag="14933" title="Eastern / Peachtree"/>
  <stop lat="34.11463" lon="-118.18167" stopId="16878" tag="16878" title="York / Avenue 64"/>
  <stop lat="34.11391" lon="-118.17964" stopId="16879" tag="16879" title="York / Avenue 66"/>
  <stop lat="34.1158099" lon="-118.18382" stopId="16880" tag="16880" title="Figueroa / York"/>
  <stop lat="33.8892899" lon="-118.1685399" stopId="17242" tag="17242" title="Alondra / Garfield"/>
  <stop lat="33.92319" lon="-118.16886" stopId="32205" tag="32205" title="Garfield / Gardendale"/>
  <stop lat="34.0407799" lon="-118.16175" stopId="142148" tag="142148" title="Mednik / Cesar E Chavez"/>
  <stop lat="33.8871399" lon="-118.16021" stopId="142285" tag="142285" title="Paramount / Town Center West"/>
  <stop lat="33.8931699" lon="-118.16864" stopId="142429" tag="142429" title="Garfield / Jefferson"/>
  <stop lat="33.89662" lon="-118.16866" stopId="142430" tag="142430" title="Garfield / Somerset"/>
  <stop lat="33.90345" lon="-118.1687" stopId="142431" tag="142431" title="Garfield / Rosecrans"/>
  <stop lat="33.9090699" lon="-118.1687399" stopId="142432" tag="142432" title="Garfield / Mendy"/>
  <stop lat="33.91436" lon="-118.16876" stopId="142433" tag="142433" title="Garfield / Century"/>
  <stop lat="33.9168099" lon="-118.1687699" stopId="142434" tag="142434" title="Garfield / Main"/>
  <stop lat="33.9300899" lon="-118.16789" stopId="142436" tag="142436" title="Garfield / Imperial"/>
  <stop lat="33.9387499" lon="-118.1673399" stopId="142437" tag="142437" title="Garfield / Karmont"/>
  <stop lat="33.94469" lon="-118.16595" stopId="142438" tag="142438" title="Garfield / Southern"/>
  <stop lat="33.9493599" lon="-118.1649" stopId="142439" tag="142439" title="Garfield / Firestone"/>
  <stop lat="34.07184" lon="-118.15163" stopId="70500032" tag="70500032" title="Fremont / Ross"/>
  <stop lat="34.0407399" lon="-118.16199" stopId="00676" tag="676" title="Mednik / Cesar E Chavez"/>
  <stop lat="34.0631799" lon="-118.16908" tag="708_ar" title="Cal State La Transit Center"/>
  <stop lat="34.04409" lon="-118.1733699" stopId="01951" tag="1951" title="Floral / Eastern"/>
  <stop lat="34.0440999" lon="-118.17157" stopId="01952" tag="1952" title="Floral / Humphreys"/>
  <stop lat="34.1158099" lon="-118.18239" stopId="02170" tag="2170" title="Garvanza / Avenue 63"/>
  <stop lat="34.06952" lon="-118.15128" stopId="03012" tag="3012" title="Hellman / Fremont"/>
  <stop lat="34.11559" lon="-118.16263" stopId="03266" tag="3266" title="Mission / Adelaine"/>
  <stop lat="34.1156599" lon="-118.15328" stopId="03267" tag="3267" title="Mission / Fremont"/>
  <stop lat="34.11562" lon="-118.1575399" stopId="03269" tag="3269" title="Mission / Meridian"/>
  <stop lat="34.11559" lon="-118.16073" stopId="03270" tag="3270" title="Mission / Orange Grove"/>
  <stop lat="34.0578099" lon="-118.1723199" stopId="03452" tag="3452" title="Eastern / City Terrace"/>
  <stop lat="34.1122899" lon="-118.17166" stopId="04321" tag="4321" title="Pasadena / Arroyo"/>
  <stop lat="34.11385" lon="-118.1676499" stopId="04327" tag="4327" title="Pasadena / El Centro"/>
  <stop lat="34.11225" lon="-118.1690299" stopId="04328" tag="4328" title="Pasadena / Hawthorne"/>
  <stop lat="34.11549" lon="-118.1662299" stopId="04329" tag="4329" title="Pasadena / Mission"/>
  <stop lat="34.11189" lon="-118.17458" stopId="04331" tag="4331" title="Pasadena / Sycamore"/>
  <stop lat="34.01362" lon="-118.16576" stopId="06485" tag="6485" title="Telegraph / Ferris"/>
  <stop lat="34.01504" lon="-118.16892" stopId="06497" tag="6497" title="Telegraph / Arizona"/>
  <stop lat="34.04413" lon="-118.1650099" stopId="07630" tag="7630" title="Floral / Dangler"/>
  <stop lat="34.04411" lon="-118.1671899" stopId="07631" tag="7631" title="Floral / McDonnell"/>
  <stop lat="34.1141999" lon="-118.1812399" stopId="08571" tag="8571" title="York / Avenue 64"/>
  <stop lat="34.1136199" lon="-118.1796199" stopId="08572" tag="8572" title="York / Avenue 66"/>
  <stop lat="33.9573199" lon="-118.1645799" stopId="10313" tag="10313" title="Eastern / Cecilia"/>
  <stop lat="33.9633199" lon="-118.16548" stopId="10314" tag="10314" title="Eastern / Clara"/>
  <stop lat="33.9676599" lon="-118.1649" stopId="10315" tag="10315" title="Eastern / Florence"/>
  <stop lat="33.9753199" lon="-118.16385" stopId="10316" tag="10316" title="Eastern / Gage"/>
  <stop lat="33.9596499" lon="-118.1654499" stopId="10317" tag="10317" title="Eastern / Jaboneria"/>
  <stop lat="33.96592" lon="-118.1651399" stopId="10318" tag="10318" title="Eastern / Live Oak"/>
  <stop lat="33.9717099" lon="-118.16435" stopId="10319" tag="10319" title="Eastern / Lubec"/>
  <stop lat="33.95464" lon="-118.1638999" stopId="10320" tag="10320" title="Eastern / Shull"/>
  <stop lat="34.1120099" lon="-118.15062" stopId="10403" tag="10403" title="Fair Oaks / Monterey"/>
  <stop lat="34.1086799" lon="-118.15064" stopId="10405" tag="10405" title="Fair Oaks / Rollin"/>
  <stop lat="34.1055399" lon="-118.1506699" stopId="10406" tag="10406" title="Fair Oaks / Spruce"/>
  <stop lat="34.10135" lon="-118.1522299" stopId="10638" tag="10638" title="Fremont / Maple"/>
  <stop lat="34.1030599" lon="-118.15239" stopId="11072" tag="11072" title="Fremont / Huntington"/>
  <stop lat="34.0536499" lon="-118.17299" stopId="11292" tag="11292" title="Eastern / Lotta"/>
  <stop lat="34.0514799" lon="-118.17453" stopId="11297" tag="11297" title="Eastern / Sheriff"/>
  <stop lat="34.0472999" lon="-118.1753299" stopId="11302" tag="11302" title="Eastern / Marianna"/>
  <stop lat="34.0372799" lon="-118.1619699" stopId="11683" tag="11683" title="Mednik / 1st"/>
  <stop lat="34.0329899" lon="-118.16253" stopId="11684" tag="11684" title="Mednik / 3rd"/>
  <stop lat="34.04286" lon="-118.1620199" stopId="11685" tag="11685" title="Mednik / Fisher"/>
  <stop lat="34.04382" lon="-118.1620399" stopId="11686" tag="11686" title="Mednik / Floral"/>
  <stop lat="34.11558" lon="-118.1504899" stopId="11746" tag="11746" title="Fair Oaks / Mission"/>
  <stop lat="34.0592199" lon="-118.1728899" stopId="11946" tag="11946" title="Eastern / Ramona"/>
  <stop lat="34.09839" lon="-118.15223" stopId="12030" tag="12030" title="Fremont / Alhambra"/>
  <stop lat="34.0949099" lon="-118.1522199" stopId="12031" tag="12031" title="Fremont / Main"/>
  <stop lat="34.0267499" lon="-118.16561" stopId="13123" tag="13123" title="Arizona / 6th"/>
  <stop lat="34.01812" lon="-118.1683899" stopId="13124" tag="13124" title="Arizona / Olympic"/>
  <stop lat="34.0293399" lon="-118.16481" stopId="13125" tag="13125" title="Arizona / Eagle"/>
  <stop lat="34.0247899" lon="-118.1662" stopId="13126" tag="13126" title="Arizona / Hubbard"/>
  <stop lat="34.02051" lon="-118.1677099" stopId="13127" tag="13127" title="Arizona / Verona"/>
  <stop lat="34.0222899" lon="-118.16717" stopId="13128" tag="13128" title="Arizona / Whittier"/>
  <stop lat="34.0109899" lon="-118.15995" stopId="13152" tag="13152" title="Telegraph / Triggs"/>
  <stop lat="33.99184" lon="-118.1612699" stopId="13391" tag="13391" title="Eastern / Bandini"/>
  <stop lat="33.98119" lon="-118.1629499" stopId="13392" tag="13392" title="Eastern / 61st"/>
  <stop lat="33.9854799" lon="-118.16227" stopId="13393" tag="13393" title="Eastern / Slauson"/>
  <stop lat="34.00052" lon="-118.1598799" stopId="13394" tag="13394" title="Eastern / Washington"/>
  <stop lat="34.0055499" lon="-118.15913" stopId="13395" tag="13395" title="Eastern / Everington"/>
  <stop lat="34.0039999" lon="-118.15935" stopId="13396" tag="13396" title="Eastern / Harbor"/>
  <stop lat="33.98329" lon="-118.1625999" stopId="13397" tag="13397" title="Eastern / Peachtree"/>
  <stop lat="33.9795099" lon="-118.1632" stopId="13398" tag="13398" title="Eastern / Randolph"/>
  <stop lat="33.98893" lon="-118.1617199" stopId="13399" tag="13399" title="Eastern / Rickenbacker"/>
  <stop lat="34.00772" lon="-118.1588199" stopId="13400" tag="13400" title="Eastern / Stevens"/>
  <stop lat="34.0836299" lon="-118.1520699" stopId="13500" tag="13500" title="Fremont / Orange"/>
  <stop lat="34.09152" lon="-118.15218" stopId="13501" tag="13501" title="Fremont / Poplar"/>
  <stop lat="34.0875699" lon="-118.1521299" stopId="13503" tag="13503" title="Fremont / Commonwealth"/>
  <stop lat="34.0736099" lon="-118.1519599" stopId="13505" tag="13505" title="Fremont / Glendon"/>
  <stop lat="34.07949" lon="-118.15202" stopId="13507" tag="13507" title="Fremont / Mission"/>
  <stop lat="34.0766399" lon="-118.1520099" stopId="13508" tag="13508" title="Fremont / Valley"/>
  <stop lat="34.0314699" lon="-118.16361" stopId="13728" tag="13728" title="Mednik / 4th"/>
  <stop lat="34.0124099" lon="-118.1630899" stopId="14858" tag="14858" title="Telegraph / Clela"/>
  <stop lat="33.9296599" lon="-118.16839" stopId="17019" tag="17019" title="Garfield / Imperial"/>
  <stop lat="33.8890699" lon="-118.1602699" stopId="17176" tag="17176" title="Alondra / Paramount"/>
  <stop lat="33.9227599" lon="-118.1691199" stopId="32188" tag="32188" title="Garfield / Gardendale"/>
  <stop lat="33.8871399" lon="-118.16021" tag="142285_ar" title="Paramount / Town Center West"/>
  <stop lat="33.94894" lon="-118.1653599" stopId="142418" tag="142418" title="Garfield / Firestone"/>
  <stop lat="33.94433" lon="-118.1665299" stopId="142419" tag="142419" title="Garfield / Southern"/>
  <stop lat="33.93856" lon="-118.1675799" stopId="142420" tag="142420" title="Garfield / Karmont"/>
  <stop lat="33.91803" lon="-118.16908" stopId="142421" tag="142421" title="Garfield / Roosevelt"/>
  <stop lat="33.9143599" lon="-118.1690599" stopId="142422" tag="142422" title="Garfield / Century"/>
  <stop lat="33.90934" lon="-118.1690399" stopId="142423" tag="142423" title="Garfield / Mendy"/>
  <stop lat="33.90341" lon="-118.169" stopId="142424" tag="142424" title="Garfield / Rosecrans"/>
  <stop lat="33.8965399" lon="-118.1689599" stopId="142425" tag="142425" title="Garfield / Somerset"/>
  <stop lat="33.89255" lon="-118.16894" stopId="142426" tag="142426" title="Garfield / Jefferson"/>
  <stop lat="33.88904" lon="-118.16847" stopId="142427" tag="142427" title="Alondra / Garfield"/>
  <stop lat="34.0721099" lon="-118.1519499" stopId="70500033" tag="70500033" title="Fremont / Ross"/>
  <direction name="South" tag="258_45_1" title="South to Paramount" useForUI="true">
   <stop tag="2170"/>
   <stop tag="8571"/>
   <stop tag="8572"/>
   <stop tag="4331"/>
   <stop tag="4321"/>
   <stop tag="4328"/>
   <stop tag="4327"/>
   <stop tag="4329"/>
   <stop tag="3266"/>
   <stop tag="3270"/>
   <stop tag="3269"/>
   <stop tag="3267"/>
   <stop tag="11746"/>
   <stop tag="10403"/>
   <stop tag="10405"/>
   <stop tag="10406"/>
   <stop tag="11072"/>
   <stop tag="10638"/>
   <stop tag="12030"/>
   <stop tag="12031"/>
   <stop tag="13501"/>
   <stop tag="13503"/>
   <stop tag="13500"/>
   <stop tag="13507"/>
   <stop tag="13508"/>
   <stop tag="13505"/>
   <stop tag="70500033"/>
   <stop tag="3012"/>
   <stop tag="708"/>
   <stop tag="11946"/>
   <stop tag="3452"/>
   <stop tag="11292"/>
   <stop tag="11297"/>
   <stop tag="11302"/>
   <stop tag="1951"/>
   <stop tag="1952"/>
   <stop tag="7631"/>
   <stop tag="7630"/>
   <stop tag="11686"/>
   <stop tag="11685"/>
   <stop tag="676"/>
   <stop tag="11683"/>
   <stop tag="11684"/>
   <stop tag="13728"/>
   <stop tag="13125"/>
   <stop tag="13123"/>
   <stop tag="13126"/>
   <stop tag="13128"/>
   <stop tag="13127"/>
   <stop tag="13124"/>
   <stop tag="6497"/>
   <stop tag="6485"/>
   <stop tag="14858"/>
   <stop tag="13152"/>
   <stop tag="13400"/>
   <stop tag="13395"/>
   <stop tag="13396"/>
   <stop tag="13394"/>
   <stop tag="13391"/>
   <stop tag="13399"/>
   <stop tag="13393"/>
   <stop tag="13397"/>
   <stop tag="13392"/>
   <stop tag="13398"/>
   <stop tag="10316"/>
   <stop tag="10319"/>
   <stop tag="10315"/>
   <stop tag="10318"/>
   <stop tag="10314"/>
   <stop tag="10317"/>
   <stop tag="10313"/>
   <stop tag="10320"/>
   <stop tag="142418"/>
   <stop tag="142419"/>
   <stop tag="142420"/>
   <stop tag="17019"/>
   <stop tag="32188"/>
   <stop tag="142421"/>
   <stop tag="142422"/>
   <stop tag="142423"/>
   <stop tag="142424"/>
   <stop tag="142425"/>
   <stop tag="142426"/>
   <stop tag="142427"/>
   <stop tag="17176"/>
   <stop tag="142285_ar"/>
  </direction>
  <direction name="North" tag="258_53_0" title="North to Figueroa-York" useForUI="true">
   <stop tag="142285"/>
   <stop tag="17242"/>
   <stop tag="142429"/>
   <stop tag="142430"/>
   <stop tag="142431"/>
   <stop tag="142432"/>
   <stop tag="142433"/>
   <stop tag="142434"/>
   <stop tag="32205"/>
   <stop tag="142436"/>
   <stop tag="142437"/>
   <stop tag="142438"/>
   <stop tag="142439"/>
   <stop tag="1763"/>
   <stop tag="1759"/>
   <stop tag="1764"/>
   <stop tag="1760"/>
   <stop tag="1765"/>
   <stop tag="1761"/>
   <stop tag="1766"/>
   <stop tag="1762"/>
   <stop tag="4947"/>
   <stop tag="4941"/>
   <stop tag="14933"/>
   <stop tag="4942"/>
   <stop tag="4948"/>
   <stop tag="4940"/>
   <stop tag="4943"/>
   <stop tag="4945"/>
   <stop tag="4944"/>
   <stop tag="4949"/>
   <stop tag="14874"/>
   <stop tag="6482"/>
   <stop tag="14861"/>
   <stop tag="14873"/>
   <stop tag="4667"/>
   <stop tag="4670"/>
   <stop tag="4671"/>
   <stop tag="4669"/>
   <stop tag="4666"/>
   <stop tag="4668"/>
   <stop tag="5302"/>
   <stop tag="3197"/>
   <stop tag="3196"/>
   <stop tag="142148"/>
   <stop tag="3198"/>
   <stop tag="10500"/>
   <stop tag="10505"/>
   <stop tag="10059"/>
   <stop tag="10061"/>
   <stop tag="10092"/>
   <stop tag="10099"/>
   <stop tag="3451"/>
   <stop tag="3455"/>
   <stop tag="708"/>
   <stop tag="5060"/>
   <stop tag="70500032"/>
   <stop tag="5059"/>
   <stop tag="5062"/>
   <stop tag="5061"/>
   <stop tag="5054"/>
   <stop tag="5058"/>
   <stop tag="5055"/>
   <stop tag="3543"/>
   <stop tag="3542"/>
   <stop tag="2096"/>
   <stop tag="2551"/>
   <stop tag="1856"/>
   <stop tag="1855"/>
   <stop tag="1853"/>
   <stop tag="11760"/>
   <stop tag="11763"/>
   <stop tag="11764"/>
   <stop tag="11762"/>
   <stop tag="12779"/>
   <stop tag="12782"/>
   <stop tag="12783"/>
   <stop tag="12781"/>
   <stop tag="12786"/>
   <stop tag="16879"/>
   <stop tag="16878"/>
   <stop tag="16880"/>
   <stop tag="2170_ar"/>
  </direction>
  <path>
   <point lat="34.01099" lon="-118.15995"/>
   <point lat="34.01075" lon="-118.15911"/>
   <point lat="34.01075" lon="-118.15887"/>
   <point lat="34.01076" lon="-118.15879"/>
   <point lat="34.0103" lon="-118.15862"/>
   <point lat="34.01011" lon="-118.15854"/>
   <point lat="34.00973" lon="-118.1584"/>
   <point lat="34.0097" lon="-118.15838"/>
   <point lat="34.0095699" lon="-118.15835"/>
   <point lat="34.00951" lon="-118.15834"/>
   <point lat="34.00944" lon="-118.15834"/>
   <point lat="34.0093" lon="-118.15836"/>
   <point lat="34.0092" lon="-118.15841"/>
   <point lat="34.00911" lon="-118.15846"/>
   <point lat="34.00903" lon="-118.15851"/>
   <point lat="34.0089" lon="-118.1586"/>
   <point lat="34.00875" lon="-118.15871"/>
   <point lat="34.00869" lon="-118.15877"/>
   <point lat="34.00853" lon="-118.15879"/>
   <point lat="34.00772" lon="-118.15882"/>
   <point lat="34.00646" lon="-118.15882"/>
   <point lat="34.00555" lon="-118.15913"/>
   <point lat="34.004" lon="-118.15935"/>
   <point lat="34.00052" lon="-118.15988"/>
   <point lat="33.99941" lon="-118.1599"/>
   <point lat="33.9989" lon="-118.15978"/>
   <point lat="33.9983099" lon="-118.1596"/>
   <point lat="33.99817" lon="-118.15955"/>
   <point lat="33.99804" lon="-118.15951"/>
   <point lat="33.99792" lon="-118.15948"/>
   <point lat="33.99779" lon="-118.15946"/>
   <point lat="33.99763" lon="-118.15946"/>
   <point lat="33.99742" lon="-118.15948"/>
   <point lat="33.99732" lon="-118.1595"/>
   <point lat="33.99728" lon="-118.15953"/>
   <point lat="33.99591" lon="-118.1602"/>
   <point lat="33.99545" lon="-118.16041"/>
   <point lat="33.99184" lon="-118.16127"/>
   <point lat="33.98893" lon="-118.16172"/>
   <point lat="33.98584" lon="-118.16207"/>
   <point lat="33.98548" lon="-118.16227"/>
   <point lat="33.9832899" lon="-118.1626"/>
   <point lat="33.98119" lon="-118.16295"/>
   <point lat="33.97951" lon="-118.1632"/>
   <point lat="33.97532" lon="-118.16385"/>
   <point lat="33.97171" lon="-118.16435"/>
   <point lat="33.96766" lon="-118.1649"/>
  </path>
  <path>
   <point lat="34.01111" lon="-118.15969"/>
   <point lat="34.0113399" lon="-118.1605"/>
   <point lat="34.01249" lon="-118.16277"/>
   <point lat="34.01386" lon="-118.16579"/>
   <point lat="34.01528" lon="-118.16896"/>
   <point lat="34.01607" lon="-118.16892"/>
   <point lat="34.01815" lon="-118.16821"/>
   <point lat="34.02051" lon="-118.16754"/>
   <point lat="34.02264" lon="-118.16686"/>
   <point lat="34.02403" lon="-118.16641"/>
   <point lat="34.02446" lon="-118.16608"/>
   <point lat="34.0267399" lon="-118.16536"/>
   <point lat="34.02902" lon="-118.16466"/>
   <point lat="34.03041" lon="-118.16424"/>
   <point lat="34.03141" lon="-118.16337"/>
   <point lat="34.0322" lon="-118.16294"/>
   <point lat="34.03376" lon="-118.16185"/>
   <point lat="34.03476" lon="-118.16179"/>
   <point lat="34.03747" lon="-118.1617"/>
   <point lat="34.04078" lon="-118.16175"/>
  </path>
  <path>
   <point lat="34.11593" lon="-118.15289"/>
   <point lat="34.11589" lon="-118.15805"/>
   <point lat="34.11586" lon="-118.1609"/>
   <point lat="34.11583" lon="-118.1629"/>
   <point lat="34.11568" lon="-118.16617"/>
   <point lat="34.11557" lon="-118.16655"/>
   <point lat="34.11407" lon="-118.16779"/>
   <point lat="34.11234" lon="-118.16933"/>
   <point lat="34.11206" lon="-118.17039"/>
   <point lat="34.11236" lon="-118.17082"/>
   <point lat="34.1124" lon="-118.17145"/>
   <point lat="34.11202" lon="-118.17351"/>
   <point lat="34.112" lon="-118.17364"/>
   <point lat="34.11198" lon="-118.17397"/>
   <point lat="34.11199" lon="-118.17438"/>
   <point lat="34.112" lon="-118.17451"/>
   <point lat="34.11224" lon="-118.17501"/>
   <point lat="34.11229" lon="-118.17555"/>
   <point lat="34.11391" lon="-118.17964"/>
   <point lat="34.11463" lon="-118.18167"/>
   <point lat="34.1151399" lon="-118.18348"/>
   <point lat="34.11543" lon="-118.1842"/>
   <point lat="34.1155" lon="-118.18434"/>
   <point lat="34.11568" lon="-118.18416"/>
   <point lat="34.11581" lon="-118.18382"/>
   <point lat="34.11628" lon="-118.18354"/>
   <point lat="34.11635" lon="-118.18349"/>
   <point lat="34.11581" lon="-118.18239"/>
  </path>
  <path>
   <point lat="34.11581" lon="-118.18239"/>
   <point lat="34.11583" lon="-118.18202"/>
   <point lat="34.11541" lon="-118.18088"/>
   <point lat="34.11442" lon="-118.18145"/>
   <point lat="34.1141999" lon="-118.18124"/>
   <point lat="34.11362" lon="-118.17962"/>
   <point lat="34.1123" lon="-118.17561"/>
   <point lat="34.11189" lon="-118.17458"/>
   <point lat="34.112" lon="-118.17364"/>
   <point lat="34.11229" lon="-118.17166"/>
   <point lat="34.11233" lon="-118.17112"/>
   <point lat="34.11225" lon="-118.16903"/>
   <point lat="34.11385" lon="-118.16765"/>
   <point lat="34.11549" lon="-118.16623"/>
   <point lat="34.11569" lon="-118.16573"/>
   <point lat="34.11559" lon="-118.16263"/>
   <point lat="34.11559" lon="-118.16073"/>
   <point lat="34.11562" lon="-118.15754"/>
   <point lat="34.11566" lon="-118.15328"/>
  </path>
  <path>
   <point lat="34.04078" lon="-118.16175"/>
   <point lat="34.04282" lon="-118.16178"/>
   <point lat="34.04422" lon="-118.16192"/>
   <point lat="34.04423" lon="-118.16484"/>
   <point lat="34.04431" lon="-118.16682"/>
   <point lat="34.0443" lon="-118.17177"/>
   <point lat="34.0444" lon="-118.17346"/>
   <point lat="34.04515" lon="-118.1736"/>
   <point lat="34.04547" lon="-118.17361"/>
   <point lat="34.04569" lon="-118.17366"/>
   <point lat="34.0459" lon="-118.17373"/>
   <point lat="34.04604" lon="-118.17379"/>
   <point lat="34.0461699" lon="-118.17386"/>
   <point lat="34.04655" lon="-118.17415"/>
   <point lat="34.0466399" lon="-118.17423"/>
   <point lat="34.0472899" lon="-118.17488"/>
   <point lat="34.04745" lon="-118.17531"/>
   <point lat="34.04751" lon="-118.17537"/>
   <point lat="34.04764" lon="-118.17549"/>
   <point lat="34.04789" lon="-118.17567"/>
   <point lat="34.04802" lon="-118.17575"/>
   <point lat="34.04833" lon="-118.17589"/>
   <point lat="34.0485" lon="-118.17595"/>
   <point lat="34.04862" lon="-118.17598"/>
   <point lat="34.04887" lon="-118.176"/>
   <point lat="34.04906" lon="-118.17601"/>
   <point lat="34.04928" lon="-118.17599"/>
   <point lat="34.04944" lon="-118.17597"/>
   <point lat="34.0497299" lon="-118.1759"/>
   <point lat="34.04996" lon="-118.1758"/>
   <point lat="34.0501099" lon="-118.17571"/>
   <point lat="34.05039" lon="-118.17551"/>
   <point lat="34.05052" lon="-118.17541"/>
   <point lat="34.05066" lon="-118.17528"/>
   <point lat="34.051" lon="-118.17489"/>
   <point lat="34.05126" lon="-118.17456"/>
   <point lat="34.05141" lon="-118.17419"/>
   <point lat="34.05204" lon="-118.17367"/>
   <point lat="34.05388" lon="-118.17256"/>
   <point lat="34.05469" lon="-118.1724"/>
   <point lat="34.05786" lon="-118.17202"/>
   <point lat="34.05937" lon="-118.17264"/>
   <point lat="34.05981" lon="-118.17244"/>
   <point lat="34.06083" lon="-118.1711"/>
   <point lat="34.06087" lon="-118.17088"/>
   <point lat="34.06132" lon="-118.17104"/>
   <point lat="34.06151" lon="-118.17111"/>
   <point lat="34.06166" lon="-118.17117"/>
   <point lat="34.06191" lon="-118.17125"/>
   <point lat="34.06205" lon="-118.17131"/>
   <point lat="34.06215" lon="-118.17134"/>
   <point lat="34.06219" lon="-118.17135"/>
   <point lat="34.06223" lon="-118.17137"/>
   <point lat="34.0623999" lon="-118.17142"/>
   <point lat="34.06315" lon="-118.17162"/>
   <point lat="34.06335" lon="-118.17052"/>
   <point lat="34.06338" lon="-118.17013"/>
   <point lat="34.06339" lon="-118.1699"/>
   <point lat="34.06328" lon="-118.16868"/>
   <point lat="34.06327" lon="-118.16817"/>
   <point lat="34.06323" lon="-118.16814"/>
   <point lat="34.06309" lon="-118.16817"/>
   <point lat="34.06309" lon="-118.16824"/>
   <point lat="34.0631" lon="-118.16867"/>
   <point lat="34.06318" lon="-118.16908"/>
  </path>
  <path>
   <point lat="33.96766" lon="-118.1649"/>
   <point lat="33.9659199" lon="-118.16514"/>
   <point lat="33.96332" lon="-118.16548"/>
   <point lat="33.96116" lon="-118.16564"/>
   <point lat="33.95965" lon="-118.16545"/>
   <point lat="33.95732" lon="-118.16458"/>
   <point lat="33.95562" lon="-118.1638"/>
   <point lat="33.95543" lon="-118.16376"/>
   <point lat="33.95517" lon="-118.16373"/>
   <point lat="33.95464" lon="-118.1639"/>
   <point lat="33.95391" lon="-118.16381"/>
   <point lat="33.94894" lon="-118.16536"/>
   <point lat="33.94686" lon="-118.16575"/>
   <point lat="33.94494" lon="-118.16604"/>
   <point lat="33.94476" lon="-118.16608"/>
   <point lat="33.9447" lon="-118.1661"/>
   <point lat="33.94461" lon="-118.16615"/>
   <point lat="33.94433" lon="-118.16653"/>
   <point lat="33.94356" lon="-118.16701"/>
   <point lat="33.94297" lon="-118.16757"/>
   <point lat="33.9427" lon="-118.16781"/>
   <point lat="33.94243" lon="-118.16799"/>
   <point lat="33.94232" lon="-118.16806"/>
   <point lat="33.94222" lon="-118.16811"/>
   <point lat="33.9419899" lon="-118.16821"/>
   <point lat="33.9417199" lon="-118.16828"/>
   <point lat="33.9415" lon="-118.16832"/>
   <point lat="33.94138" lon="-118.16833"/>
   <point lat="33.94123" lon="-118.16833"/>
   <point lat="33.94086" lon="-118.16831"/>
   <point lat="33.94052" lon="-118.16823"/>
   <point lat="33.94033" lon="-118.16817"/>
   <point lat="33.94013" lon="-118.16809"/>
   <point lat="33.94004" lon="-118.16804"/>
   <point lat="33.93996" lon="-118.168"/>
   <point lat="33.93883" lon="-118.16752"/>
   <point lat="33.93856" lon="-118.16758"/>
   <point lat="33.93797" lon="-118.16717"/>
   <point lat="33.93777" lon="-118.1671"/>
   <point lat="33.93762" lon="-118.16703"/>
   <point lat="33.93676" lon="-118.16666"/>
   <point lat="33.93638" lon="-118.16652"/>
   <point lat="33.93633" lon="-118.16651"/>
   <point lat="33.93626" lon="-118.16648"/>
   <point lat="33.9361" lon="-118.16644"/>
   <point lat="33.93576" lon="-118.16639"/>
   <point lat="33.9354299" lon="-118.16636"/>
   <point lat="33.9351399" lon="-118.16637"/>
   <point lat="33.93501" lon="-118.16637"/>
   <point lat="33.93497" lon="-118.16638"/>
   <point lat="33.9349" lon="-118.16638"/>
   <point lat="33.93469" lon="-118.16642"/>
   <point lat="33.93438" lon="-118.1665"/>
   <point lat="33.93403" lon="-118.16661"/>
   <point lat="33.9301699" lon="-118.16802"/>
   <point lat="33.92988" lon="-118.16814"/>
   <point lat="33.92966" lon="-118.16839"/>
  </path>
  <path>
   <point lat="34.06318" lon="-118.16908"/>
   <point lat="34.06339" lon="-118.1699"/>
   <point lat="34.06338" lon="-118.17013"/>
   <point lat="34.06335" lon="-118.17052"/>
   <point lat="34.06315" lon="-118.17162"/>
   <point lat="34.0623999" lon="-118.17142"/>
   <point lat="34.06223" lon="-118.17137"/>
   <point lat="34.06219" lon="-118.17135"/>
   <point lat="34.06215" lon="-118.17134"/>
   <point lat="34.06205" lon="-118.17131"/>
   <point lat="34.06191" lon="-118.17125"/>
   <point lat="34.06166" lon="-118.17117"/>
   <point lat="34.06151" lon="-118.17111"/>
   <point lat="34.06132" lon="-118.17104"/>
   <point lat="34.06117" lon="-118.17099"/>
   <point lat="34.06106" lon="-118.17095"/>
   <point lat="34.06102" lon="-118.17094"/>
   <point lat="34.06087" lon="-118.17088"/>
   <point lat="34.06083" lon="-118.1711"/>
   <point lat="34.06079" lon="-118.17123"/>
   <point lat="34.06075" lon="-118.17133"/>
   <point lat="34.06067" lon="-118.1715"/>
   <point lat="34.0605" lon="-118.17176"/>
   <point lat="34.06009" lon="-118.17212"/>
   <point lat="34.05999" lon="-118.17222"/>
   <point lat="34.05988" lon="-118.17234"/>
   <point lat="34.05981" lon="-118.17244"/>
   <point lat="34.05955" lon="-118.17288"/>
   <point lat="34.05964" lon="-118.17291"/>
   <point lat="34.06003" lon="-118.17313"/>
   <point lat="34.06018" lon="-118.17324"/>
   <point lat="34.0603" lon="-118.17331"/>
   <point lat="34.0606099" lon="-118.17264"/>
   <point lat="34.06079" lon="-118.17223"/>
   <point lat="34.06106" lon="-118.17146"/>
   <point lat="34.06109" lon="-118.17136"/>
   <point lat="34.06117" lon="-118.17099"/>
   <point lat="34.06129" lon="-118.17039"/>
   <point lat="34.06133" lon="-118.17016"/>
   <point lat="34.06141" lon="-118.16859"/>
   <point lat="34.06129" lon="-118.16743"/>
   <point lat="34.06114" lon="-118.16624"/>
   <point lat="34.0611" lon="-118.16574"/>
   <point lat="34.0611" lon="-118.16548"/>
   <point lat="34.06111" lon="-118.16528"/>
   <point lat="34.06113" lon="-118.16502"/>
   <point lat="34.06118" lon="-118.16457"/>
   <point lat="34.06121" lon="-118.16439"/>
   <point lat="34.06127" lon="-118.16412"/>
   <point lat="34.06147" lon="-118.16343"/>
   <point lat="34.06164" lon="-118.16301"/>
   <point lat="34.06186" lon="-118.16253"/>
   <point lat="34.06207" lon="-118.16214"/>
   <point lat="34.0623" lon="-118.16175"/>
   <point lat="34.06244" lon="-118.16153"/>
   <point lat="34.06282" lon="-118.16096"/>
   <point lat="34.06346" lon="-118.16006"/>
   <point lat="34.0635" lon="-118.15996"/>
   <point lat="34.06354" lon="-118.15993"/>
   <point lat="34.06386" lon="-118.15932"/>
   <point lat="34.0649" lon="-118.15743"/>
   <point lat="34.0682199" lon="-118.15114"/>
   <point lat="34.0683099" lon="-118.15098"/>
   <point lat="34.0683999" lon="-118.1508"/>
   <point lat="34.06842" lon="-118.15052"/>
   <point lat="34.06844" lon="-118.15043"/>
   <point lat="34.06847" lon="-118.15031"/>
   <point lat="34.06847" lon="-118.15013"/>
   <point lat="34.06843" lon="-118.14999"/>
   <point lat="34.06825" lon="-118.14968"/>
   <point lat="34.06815" lon="-118.14963"/>
   <point lat="34.06802" lon="-118.14964"/>
   <point lat="34.0679299" lon="-118.14965"/>
   <point lat="34.06788" lon="-118.14967"/>
   <point lat="34.06786" lon="-118.14971"/>
   <point lat="34.06782" lon="-118.14977"/>
   <point lat="34.0678" lon="-118.14981"/>
   <point lat="34.06779" lon="-118.14986"/>
   <point lat="34.06772" lon="-118.15016"/>
   <point lat="34.06777" lon="-118.15024"/>
   <point lat="34.0678" lon="-118.15033"/>
   <point lat="34.06783" lon="-118.15038"/>
   <point lat="34.06807" lon="-118.1507"/>
   <point lat="34.06826" lon="-118.15093"/>
   <point lat="34.06855" lon="-118.15122"/>
   <point lat="34.0688" lon="-118.15144"/>
   <point lat="34.0689" lon="-118.15151"/>
   <point lat="34.06899" lon="-118.15157"/>
   <point lat="34.06914" lon="-118.15165"/>
   <point lat="34.0692499" lon="-118.1517"/>
   <point lat="34.0693399" lon="-118.15173"/>
   <point lat="34.06947" lon="-118.15176"/>
   <point lat="34.0698" lon="-118.15162"/>
   <point lat="34.07184" lon="-118.15163"/>
   <point lat="34.07397" lon="-118.15167"/>
   <point lat="34.07716" lon="-118.15171"/>
   <point lat="34.08024" lon="-118.15174"/>
   <point lat="34.08424" lon="-118.15177"/>
   <point lat="34.08807" lon="-118.15183"/>
   <point lat="34.09122" lon="-118.15187"/>
   <point lat="34.09494" lon="-118.15192"/>
   <point lat="34.09749" lon="-118.1521"/>
   <point lat="34.09843" lon="-118.15199"/>
   <point lat="34.10154" lon="-118.15199"/>
   <point lat="34.10213" lon="-118.15211"/>
   <point lat="34.10395" lon="-118.15244"/>
   <point lat="34.1038799" lon="-118.15209"/>
  </path>
  <path>
   <point lat="34.06318" lon="-118.16908"/>
   <point lat="34.06339" lon="-118.1699"/>
   <point lat="34.06338" lon="-118.17013"/>
   <point lat="34.06335" lon="-118.17052"/>
   <point lat="34.06315" lon="-118.17162"/>
   <point lat="34.0623999" lon="-118.17142"/>
   <point lat="34.06223" lon="-118.17137"/>
   <point lat="34.06219" lon="-118.17135"/>
   <point lat="34.06215" lon="-118.17134"/>
   <point lat="34.06205" lon="-118.17131"/>
   <point lat="34.06191" lon="-118.17125"/>
   <point lat="34.06166" lon="-118.17117"/>
   <point lat="34.06151" lon="-118.17111"/>
   <point lat="34.06132" lon="-118.17104"/>
   <point lat="34.06087" lon="-118.17088"/>
   <point lat="34.06083" lon="-118.1711"/>
   <point lat="34.05922" lon="-118.17289"/>
   <point lat="34.05781" lon="-118.17232"/>
   <point lat="34.05706" lon="-118.17218"/>
   <point lat="34.0551" lon="-118.17243"/>
   <point lat="34.05489" lon="-118.1724"/>
   <point lat="34.05469" lon="-118.1724"/>
   <point lat="34.05456" lon="-118.17244"/>
   <point lat="34.05431" lon="-118.17253"/>
   <point lat="34.05365" lon="-118.17299"/>
   <point lat="34.05298" lon="-118.1731"/>
   <point lat="34.05278" lon="-118.1732"/>
   <point lat="34.0524" lon="-118.1734"/>
   <point lat="34.05215" lon="-118.17357"/>
   <point lat="34.05204" lon="-118.17367"/>
   <point lat="34.05159" lon="-118.17419"/>
   <point lat="34.05148" lon="-118.17453"/>
   <point lat="34.051" lon="-118.17489"/>
   <point lat="34.05066" lon="-118.17528"/>
   <point lat="34.05052" lon="-118.17541"/>
   <point lat="34.05039" lon="-118.17551"/>
   <point lat="34.0501099" lon="-118.17571"/>
   <point lat="34.04996" lon="-118.1758"/>
   <point lat="34.0497299" lon="-118.1759"/>
   <point lat="34.04944" lon="-118.17597"/>
   <point lat="34.04928" lon="-118.17599"/>
   <point lat="34.04906" lon="-118.17601"/>
   <point lat="34.04887" lon="-118.176"/>
   <point lat="34.04862" lon="-118.17598"/>
   <point lat="34.0485" lon="-118.17595"/>
   <point lat="34.04833" lon="-118.17589"/>
   <point lat="34.04802" lon="-118.17575"/>
   <point lat="34.04789" lon="-118.17567"/>
   <point lat="34.04764" lon="-118.17549"/>
   <point lat="34.0473" lon="-118.17533"/>
   <point lat="34.04675" lon="-118.17436"/>
   <point lat="34.0466399" lon="-118.17423"/>
   <point lat="34.04655" lon="-118.17415"/>
   <point lat="34.0461699" lon="-118.17386"/>
   <point lat="34.04604" lon="-118.17379"/>
   <point lat="34.0459" lon="-118.17373"/>
   <point lat="34.04569" lon="-118.17366"/>
   <point lat="34.04547" lon="-118.17361"/>
   <point lat="34.04515" lon="-118.1736"/>
   <point lat="34.04435" lon="-118.17361"/>
   <point lat="34.04409" lon="-118.17337"/>
   <point lat="34.0441" lon="-118.17157"/>
   <point lat="34.04411" lon="-118.16719"/>
   <point lat="34.04413" lon="-118.16501"/>
   <point lat="34.04422" lon="-118.16274"/>
   <point lat="34.04422" lon="-118.16192"/>
   <point lat="34.0438199" lon="-118.16204"/>
   <point lat="34.04331" lon="-118.16191"/>
   <point lat="34.04286" lon="-118.16202"/>
   <point lat="34.04074" lon="-118.16199"/>
  </path>
  <path>
   <point lat="33.93009" lon="-118.16789"/>
   <point lat="33.93115" lon="-118.16767"/>
   <point lat="33.93403" lon="-118.16661"/>
   <point lat="33.93438" lon="-118.1665"/>
   <point lat="33.93469" lon="-118.16642"/>
   <point lat="33.9349" lon="-118.16638"/>
   <point lat="33.93497" lon="-118.16638"/>
   <point lat="33.93501" lon="-118.16637"/>
   <point lat="33.9351399" lon="-118.16637"/>
   <point lat="33.9354299" lon="-118.16636"/>
   <point lat="33.93576" lon="-118.16639"/>
   <point lat="33.9361" lon="-118.16644"/>
   <point lat="33.93626" lon="-118.16648"/>
   <point lat="33.93633" lon="-118.16651"/>
   <point lat="33.93638" lon="-118.16652"/>
   <point lat="33.93676" lon="-118.16666"/>
   <point lat="33.93762" lon="-118.16703"/>
   <point lat="33.93777" lon="-118.1671"/>
   <point lat="33.93875" lon="-118.16734"/>
   <point lat="33.9394599" lon="-118.16779"/>
   <point lat="33.93996" lon="-118.168"/>
   <point lat="33.94004" lon="-118.16804"/>
   <point lat="33.94013" lon="-118.16809"/>
   <point lat="33.94033" lon="-118.16817"/>
   <point lat="33.94052" lon="-118.16823"/>
   <point lat="33.94086" lon="-118.16831"/>
   <point lat="33.94123" lon="-118.16833"/>
   <point lat="33.94138" lon="-118.16833"/>
   <point lat="33.9415" lon="-118.16832"/>
   <point lat="33.9417199" lon="-118.16828"/>
   <point lat="33.9419899" lon="-118.16821"/>
   <point lat="33.94222" lon="-118.16811"/>
   <point lat="33.94232" lon="-118.16806"/>
   <point lat="33.94243" lon="-118.16799"/>
   <point lat="33.9427" lon="-118.16781"/>
   <point lat="33.94297" lon="-118.16757"/>
   <point lat="33.94356" lon="-118.16701"/>
   <point lat="33.94444" lon="-118.16625"/>
   <point lat="33.94461" lon="-118.16615"/>
   <point lat="33.9447" lon="-118.1661"/>
   <point lat="33.94469" lon="-118.16595"/>
   <point lat="33.94936" lon="-118.1649"/>
   <point lat="33.9530699" lon="-118.164"/>
   <point lat="33.95391" lon="-118.16381"/>
   <point lat="33.95398" lon="-118.16366"/>
   <point lat="33.95481" lon="-118.16373"/>
   <point lat="33.95712" lon="-118.16419"/>
   <point lat="33.95981" lon="-118.1652"/>
   <point lat="33.96046" lon="-118.1656"/>
   <point lat="33.96059" lon="-118.16561"/>
   <point lat="33.96075" lon="-118.16564"/>
   <point lat="33.96083" lon="-118.16565"/>
   <point lat="33.96101" lon="-118.16565"/>
   <point lat="33.96116" lon="-118.16564"/>
   <point lat="33.96138" lon="-118.16562"/>
   <point lat="33.96153" lon="-118.16559"/>
   <point lat="33.96299" lon="-118.16522"/>
   <point lat="33.96422" lon="-118.16521"/>
   <point lat="33.96593" lon="-118.16483"/>
   <point lat="33.96766" lon="-118.16459"/>
  </path>
  <path>
   <point lat="34.10306" lon="-118.15239"/>
   <point lat="34.10218" lon="-118.15213"/>
   <point lat="34.1013499" lon="-118.15223"/>
   <point lat="34.09839" lon="-118.15223"/>
   <point lat="34.09491" lon="-118.15222"/>
   <point lat="34.09152" lon="-118.15218"/>
   <point lat="34.08757" lon="-118.15213"/>
   <point lat="34.08363" lon="-118.15207"/>
   <point lat="34.07949" lon="-118.15202"/>
   <point lat="34.07664" lon="-118.15201"/>
   <point lat="34.07361" lon="-118.15196"/>
   <point lat="34.07211" lon="-118.15195"/>
   <point lat="34.07012" lon="-118.15176"/>
   <point lat="34.06995" lon="-118.15177"/>
   <point lat="34.06962" lon="-118.15177"/>
   <point lat="34.06952" lon="-118.15128"/>
   <point lat="34.06962" lon="-118.15041"/>
   <point lat="34.06944" lon="-118.15036"/>
   <point lat="34.06932" lon="-118.15035"/>
   <point lat="34.06923" lon="-118.15037"/>
   <point lat="34.0692" lon="-118.15038"/>
   <point lat="34.06913" lon="-118.15044"/>
   <point lat="34.06905" lon="-118.15053"/>
   <point lat="34.06895" lon="-118.15067"/>
   <point lat="34.06866" lon="-118.15102"/>
   <point lat="34.06862" lon="-118.15109"/>
   <point lat="34.06459" lon="-118.15865"/>
   <point lat="34.06442" lon="-118.15898"/>
   <point lat="34.06432" lon="-118.15919"/>
   <point lat="34.06426" lon="-118.15935"/>
   <point lat="34.06419" lon="-118.15969"/>
   <point lat="34.06411" lon="-118.16001"/>
   <point lat="34.06408" lon="-118.16015"/>
   <point lat="34.06395" lon="-118.16054"/>
   <point lat="34.06376" lon="-118.16103"/>
   <point lat="34.06364" lon="-118.16128"/>
   <point lat="34.06354" lon="-118.16145"/>
   <point lat="34.06341" lon="-118.16162"/>
   <point lat="34.06317" lon="-118.16191"/>
   <point lat="34.06281" lon="-118.16229"/>
   <point lat="34.06268" lon="-118.16241"/>
   <point lat="34.06242" lon="-118.16269"/>
   <point lat="34.06229" lon="-118.16285"/>
   <point lat="34.06194" lon="-118.16337"/>
   <point lat="34.0618399" lon="-118.16353"/>
   <point lat="34.06174" lon="-118.16372"/>
   <point lat="34.0617" lon="-118.16381"/>
   <point lat="34.06166" lon="-118.16393"/>
   <point lat="34.06165" lon="-118.16398"/>
   <point lat="34.06151" lon="-118.16456"/>
   <point lat="34.06149" lon="-118.16469"/>
   <point lat="34.0614599" lon="-118.16484"/>
   <point lat="34.06144" lon="-118.16497"/>
   <point lat="34.06141" lon="-118.16522"/>
   <point lat="34.0614" lon="-118.16535"/>
   <point lat="34.06139" lon="-118.16558"/>
   <point lat="34.06139" lon="-118.16586"/>
   <point lat="34.06141" lon="-118.16601"/>
   <point lat="34.06145" lon="-118.1662"/>
   <point lat="34.06152" lon="-118.16645"/>
   <point lat="34.06162" lon="-118.16673"/>
   <point lat="34.06173" lon="-118.1671"/>
   <point lat="34.0618" lon="-118.16738"/>
   <point lat="34.0618399" lon="-118.16745"/>
   <point lat="34.0619" lon="-118.16754"/>
   <point lat="34.06195" lon="-118.16767"/>
   <point lat="34.06215" lon="-118.1684"/>
   <point lat="34.06218" lon="-118.16853"/>
   <point lat="34.06224" lon="-118.16871"/>
   <point lat="34.0623099" lon="-118.16886"/>
   <point lat="34.06236" lon="-118.16896"/>
   <point lat="34.06241" lon="-118.16904"/>
   <point lat="34.06247" lon="-118.16911"/>
   <point lat="34.06265" lon="-118.16929"/>
   <point lat="34.06268" lon="-118.16933"/>
   <point lat="34.06276" lon="-118.16943"/>
   <point lat="34.06282" lon="-118.1695"/>
   <point lat="34.06288" lon="-118.16961"/>
   <point lat="34.06291" lon="-118.16966"/>
   <point lat="34.06293" lon="-118.16974"/>
   <point lat="34.06295" lon="-118.16989"/>
   <point lat="34.06295" lon="-118.16998"/>
   <point lat="34.06293" lon="-118.17016"/>
   <point lat="34.06288" lon="-118.17037"/>
   <point lat="34.0628" lon="-118.17059"/>
   <point lat="34.06277" lon="-118.17069"/>
   <point lat="34.0623999" lon="-118.17142"/>
   <point lat="34.06315" lon="-118.17162"/>
   <point lat="34.06335" lon="-118.17052"/>
   <point lat="34.06338" lon="-118.17013"/>
   <point lat="34.06339" lon="-118.1699"/>
   <point lat="34.06323" lon="-118.16814"/>
   <point lat="34.06309" lon="-118.16817"/>
   <point lat="34.06309" lon="-118.16824"/>
   <point lat="34.0631" lon="-118.16867"/>
   <point lat="34.06318" lon="-118.16908"/>
  </path>
  <path>
   <point lat="34.04074" lon="-118.16199"/>
   <point lat="34.03728" lon="-118.16197"/>
   <point lat="34.0361199" lon="-118.16184"/>
   <point lat="34.03527" lon="-118.1618"/>
   <point lat="34.03487" lon="-118.16179"/>
   <point lat="34.03476" lon="-118.16179"/>
   <point lat="34.03443" lon="-118.16182"/>
   <point lat="34.03421" lon="-118.16186"/>
   <point lat="34.03373" lon="-118.16198"/>
   <point lat="34.03354" lon="-118.16205"/>
   <point lat="34.03335" lon="-118.16214"/>
   <point lat="34.03299" lon="-118.16253"/>
   <point lat="34.0322" lon="-118.16294"/>
   <point lat="34.03147" lon="-118.16361"/>
   <point lat="34.03041" lon="-118.16424"/>
   <point lat="34.02934" lon="-118.16481"/>
   <point lat="34.02675" lon="-118.16561"/>
   <point lat="34.02479" lon="-118.1662"/>
   <point lat="34.02366" lon="-118.16658"/>
   <point lat="34.02229" lon="-118.16717"/>
   <point lat="34.02051" lon="-118.16771"/>
   <point lat="34.01812" lon="-118.16839"/>
   <point lat="34.01526" lon="-118.16916"/>
   <point lat="34.01504" lon="-118.16892"/>
   <point lat="34.01362" lon="-118.16576"/>
   <point lat="34.01241" lon="-118.16309"/>
   <point lat="34.0113399" lon="-118.1605"/>
   <point lat="34.01099" lon="-118.15995"/>
  </path>
  <path>
   <point lat="34.1038799" lon="-118.15209"/>
   <point lat="34.10405" lon="-118.15167"/>
   <point lat="34.1040599" lon="-118.15099"/>
   <point lat="34.10412" lon="-118.15072"/>
   <point lat="34.10419" lon="-118.15055"/>
   <point lat="34.10422" lon="-118.15051"/>
   <point lat="34.10431" lon="-118.15042"/>
   <point lat="34.1043499" lon="-118.1504"/>
   <point lat="34.10439" lon="-118.15039"/>
   <point lat="34.10486" lon="-118.15037"/>
   <point lat="34.10569" lon="-118.15022"/>
   <point lat="34.10901" lon="-118.15016"/>
   <point lat="34.11204" lon="-118.15014"/>
   <point lat="34.1138" lon="-118.15034"/>
   <point lat="34.11585" lon="-118.15033"/>
   <point lat="34.11586" lon="-118.15046"/>
   <point lat="34.11586" lon="-118.15056"/>
   <point lat="34.11583" lon="-118.15173"/>
   <point lat="34.11583" lon="-118.15196"/>
   <point lat="34.11582" lon="-118.15249"/>
   <point lat="34.11593" lon="-118.15289"/>
  </path>
  <path>
   <point lat="33.92966" lon="-118.16839"/>
   <point lat="33.92818" lon="-118.16883"/>
   <point lat="33.92763" lon="-118.16904"/>
   <point lat="33.92727" lon="-118.16914"/>
   <point lat="33.92678" lon="-118.16925"/>
   <point lat="33.92649" lon="-118.16929"/>
   <point lat="33.92616" lon="-118.16929"/>
   <point lat="33.92583" lon="-118.16928"/>
   <point lat="33.92564" lon="-118.16928"/>
   <point lat="33.92552" lon="-118.16927"/>
   <point lat="33.92523" lon="-118.16926"/>
   <point lat="33.92493" lon="-118.16923"/>
   <point lat="33.92452" lon="-118.16916"/>
   <point lat="33.9227599" lon="-118.16912"/>
   <point lat="33.91803" lon="-118.16908"/>
   <point lat="33.91436" lon="-118.16906"/>
   <point lat="33.91216" lon="-118.16891"/>
   <point lat="33.90934" lon="-118.16904"/>
   <point lat="33.90341" lon="-118.169"/>
   <point lat="33.89654" lon="-118.16896"/>
   <point lat="33.89255" lon="-118.16894"/>
   <point lat="33.8891599" lon="-118.16877"/>
   <point lat="33.88904" lon="-118.16847"/>
   <point lat="33.8890699" lon="-118.16027"/>
   <point lat="33.88714" lon="-118.16021"/>
  </path>
  <path>
   <point lat="33.96766" lon="-118.16459"/>
   <point lat="33.97141" lon="-118.16409"/>
   <point lat="33.97569" lon="-118.16349"/>
   <point lat="33.97951" lon="-118.16289"/>
   <point lat="33.98088" lon="-118.16269"/>
   <point lat="33.9832899" lon="-118.1623"/>
   <point lat="33.98547" lon="-118.1621"/>
   <point lat="33.98584" lon="-118.16207"/>
   <point lat="33.98616" lon="-118.16184"/>
   <point lat="33.98896" lon="-118.16141"/>
   <point lat="33.99216" lon="-118.16091"/>
   <point lat="33.99545" lon="-118.16041"/>
   <point lat="33.99591" lon="-118.1602"/>
   <point lat="33.99728" lon="-118.15953"/>
   <point lat="33.99732" lon="-118.1595"/>
   <point lat="33.99742" lon="-118.15948"/>
   <point lat="33.99763" lon="-118.15946"/>
   <point lat="33.99779" lon="-118.15946"/>
   <point lat="33.99792" lon="-118.15948"/>
   <point lat="33.99804" lon="-118.15951"/>
   <point lat="33.99817" lon="-118.15955"/>
   <point lat="33.9983099" lon="-118.1596"/>
   <point lat="33.9989" lon="-118.15978"/>
   <point lat="33.99941" lon="-118.1599"/>
   <point lat="34.00047" lon="-118.15958"/>
   <point lat="34.00433" lon="-118.159"/>
   <point lat="34.00556" lon="-118.15882"/>
   <point lat="34.00646" lon="-118.15882"/>
   <point lat="34.00729" lon="-118.15855"/>
   <point lat="34.0081" lon="-118.15869"/>
   <point lat="34.0089" lon="-118.1586"/>
   <point lat="34.00903" lon="-118.15851"/>
   <point lat="34.00911" lon="-118.15846"/>
   <point lat="34.0092" lon="-118.15841"/>
   <point lat="34.0093" lon="-118.15836"/>
   <point lat="34.00944" lon="-118.15834"/>
   <point lat="34.00951" lon="-118.15834"/>
   <point lat="34.0095699" lon="-118.15835"/>
   <point lat="34.0097" lon="-118.15838"/>
   <point lat="34.00973" lon="-118.1584"/>
   <point lat="34.01011" lon="-118.15854"/>
   <point lat="34.0103" lon="-118.15862"/>
   <point lat="34.01076" lon="-118.15879"/>
   <point lat="34.01075" lon="-118.15887"/>
   <point lat="34.01075" lon="-118.15911"/>
   <point lat="34.01111" lon="-118.15969"/>
  </path>
  <path>
   <point lat="34.11566" lon="-118.15328"/>
   <point lat="34.11586" lon="-118.15056"/>
   <point lat="34.11586" lon="-118.15046"/>
   <point lat="34.11585" lon="-118.15033"/>
   <point lat="34.11558" lon="-118.15049"/>
   <point lat="34.11486" lon="-118.15034"/>
   <point lat="34.11201" lon="-118.15062"/>
   <point lat="34.10868" lon="-118.15064"/>
   <point lat="34.10554" lon="-118.15067"/>
   <point lat="34.10504" lon="-118.15053"/>
   <point lat="34.10485" lon="-118.15058"/>
   <point lat="34.10472" lon="-118.15064"/>
   <point lat="34.10458" lon="-118.15071"/>
   <point lat="34.10448" lon="-118.15079"/>
   <point lat="34.1044" lon="-118.15089"/>
   <point lat="34.10434" lon="-118.151"/>
   <point lat="34.10429" lon="-118.1511"/>
   <point lat="34.10422" lon="-118.1513"/>
   <point lat="34.10417" lon="-118.15208"/>
   <point lat="34.10414" lon="-118.15229"/>
   <point lat="34.10411" lon="-118.15247"/>
   <point lat="34.10306" lon="-118.15239"/>
  </path>
  <path>
   <point lat="33.88714" lon="-118.16021"/>
   <point lat="33.88543" lon="-118.16004"/>
   <point lat="33.88543" lon="-118.16073"/>
   <point lat="33.88542" lon="-118.16141"/>
   <point lat="33.88542" lon="-118.1627"/>
   <point lat="33.88919" lon="-118.16273"/>
   <point lat="33.88929" lon="-118.16854"/>
   <point lat="33.89097" lon="-118.16878"/>
   <point lat="33.89317" lon="-118.16864"/>
   <point lat="33.89662" lon="-118.16866"/>
   <point lat="33.90345" lon="-118.1687"/>
   <point lat="33.90907" lon="-118.16874"/>
   <point lat="33.91203" lon="-118.16889"/>
   <point lat="33.91216" lon="-118.16891"/>
   <point lat="33.91436" lon="-118.16876"/>
   <point lat="33.91681" lon="-118.16877"/>
   <point lat="33.9226" lon="-118.16895"/>
   <point lat="33.92319" lon="-118.16886"/>
   <point lat="33.92452" lon="-118.16916"/>
   <point lat="33.92493" lon="-118.16923"/>
   <point lat="33.92523" lon="-118.16926"/>
   <point lat="33.92552" lon="-118.16927"/>
   <point lat="33.92564" lon="-118.16928"/>
   <point lat="33.92583" lon="-118.16928"/>
   <point lat="33.92616" lon="-118.16929"/>
   <point lat="33.92649" lon="-118.16929"/>
   <point lat="33.92678" lon="-118.16925"/>
   <point lat="33.92727" lon="-118.16914"/>
   <point lat="33.92763" lon="-118.16904"/>
   <point lat="33.92818" lon="-118.16883"/>
   <point lat="33.92988" lon="-118.16814"/>
   <point lat="33.93009" lon="-118.16789"/>
  </path>
 </route>
</body>