<?xml version="1.0" encoding="utf-8"?>
<body copyright="All data copyright Los Angeles Metro 2022.">
 <route color="df4600" latMax="34.15074" latMin="33.87412" lonMax="-118.13346" lonMin="-118.2249399" oppositeColor="ffffff" tag="260" title="260 Artesia Station-Pasadena Via Atlanti">
  <stop lat="33.8741399" lon="-118.20679" stopId="00149" tag="149" title="Artesia / Susana"/>
  <stop lat="33.8780599" lon="-118.18586" stopId="00157" tag="157" title="Atlantic / 68th"/>
  <stop lat="33.97467" lon="-118.1872999" stopId="00158" tag="158" title="Atlantic / Bell"/>
  <stop lat="33.9213799" lon="-118.1872" stopId="00161" tag="161" title="Atlantic / Martin Luther King Jr"/>
  <stop lat="33.95584" lon="-118.18388" stopId="00162" tag="162" title="Atlantic / Patata"/>
  <stop lat="33.91419" lon="-118.1901699" stopId="00164" tag="164" title="Atlantic / Agnes"/>
  <stop lat="33.9067" lon="-118.1932799" stopId="00165" tag="165" title="Atlantic / Arlington"/>
  <stop lat="33.91017" lon="-118.1918299" stopId="00167" tag="167" title="Atlantic / Carlin"/>
  <stop lat="33.95826" lon="-118.18469" stopId="00168" tag="168" title="Atlantic / Cecelia"/>
  <stop lat="33.96588" lon="-118.18684" stopId="00169" tag="169" title="Atlantic / Clara"/>
  <stop lat="33.9190199" lon="-118.18817" stopId="00170" tag="170" title="Atlantic / Cortland"/>
  <stop lat="33.8746599" lon="-118.18596" stopId="00172" tag="172" title="Atlantic / Artesia"/>
  <stop lat="33.9635" lon="-118.18624" stopId="00173" tag="173" title="Atlantic / Elizabeth"/>
  <stop lat="33.9514999" lon="-118.18281" stopId="00177" tag="177" title="Atlantic / Firestone"/>
  <stop lat="33.97006" lon="-118.1878499" stopId="00178" tag="178" title="Atlantic / Florence"/>
  <stop lat="33.9782699" lon="-118.18676" stopId="00179" tag="179" title="Atlantic / Gage"/>
  <stop lat="33.9309599" lon="-118.18326" stopId="00180" tag="180" title="Atlantic / Imperial"/>
  <stop lat="33.9811899" lon="-118.18631" stopId="00183" tag="183" title="Atlantic / Randolph"/>
  <stop lat="33.9611599" lon="-118.1856499" stopId="00184" tag="184" title="Atlantic / Santa Ana"/>
  <stop lat="33.94651" lon="-118.18093" stopId="00185" tag="185" title="Atlantic / Southern"/>
  <stop lat="33.94881" lon="-118.1818" stopId="00186" tag="186" title="Atlantic / Southern Pl"/>
  <stop lat="33.9413999" lon="-118.18135" stopId="00188" tag="188" title="Atlantic / Tweedy"/>
  <stop lat="33.99244" lon="-118.1836699" stopId="00190" tag="190" title="Atlantic / 52nd"/>
  <stop lat="33.9908299" lon="-118.18483" stopId="00191" tag="191" title="Atlantic / 55th"/>
  <stop lat="34.0251299" lon="-118.15568" stopId="00192" tag="192" title="Atlantic / 6th"/>
  <stop lat="33.99825" lon="-118.1747999" stopId="00193" tag="193" title="Atlantic / Bandini"/>
  <stop lat="33.9874099" lon="-118.18537" stopId="00194" tag="194" title="Atlantic / Slauson"/>
  <stop lat="33.87419" lon="-118.1965799" stopId="01281" tag="1281" title="Artesia / Butler"/>
  <stop lat="34.0330299" lon="-118.15272" stopId="01282" tag="1282" title="Atlantic / Pomona"/>
  <stop lat="34.1497699" lon="-118.1508599" stopId="01705" tag="1705" title="Walnut / Fair Oaks"/>
  <stop lat="34.1278" lon="-118.15014" stopId="01844" tag="1844" title="Fair Oaks / Glenarm"/>
  <stop lat="34.1120399" lon="-118.15014" stopId="01853" tag="1853" title="Fair Oaks / Monterey"/>
  <stop lat="34.1090099" lon="-118.15016" stopId="01855" tag="1855" title="Fair Oaks / Rollin"/>
  <stop lat="34.1056899" lon="-118.15022" stopId="01856" tag="1856" title="Fair Oaks / Spruce"/>
  <stop lat="34.1502799" lon="-118.1522" tag="1866_ar" title="Corson / Walnut Layover"/>
  <stop lat="34.0224699" lon="-118.15649" stopId="02472" tag="2472" title="Atlantic / Hubbard"/>
  <stop lat="34.1043599" lon="-118.14685" stopId="02559" tag="2559" title="Huntington / Marengo"/>
  <stop lat="33.9153699" lon="-118.19042" stopId="02714" tag="2714" title="Josephine / Atlantic"/>
  <stop lat="34.1161299" lon="-118.1501799" stopId="03255" tag="3255" title="Fair Oaks / Mission"/>
  <stop lat="34.10226" lon="-118.13453" stopId="03365" tag="3365" title="Atlantic / 2nd"/>
  <stop lat="34.09862" lon="-118.13451" stopId="03369" tag="3369" title="Atlantic / Alhambra"/>
  <stop lat="34.0663999" lon="-118.13416" stopId="03370" tag="3370" title="Atlantic / Emerson"/>
  <stop lat="34.06893" lon="-118.13422" stopId="03371" tag="3371" title="Atlantic / Hellman"/>
  <stop lat="34.0944899" lon="-118.1344899" stopId="03373" tag="3373" title="Atlantic / Woodward"/>
  <stop lat="33.87412" lon="-118.21405" stopId="04674" tag="4674" title="Artesia / Santa Fe"/>
  <stop lat="33.8890599" lon="-118.19275" stopId="04677" tag="4677" title="Atlantic / Alondra"/>
  <stop lat="33.8964099" lon="-118.1932599" stopId="04678" tag="4678" title="Atlantic / Compton"/>
  <stop lat="33.8927399" lon="-118.19301" stopId="04679" tag="4679" title="Atlantic / Myrrh"/>
  <stop lat="33.9038599" lon="-118.1938099" stopId="04680" tag="4680" title="Atlantic / Rosecrans"/>
  <stop lat="33.8993399" lon="-118.1934799" stopId="04681" tag="4681" title="Atlantic / San Vincente"/>
  <stop lat="34.04257" lon="-118.1412699" stopId="04682" tag="4682" title="Atlantic / Brightwood"/>
  <stop lat="34.0513099" lon="-118.13764" stopId="04683" tag="4683" title="Atlantic / Cadiz"/>
  <stop lat="34.02965" lon="-118.1543199" stopId="04685" tag="4685" title="Atlantic / 4th"/>
  <stop lat="34.0165299" lon="-118.15829" stopId="04688" tag="4688" title="Atlantic / Olympic"/>
  <stop lat="34.0031799" lon="-118.16724" stopId="04689" tag="4689" title="Atlantic / Washington"/>
  <stop lat="34.0269899" lon="-118.15511" stopId="04691" tag="4691" title="Atlantic / Eagle"/>
  <stop lat="34.0538599" lon="-118.1361" stopId="04692" tag="4692" title="Atlantic / El Portal"/>
  <stop lat="34.00722" lon="-118.1612799" stopId="04693" tag="4693" title="Atlantic / Everington"/>
  <stop lat="34.01169" lon="-118.15902" stopId="04694" tag="4694" title="Atlantic / Goodrich"/>
  <stop lat="34.0049599" lon="-118.16461" stopId="04696" tag="4696" title="Atlantic / Jardine"/>
  <stop lat="34.04886" lon="-118.1391199" stopId="04697" tag="4697" title="Atlantic / Sevilla"/>
  <stop lat="34.0878" lon="-118.13443" stopId="04700" tag="4700" title="Atlantic / Commonwealth"/>
  <stop lat="34.0467099" lon="-118.14007" stopId="04701" tag="4701" title="Atlantic / El Repetto"/>
  <stop lat="34.0394299" lon="-118.14318" stopId="04702" tag="4702" title="Atlantic / Floral"/>
  <stop lat="34.0627399" lon="-118.13406" stopId="04704" tag="4704" title="Atlantic / Garvey"/>
  <stop lat="34.07421" lon="-118.13431" stopId="04705" tag="4705" title="Atlantic / Glendon"/>
  <stop lat="34.0562599" lon="-118.13466" stopId="04706" tag="4706" title="Atlantic / Harding"/>
  <stop lat="34.0918599" lon="-118.1344799" stopId="04707" tag="4707" title="Atlantic / Main"/>
  <stop lat="34.08507" lon="-118.13441" stopId="04708" tag="4708" title="Atlantic / Mission"/>
  <stop lat="34.0596299" lon="-118.13346" stopId="04709" tag="4709" title="Atlantic / Newmark"/>
  <stop lat="34.03757" lon="-118.1460599" stopId="04711" tag="4711" title="Atlantic / Riggin"/>
  <stop lat="34.08298" lon="-118.13439" stopId="04712" tag="4712" title="Atlantic / San Marino"/>
  <stop lat="34.0777099" lon="-118.13435" stopId="04714" tag="4714" title="Atlantic / Valley"/>
  <stop lat="34.0205199" lon="-118.15708" stopId="04715" tag="4715" title="Atlantic / Whittier"/>
  <stop lat="34.1342099" lon="-118.1501999" stopId="04955" tag="4955" title="Fair Oaks / Congress"/>
  <stop lat="34.1386099" lon="-118.1502399" stopId="04956" tag="4956" title="Fair Oaks / Bellevue"/>
  <stop lat="34.1363299" lon="-118.1502199" stopId="04957" tag="4957" title="Fair Oaks / California"/>
  <stop lat="34.1437" lon="-118.15029" stopId="04958" tag="4958" title="Fair Oaks / Dayton"/>
  <stop lat="34.1409" lon="-118.15026" stopId="04959" tag="4959" title="Fair Oaks / Del Mar"/>
  <stop lat="34.1238999" lon="-118.15012" stopId="04960" tag="4960" title="Fair Oaks / Raymond Hill"/>
  <stop lat="34.1317499" lon="-118.1501799" stopId="04961" tag="4961" title="Fair Oaks / Bellefontaine"/>
  <stop lat="33.9338199" lon="-118.18226" stopId="08760" tag="8760" title="Atlantic / Abbott"/>
  <stop lat="33.9257399" lon="-118.18539" stopId="08763" tag="8763" title="Atlantic / Beechwood"/>
  <stop lat="33.9279099" lon="-118.1845" stopId="08769" tag="8769" title="Atlantic / Elmwood"/>
  <stop lat="33.9387899" lon="-118.18169" stopId="08777" tag="8777" title="Atlantic / Michigan"/>
  <stop lat="33.93612" lon="-118.1819899" stopId="08781" tag="8781" title="Atlantic / Tenaya"/>
  <stop lat="34.1064499" lon="-118.13568" stopId="11069" tag="11069" title="Huntington / Garfield"/>
  <stop lat="34.1052" lon="-118.1377599" stopId="11081" tag="11081" title="Huntington / Court"/>
  <stop lat="34.1043899" lon="-118.1422799" stopId="11086" tag="11086" title="Huntington / Fletcher"/>
  <stop lat="34.1460499" lon="-118.1502999" stopId="11956" tag="11956" title="Fair Oaks / Colorado"/>
  <stop lat="33.8761999" lon="-118.2249399" stopId="16919" tag="16919" title="Acacia / Walnut"/>
  <stop lat="33.8744099" lon="-118.2244299" stopId="16920" tag="16920" title="Artesia / Acacia"/>
  <stop lat="33.8741699" lon="-118.20239" stopId="16921" tag="16921" title="Artesia / Long Beach"/>
  <stop lat="33.8759799" lon="-118.22283" stopId="30014" tag="30014" title="Artesia Station"/>
  <stop lat="34.11992" lon="-118.1501499" stopId="36487" tag="36487" title="Fair Oaks / Mound"/>
  <stop lat="33.9337099" lon="-118.1825799" stopId="00163" tag="163" title="Atlantic / Abbott"/>
  <stop lat="33.9256999" lon="-118.18573" stopId="00166" tag="166" title="Atlantic / Beechwood"/>
  <stop lat="33.9390799" lon="-118.18196" stopId="00182" tag="182" title="Atlantic / Michigan"/>
  <stop lat="33.93642" lon="-118.1822599" stopId="00187" tag="187" title="Atlantic / Tenaya"/>
  <stop lat="33.94103" lon="-118.1817199" stopId="00189" tag="189" title="Atlantic / Tweedy"/>
  <stop lat="34.03743" lon="-118.1468199" stopId="00643" tag="643" title="Atlantic / Avenida Cesar Chavez"/>
  <stop lat="34.1502799" lon="-118.1522" stopId="01866" tag="1866" title="Corson / Walnut Layover"/>
  <stop lat="33.9532499" lon="-118.18359" stopId="02145" tag="2145" title="Atlantic / Firestone"/>
  <stop lat="34.1046699" lon="-118.13781" stopId="02546" tag="2546" title="Huntington / Court"/>
  <stop lat="34.1039999" lon="-118.1422" stopId="02549" tag="2549" title="Huntington / Fletcher"/>
  <stop lat="33.9153699" lon="-118.19042" tag="2714_ar" title="Josephine / Atlantic"/>
  <stop lat="34.1477999" lon="-118.1506799" stopId="03486" tag="3486" title="Fair Oaks / Holly"/>
  <stop lat="34.1050699" lon="-118.13485" stopId="03563" tag="3563" title="Atlantic / Garfield"/>
  <stop lat="33.87442" lon="-118.2030499" stopId="03710" tag="3710" title="Artesia / Long Beach"/>
  <stop lat="34.08725" lon="-118.13473" stopId="04699" tag="4699" title="Atlantic / Commonwealth"/>
  <stop lat="33.87439" lon="-118.2074499" stopId="08742" tag="8742" title="Artesia / Harbor"/>
  <stop lat="33.87834" lon="-118.1861499" stopId="08755" tag="8755" title="Atlantic / 68th"/>
  <stop lat="33.9735699" lon="-118.18781" stopId="08756" tag="8756" title="Atlantic / Brompton"/>
  <stop lat="33.9209399" lon="-118.1877" stopId="08758" tag="8758" title="Atlantic / Martin Luther King Jr"/>
  <stop lat="33.9556899" lon="-118.1841499" stopId="08759" tag="8759" title="Atlantic / Patata"/>
  <stop lat="33.91415" lon="-118.1905099" stopId="08761" tag="8761" title="Atlantic / Agnes"/>
  <stop lat="33.9070399" lon="-118.19346" stopId="08762" tag="8762" title="Atlantic / Arlington"/>
  <stop lat="33.91012" lon="-118.1921699" stopId="08764" tag="8764" title="Atlantic / Carlin"/>
  <stop lat="33.95814" lon="-118.1849599" stopId="08765" tag="8765" title="Atlantic / Cecelia"/>
  <stop lat="33.9652899" lon="-118.1869999" stopId="08766" tag="8766" title="Atlantic / Clara"/>
  <stop lat="33.91842" lon="-118.1887399" stopId="08767" tag="8767" title="Atlantic / Cortland"/>
  <stop lat="33.96291" lon="-118.1863999" stopId="08768" tag="8768" title="Atlantic / Elizabeth"/>
  <stop lat="33.96922" lon="-118.18799" stopId="08773" tag="8773" title="Atlantic / Florence"/>
  <stop lat="33.97776" lon="-118.1871399" stopId="08774" tag="8774" title="Atlantic / Gage"/>
  <stop lat="33.9605699" lon="-118.1857899" stopId="08778" tag="8778" title="Atlantic / Santa Ana"/>
  <stop lat="33.94635" lon="-118.18119" stopId="08779" tag="8779" title="Atlantic / Southern"/>
  <stop lat="33.9486" lon="-118.18204" stopId="08780" tag="8780" title="Atlantic / Southern Pl"/>
  <stop lat="33.9928099" lon="-118.18374" stopId="08783" tag="8783" title="Atlantic / 52nd"/>
  <stop lat="33.99076" lon="-118.1851599" stopId="08784" tag="8784" title="Atlantic / 55th"/>
  <stop lat="33.99826" lon="-118.1757499" stopId="08785" tag="8785" title="Atlantic / Bandini"/>
  <stop lat="33.9818299" lon="-118.18652" stopId="08786" tag="8786" title="Atlantic / Randolph"/>
  <stop lat="33.9868999" lon="-118.18576" stopId="08789" tag="8789" title="Atlantic / Slauson"/>
  <stop lat="34.1454999" lon="-118.1506" stopId="09316" tag="9316" title="Fair Oaks / Colorado"/>
  <stop lat="33.8745099" lon="-118.18645" stopId="09806" tag="9806" title="Artesia / Atlantic"/>
  <stop lat="33.8744399" lon="-118.19724" stopId="09808" tag="9808" title="Artesia / Butler"/>
  <stop lat="34.0329399" lon="-118.15327" stopId="09810" tag="9810" title="Atlantic / Pomona"/>
  <stop lat="34.1314599" lon="-118.1504799" stopId="10392" tag="10392" title="Fair Oaks / Bellefontaine"/>
  <stop lat="34.1338999" lon="-118.1504999" stopId="10394" tag="10394" title="Fair Oaks / Congress"/>
  <stop lat="34.15074" lon="-118.1506699" stopId="10395" tag="10395" title="Fair Oaks / Corson"/>
  <stop lat="34.1276599" lon="-118.1504499" stopId="10397" tag="10397" title="Fair Oaks / Glenarm"/>
  <stop lat="34.11201" lon="-118.1506199" stopId="10403" tag="10403" title="Fair Oaks / Monterey"/>
  <stop lat="34.1202799" lon="-118.1504199" stopId="10404" tag="10404" title="Fair Oaks / Mound"/>
  <stop lat="34.1086799" lon="-118.15064" stopId="10405" tag="10405" title="Fair Oaks / Rollin"/>
  <stop lat="34.1055399" lon="-118.1506699" stopId="10406" tag="10406" title="Fair Oaks / Spruce"/>
  <stop lat="34.1238499" lon="-118.15042" stopId="10407" tag="10407" title="Fair Oaks / Raymond Hill"/>
  <stop lat="34.10397" lon="-118.1464099" stopId="11096" tag="11096" title="Huntington / Marengo"/>
  <stop lat="33.93052" lon="-118.1837599" stopId="11142" tag="11142" title="Atlantic / Imperial"/>
  <stop lat="34.1155799" lon="-118.15049" stopId="11746" tag="11746" title="Fair Oaks / Mission"/>
  <stop lat="34.1022299" lon="-118.1348299" stopId="11853" tag="11853" title="Atlantic / Spruce"/>
  <stop lat="34.0989" lon="-118.13482" stopId="11854" tag="11854" title="Atlantic / Alhambra"/>
  <stop lat="34.06584" lon="-118.1344499" stopId="11855" tag="11855" title="Atlantic / Emerson"/>
  <stop lat="34.06948" lon="-118.1345399" stopId="11856" tag="11856" title="Atlantic / Hellman"/>
  <stop lat="34.09477" lon="-118.1348" stopId="11858" tag="11858" title="Atlantic / Woodward"/>
  <stop lat="34.14936" lon="-118.1506799" stopId="11959" tag="11959" title="Fair Oaks / Walnut"/>
  <stop lat="33.8743799" lon="-118.21487" stopId="13131" tag="13131" title="Artesia / Santa Fe"/>
  <stop lat="33.88904" lon="-118.1930599" stopId="13132" tag="13132" title="Atlantic / Alondra"/>
  <stop lat="33.89589" lon="-118.19353" stopId="13133" tag="13133" title="Atlantic / Compton"/>
  <stop lat="33.89259" lon="-118.19331" stopId="13134" tag="13134" title="Atlantic / Myrrh"/>
  <stop lat="33.9037199" lon="-118.1940999" stopId="13135" tag="13135" title="Atlantic / Rosecrans"/>
  <stop lat="33.8995899" lon="-118.1937999" stopId="13136" tag="13136" title="Atlantic / San Vincente"/>
  <stop lat="34.0420999" lon="-118.1417199" stopId="13137" tag="13137" title="Atlantic / Brightwood"/>
  <stop lat="34.0517899" lon="-118.13769" stopId="13138" tag="13138" title="Atlantic / Cadiz"/>
  <stop lat="34.02957" lon="-118.1546599" stopId="13139" tag="13139" title="Atlantic / 4th"/>
  <stop lat="34.02465" lon="-118.1561399" stopId="13140" tag="13140" title="Atlantic / 6th"/>
  <stop lat="34.0164599" lon="-118.15863" stopId="13142" tag="13142" title="Atlantic / Olympic"/>
  <stop lat="34.00294" lon="-118.1680899" stopId="13143" tag="13143" title="Atlantic / Washington"/>
  <stop lat="34.02732" lon="-118.1553299" stopId="13145" tag="13145" title="Atlantic / Eagle"/>
  <stop lat="34.0544599" lon="-118.13609" stopId="13146" tag="13146" title="Atlantic / El Portal"/>
  <stop lat="34.00733" lon="-118.1615999" stopId="13147" tag="13147" title="Atlantic / Everington"/>
  <stop lat="34.02239" lon="-118.1568299" stopId="13148" tag="13148" title="Atlantic / Hubbard"/>
  <stop lat="34.00481" lon="-118.1653099" stopId="13149" tag="13149" title="Atlantic / Jardine"/>
  <stop lat="34.04847" lon="-118.1396599" stopId="13150" tag="13150" title="Atlantic / Sevilla"/>
  <stop lat="34.01175" lon="-118.1593499" stopId="13153" tag="13153" title="Atlantic / Goodrich"/>
  <stop lat="34.0462399" lon="-118.14052" stopId="13158" tag="13158" title="Atlantic / El Repetto"/>
  <stop lat="34.0392899" lon="-118.14389" stopId="13159" tag="13159" title="Atlantic / Floral"/>
  <stop lat="34.0621899" lon="-118.1343599" stopId="13161" tag="13161" title="Atlantic / Garvey"/>
  <stop lat="34.0566099" lon="-118.13478" stopId="13162" tag="13162" title="Atlantic / Harding"/>
  <stop lat="34.0913199" lon="-118.1347699" stopId="13163" tag="13163" title="Atlantic / Main"/>
  <stop lat="34.08487" lon="-118.13471" stopId="13164" tag="13164" title="Atlantic / Mission"/>
  <stop lat="34.0595299" lon="-118.1337799" stopId="13165" tag="13165" title="Atlantic / Newmark"/>
  <stop lat="34.08271" lon="-118.13469" stopId="13168" tag="13168" title="Atlantic / San Marino"/>
  <stop lat="34.0776299" lon="-118.13465" stopId="13169" tag="13169" title="Atlantic / Valley"/>
  <stop lat="34.0201799" lon="-118.1575" stopId="13171" tag="13171" title="Atlantic / Whittier"/>
  <stop lat="34.13816" lon="-118.15054" stopId="13401" tag="13401" title="Fair Oaks / Bellevue"/>
  <stop lat="34.13549" lon="-118.15048" stopId="13402" tag="13402" title="Fair Oaks / California"/>
  <stop lat="34.14044" lon="-118.15056" stopId="13403" tag="13403" title="Fair Oaks / Del Mar"/>
  <stop lat="34.14433" lon="-118.15059" stopId="13404" tag="13404" title="Fair Oaks / Green"/>
  <stop lat="34.07407" lon="-118.13461" stopId="16932" tag="16932" title="Atlantic / Glendon"/>
  <stop lat="33.9278599" lon="-118.18484" stopId="16933" tag="16933" title="Atlantic / Elmwood"/>
  <stop lat="33.8759799" lon="-118.22283" tag="30014_ar" title="Artesia Station"/>
  <direction name="North" tag="260_260_0" title="North to Fair Oaks-Colorado" useForUI="true">
   <stop tag="30014"/>
   <stop tag="16919"/>
   <stop tag="16920"/>
   <stop tag="4674"/>
   <stop tag="149"/>
   <stop tag="16921"/>
   <stop tag="1281"/>
   <stop tag="172"/>
   <stop tag="157"/>
   <stop tag="4677"/>
   <stop tag="4679"/>
   <stop tag="4678"/>
   <stop tag="4681"/>
   <stop tag="4680"/>
   <stop tag="165"/>
   <stop tag="167"/>
   <stop tag="164"/>
   <stop tag="170"/>
   <stop tag="161"/>
   <stop tag="8763"/>
   <stop tag="8769"/>
   <stop tag="180"/>
   <stop tag="8760"/>
   <stop tag="8781"/>
   <stop tag="8777"/>
   <stop tag="188"/>
   <stop tag="185"/>
   <stop tag="186"/>
   <stop tag="177"/>
   <stop tag="162"/>
   <stop tag="168"/>
   <stop tag="184"/>
   <stop tag="173"/>
   <stop tag="169"/>
   <stop tag="178"/>
   <stop tag="158"/>
   <stop tag="179"/>
   <stop tag="183"/>
   <stop tag="194"/>
   <stop tag="191"/>
   <stop tag="190"/>
   <stop tag="193"/>
   <stop tag="4689"/>
   <stop tag="4696"/>
   <stop tag="4693"/>
   <stop tag="4694"/>
   <stop tag="4688"/>
   <stop tag="4715"/>
   <stop tag="2472"/>
   <stop tag="192"/>
   <stop tag="4691"/>
   <stop tag="4685"/>
   <stop tag="1282"/>
   <stop tag="4711"/>
   <stop tag="4702"/>
   <stop tag="4682"/>
   <stop tag="4701"/>
   <stop tag="4697"/>
   <stop tag="4683"/>
   <stop tag="4692"/>
   <stop tag="4706"/>
   <stop tag="4709"/>
   <stop tag="4704"/>
   <stop tag="3370"/>
   <stop tag="3371"/>
   <stop tag="4705"/>
   <stop tag="4714"/>
   <stop tag="4712"/>
   <stop tag="4708"/>
   <stop tag="4700"/>
   <stop tag="4707"/>
   <stop tag="3373"/>
   <stop tag="3369"/>
   <stop tag="3365"/>
   <stop tag="11069"/>
   <stop tag="11081"/>
   <stop tag="11086"/>
   <stop tag="2559"/>
   <stop tag="1856"/>
   <stop tag="1855"/>
   <stop tag="1853"/>
   <stop tag="3255"/>
   <stop tag="36487"/>
   <stop tag="4960"/>
   <stop tag="1844"/>
   <stop tag="4961"/>
   <stop tag="4955"/>
   <stop tag="4957"/>
   <stop tag="4956"/>
   <stop tag="4959"/>
   <stop tag="4958"/>
   <stop tag="11956"/>
   <stop tag="1705"/>
   <stop tag="1866_ar"/>
  </direction>
  <direction name="South" tag="260_286_1" title="South to Artesia Station" useForUI="true">
   <stop tag="1866"/>
   <stop tag="10395"/>
   <stop tag="11959"/>
   <stop tag="3486"/>
   <stop tag="9316"/>
   <stop tag="13404"/>
   <stop tag="13403"/>
   <stop tag="13401"/>
   <stop tag="13402"/>
   <stop tag="10394"/>
   <stop tag="10392"/>
   <stop tag="10397"/>
   <stop tag="10407"/>
   <stop tag="10404"/>
   <stop tag="11746"/>
   <stop tag="10403"/>
   <stop tag="10405"/>
   <stop tag="10406"/>
   <stop tag="11096"/>
   <stop tag="2549"/>
   <stop tag="2546"/>
   <stop tag="3563"/>
   <stop tag="11853"/>
   <stop tag="11854"/>
   <stop tag="11858"/>
   <stop tag="13163"/>
   <stop tag="4699"/>
   <stop tag="13164"/>
   <stop tag="13168"/>
   <stop tag="13169"/>
   <stop tag="16932"/>
   <stop tag="11856"/>
   <stop tag="11855"/>
   <stop tag="13161"/>
   <stop tag="13165"/>
   <stop tag="13162"/>
   <stop tag="13146"/>
   <stop tag="13138"/>
   <stop tag="13150"/>
   <stop tag="13158"/>
   <stop tag="13137"/>
   <stop tag="13159"/>
   <stop tag="643"/>
   <stop tag="9810"/>
   <stop tag="13139"/>
   <stop tag="13145"/>
   <stop tag="13140"/>
   <stop tag="13148"/>
   <stop tag="13171"/>
   <stop tag="13142"/>
   <stop tag="13153"/>
   <stop tag="13147"/>
   <stop tag="13149"/>
   <stop tag="13143"/>
   <stop tag="8785"/>
   <stop tag="8783"/>
   <stop tag="8784"/>
   <stop tag="8789"/>
   <stop tag="8786"/>
   <stop tag="8774"/>
   <stop tag="8756"/>
   <stop tag="8773"/>
   <stop tag="8766"/>
   <stop tag="8768"/>
   <stop tag="8778"/>
   <stop tag="8765"/>
   <stop tag="8759"/>
   <stop tag="2145"/>
   <stop tag="8780"/>
   <stop tag="8779"/>
   <stop tag="189"/>
   <stop tag="182"/>
   <stop tag="187"/>
   <stop tag="163"/>
   <stop tag="11142"/>
   <stop tag="16933"/>
   <stop tag="166"/>
   <stop tag="8758"/>
   <stop tag="8767"/>
   <stop tag="8761"/>
   <stop tag="8764"/>
   <stop tag="8762"/>
   <stop tag="13135"/>
   <stop tag="13136"/>
   <stop tag="13133"/>
   <stop tag="13134"/>
   <stop tag="13132"/>
   <stop tag="8755"/>
   <stop tag="9806"/>
   <stop tag="9808"/>
   <stop tag="3710"/>
   <stop tag="8742"/>
   <stop tag="13131"/>
   <stop tag="30014_ar"/>
  </direction>
  <path>
   <point lat="33.95325" lon="-118.18359"/>
   <point lat="33.95191" lon="-118.18312"/>
   <point lat="33.9486" lon="-118.18204"/>
   <point lat="33.94635" lon="-118.18119"/>
   <point lat="33.9456599" lon="-118.18082"/>
   <point lat="33.94531" lon="-118.18077"/>
   <point lat="33.94517" lon="-118.18076"/>
   <point lat="33.9448999" lon="-118.18073"/>
   <point lat="33.94465" lon="-118.18077"/>
   <point lat="33.94421" lon="-118.18081"/>
   <point lat="33.94388" lon="-118.18085"/>
   <point lat="33.9437799" lon="-118.18088"/>
   <point lat="33.94361" lon="-118.18095"/>
   <point lat="33.94357" lon="-118.18096"/>
   <point lat="33.94295" lon="-118.18117"/>
   <point lat="33.94267" lon="-118.18124"/>
   <point lat="33.94223" lon="-118.18132"/>
   <point lat="33.94103" lon="-118.18172"/>
   <point lat="33.93908" lon="-118.18196"/>
   <point lat="33.93642" lon="-118.18226"/>
   <point lat="33.93371" lon="-118.18258"/>
   <point lat="33.93335" lon="-118.18248"/>
   <point lat="33.93052" lon="-118.18376"/>
   <point lat="33.92786" lon="-118.18484"/>
   <point lat="33.9257" lon="-118.18573"/>
   <point lat="33.92094" lon="-118.1877"/>
  </path>
  <path>
   <point lat="34.0330299" lon="-118.15272"/>
   <point lat="34.0335899" lon="-118.1524"/>
   <point lat="34.03374" lon="-118.1522"/>
   <point lat="34.03412" lon="-118.15164"/>
   <point lat="34.03472" lon="-118.15071"/>
   <point lat="34.03757" lon="-118.14606"/>
   <point lat="34.03943" lon="-118.14318"/>
   <point lat="34.04004" lon="-118.14249"/>
   <point lat="34.04025" lon="-118.14227"/>
   <point lat="34.0403499" lon="-118.14219"/>
   <point lat="34.04047" lon="-118.1421"/>
   <point lat="34.04057" lon="-118.14204"/>
   <point lat="34.0407" lon="-118.14198"/>
   <point lat="34.04089" lon="-118.1419"/>
   <point lat="34.0415599" lon="-118.1417"/>
   <point lat="34.04257" lon="-118.14127"/>
   <point lat="34.04671" lon="-118.14007"/>
   <point lat="34.0483" lon="-118.1396"/>
   <point lat="34.04886" lon="-118.13912"/>
   <point lat="34.05131" lon="-118.13764"/>
   <point lat="34.05386" lon="-118.1361"/>
   <point lat="34.05626" lon="-118.13466"/>
   <point lat="34.05745" lon="-118.13422"/>
   <point lat="34.05963" lon="-118.13346"/>
   <point lat="34.06066" lon="-118.13363"/>
   <point lat="34.06159" lon="-118.13416"/>
   <point lat="34.06167" lon="-118.13418"/>
   <point lat="34.0619299" lon="-118.13421"/>
   <point lat="34.06274" lon="-118.13406"/>
   <point lat="34.06612" lon="-118.1343"/>
   <point lat="34.0664" lon="-118.13416"/>
   <point lat="34.06893" lon="-118.13422"/>
   <point lat="34.07374" lon="-118.13445"/>
   <point lat="34.07421" lon="-118.13431"/>
   <point lat="34.07771" lon="-118.13435"/>
  </path>
  <path>
   <point lat="34.07763" lon="-118.13465"/>
   <point lat="34.07407" lon="-118.13461"/>
   <point lat="34.07374" lon="-118.13445"/>
   <point lat="34.06948" lon="-118.13454"/>
   <point lat="34.06612" lon="-118.1343"/>
   <point lat="34.06584" lon="-118.13445"/>
   <point lat="34.06285" lon="-118.13422"/>
   <point lat="34.06219" lon="-118.13436"/>
   <point lat="34.06159" lon="-118.13416"/>
   <point lat="34.06071" lon="-118.13365"/>
   <point lat="34.06066" lon="-118.13363"/>
   <point lat="34.06048" lon="-118.13361"/>
   <point lat="34.06018" lon="-118.13359"/>
   <point lat="34.05982" lon="-118.13359"/>
   <point lat="34.05953" lon="-118.13378"/>
   <point lat="34.0589299" lon="-118.13377"/>
   <point lat="34.05745" lon="-118.13422"/>
   <point lat="34.05661" lon="-118.13478"/>
   <point lat="34.05446" lon="-118.13609"/>
   <point lat="34.0517899" lon="-118.13769"/>
   <point lat="34.04867" lon="-118.13939"/>
   <point lat="34.04847" lon="-118.13966"/>
   <point lat="34.04736" lon="-118.14002"/>
   <point lat="34.04624" lon="-118.14052"/>
   <point lat="34.0421" lon="-118.14172"/>
   <point lat="34.0415599" lon="-118.1417"/>
   <point lat="34.04089" lon="-118.1419"/>
   <point lat="34.0407" lon="-118.14198"/>
   <point lat="34.04057" lon="-118.14204"/>
   <point lat="34.04047" lon="-118.1421"/>
   <point lat="34.0403499" lon="-118.14219"/>
   <point lat="34.04025" lon="-118.14227"/>
   <point lat="34.04011" lon="-118.14242"/>
   <point lat="34.04004" lon="-118.14249"/>
   <point lat="34.0399699" lon="-118.14259"/>
   <point lat="34.03936" lon="-118.14353"/>
   <point lat="34.03929" lon="-118.14389"/>
   <point lat="34.0375" lon="-118.14642"/>
   <point lat="34.03743" lon="-118.14682"/>
   <point lat="34.03643" lon="-118.14809"/>
   <point lat="34.03412" lon="-118.15164"/>
   <point lat="34.03374" lon="-118.1522"/>
   <point lat="34.0335899" lon="-118.1524"/>
   <point lat="34.03294" lon="-118.15327"/>
  </path>
  <path>
   <point lat="33.9515" lon="-118.18281"/>
   <point lat="33.95364" lon="-118.1835"/>
   <point lat="33.95584" lon="-118.18388"/>
   <point lat="33.95826" lon="-118.18469"/>
   <point lat="33.96116" lon="-118.18565"/>
   <point lat="33.9632099" lon="-118.18632"/>
   <point lat="33.9635" lon="-118.18624"/>
   <point lat="33.96588" lon="-118.18684"/>
   <point lat="33.9700599" lon="-118.18785"/>
   <point lat="33.97226" lon="-118.18781"/>
   <point lat="33.97467" lon="-118.1873"/>
   <point lat="33.97827" lon="-118.18676"/>
   <point lat="33.98119" lon="-118.18631"/>
   <point lat="33.9874099" lon="-118.18537"/>
  </path>
  <path>
   <point lat="33.9874099" lon="-118.18537"/>
   <point lat="33.99083" lon="-118.18483"/>
   <point lat="33.99184" lon="-118.18431"/>
   <point lat="33.99244" lon="-118.18367"/>
   <point lat="33.99338" lon="-118.18311"/>
   <point lat="33.99368" lon="-118.18287"/>
   <point lat="33.99375" lon="-118.18281"/>
   <point lat="33.99397" lon="-118.18265"/>
   <point lat="33.99541" lon="-118.18153"/>
   <point lat="33.99546" lon="-118.1815"/>
   <point lat="33.99562" lon="-118.18136"/>
   <point lat="33.99574" lon="-118.18122"/>
   <point lat="33.9959" lon="-118.18098"/>
   <point lat="33.9959599" lon="-118.18087"/>
   <point lat="33.99613" lon="-118.18047"/>
   <point lat="33.99748" lon="-118.17718"/>
   <point lat="33.9975499" lon="-118.17702"/>
   <point lat="33.99768" lon="-118.1767"/>
   <point lat="33.99772" lon="-118.17657"/>
   <point lat="33.99817" lon="-118.17543"/>
   <point lat="33.99825" lon="-118.1748"/>
   <point lat="33.99866" lon="-118.17416"/>
   <point lat="34.00318" lon="-118.16724"/>
   <point lat="34.0049599" lon="-118.16461"/>
   <point lat="34.0072199" lon="-118.16128"/>
   <point lat="34.00797" lon="-118.16039"/>
   <point lat="34.00803" lon="-118.1603"/>
   <point lat="34.00809" lon="-118.1602"/>
   <point lat="34.00818" lon="-118.16004"/>
   <point lat="34.0082" lon="-118.15999"/>
   <point lat="34.0083" lon="-118.15972"/>
   <point lat="34.00842" lon="-118.15931"/>
   <point lat="34.00855" lon="-118.15898"/>
   <point lat="34.0086299" lon="-118.15883"/>
   <point lat="34.00875" lon="-118.15871"/>
   <point lat="34.0089" lon="-118.1586"/>
   <point lat="34.00903" lon="-118.15851"/>
   <point lat="34.00911" lon="-118.15846"/>
   <point lat="34.0092" lon="-118.15841"/>
   <point lat="34.0093" lon="-118.15836"/>
   <point lat="34.00944" lon="-118.15834"/>
   <point lat="34.00951" lon="-118.15834"/>
   <point lat="34.0095699" lon="-118.15835"/>
   <point lat="34.0097" lon="-118.15838"/>
   <point lat="34.00973" lon="-118.1584"/>
   <point lat="34.01011" lon="-118.15854"/>
   <point lat="34.0103" lon="-118.15862"/>
   <point lat="34.01076" lon="-118.15879"/>
   <point lat="34.01082" lon="-118.15882"/>
   <point lat="34.01101" lon="-118.15892"/>
   <point lat="34.01169" lon="-118.15902"/>
   <point lat="34.01212" lon="-118.1593"/>
   <point lat="34.01232" lon="-118.15934"/>
   <point lat="34.01265" lon="-118.15938"/>
   <point lat="34.01284" lon="-118.15939"/>
   <point lat="34.013" lon="-118.15939"/>
   <point lat="34.01311" lon="-118.15938"/>
   <point lat="34.01345" lon="-118.15934"/>
   <point lat="34.01382" lon="-118.15928"/>
   <point lat="34.01394" lon="-118.15925"/>
   <point lat="34.01411" lon="-118.1592"/>
   <point lat="34.01465" lon="-118.15902"/>
   <point lat="34.0149" lon="-118.15895"/>
   <point lat="34.01524" lon="-118.15884"/>
   <point lat="34.01588" lon="-118.15866"/>
   <point lat="34.01653" lon="-118.15829"/>
   <point lat="34.01822" lon="-118.15794"/>
   <point lat="34.02052" lon="-118.15708"/>
   <point lat="34.02247" lon="-118.15649"/>
   <point lat="34.02513" lon="-118.15568"/>
   <point lat="34.02699" lon="-118.15511"/>
   <point lat="34.0296499" lon="-118.15432"/>
   <point lat="34.03129" lon="-118.15398"/>
   <point lat="34.03155" lon="-118.15389"/>
   <point lat="34.0319" lon="-118.15374"/>
   <point lat="34.03208" lon="-118.15365"/>
   <point lat="34.03214" lon="-118.15361"/>
   <point lat="34.03217" lon="-118.1536"/>
   <point lat="34.03245" lon="-118.15342"/>
   <point lat="34.0329" lon="-118.15309"/>
   <point lat="34.0330299" lon="-118.15272"/>
  </path>
  <path>
   <point lat="34.10507" lon="-118.13485"/>
   <point lat="34.10408" lon="-118.13469"/>
   <point lat="34.10223" lon="-118.13483"/>
   <point lat="34.0989" lon="-118.13482"/>
   <point lat="34.0947699" lon="-118.1348"/>
   <point lat="34.09132" lon="-118.13477"/>
   <point lat="34.08725" lon="-118.13473"/>
   <point lat="34.08487" lon="-118.13471"/>
   <point lat="34.08271" lon="-118.13469"/>
   <point lat="34.07763" lon="-118.13465"/>
  </path>
  <path>
   <point lat="34.15028" lon="-118.1522"/>
   <point lat="34.1509799" lon="-118.15051"/>
   <point lat="34.15074" lon="-118.15067"/>
   <point lat="34.14963" lon="-118.15053"/>
   <point lat="34.14936" lon="-118.15068"/>
   <point lat="34.1477999" lon="-118.15068"/>
   <point lat="34.1455" lon="-118.1506"/>
  </path>
  <path>
   <point lat="34.10645" lon="-118.13568"/>
   <point lat="34.1052" lon="-118.13776"/>
   <point lat="34.1048199" lon="-118.13812"/>
   <point lat="34.10473" lon="-118.1383"/>
   <point lat="34.10457" lon="-118.13865"/>
   <point lat="34.10447" lon="-118.13892"/>
   <point lat="34.10439" lon="-118.13924"/>
   <point lat="34.10432" lon="-118.13963"/>
   <point lat="34.1043" lon="-118.13987"/>
   <point lat="34.10429" lon="-118.14006"/>
   <point lat="34.10439" lon="-118.14228"/>
   <point lat="34.10425" lon="-118.14423"/>
   <point lat="34.10436" lon="-118.14685"/>
   <point lat="34.10423" lon="-118.14923"/>
   <point lat="34.10429" lon="-118.14962"/>
   <point lat="34.10433" lon="-118.14975"/>
   <point lat="34.10439" lon="-118.14991"/>
   <point lat="34.10447" lon="-118.15005"/>
   <point lat="34.1045299" lon="-118.15012"/>
   <point lat="34.10462" lon="-118.15019"/>
   <point lat="34.10479" lon="-118.15028"/>
   <point lat="34.1048199" lon="-118.15029"/>
   <point lat="34.10515" lon="-118.15037"/>
   <point lat="34.10569" lon="-118.15022"/>
   <point lat="34.10659" lon="-118.15035"/>
   <point lat="34.10901" lon="-118.15016"/>
   <point lat="34.11204" lon="-118.15014"/>
   <point lat="34.11613" lon="-118.15018"/>
   <point lat="34.11943" lon="-118.1503"/>
   <point lat="34.11992" lon="-118.15015"/>
   <point lat="34.1239" lon="-118.15012"/>
   <point lat="34.1278" lon="-118.15014"/>
   <point lat="34.1317499" lon="-118.15018"/>
   <point lat="34.13421" lon="-118.1502"/>
   <point lat="34.13633" lon="-118.15022"/>
   <point lat="34.13861" lon="-118.15024"/>
   <point lat="34.1409" lon="-118.15026"/>
   <point lat="34.1437" lon="-118.15029"/>
   <point lat="34.14605" lon="-118.1503"/>
   <point lat="34.14963" lon="-118.15053"/>
   <point lat="34.1497699" lon="-118.15086"/>
   <point lat="34.14966" lon="-118.15174"/>
   <point lat="34.14964" lon="-118.15357"/>
   <point lat="34.14969" lon="-118.15353"/>
   <point lat="34.14976" lon="-118.15345"/>
   <point lat="34.1499499" lon="-118.15314"/>
   <point lat="34.15002" lon="-118.15302"/>
   <point lat="34.15009" lon="-118.15286"/>
   <point lat="34.15028" lon="-118.1522"/>
  </path>
  <path>
   <point lat="33.91537" lon="-118.19042"/>
   <point lat="33.91546" lon="-118.19093"/>
   <point lat="33.91427" lon="-118.19142"/>
   <point lat="33.9141199" lon="-118.19092"/>
   <point lat="33.91398" lon="-118.19042"/>
   <point lat="33.91419" lon="-118.19017"/>
   <point lat="33.91902" lon="-118.18817"/>
   <point lat="33.92138" lon="-118.1872"/>
  </path>
  <path>
   <point lat="33.95325" lon="-118.18359"/>
   <point lat="33.95191" lon="-118.18312"/>
   <point lat="33.9486" lon="-118.18204"/>
   <point lat="33.94635" lon="-118.18119"/>
   <point lat="33.9456599" lon="-118.18082"/>
   <point lat="33.94531" lon="-118.18077"/>
   <point lat="33.94517" lon="-118.18076"/>
   <point lat="33.9448999" lon="-118.18073"/>
   <point lat="33.94465" lon="-118.18077"/>
   <point lat="33.94421" lon="-118.18081"/>
   <point lat="33.94388" lon="-118.18085"/>
   <point lat="33.9437799" lon="-118.18088"/>
   <point lat="33.94361" lon="-118.18095"/>
   <point lat="33.94357" lon="-118.18096"/>
   <point lat="33.94295" lon="-118.18117"/>
   <point lat="33.94267" lon="-118.18124"/>
   <point lat="33.94223" lon="-118.18132"/>
   <point lat="33.94103" lon="-118.18172"/>
   <point lat="33.93908" lon="-118.18196"/>
   <point lat="33.93642" lon="-118.18226"/>
   <point lat="33.93371" lon="-118.18258"/>
   <point lat="33.93335" lon="-118.18248"/>
   <point lat="33.93052" lon="-118.18376"/>
   <point lat="33.92786" lon="-118.18484"/>
   <point lat="33.9257" lon="-118.18573"/>
   <point lat="33.92094" lon="-118.1877"/>
   <point lat="33.91842" lon="-118.18874"/>
   <point lat="33.91662" lon="-118.18933"/>
   <point lat="33.91624" lon="-118.18948"/>
   <point lat="33.91584" lon="-118.18965"/>
   <point lat="33.91558" lon="-118.18975"/>
   <point lat="33.91515" lon="-118.18993"/>
   <point lat="33.91537" lon="-118.19042"/>
  </path>
  <path>
   <point lat="34.1455" lon="-118.1506"/>
   <point lat="34.1443299" lon="-118.15059"/>
   <point lat="34.14044" lon="-118.15056"/>
   <point lat="34.13816" lon="-118.15054"/>
   <point lat="34.13549" lon="-118.15048"/>
   <point lat="34.1339" lon="-118.1505"/>
   <point lat="34.13146" lon="-118.15048"/>
   <point lat="34.12766" lon="-118.15045"/>
   <point lat="34.12385" lon="-118.15042"/>
   <point lat="34.12028" lon="-118.15042"/>
   <point lat="34.11943" lon="-118.1503"/>
   <point lat="34.11558" lon="-118.15049"/>
   <point lat="34.11201" lon="-118.15062"/>
   <point lat="34.10868" lon="-118.15064"/>
   <point lat="34.10554" lon="-118.15067"/>
   <point lat="34.10504" lon="-118.15053"/>
   <point lat="34.10445" lon="-118.15053"/>
   <point lat="34.1043499" lon="-118.1505"/>
   <point lat="34.10431" lon="-118.15049"/>
   <point lat="34.10427" lon="-118.15046"/>
   <point lat="34.10422" lon="-118.15041"/>
   <point lat="34.10417" lon="-118.15035"/>
   <point lat="34.10413" lon="-118.15028"/>
   <point lat="34.10407" lon="-118.15013"/>
   <point lat="34.1039699" lon="-118.14641"/>
   <point lat="34.104" lon="-118.1422"/>
   <point lat="34.10416" lon="-118.13966"/>
   <point lat="34.10467" lon="-118.13781"/>
   <point lat="34.10574" lon="-118.13629"/>
   <point lat="34.10637" lon="-118.13522"/>
   <point lat="34.10571" lon="-118.13469"/>
   <point lat="34.10507" lon="-118.13485"/>
  </path>
  <path>
   <point lat="34.07771" lon="-118.13435"/>
   <point lat="34.08298" lon="-118.13439"/>
   <point lat="34.08507" lon="-118.13441"/>
   <point lat="34.0878" lon="-118.13443"/>
   <point lat="34.0918599" lon="-118.13448"/>
   <point lat="34.09449" lon="-118.13449"/>
   <point lat="34.0986199" lon="-118.13451"/>
   <point lat="34.10226" lon="-118.13453"/>
   <point lat="34.10571" lon="-118.13469"/>
   <point lat="34.10637" lon="-118.13522"/>
   <point lat="34.10651" lon="-118.13532"/>
   <point lat="34.10645" lon="-118.13568"/>
  </path>
  <path>
   <point lat="33.92138" lon="-118.1872"/>
   <point lat="33.92574" lon="-118.18539"/>
   <point lat="33.92791" lon="-118.1845"/>
   <point lat="33.93096" lon="-118.18326"/>
   <point lat="33.93335" lon="-118.18248"/>
   <point lat="33.93382" lon="-118.18226"/>
   <point lat="33.93612" lon="-118.18199"/>
   <point lat="33.93879" lon="-118.18169"/>
   <point lat="33.9414" lon="-118.18135"/>
   <point lat="33.94357" lon="-118.18096"/>
   <point lat="33.9448999" lon="-118.18073"/>
   <point lat="33.94517" lon="-118.18076"/>
   <point lat="33.94651" lon="-118.18093"/>
   <point lat="33.94881" lon="-118.1818"/>
   <point lat="33.9515" lon="-118.18281"/>
  </path>
  <path>
   <point lat="33.87466" lon="-118.18596"/>
   <point lat="33.87806" lon="-118.18586"/>
   <point lat="33.87906" lon="-118.18597"/>
   <point lat="33.87937" lon="-118.18599"/>
   <point lat="33.87956" lon="-118.18599"/>
   <point lat="33.87974" lon="-118.18601"/>
   <point lat="33.88031" lon="-118.18614"/>
   <point lat="33.88046" lon="-118.18617"/>
   <point lat="33.88068" lon="-118.18624"/>
   <point lat="33.88093" lon="-118.18633"/>
   <point lat="33.88104" lon="-118.18638"/>
   <point lat="33.88112" lon="-118.18642"/>
   <point lat="33.88134" lon="-118.18656"/>
   <point lat="33.88187" lon="-118.18692"/>
   <point lat="33.8823999" lon="-118.18731"/>
   <point lat="33.88257" lon="-118.18747"/>
   <point lat="33.88299" lon="-118.18797"/>
   <point lat="33.88348" lon="-118.18864"/>
   <point lat="33.88395" lon="-118.18939"/>
   <point lat="33.88464" lon="-118.19052"/>
   <point lat="33.88481" lon="-118.19076"/>
   <point lat="33.88491" lon="-118.19088"/>
   <point lat="33.88503" lon="-118.19101"/>
   <point lat="33.88546" lon="-118.19145"/>
   <point lat="33.8857" lon="-118.19167"/>
   <point lat="33.88581" lon="-118.19175"/>
   <point lat="33.88617" lon="-118.192"/>
   <point lat="33.8865399" lon="-118.19223"/>
   <point lat="33.88692" lon="-118.19243"/>
   <point lat="33.8870999" lon="-118.19251"/>
   <point lat="33.88723" lon="-118.19255"/>
   <point lat="33.88726" lon="-118.19257"/>
   <point lat="33.8874" lon="-118.19263"/>
   <point lat="33.88755" lon="-118.19267"/>
   <point lat="33.8877499" lon="-118.19273"/>
   <point lat="33.88798" lon="-118.19277"/>
   <point lat="33.8887799" lon="-118.19288"/>
   <point lat="33.88906" lon="-118.19275"/>
   <point lat="33.89061" lon="-118.19301"/>
   <point lat="33.89274" lon="-118.19301"/>
   <point lat="33.89641" lon="-118.19326"/>
   <point lat="33.89934" lon="-118.19348"/>
   <point lat="33.90386" lon="-118.19381"/>
   <point lat="33.90469" lon="-118.19401"/>
   <point lat="33.90495" lon="-118.19404"/>
   <point lat="33.90511" lon="-118.19404"/>
   <point lat="33.90532" lon="-118.19399"/>
   <point lat="33.90571" lon="-118.19385"/>
   <point lat="33.9067" lon="-118.19328"/>
   <point lat="33.90764" lon="-118.19305"/>
   <point lat="33.91017" lon="-118.19183"/>
   <point lat="33.91419" lon="-118.19017"/>
   <point lat="33.91902" lon="-118.18817"/>
   <point lat="33.92138" lon="-118.1872"/>
  </path>
  <path>
   <point lat="33.92094" lon="-118.1877"/>
   <point lat="33.91842" lon="-118.18874"/>
   <point lat="33.91415" lon="-118.19051"/>
   <point lat="33.91012" lon="-118.19217"/>
   <point lat="33.90764" lon="-118.19305"/>
   <point lat="33.90704" lon="-118.19346"/>
   <point lat="33.90571" lon="-118.19385"/>
   <point lat="33.90532" lon="-118.19399"/>
   <point lat="33.90511" lon="-118.19404"/>
   <point lat="33.90495" lon="-118.19404"/>
   <point lat="33.90469" lon="-118.19401"/>
   <point lat="33.90372" lon="-118.1941"/>
   <point lat="33.89959" lon="-118.1938"/>
   <point lat="33.89589" lon="-118.19353"/>
   <point lat="33.89259" lon="-118.19331"/>
   <point lat="33.89061" lon="-118.19301"/>
   <point lat="33.88904" lon="-118.19306"/>
   <point lat="33.8887799" lon="-118.19288"/>
   <point lat="33.88798" lon="-118.19277"/>
   <point lat="33.8877499" lon="-118.19273"/>
   <point lat="33.88755" lon="-118.19267"/>
   <point lat="33.8874" lon="-118.19263"/>
   <point lat="33.88726" lon="-118.19257"/>
   <point lat="33.88723" lon="-118.19255"/>
   <point lat="33.8870999" lon="-118.19251"/>
   <point lat="33.88692" lon="-118.19243"/>
   <point lat="33.8865399" lon="-118.19223"/>
   <point lat="33.88617" lon="-118.192"/>
   <point lat="33.88581" lon="-118.19175"/>
   <point lat="33.8857" lon="-118.19167"/>
   <point lat="33.88546" lon="-118.19145"/>
   <point lat="33.88503" lon="-118.19101"/>
   <point lat="33.88491" lon="-118.19088"/>
   <point lat="33.88481" lon="-118.19076"/>
   <point lat="33.88464" lon="-118.19052"/>
   <point lat="33.88395" lon="-118.18939"/>
   <point lat="33.88348" lon="-118.18864"/>
   <point lat="33.88299" lon="-118.18797"/>
   <point lat="33.88257" lon="-118.18747"/>
   <point lat="33.8823999" lon="-118.18731"/>
   <point lat="33.88187" lon="-118.18692"/>
   <point lat="33.88134" lon="-118.18656"/>
   <point lat="33.88112" lon="-118.18642"/>
   <point lat="33.88104" lon="-118.18638"/>
   <point lat="33.88093" lon="-118.18633"/>
   <point lat="33.88068" lon="-118.18624"/>
   <point lat="33.88046" lon="-118.18617"/>
   <point lat="33.88031" lon="-118.18614"/>
   <point lat="33.87974" lon="-118.18601"/>
   <point lat="33.87956" lon="-118.18599"/>
   <point lat="33.87937" lon="-118.18599"/>
   <point lat="33.87906" lon="-118.18597"/>
   <point lat="33.87834" lon="-118.18615"/>
   <point lat="33.87729" lon="-118.18604"/>
   <point lat="33.87438" lon="-118.18612"/>
   <point lat="33.87451" lon="-118.18645"/>
  </path>
  <path>
   <point lat="33.87451" lon="-118.18645"/>
   <point lat="33.8744" lon="-118.18874"/>
   <point lat="33.87444" lon="-118.19724"/>
   <point lat="33.87442" lon="-118.20305"/>
   <point lat="33.87439" lon="-118.20745"/>
   <point lat="33.87438" lon="-118.21487"/>
   <point lat="33.87425" lon="-118.21649"/>
   <point lat="33.87424" lon="-118.21657"/>
   <point lat="33.87424" lon="-118.21697"/>
   <point lat="33.87423" lon="-118.21714"/>
   <point lat="33.87423" lon="-118.21737"/>
   <point lat="33.87419" lon="-118.21909"/>
   <point lat="33.8742" lon="-118.21928"/>
   <point lat="33.87422" lon="-118.2195"/>
   <point lat="33.87449" lon="-118.22163"/>
   <point lat="33.87453" lon="-118.222"/>
   <point lat="33.87456" lon="-118.22222"/>
   <point lat="33.8746099" lon="-118.22279"/>
   <point lat="33.87462" lon="-118.22312"/>
   <point lat="33.87462" lon="-118.22329"/>
   <point lat="33.87459" lon="-118.22364"/>
   <point lat="33.87455" lon="-118.22399"/>
   <point lat="33.87454" lon="-118.22419"/>
   <point lat="33.87453" lon="-118.22476"/>
   <point lat="33.87647" lon="-118.22487"/>
   <point lat="33.8768" lon="-118.22488"/>
   <point lat="33.87682" lon="-118.22337"/>
   <point lat="33.87669" lon="-118.22325"/>
   <point lat="33.87624" lon="-118.22302"/>
   <point lat="33.87544" lon="-118.22302"/>
   <point lat="33.87536" lon="-118.223"/>
   <point lat="33.8753" lon="-118.22294"/>
   <point lat="33.87529" lon="-118.22287"/>
   <point lat="33.8753" lon="-118.2228"/>
   <point lat="33.87535" lon="-118.22274"/>
   <point lat="33.87539" lon="-118.22271"/>
   <point lat="33.87544" lon="-118.22271"/>
   <point lat="33.87554" lon="-118.22275"/>
   <point lat="33.87598" lon="-118.22283"/>
  </path>
  <path>
   <point lat="34.03294" lon="-118.15327"/>
   <point lat="34.03217" lon="-118.1536"/>
   <point lat="34.02957" lon="-118.15466"/>
   <point lat="34.02732" lon="-118.15533"/>
   <point lat="34.02465" lon="-118.15614"/>
   <point lat="34.02239" lon="-118.15683"/>
   <point lat="34.02018" lon="-118.1575"/>
   <point lat="34.01822" lon="-118.15794"/>
   <point lat="34.01646" lon="-118.15863"/>
   <point lat="34.01588" lon="-118.15866"/>
   <point lat="34.01524" lon="-118.15884"/>
   <point lat="34.0149" lon="-118.15895"/>
   <point lat="34.01465" lon="-118.15902"/>
   <point lat="34.01411" lon="-118.1592"/>
   <point lat="34.01394" lon="-118.15925"/>
   <point lat="34.01382" lon="-118.15928"/>
   <point lat="34.01345" lon="-118.15934"/>
   <point lat="34.01311" lon="-118.15938"/>
   <point lat="34.013" lon="-118.15939"/>
   <point lat="34.01284" lon="-118.15939"/>
   <point lat="34.01265" lon="-118.15938"/>
   <point lat="34.01232" lon="-118.15934"/>
   <point lat="34.01212" lon="-118.1593"/>
   <point lat="34.01175" lon="-118.15935"/>
   <point lat="34.01148" lon="-118.15911"/>
   <point lat="34.01101" lon="-118.15892"/>
   <point lat="34.01082" lon="-118.15882"/>
   <point lat="34.01076" lon="-118.15879"/>
   <point lat="34.0103" lon="-118.15862"/>
   <point lat="34.01011" lon="-118.15854"/>
   <point lat="34.00973" lon="-118.1584"/>
   <point lat="34.0097" lon="-118.15838"/>
   <point lat="34.0095699" lon="-118.15835"/>
   <point lat="34.00951" lon="-118.15834"/>
   <point lat="34.00944" lon="-118.15834"/>
   <point lat="34.0093" lon="-118.15836"/>
   <point lat="34.0092" lon="-118.15841"/>
   <point lat="34.00911" lon="-118.15846"/>
   <point lat="34.00903" lon="-118.15851"/>
   <point lat="34.0089" lon="-118.1586"/>
   <point lat="34.00875" lon="-118.15871"/>
   <point lat="34.0086299" lon="-118.15883"/>
   <point lat="34.00855" lon="-118.15898"/>
   <point lat="34.00842" lon="-118.15931"/>
   <point lat="34.0083" lon="-118.15972"/>
   <point lat="34.0082" lon="-118.15999"/>
   <point lat="34.00818" lon="-118.16004"/>
   <point lat="34.00809" lon="-118.1602"/>
   <point lat="34.00803" lon="-118.1603"/>
   <point lat="34.00733" lon="-118.1616"/>
   <point lat="34.0069299" lon="-118.16199"/>
   <point lat="34.00481" lon="-118.16531"/>
   <point lat="34.00294" lon="-118.16809"/>
   <point lat="34.00038" lon="-118.17167"/>
   <point lat="34.0003" lon="-118.17178"/>
   <point lat="34.00019" lon="-118.17195"/>
   <point lat="34.00016" lon="-118.17199"/>
   <point lat="34.00014" lon="-118.17203"/>
   <point lat="34.00009" lon="-118.17214"/>
   <point lat="33.9999899" lon="-118.17233"/>
   <point lat="33.99968" lon="-118.17285"/>
   <point lat="33.99939" lon="-118.17337"/>
   <point lat="33.99826" lon="-118.17575"/>
   <point lat="33.99768" lon="-118.1767"/>
   <point lat="33.99613" lon="-118.18047"/>
   <point lat="33.9959599" lon="-118.18087"/>
   <point lat="33.9959" lon="-118.18098"/>
   <point lat="33.99574" lon="-118.18122"/>
   <point lat="33.99562" lon="-118.18136"/>
   <point lat="33.99546" lon="-118.1815"/>
   <point lat="33.99541" lon="-118.18153"/>
   <point lat="33.99397" lon="-118.18265"/>
   <point lat="33.99375" lon="-118.18281"/>
   <point lat="33.99281" lon="-118.18374"/>
   <point lat="33.99184" lon="-118.18431"/>
   <point lat="33.99076" lon="-118.18516"/>
   <point lat="33.9869" lon="-118.18576"/>
  </path>
  <path>
   <point lat="33.9869" lon="-118.18576"/>
   <point lat="33.98183" lon="-118.18652"/>
   <point lat="33.97776" lon="-118.18714"/>
   <point lat="33.97357" lon="-118.18781"/>
   <point lat="33.97031" lon="-118.18806"/>
   <point lat="33.96922" lon="-118.18799"/>
   <point lat="33.96529" lon="-118.187"/>
   <point lat="33.9632099" lon="-118.18632"/>
   <point lat="33.96291" lon="-118.1864"/>
   <point lat="33.96087" lon="-118.18573"/>
   <point lat="33.96057" lon="-118.18579"/>
   <point lat="33.95843" lon="-118.18491"/>
   <point lat="33.95814" lon="-118.18496"/>
   <point lat="33.95569" lon="-118.18415"/>
   <point lat="33.95325" lon="-118.18359"/>
  </path>
  <path>
   <point lat="33.87598" lon="-118.22283"/>
   <point lat="33.87669" lon="-118.22325"/>
   <point lat="33.87682" lon="-118.22337"/>
   <point lat="33.8768" lon="-118.22488"/>
   <point lat="33.8762" lon="-118.22494"/>
   <point lat="33.87453" lon="-118.22476"/>
   <point lat="33.87441" lon="-118.22443"/>
   <point lat="33.87419" lon="-118.21909"/>
   <point lat="33.87412" lon="-118.21405"/>
   <point lat="33.87414" lon="-118.20679"/>
   <point lat="33.87417" lon="-118.20239"/>
   <point lat="33.87419" lon="-118.19658"/>
   <point lat="33.87438" lon="-118.18614"/>
   <point lat="33.87466" lon="-118.18596"/>
  </path>
 </route>
</body>