<?xml version="1.0" encoding="utf-8"?>
<body copyright="All data copyright Los Angeles Metro 2022.">
 <route color="df4600" latMax="34.14602" latMin="33.9244399" lonMax="-118.2030199" lonMin="-118.2382799" oppositeColor="ffffff" tag="251" title="251 Eagle Rock-Long Bch Gl Sta Via Eagle">
  <stop lat="34.0817999" lon="-118.2201299" stopId="00300" tag="300" title="Ave 26 / Lacy - Lincoln / Cypress Statio"/>
  <stop lat="33.93659" lon="-118.2082399" stopId="00561" tag="561" title="California / Martin Luther King Jr"/>
  <stop lat="33.9486799" lon="-118.20672" stopId="00562" tag="562" title="California / Duane"/>
  <stop lat="33.94162" lon="-118.2076899" stopId="00563" tag="563" title="California / Michigan"/>
  <stop lat="33.95094" lon="-118.2064099" stopId="00565" tag="565" title="California / Southern"/>
  <stop lat="33.9389699" lon="-118.20798" stopId="00566" tag="566" title="California / Tenaya"/>
  <stop lat="33.9445899" lon="-118.20735" stopId="00567" tag="567" title="California / Tweedy"/>
  <stop lat="34.1401" lon="-118.21879" stopId="00758" tag="758" title="Colorado / Ellenwood"/>
  <stop lat="34.1393199" lon="-118.21448" stopId="00765" tag="765" title="Colorado / Eagle Rock"/>
  <stop lat="34.1429199" lon="-118.2251899" stopId="00768" tag="768" title="Colorado / Broadway"/>
  <stop lat="34.13961" lon="-118.21611" stopId="00770" tag="770" title="Colorado / El Rio"/>
  <stop lat="34.1421799" lon="-118.2227199" stopId="00786" tag="786" title="Colorado / Sierra Villa"/>
  <stop lat="34.0952499" lon="-118.2277299" stopId="00957" tag="957" title="Cypress / Alice"/>
  <stop lat="34.0964299" lon="-118.2295499" stopId="00958" tag="958" title="Cypress / Arvia"/>
  <stop lat="34.0981799" lon="-118.2322799" stopId="00960" tag="960" title="Cypress / Elm"/>
  <stop lat="34.0882099" lon="-118.2217099" stopId="00961" tag="961" title="Cypress / Idell"/>
  <stop lat="34.0933499" lon="-118.2252599" stopId="00962" tag="962" title="Cypress / Maceo"/>
  <stop lat="34.1007699" lon="-118.2345299" stopId="00963" tag="963" title="Cypress / Macon"/>
  <stop lat="34.0866699" lon="-118.2192199" stopId="00964" tag="964" title="Cypress / Figueroa"/>
  <stop lat="34.0908899" lon="-118.2231699" stopId="00965" tag="965" title="Cypress / Pepper"/>
  <stop lat="33.9735299" lon="-118.2172999" stopId="01421" tag="1421" title="Florence / Mountain View"/>
  <stop lat="34.12392" lon="-118.2208499" stopId="01737" tag="1737" title="Eagle Rock / York"/>
  <stop lat="34.12223" lon="-118.2240399" stopId="01740" tag="1740" title="Eagle Rock / El Paso"/>
  <stop lat="34.13799" lon="-118.2142599" stopId="01742" tag="1742" title="Eagle Rock / Merton"/>
  <stop lat="34.11055" lon="-118.2370499" stopId="01743" tag="1743" title="Eagle Rock / Moss"/>
  <stop lat="34.1258699" lon="-118.21904" stopId="01744" tag="1744" title="Eagle Rock / Avenue 45"/>
  <stop lat="34.13222" lon="-118.2159699" stopId="01745" tag="1745" title="Eagle Rock / Norwalk"/>
  <stop lat="34.1049399" lon="-118.2379699" stopId="01746" tag="1746" title="Eagle Rock / Verdugo"/>
  <stop lat="34.1120099" lon="-118.23667" stopId="01748" tag="1748" title="Eagle Rock / Avenue 33"/>
  <stop lat="34.1138" lon="-118.2361999" stopId="01749" tag="1749" title="Eagle Rock / Avenue 34"/>
  <stop lat="34.1150699" lon="-118.23579" stopId="01750" tag="1750" title="Eagle Rock / Avenue 35"/>
  <stop lat="34.1171799" lon="-118.23432" stopId="01751" tag="1751" title="Eagle Rock / Avenue 36"/>
  <stop lat="34.11989" lon="-118.2289699" stopId="01752" tag="1752" title="Eagle Rock / Avenue 40"/>
  <stop lat="34.1207799" lon="-118.22711" stopId="01753" tag="1753" title="Eagle Rock / Avenue 41"/>
  <stop lat="34.12933" lon="-118.2168299" stopId="01754" tag="1754" title="Eagle Rock / Westdale"/>
  <stop lat="34.13527" lon="-118.2150599" stopId="01757" tag="1757" title="Eagle Rock / Yosemite"/>
  <stop lat="33.9543699" lon="-118.20637" stopId="01899" tag="1899" title="Firestone / California"/>
  <stop lat="33.95495" lon="-118.2118999" stopId="01932" tag="1932" title="Firestone / State"/>
  <stop lat="33.97298" lon="-118.21217" stopId="01980" tag="1980" title="Florence / Mission"/>
  <stop lat="33.93054" lon="-118.20839" stopId="02619" tag="2619" title="Imperial / California"/>
  <stop lat="33.93043" lon="-118.2112199" stopId="02643" tag="2643" title="Imperial / Long Beach"/>
  <stop lat="33.93302" lon="-118.20413" stopId="02748" tag="2748" title="Martin Luther King Jr / Norton"/>
  <stop lat="33.925" lon="-118.20979" stopId="03040" tag="3040" title="Long Beach Blvd Station"/>
  <stop lat="34.0557899" lon="-118.2051599" stopId="03162" tag="3162" title="Marengo / Cornwell"/>
  <stop lat="34.04974" lon="-118.2057399" stopId="03928" tag="3928" title="Soto / Sheridan"/>
  <stop lat="33.98701" lon="-118.22504" stopId="04208" tag="4208" title="Pacific / Belgrave"/>
  <stop lat="33.9755199" lon="-118.22501" stopId="04212" tag="4212" title="Pacific / Florence"/>
  <stop lat="33.9826" lon="-118.22502" stopId="04214" tag="4214" title="Pacific / Gage"/>
  <stop lat="33.9851999" lon="-118.2250399" stopId="04218" tag="4218" title="Pacific / Randolph"/>
  <stop lat="33.97809" lon="-118.22501" stopId="04220" tag="4220" title="Pacific / Saturn"/>
  <stop lat="33.9889999" lon="-118.22505" stopId="04222" tag="4222" title="Pacific / Slauson"/>
  <stop lat="33.98046" lon="-118.22501" stopId="04223" tag="4223" title="Pacific / Zoe"/>
  <stop lat="34.0145999" lon="-118.2197599" stopId="05558" tag="5558" title="Soto / 26th"/>
  <stop lat="34.0087199" lon="-118.2195599" stopId="05559" tag="5559" title="Soto / Bandini"/>
  <stop lat="34.00174" lon="-118.21947" stopId="05560" tag="5560" title="Soto / 46th"/>
  <stop lat="33.9934999" lon="-118.2192599" stopId="05562" tag="5562" title="Soto / 54th"/>
  <stop lat="34.0372799" lon="-118.21368" stopId="05564" tag="5564" title="Soto / 6th"/>
  <stop lat="34.03211" lon="-118.2168899" stopId="05565" tag="5565" title="Soto / 7th"/>
  <stop lat="34.0277799" lon="-118.21931" stopId="05567" tag="5567" title="Soto / 8th"/>
  <stop lat="34.0245499" lon="-118.21966" stopId="05568" tag="5568" title="Soto / Olympic"/>
  <stop lat="34.00534" lon="-118.21949" stopId="05571" tag="5571" title="Soto / Vernon"/>
  <stop lat="33.9962899" lon="-118.2193399" stopId="05573" tag="5573" title="Soto / Fruitland"/>
  <stop lat="33.99986" lon="-118.21942" stopId="05575" tag="5575" title="Soto / Leonis"/>
  <stop lat="33.96625" lon="-118.22231" stopId="06172" tag="6172" title="Seville / Broadway"/>
  <stop lat="33.9687199" lon="-118.22231" stopId="06173" tag="6173" title="Seville / Grand"/>
  <stop lat="33.97124" lon="-118.22232" stopId="06175" tag="6175" title="Seville / Live Oak"/>
  <stop lat="33.9645999" lon="-118.22234" stopId="06178" tag="6178" title="Seville / Santa Ana"/>
  <stop lat="33.98907" lon="-118.2228" stopId="06279" tag="6279" title="Slauson / Seville"/>
  <stop lat="33.98946" lon="-118.21917" stopId="06280" tag="6280" title="Soto / Slauson"/>
  <stop lat="33.9577699" lon="-118.21162" stopId="06334" tag="6334" title="State / Ardmore"/>
  <stop lat="33.9605699" lon="-118.2112" stopId="06337" tag="6337" title="State / Liberty"/>
  <stop lat="33.97025" lon="-118.20975" stopId="06338" tag="6338" title="State / Live Oak"/>
  <stop lat="33.96697" lon="-118.2102399" stopId="06339" tag="6339" title="State / Olive"/>
  <stop lat="33.96367" lon="-118.2107299" stopId="06340" tag="6340" title="State / Santa Ana"/>
  <stop lat="34.11832" lon="-118.2321499" stopId="07073" tag="7073" title="Eagle Rock / Verdugo"/>
  <stop lat="34.0796299" lon="-118.2181499" stopId="07511" tag="7511" title="Avenue 26 / Humboldt"/>
  <stop lat="34.0878499" lon="-118.22391" tag="7515_ar" title="Avenue 28 / Idell"/>
  <stop lat="34.03468" lon="-118.2152999" stopId="08338" tag="8338" title="Soto / Whittier"/>
  <stop lat="34.1428999" lon="-118.22789" tag="9313_ar" title="Colorado / Eagledale"/>
  <stop lat="33.9739399" lon="-118.2213199" stopId="09966" tag="9966" title="Florence / Stafford"/>
  <stop lat="34.1080099" lon="-118.23772" stopId="10303" tag="10303" title="Eagle Rock / Avenue 31"/>
  <stop lat="33.9726999" lon="-118.2097699" stopId="10541" tag="10541" title="Florence / State"/>
  <stop lat="33.9316999" lon="-118.2030199" stopId="11153" tag="11153" title="Martin Luther King Jr / Imperial"/>
  <stop lat="33.9244399" lon="-118.20973" stopId="11494" tag="11494" title="Long Beach Bl Station Lo"/>
  <stop lat="34.08392" lon="-118.2220799" stopId="15866" tag="15866" title="Figueroa / Avenue 26"/>
  <stop lat="34.0531199" lon="-118.20359" stopId="16497" tag="16497" title="Soto / Wabash"/>
  <stop lat="34.0175599" lon="-118.2198899" stopId="32033" tag="32033" title="Soto / Washington"/>
  <stop lat="34.0738899" lon="-118.21547" stopId="142071" tag="142071" title="Daly / Broadway"/>
  <stop lat="34.10289" lon="-118.23633" stopId="142098" tag="142098" title="Cypress / Division"/>
  <stop lat="34.0771699" lon="-118.2158799" stopId="142145" tag="142145" title="Avenue 26 / Pasadena"/>
  <stop lat="34.06092" lon="-118.21446" stopId="142321" tag="142321" title="Daly / Mission"/>
  <stop lat="34.05805" lon="-118.21034" stopId="142322" tag="142322" title="Marengo / State"/>
  <stop lat="34.0469399" lon="-118.20752" stopId="142324" tag="142324" title="Soto / Cesar E Chavez"/>
  <stop lat="34.0438499" lon="-118.20949" stopId="142326" tag="142326" title="Soto / 1st"/>
  <stop lat="34.0407399" lon="-118.21148" stopId="142328" tag="142328" title="Soto / 4th"/>
  <stop lat="34.0696899" lon="-118.21537" stopId="142338" tag="142338" title="Daly / Mozart"/>
  <stop lat="34.0662" lon="-118.21529" stopId="142339" tag="142339" title="Daly / Main"/>
  <stop lat="33.9741899" lon="-118.22347" stopId="20500011" tag="20500011" title="Florence / Seville"/>
  <stop lat="33.95464" lon="-118.2119699" stopId="00898" tag="898" title="Firestone / State"/>
  <stop lat="34.14602" lon="-118.2296099" stopId="01286" tag="1286" title="Broadway / Carr"/>
  <stop lat="34.14602" lon="-118.23243" stopId="01287" tag="1287" title="Broadway / Sinclair"/>
  <stop lat="34.0056699" lon="-118.2197999" stopId="01696" tag="1696" title="Soto / Vernon"/>
  <stop lat="34.1387099" lon="-118.2144" stopId="01739" tag="1739" title="Eagle Rock / Colorado"/>
  <stop lat="34.1079999" lon="-118.23803" stopId="01747" tag="1747" title="Eagle Rock / Avenue 31"/>
  <stop lat="34.057" lon="-118.20858" stopId="02156" tag="2156" title="Marengo / Brittania"/>
  <stop lat="34.06033" lon="-118.21431" stopId="03167" tag="3167" title="Marengo / Mission"/>
  <stop lat="34.14598" lon="-118.2347899" stopId="03950" tag="3950" title="Verdugo / Broadway"/>
  <stop lat="34.0878499" lon="-118.22391" stopId="07515" tag="7515" title="Avenue 28 / Idell"/>
  <stop lat="34.0816399" lon="-118.2202899" stopId="08886" tag="8886" title="Ave 26 / Lacy - Lincoln / Cypress Statio"/>
  <stop lat="33.9486799" lon="-118.20703" stopId="09148" tag="9148" title="California / Duane"/>
  <stop lat="33.9415999" lon="-118.20799" stopId="09149" tag="9149" title="California / Michigan"/>
  <stop lat="33.95125" lon="-118.2066699" stopId="09151" tag="9151" title="California / Southern"/>
  <stop lat="33.9389499" lon="-118.20829" stopId="09152" tag="9152" title="California / Tenaya"/>
  <stop lat="33.94458" lon="-118.2076599" stopId="09153" tag="9153" title="California / Tweedy"/>
  <stop lat="34.1428999" lon="-118.22789" stopId="09313" tag="9313" title="Colorado / Eagledale"/>
  <stop lat="34.1398399" lon="-118.2187799" stopId="09315" tag="9315" title="Colorado / Ellenwood"/>
  <stop lat="34.1421" lon="-118.22323" stopId="09333" tag="9333" title="Colorado / Sierra Villa"/>
  <stop lat="34.09499" lon="-118.22772" stopId="09504" tag="9504" title="Cypress / Alice"/>
  <stop lat="34.09619" lon="-118.22957" stopId="09505" tag="9505" title="Cypress / Arvia"/>
  <stop lat="34.1148499" lon="-118.23619" stopId="09506" tag="9506" title="Eagle Rock / Avenue 34"/>
  <stop lat="34.0980099" lon="-118.2323999" stopId="09507" tag="9507" title="Cypress / Elm"/>
  <stop lat="34.0932" lon="-118.22543" stopId="09508" tag="9508" title="Cypress / Maceo"/>
  <stop lat="34.1006199" lon="-118.2346899" stopId="09509" tag="9509" title="Cypress / Macon"/>
  <stop lat="34.09101" lon="-118.22355" stopId="09510" tag="9510" title="Cypress / Pepper"/>
  <stop lat="34.07613" lon="-118.2158699" stopId="09514" tag="9514" title="Daly / Pasadena"/>
  <stop lat="33.97332" lon="-118.21777" stopId="09952" tag="9952" title="Florence / Mountain View"/>
  <stop lat="33.97399" lon="-118.2244799" stopId="09957" tag="9957" title="Florence / Pacific"/>
  <stop lat="34.1182299" lon="-118.23295" stopId="10290" tag="10290" title="Eagle Rock / Glendale Fwy"/>
  <stop lat="34.13721" lon="-118.2147999" stopId="10292" tag="10292" title="Eagle Rock / Chickasaw"/>
  <stop lat="34.1222599" lon="-118.22459" stopId="10294" tag="10294" title="Eagle Rock / El Paso"/>
  <stop lat="34.11347" lon="-118.2366099" stopId="10295" tag="10295" title="Eagle Rock / Estara"/>
  <stop lat="34.1106599" lon="-118.23733" stopId="10298" tag="10298" title="Eagle Rock / Moss"/>
  <stop lat="34.12624" lon="-118.2191099" stopId="10299" tag="10299" title="Eagle Rock / Avenue 45"/>
  <stop lat="34.1326999" lon="-118.21615" stopId="10300" tag="10300" title="Eagle Rock / Norwalk"/>
  <stop lat="34.1200399" lon="-118.22926" stopId="10301" tag="10301" title="Eagle Rock / Verdugo"/>
  <stop lat="34.1050499" lon="-118.2382799" stopId="10302" tag="10302" title="Eagle Rock / Verdugo"/>
  <stop lat="34.1121099" lon="-118.23696" stopId="10304" tag="10304" title="Eagle Rock / Avenue 33"/>
  <stop lat="34.1172899" lon="-118.23469" stopId="10306" tag="10306" title="Eagle Rock / Avenue 36"/>
  <stop lat="34.1209699" lon="-118.22732" stopId="10307" tag="10307" title="Eagle Rock / Avenue 41"/>
  <stop lat="34.12965" lon="-118.2170499" stopId="10308" tag="10308" title="Eagle Rock / Westdale"/>
  <stop lat="34.1243199" lon="-118.2208" stopId="10309" tag="10309" title="Eagle Rock / York"/>
  <stop lat="34.1349799" lon="-118.21547" stopId="10312" tag="10312" title="Eagle Rock / Yosemite"/>
  <stop lat="34.0838899" lon="-118.2225899" stopId="10433" tag="10433" title="Avenue 26 / Figueroa"/>
  <stop lat="33.9541099" lon="-118.2063" stopId="10452" tag="10452" title="Firestone / California"/>
  <stop lat="33.9727699" lon="-118.2126299" stopId="10529" tag="10529" title="Florence / Mission"/>
  <stop lat="33.9308099" lon="-118.20852" stopId="11143" tag="11143" title="Imperial / California"/>
  <stop lat="33.93616" lon="-118.20809" stopId="11229" tag="11229" title="Martin Luther King Jr / California"/>
  <stop lat="33.9313799" lon="-118.20332" stopId="11243" tag="11243" title="Imperial / Martin Luther King Jr"/>
  <stop lat="33.93383" lon="-118.20518" stopId="11254" tag="11254" title="Martin Luther King Jr / Brenton"/>
  <stop lat="33.9252699" lon="-118.2101499" stopId="11493" tag="11493" title="Long Beach Blvd Station"/>
  <stop lat="33.9244399" lon="-118.20973" tag="11494_ar" title="Long Beach Bl Station Lo"/>
  <stop lat="33.9301899" lon="-118.2116399" stopId="11507" tag="11507" title="Long Beach / Imperial"/>
  <stop lat="34.0554099" lon="-118.2049299" stopId="11653" tag="11653" title="Marengo / Cornwell"/>
  <stop lat="34.0501" lon="-118.2058499" stopId="12405" tag="12405" title="Soto / Sheridan"/>
  <stop lat="34.0531699" lon="-118.2039" stopId="12407" tag="12407" title="Soto / Wabash"/>
  <stop lat="33.98737" lon="-118.22535" stopId="12698" tag="12698" title="Pacific / Belgrave"/>
  <stop lat="33.9825799" lon="-118.2253299" stopId="12702" tag="12702" title="Pacific / Clarendon"/>
  <stop lat="33.9856999" lon="-118.2253399" stopId="12710" tag="12710" title="Pacific / Randolph"/>
  <stop lat="33.97556" lon="-118.22531" stopId="12712" tag="12712" title="Pacific / Florence"/>
  <stop lat="33.9780899" lon="-118.22531" stopId="12715" tag="12715" title="Pacific / Zoe"/>
  <stop lat="34.0145499" lon="-118.2200599" stopId="13947" tag="13947" title="Soto / 26th"/>
  <stop lat="34.0090699" lon="-118.2198699" stopId="13948" tag="13948" title="Soto / 37th"/>
  <stop lat="34.00201" lon="-118.21978" stopId="13949" tag="13949" title="Soto / 46th"/>
  <stop lat="33.9934699" lon="-118.2195699" stopId="13951" tag="13951" title="Soto / 54th"/>
  <stop lat="34.0376399" lon="-118.2138" stopId="13952" tag="13952" title="Soto / 6th"/>
  <stop lat="34.0325199" lon="-118.21698" stopId="13954" tag="13954" title="Soto / 7th"/>
  <stop lat="34.0275199" lon="-118.21965" stopId="13955" tag="13955" title="Soto / 8th"/>
  <stop lat="34.0240299" lon="-118.22002" stopId="13956" tag="13956" title="Soto / Olympic"/>
  <stop lat="34.0170299" lon="-118.2201799" stopId="13959" tag="13959" title="Soto / Washington"/>
  <stop lat="33.9965599" lon="-118.2196499" stopId="13960" tag="13960" title="Soto / Fruitland"/>
  <stop lat="34.00021" lon="-118.21973" stopId="13961" tag="13961" title="Soto / Leonis"/>
  <stop lat="33.9665299" lon="-118.22248" stopId="14551" tag="14551" title="Seville / Broadway"/>
  <stop lat="33.9634599" lon="-118.22297" tag="14555_ar" title="Palm / Seville Terminal"/>
  <stop lat="33.96488" lon="-118.2224899" stopId="14558" tag="14558" title="Seville / Santa Ana"/>
  <stop lat="33.9893299" lon="-118.2229599" stopId="14661" tag="14661" title="Slauson / Seville"/>
  <stop lat="33.9893399" lon="-118.2196499" stopId="14662" tag="14662" title="Slauson / Soto"/>
  <stop lat="33.99122" lon="-118.21952" stopId="14686" tag="14686" title="Soto / 57th"/>
  <stop lat="33.97231" lon="-118.2096799" stopId="14708" tag="14708" title="State / Florence"/>
  <stop lat="33.9584499" lon="-118.21176" stopId="14710" tag="14710" title="State / Independence"/>
  <stop lat="33.9608799" lon="-118.2114" stopId="14711" tag="14711" title="State / Liberty"/>
  <stop lat="33.97023" lon="-118.2099999" stopId="14712" tag="14712" title="State / Live Oak"/>
  <stop lat="33.96695" lon="-118.2104799" stopId="14713" tag="14713" title="State / Olive"/>
  <stop lat="33.96365" lon="-118.2109699" stopId="14714" tag="14714" title="State / Santa Ana"/>
  <stop lat="34.07979" lon="-118.21859" stopId="15862" tag="15862" title="Avenue 26 / Humboldt"/>
  <stop lat="34.0870099" lon="-118.22376" stopId="17718" tag="17718" title="Avenue 28 / Idell"/>
  <stop lat="33.98046" lon="-118.22532" stopId="140842" tag="140842" title="Pacific / Gage"/>
  <stop lat="33.9715199" lon="-118.2224999" stopId="142005" tag="142005" title="Seville / Live Oak"/>
  <stop lat="33.9690199" lon="-118.2224899" stopId="142006" tag="142006" title="Seville / Grand"/>
  <stop lat="34.1024299" lon="-118.2362399" stopId="142086" tag="142086" title="Cypress / Division"/>
  <stop lat="34.14289" lon="-118.2314099" stopId="142099" tag="142099" title="Colorado / Campus"/>
  <stop lat="34.14288" lon="-118.23384" stopId="142100" tag="142100" title="Colorado / Verdugo"/>
  <stop lat="34.143" lon="-118.22498" stopId="142101" tag="142101" title="Broadway / Colorado"/>
  <stop lat="34.0733599" lon="-118.21576" stopId="142317" tag="142317" title="Daly / Broadway"/>
  <stop lat="34.0656999" lon="-118.2155499" stopId="142319" tag="142319" title="Daly / Main"/>
  <stop lat="34.0466399" lon="-118.20806" stopId="142323" tag="142323" title="Soto / Cesar E Chavez"/>
  <stop lat="34.0435599" lon="-118.21002" stopId="142325" tag="142325" title="Soto / 1st"/>
  <stop lat="34.04045" lon="-118.2120099" stopId="142327" tag="142327" title="Soto / 4th"/>
  <stop lat="34.0339999" lon="-118.21607" stopId="142329" tag="142329" title="Soto / Whittier"/>
  <stop lat="34.0696199" lon="-118.2156699" stopId="142337" tag="142337" title="Daly / Mozart"/>
  <stop lat="33.9888899" lon="-118.22536" stopId="142417" tag="142417" title="Pacific / Slauson"/>
  <direction name="North" tag="251_171_0" title="North to Eagle Rock Plaza" useForUI="true">
   <stop tag="6178"/>
   <stop tag="6172"/>
   <stop tag="6173"/>
   <stop tag="6175"/>
   <stop tag="20500011"/>
   <stop tag="4212"/>
   <stop tag="4220"/>
   <stop tag="4223"/>
   <stop tag="4214"/>
   <stop tag="4218"/>
   <stop tag="4208"/>
   <stop tag="4222"/>
   <stop tag="6279"/>
   <stop tag="6280"/>
   <stop tag="5562"/>
   <stop tag="5573"/>
   <stop tag="5575"/>
   <stop tag="5560"/>
   <stop tag="5571"/>
   <stop tag="5559"/>
   <stop tag="5558"/>
   <stop tag="32033"/>
   <stop tag="5568"/>
   <stop tag="5567"/>
   <stop tag="5565"/>
   <stop tag="8338"/>
   <stop tag="5564"/>
   <stop tag="142328"/>
   <stop tag="142326"/>
   <stop tag="142324"/>
   <stop tag="3928"/>
   <stop tag="16497"/>
   <stop tag="3162"/>
   <stop tag="142322"/>
   <stop tag="142321"/>
   <stop tag="142339"/>
   <stop tag="142338"/>
   <stop tag="142071"/>
   <stop tag="142145"/>
   <stop tag="7511"/>
   <stop tag="300"/>
   <stop tag="15866"/>
   <stop tag="964"/>
   <stop tag="961"/>
   <stop tag="965"/>
   <stop tag="962"/>
   <stop tag="957"/>
   <stop tag="958"/>
   <stop tag="960"/>
   <stop tag="963"/>
   <stop tag="142098"/>
   <stop tag="1746"/>
   <stop tag="10303"/>
   <stop tag="1743"/>
   <stop tag="1748"/>
   <stop tag="1749"/>
   <stop tag="1750"/>
   <stop tag="1751"/>
   <stop tag="7073"/>
   <stop tag="1752"/>
   <stop tag="1753"/>
   <stop tag="1740"/>
   <stop tag="1737"/>
   <stop tag="1744"/>
   <stop tag="1754"/>
   <stop tag="1745"/>
   <stop tag="1757"/>
   <stop tag="1742"/>
   <stop tag="765"/>
   <stop tag="770"/>
   <stop tag="758"/>
   <stop tag="786"/>
   <stop tag="768"/>
   <stop tag="9313_ar"/>
  </direction>
  <direction name="North" tag="251_169_0" title="North to Eagle Rock Plaza" useForUI="true">
   <stop tag="11494"/>
   <stop tag="3040"/>
   <stop tag="2643"/>
   <stop tag="2619"/>
   <stop tag="11153"/>
   <stop tag="2748"/>
   <stop tag="561"/>
   <stop tag="566"/>
   <stop tag="563"/>
   <stop tag="567"/>
   <stop tag="562"/>
   <stop tag="565"/>
   <stop tag="1899"/>
   <stop tag="1932"/>
   <stop tag="6334"/>
   <stop tag="6337"/>
   <stop tag="6340"/>
   <stop tag="6339"/>
   <stop tag="6338"/>
   <stop tag="10541"/>
   <stop tag="1980"/>
   <stop tag="1421"/>
   <stop tag="9966"/>
   <stop tag="20500011"/>
   <stop tag="4212"/>
   <stop tag="4220"/>
   <stop tag="4223"/>
   <stop tag="4214"/>
   <stop tag="4218"/>
   <stop tag="4208"/>
   <stop tag="4222"/>
   <stop tag="6279"/>
   <stop tag="6280"/>
   <stop tag="5562"/>
   <stop tag="5573"/>
   <stop tag="5575"/>
   <stop tag="5560"/>
   <stop tag="5571"/>
   <stop tag="5559"/>
   <stop tag="5558"/>
   <stop tag="32033"/>
   <stop tag="5568"/>
   <stop tag="5567"/>
   <stop tag="5565"/>
   <stop tag="8338"/>
   <stop tag="5564"/>
   <stop tag="142328"/>
   <stop tag="142326"/>
   <stop tag="142324"/>
   <stop tag="3928"/>
   <stop tag="16497"/>
   <stop tag="3162"/>
   <stop tag="142322"/>
   <stop tag="142321"/>
   <stop tag="142339"/>
   <stop tag="142338"/>
   <stop tag="142071"/>
   <stop tag="142145"/>
   <stop tag="7511"/>
   <stop tag="300"/>
   <stop tag="15866"/>
   <stop tag="964"/>
   <stop tag="961"/>
   <stop tag="965"/>
   <stop tag="962"/>
   <stop tag="957"/>
   <stop tag="958"/>
   <stop tag="960"/>
   <stop tag="963"/>
   <stop tag="142098"/>
   <stop tag="1746"/>
   <stop tag="10303"/>
   <stop tag="1743"/>
   <stop tag="1748"/>
   <stop tag="1749"/>
   <stop tag="1750"/>
   <stop tag="1751"/>
   <stop tag="7073"/>
   <stop tag="1752"/>
   <stop tag="1753"/>
   <stop tag="1740"/>
   <stop tag="1737"/>
   <stop tag="1744"/>
   <stop tag="1754"/>
   <stop tag="1745"/>
   <stop tag="1757"/>
   <stop tag="1742"/>
   <stop tag="765"/>
   <stop tag="770"/>
   <stop tag="758"/>
   <stop tag="786"/>
   <stop tag="768"/>
   <stop tag="9313_ar"/>
  </direction>
  <direction name="South" tag="251_176_1" title="South to Huntington Park - Palm-Seville" useForUI="true">
   <stop tag="9313"/>
   <stop tag="142099"/>
   <stop tag="142100"/>
   <stop tag="3950"/>
   <stop tag="1287"/>
   <stop tag="1286"/>
   <stop tag="142101"/>
   <stop tag="9333"/>
   <stop tag="9315"/>
   <stop tag="1739"/>
   <stop tag="10292"/>
   <stop tag="10312"/>
   <stop tag="10300"/>
   <stop tag="10308"/>
   <stop tag="10299"/>
   <stop tag="10309"/>
   <stop tag="10294"/>
   <stop tag="10307"/>
   <stop tag="10301"/>
   <stop tag="10290"/>
   <stop tag="10306"/>
   <stop tag="9506"/>
   <stop tag="10295"/>
   <stop tag="10304"/>
   <stop tag="10298"/>
   <stop tag="1747"/>
   <stop tag="10302"/>
   <stop tag="142086"/>
   <stop tag="9509"/>
   <stop tag="9507"/>
   <stop tag="9505"/>
   <stop tag="9504"/>
   <stop tag="9508"/>
   <stop tag="9510"/>
   <stop tag="17718"/>
   <stop tag="10433"/>
   <stop tag="8886"/>
   <stop tag="15862"/>
   <stop tag="9514"/>
   <stop tag="142317"/>
   <stop tag="142337"/>
   <stop tag="142319"/>
   <stop tag="3167"/>
   <stop tag="2156"/>
   <stop tag="11653"/>
   <stop tag="12407"/>
   <stop tag="12405"/>
   <stop tag="142323"/>
   <stop tag="142325"/>
   <stop tag="142327"/>
   <stop tag="13952"/>
   <stop tag="142329"/>
   <stop tag="13954"/>
   <stop tag="13955"/>
   <stop tag="13956"/>
   <stop tag="13959"/>
   <stop tag="13947"/>
   <stop tag="13948"/>
   <stop tag="1696"/>
   <stop tag="13949"/>
   <stop tag="13961"/>
   <stop tag="13960"/>
   <stop tag="13951"/>
   <stop tag="14686"/>
   <stop tag="14662"/>
   <stop tag="14661"/>
   <stop tag="142417"/>
   <stop tag="12698"/>
   <stop tag="12710"/>
   <stop tag="12702"/>
   <stop tag="140842"/>
   <stop tag="12715"/>
   <stop tag="12712"/>
   <stop tag="9957"/>
   <stop tag="142005"/>
   <stop tag="142006"/>
   <stop tag="14551"/>
   <stop tag="14558"/>
   <stop tag="14555_ar"/>
  </direction>
  <direction name="South" tag="251_177_1" title="South to Long Beach Bl - Green Line Station" useForUI="true">
   <stop tag="9313"/>
   <stop tag="142099"/>
   <stop tag="142100"/>
   <stop tag="3950"/>
   <stop tag="1287"/>
   <stop tag="1286"/>
   <stop tag="142101"/>
   <stop tag="9333"/>
   <stop tag="9315"/>
   <stop tag="1739"/>
   <stop tag="10292"/>
   <stop tag="10312"/>
   <stop tag="10300"/>
   <stop tag="10308"/>
   <stop tag="10299"/>
   <stop tag="10309"/>
   <stop tag="10294"/>
   <stop tag="10307"/>
   <stop tag="10301"/>
   <stop tag="10290"/>
   <stop tag="10306"/>
   <stop tag="9506"/>
   <stop tag="10295"/>
   <stop tag="10304"/>
   <stop tag="10298"/>
   <stop tag="1747"/>
   <stop tag="10302"/>
   <stop tag="142086"/>
   <stop tag="9509"/>
   <stop tag="9507"/>
   <stop tag="9505"/>
   <stop tag="9504"/>
   <stop tag="9508"/>
   <stop tag="9510"/>
   <stop tag="17718"/>
   <stop tag="10433"/>
   <stop tag="8886"/>
   <stop tag="15862"/>
   <stop tag="9514"/>
   <stop tag="142317"/>
   <stop tag="142337"/>
   <stop tag="142319"/>
   <stop tag="3167"/>
   <stop tag="2156"/>
   <stop tag="11653"/>
   <stop tag="12407"/>
   <stop tag="12405"/>
   <stop tag="142323"/>
   <stop tag="142325"/>
   <stop tag="142327"/>
   <stop tag="13952"/>
   <stop tag="142329"/>
   <stop tag="13954"/>
   <stop tag="13955"/>
   <stop tag="13956"/>
   <stop tag="13959"/>
   <stop tag="13947"/>
   <stop tag="13948"/>
   <stop tag="1696"/>
   <stop tag="13949"/>
   <stop tag="13961"/>
   <stop tag="13960"/>
   <stop tag="13951"/>
   <stop tag="14686"/>
   <stop tag="14662"/>
   <stop tag="14661"/>
   <stop tag="142417"/>
   <stop tag="12698"/>
   <stop tag="12710"/>
   <stop tag="12702"/>
   <stop tag="140842"/>
   <stop tag="12715"/>
   <stop tag="12712"/>
   <stop tag="9957"/>
   <stop tag="9952"/>
   <stop tag="10529"/>
   <stop tag="14708"/>
   <stop tag="14712"/>
   <stop tag="14713"/>
   <stop tag="14714"/>
   <stop tag="14711"/>
   <stop tag="14710"/>
   <stop tag="898"/>
   <stop tag="10452"/>
   <stop tag="9151"/>
   <stop tag="9148"/>
   <stop tag="9153"/>
   <stop tag="9149"/>
   <stop tag="9152"/>
   <stop tag="11229"/>
   <stop tag="11254"/>
   <stop tag="11243"/>
   <stop tag="11143"/>
   <stop tag="11507"/>
   <stop tag="11493"/>
   <stop tag="11494_ar"/>
  </direction>
  <path>
   <point lat="34.08701" lon="-118.22376"/>
   <point lat="34.08601" lon="-118.22482"/>
   <point lat="34.08453" lon="-118.22312"/>
   <point lat="34.0838899" lon="-118.22259"/>
   <point lat="34.08164" lon="-118.22029"/>
   <point lat="34.07979" lon="-118.21859"/>
   <point lat="34.07702" lon="-118.21593"/>
   <point lat="34.07689" lon="-118.21583"/>
   <point lat="34.0766599" lon="-118.21564"/>
   <point lat="34.0766" lon="-118.21566"/>
   <point lat="34.0764799" lon="-118.21568"/>
   <point lat="34.07613" lon="-118.21587"/>
   <point lat="34.07364" lon="-118.21561"/>
   <point lat="34.07336" lon="-118.21576"/>
  </path>
  <path>
   <point lat="33.95411" lon="-118.2063"/>
   <point lat="33.95125" lon="-118.20667"/>
   <point lat="33.94868" lon="-118.20703"/>
   <point lat="33.94458" lon="-118.20766"/>
   <point lat="33.9416" lon="-118.20799"/>
   <point lat="33.93895" lon="-118.20829"/>
   <point lat="33.93645" lon="-118.20841"/>
   <point lat="33.93616" lon="-118.20809"/>
   <point lat="33.9362" lon="-118.20745"/>
   <point lat="33.93618" lon="-118.2073"/>
   <point lat="33.93612" lon="-118.20715"/>
   <point lat="33.9360799" lon="-118.20707"/>
   <point lat="33.936" lon="-118.20693"/>
   <point lat="33.93595" lon="-118.20685"/>
   <point lat="33.93587" lon="-118.20676"/>
   <point lat="33.93582" lon="-118.2067"/>
   <point lat="33.93555" lon="-118.20645"/>
   <point lat="33.9355199" lon="-118.20642"/>
   <point lat="33.93383" lon="-118.20518"/>
   <point lat="33.9325" lon="-118.20388"/>
   <point lat="33.9313999" lon="-118.20296"/>
   <point lat="33.93138" lon="-118.20332"/>
   <point lat="33.93084" lon="-118.20425"/>
   <point lat="33.9305499" lon="-118.2049"/>
   <point lat="33.93051" lon="-118.20503"/>
   <point lat="33.93049" lon="-118.20509"/>
   <point lat="33.93047" lon="-118.20517"/>
   <point lat="33.9304599" lon="-118.20525"/>
   <point lat="33.93044" lon="-118.20538"/>
   <point lat="33.93044" lon="-118.20563"/>
   <point lat="33.9304599" lon="-118.20583"/>
   <point lat="33.93081" lon="-118.20852"/>
   <point lat="33.93079" lon="-118.20985"/>
   <point lat="33.93079" lon="-118.2101"/>
   <point lat="33.93078" lon="-118.21022"/>
   <point lat="33.93049" lon="-118.21157"/>
   <point lat="33.93019" lon="-118.21164"/>
   <point lat="33.92527" lon="-118.21015"/>
   <point lat="33.92368" lon="-118.2098"/>
   <point lat="33.92363" lon="-118.20963"/>
   <point lat="33.9236099" lon="-118.20957"/>
   <point lat="33.92362" lon="-118.20949"/>
   <point lat="33.92366" lon="-118.20943"/>
   <point lat="33.92373" lon="-118.20938"/>
   <point lat="33.92368" lon="-118.20932"/>
   <point lat="33.92365" lon="-118.20928"/>
   <point lat="33.92362" lon="-118.20921"/>
   <point lat="33.9236099" lon="-118.20916"/>
   <point lat="33.92363" lon="-118.2091"/>
   <point lat="33.92367" lon="-118.20905"/>
   <point lat="33.92372" lon="-118.20903"/>
   <point lat="33.92375" lon="-118.20902"/>
   <point lat="33.9238" lon="-118.20903"/>
   <point lat="33.92383" lon="-118.20907"/>
   <point lat="33.92386" lon="-118.20914"/>
   <point lat="33.92385" lon="-118.2092"/>
   <point lat="33.92382" lon="-118.20926"/>
   <point lat="33.9237899" lon="-118.20931"/>
   <point lat="33.92374" lon="-118.20934"/>
   <point lat="33.92373" lon="-118.20938"/>
   <point lat="33.92366" lon="-118.20943"/>
   <point lat="33.92362" lon="-118.20949"/>
   <point lat="33.9236099" lon="-118.20957"/>
   <point lat="33.92363" lon="-118.20963"/>
   <point lat="33.92368" lon="-118.2098"/>
   <point lat="33.92444" lon="-118.20973"/>
  </path>
  <path>
   <point lat="34.13932" lon="-118.21448"/>
   <point lat="34.13961" lon="-118.21611"/>
   <point lat="34.1400999" lon="-118.21879"/>
   <point lat="34.14016" lon="-118.21954"/>
   <point lat="34.14028" lon="-118.21976"/>
   <point lat="34.1404" lon="-118.21993"/>
   <point lat="34.14218" lon="-118.22272"/>
   <point lat="34.14277" lon="-118.22446"/>
   <point lat="34.1429199" lon="-118.22519"/>
   <point lat="34.1429" lon="-118.22789"/>
  </path>
  <path>
   <point lat="34.13498" lon="-118.21547"/>
   <point lat="34.13345" lon="-118.21577"/>
   <point lat="34.1327" lon="-118.21615"/>
   <point lat="34.12965" lon="-118.21705"/>
   <point lat="34.12883" lon="-118.21715"/>
   <point lat="34.12855" lon="-118.21726"/>
   <point lat="34.12818" lon="-118.21745"/>
   <point lat="34.12778" lon="-118.21769"/>
   <point lat="34.12749" lon="-118.2179"/>
   <point lat="34.12672" lon="-118.21852"/>
   <point lat="34.12624" lon="-118.21911"/>
   <point lat="34.12498" lon="-118.21995"/>
   <point lat="34.12432" lon="-118.2208"/>
   <point lat="34.12365" lon="-118.22148"/>
   <point lat="34.12359" lon="-118.22158"/>
   <point lat="34.12226" lon="-118.22459"/>
   <point lat="34.12097" lon="-118.22732"/>
   <point lat="34.12004" lon="-118.22926"/>
   <point lat="34.1182299" lon="-118.23295"/>
   <point lat="34.1176699" lon="-118.23381"/>
   <point lat="34.1172899" lon="-118.23469"/>
  </path>
  <path>
   <point lat="33.989" lon="-118.22505"/>
   <point lat="33.98921" lon="-118.22364"/>
   <point lat="33.98907" lon="-118.2228"/>
   <point lat="33.98921" lon="-118.21932"/>
   <point lat="33.98946" lon="-118.21917"/>
   <point lat="33.9935" lon="-118.21926"/>
   <point lat="33.99629" lon="-118.21934"/>
   <point lat="33.99986" lon="-118.21942"/>
   <point lat="34.00174" lon="-118.21947"/>
   <point lat="34.0053399" lon="-118.21949"/>
   <point lat="34.0087199" lon="-118.21956"/>
   <point lat="34.0146" lon="-118.21976"/>
   <point lat="34.01756" lon="-118.21989"/>
   <point lat="34.01997" lon="-118.2202"/>
   <point lat="34.02019" lon="-118.22021"/>
   <point lat="34.0203599" lon="-118.22021"/>
   <point lat="34.02055" lon="-118.2202"/>
   <point lat="34.02067" lon="-118.2202"/>
   <point lat="34.02197" lon="-118.22008"/>
   <point lat="34.02329" lon="-118.21991"/>
   <point lat="34.02455" lon="-118.21966"/>
  </path>
  <path>
   <point lat="34.03728" lon="-118.21368"/>
   <point lat="34.04074" lon="-118.21148"/>
   <point lat="34.04385" lon="-118.20949"/>
  </path>
  <path>
   <point lat="34.04385" lon="-118.20949"/>
   <point lat="34.04694" lon="-118.20752"/>
   <point lat="34.04974" lon="-118.20574"/>
   <point lat="34.0525499" lon="-118.20411"/>
   <point lat="34.05312" lon="-118.20359"/>
   <point lat="34.05372" lon="-118.2034"/>
   <point lat="34.05395" lon="-118.20324"/>
   <point lat="34.05426" lon="-118.20306"/>
   <point lat="34.05462" lon="-118.20284"/>
   <point lat="34.05497" lon="-118.2036"/>
   <point lat="34.05504" lon="-118.20377"/>
   <point lat="34.05579" lon="-118.20516"/>
   <point lat="34.05805" lon="-118.21034"/>
   <point lat="34.0585499" lon="-118.2118"/>
   <point lat="34.05904" lon="-118.2129"/>
   <point lat="34.05913" lon="-118.213"/>
   <point lat="34.05931" lon="-118.21316"/>
   <point lat="34.06062" lon="-118.2144"/>
   <point lat="34.06092" lon="-118.21446"/>
   <point lat="34.06116" lon="-118.21479"/>
   <point lat="34.06144" lon="-118.21492"/>
   <point lat="34.06168" lon="-118.21502"/>
   <point lat="34.06182" lon="-118.21507"/>
   <point lat="34.062" lon="-118.21512"/>
   <point lat="34.06242" lon="-118.21522"/>
   <point lat="34.06282" lon="-118.21527"/>
   <point lat="34.06374" lon="-118.21527"/>
   <point lat="34.06413" lon="-118.21529"/>
   <point lat="34.0642" lon="-118.21528"/>
   <point lat="34.0662" lon="-118.21529"/>
   <point lat="34.06754" lon="-118.21549"/>
   <point lat="34.06969" lon="-118.21537"/>
   <point lat="34.07389" lon="-118.21547"/>
  </path>
  <path>
   <point lat="34.04356" lon="-118.21002"/>
   <point lat="34.04045" lon="-118.21201"/>
   <point lat="34.03764" lon="-118.2138"/>
   <point lat="34.034" lon="-118.21607"/>
   <point lat="34.03252" lon="-118.21698"/>
   <point lat="34.0300299" lon="-118.21839"/>
   <point lat="34.02752" lon="-118.21965"/>
   <point lat="34.02403" lon="-118.22002"/>
  </path>
  <path>
   <point lat="33.97552" lon="-118.22501"/>
   <point lat="33.9769099" lon="-118.22515"/>
   <point lat="33.97809" lon="-118.22501"/>
   <point lat="33.98046" lon="-118.22501"/>
   <point lat="33.9826" lon="-118.22502"/>
   <point lat="33.9852" lon="-118.22504"/>
   <point lat="33.98701" lon="-118.22504"/>
   <point lat="33.989" lon="-118.22505"/>
  </path>
  <path>
   <point lat="34.07336" lon="-118.21576"/>
   <point lat="34.06962" lon="-118.21567"/>
   <point lat="34.06598" lon="-118.21543"/>
   <point lat="34.0657" lon="-118.21555"/>
   <point lat="34.06301" lon="-118.21527"/>
   <point lat="34.06282" lon="-118.21527"/>
   <point lat="34.06242" lon="-118.21522"/>
   <point lat="34.062" lon="-118.21512"/>
   <point lat="34.06182" lon="-118.21507"/>
   <point lat="34.06168" lon="-118.21502"/>
   <point lat="34.06144" lon="-118.21492"/>
   <point lat="34.06116" lon="-118.21479"/>
   <point lat="34.06033" lon="-118.21431"/>
   <point lat="34.05931" lon="-118.21316"/>
   <point lat="34.05913" lon="-118.213"/>
   <point lat="34.05906" lon="-118.21292"/>
   <point lat="34.05819" lon="-118.21099"/>
   <point lat="34.057" lon="-118.20858"/>
   <point lat="34.05541" lon="-118.20493"/>
   <point lat="34.05504" lon="-118.20377"/>
   <point lat="34.05497" lon="-118.2036"/>
   <point lat="34.05462" lon="-118.20284"/>
   <point lat="34.05426" lon="-118.20306"/>
   <point lat="34.05395" lon="-118.20324"/>
   <point lat="34.05372" lon="-118.2034"/>
   <point lat="34.05333" lon="-118.20362"/>
   <point lat="34.05317" lon="-118.2039"/>
   <point lat="34.0525499" lon="-118.20411"/>
   <point lat="34.0501" lon="-118.20585"/>
   <point lat="34.0466399" lon="-118.20806"/>
   <point lat="34.04356" lon="-118.21002"/>
  </path>
  <path>
   <point lat="34.07389" lon="-118.21547"/>
   <point lat="34.0766599" lon="-118.21564"/>
   <point lat="34.07717" lon="-118.21588"/>
   <point lat="34.07963" lon="-118.21815"/>
   <point lat="34.0818" lon="-118.22013"/>
   <point lat="34.08323" lon="-118.2216"/>
   <point lat="34.08392" lon="-118.22208"/>
   <point lat="34.08478" lon="-118.22118"/>
   <point lat="34.0864199" lon="-118.21904"/>
   <point lat="34.08667" lon="-118.21922"/>
   <point lat="34.0882099" lon="-118.22171"/>
   <point lat="34.08841" lon="-118.22213"/>
   <point lat="34.08852" lon="-118.22225"/>
   <point lat="34.0887699" lon="-118.22245"/>
   <point lat="34.0888599" lon="-118.22251"/>
   <point lat="34.08893" lon="-118.22256"/>
   <point lat="34.08902" lon="-118.22259"/>
   <point lat="34.08911" lon="-118.22264"/>
   <point lat="34.08931" lon="-118.22271"/>
   <point lat="34.08944" lon="-118.22274"/>
   <point lat="34.08966" lon="-118.22277"/>
   <point lat="34.09013" lon="-118.22289"/>
   <point lat="34.09044" lon="-118.22302"/>
   <point lat="34.09068" lon="-118.22315"/>
   <point lat="34.0908299" lon="-118.22326"/>
   <point lat="34.09095" lon="-118.22336"/>
   <point lat="34.09086" lon="-118.22337"/>
   <point lat="34.09017" lon="-118.22352"/>
   <point lat="34.08785" lon="-118.22391"/>
  </path>
  <path>
   <point lat="34.1172899" lon="-118.23469"/>
   <point lat="34.11618" lon="-118.23548"/>
   <point lat="34.1148499" lon="-118.23619"/>
   <point lat="34.11347" lon="-118.23661"/>
   <point lat="34.11211" lon="-118.23696"/>
   <point lat="34.11066" lon="-118.23733"/>
   <point lat="34.10922" lon="-118.23755"/>
   <point lat="34.1079999" lon="-118.23803"/>
   <point lat="34.10729" lon="-118.23807"/>
   <point lat="34.1064999" lon="-118.23826"/>
   <point lat="34.10634" lon="-118.23828"/>
   <point lat="34.10596" lon="-118.2383"/>
   <point lat="34.1058499" lon="-118.2383"/>
   <point lat="34.10567" lon="-118.23829"/>
   <point lat="34.10558" lon="-118.23828"/>
   <point lat="34.1053" lon="-118.23821"/>
   <point lat="34.10505" lon="-118.23828"/>
   <point lat="34.10432" lon="-118.23769"/>
   <point lat="34.10243" lon="-118.23624"/>
   <point lat="34.10062" lon="-118.23469"/>
   <point lat="34.09895" lon="-118.23311"/>
   <point lat="34.09801" lon="-118.2324"/>
   <point lat="34.09619" lon="-118.22957"/>
   <point lat="34.09499" lon="-118.22772"/>
   <point lat="34.09431" lon="-118.22648"/>
   <point lat="34.0939" lon="-118.22587"/>
   <point lat="34.0932" lon="-118.22543"/>
   <point lat="34.09265" lon="-118.22482"/>
   <point lat="34.09101" lon="-118.22355"/>
   <point lat="34.09017" lon="-118.22352"/>
   <point lat="34.08701" lon="-118.22376"/>
  </path>
  <path>
   <point lat="34.1429" lon="-118.22789"/>
   <point lat="34.14289" lon="-118.23141"/>
   <point lat="34.14288" lon="-118.23384"/>
   <point lat="34.14359" lon="-118.23429"/>
   <point lat="34.14598" lon="-118.23479"/>
   <point lat="34.14617" lon="-118.2334"/>
   <point lat="34.14602" lon="-118.23243"/>
   <point lat="34.14602" lon="-118.22961"/>
   <point lat="34.14613" lon="-118.22891"/>
   <point lat="34.14524" lon="-118.22773"/>
   <point lat="34.14515" lon="-118.2276"/>
   <point lat="34.14511" lon="-118.22756"/>
   <point lat="34.14495" lon="-118.22735"/>
   <point lat="34.1448899" lon="-118.22726"/>
   <point lat="34.14481" lon="-118.22716"/>
   <point lat="34.14467" lon="-118.22697"/>
   <point lat="34.14464" lon="-118.22694"/>
   <point lat="34.14452" lon="-118.22678"/>
   <point lat="34.1444" lon="-118.22663"/>
   <point lat="34.143" lon="-118.22498"/>
   <point lat="34.14275" lon="-118.22443"/>
   <point lat="34.1421" lon="-118.22323"/>
   <point lat="34.14147" lon="-118.22136"/>
   <point lat="34.14134" lon="-118.22107"/>
   <point lat="34.14125" lon="-118.2209"/>
   <point lat="34.14117" lon="-118.22077"/>
   <point lat="34.14109" lon="-118.22067"/>
   <point lat="34.13984" lon="-118.21878"/>
   <point lat="34.13951" lon="-118.21631"/>
   <point lat="34.13913" lon="-118.2142"/>
   <point lat="34.13912" lon="-118.21407"/>
   <point lat="34.13871" lon="-118.2144"/>
   <point lat="34.13773" lon="-118.21449"/>
   <point lat="34.13721" lon="-118.2148"/>
   <point lat="34.13498" lon="-118.21547"/>
  </path>
  <path>
   <point lat="33.98889" lon="-118.22536"/>
   <point lat="33.98737" lon="-118.22535"/>
   <point lat="33.9857" lon="-118.22534"/>
   <point lat="33.98258" lon="-118.22533"/>
   <point lat="33.98046" lon="-118.22532"/>
   <point lat="33.97809" lon="-118.22531"/>
   <point lat="33.9769099" lon="-118.22515"/>
   <point lat="33.97556" lon="-118.22531"/>
   <point lat="33.97454" lon="-118.22516"/>
   <point lat="33.97421" lon="-118.22521"/>
   <point lat="33.97399" lon="-118.22448"/>
  </path>
  <path>
   <point lat="33.92444" lon="-118.20973"/>
   <point lat="33.925" lon="-118.20979"/>
   <point lat="33.92808" lon="-118.21081"/>
   <point lat="33.93049" lon="-118.21157"/>
   <point lat="33.93043" lon="-118.21122"/>
   <point lat="33.93075" lon="-118.21036"/>
   <point lat="33.93078" lon="-118.21022"/>
   <point lat="33.93079" lon="-118.2101"/>
   <point lat="33.93079" lon="-118.20985"/>
   <point lat="33.9307" lon="-118.2087"/>
   <point lat="33.93054" lon="-118.20839"/>
   <point lat="33.9304599" lon="-118.20583"/>
   <point lat="33.93044" lon="-118.20563"/>
   <point lat="33.93044" lon="-118.20538"/>
   <point lat="33.9304599" lon="-118.20525"/>
   <point lat="33.93047" lon="-118.20517"/>
   <point lat="33.93049" lon="-118.20509"/>
   <point lat="33.93051" lon="-118.20503"/>
   <point lat="33.9305499" lon="-118.2049"/>
   <point lat="33.9313999" lon="-118.20296"/>
   <point lat="33.9317" lon="-118.20302"/>
   <point lat="33.93302" lon="-118.20413"/>
   <point lat="33.9355199" lon="-118.20642"/>
   <point lat="33.93555" lon="-118.20645"/>
   <point lat="33.93582" lon="-118.2067"/>
   <point lat="33.93587" lon="-118.20676"/>
   <point lat="33.93595" lon="-118.20685"/>
   <point lat="33.936" lon="-118.20693"/>
   <point lat="33.9360799" lon="-118.20707"/>
   <point lat="33.93612" lon="-118.20715"/>
   <point lat="33.93618" lon="-118.2073"/>
   <point lat="33.9362" lon="-118.20745"/>
   <point lat="33.93632" lon="-118.2084"/>
   <point lat="33.93659" lon="-118.20824"/>
   <point lat="33.93897" lon="-118.20798"/>
   <point lat="33.94162" lon="-118.20769"/>
   <point lat="33.94459" lon="-118.20735"/>
   <point lat="33.94868" lon="-118.20672"/>
   <point lat="33.95094" lon="-118.20641"/>
   <point lat="33.95421" lon="-118.20606"/>
   <point lat="33.95437" lon="-118.20637"/>
  </path>
  <path>
   <point lat="34.07389" lon="-118.21547"/>
   <point lat="34.0766599" lon="-118.21564"/>
   <point lat="34.07717" lon="-118.21588"/>
   <point lat="34.07963" lon="-118.21815"/>
   <point lat="34.0818" lon="-118.22013"/>
   <point lat="34.08323" lon="-118.2216"/>
   <point lat="34.08392" lon="-118.22208"/>
   <point lat="34.08478" lon="-118.22118"/>
   <point lat="34.0864199" lon="-118.21904"/>
   <point lat="34.08667" lon="-118.21922"/>
   <point lat="34.0882099" lon="-118.22171"/>
  </path>
  <path>
   <point lat="33.95437" lon="-118.20637"/>
   <point lat="33.9549499" lon="-118.2119"/>
   <point lat="33.9577699" lon="-118.21162"/>
   <point lat="33.96057" lon="-118.2112"/>
   <point lat="33.96367" lon="-118.21073"/>
   <point lat="33.96697" lon="-118.21024"/>
   <point lat="33.97025" lon="-118.20975"/>
   <point lat="33.9727" lon="-118.20977"/>
   <point lat="33.97298" lon="-118.21217"/>
   <point lat="33.9735299" lon="-118.2173"/>
   <point lat="33.97394" lon="-118.22132"/>
   <point lat="33.97419" lon="-118.22347"/>
   <point lat="33.97406" lon="-118.22381"/>
   <point lat="33.97421" lon="-118.22521"/>
   <point lat="33.97454" lon="-118.22516"/>
   <point lat="33.97552" lon="-118.22501"/>
  </path>
  <path>
   <point lat="34.02403" lon="-118.22002"/>
   <point lat="34.02067" lon="-118.2202"/>
   <point lat="34.01703" lon="-118.22018"/>
   <point lat="34.01455" lon="-118.22006"/>
   <point lat="34.00907" lon="-118.21987"/>
   <point lat="34.00567" lon="-118.2198"/>
   <point lat="34.00201" lon="-118.21978"/>
   <point lat="34.00021" lon="-118.21973"/>
   <point lat="33.99656" lon="-118.21965"/>
   <point lat="33.99347" lon="-118.21957"/>
   <point lat="33.99122" lon="-118.21952"/>
   <point lat="33.98921" lon="-118.21932"/>
   <point lat="33.98934" lon="-118.21965"/>
   <point lat="33.98921" lon="-118.22078"/>
   <point lat="33.98933" lon="-118.22296"/>
   <point lat="33.98922" lon="-118.2252"/>
   <point lat="33.98889" lon="-118.22536"/>
  </path>
  <path>
   <point lat="34.0882099" lon="-118.22171"/>
   <point lat="34.08852" lon="-118.22225"/>
   <point lat="34.0887699" lon="-118.22245"/>
   <point lat="34.0888599" lon="-118.22251"/>
   <point lat="34.08893" lon="-118.22256"/>
   <point lat="34.08902" lon="-118.22259"/>
   <point lat="34.08911" lon="-118.22264"/>
   <point lat="34.08931" lon="-118.22271"/>
   <point lat="34.08944" lon="-118.22274"/>
   <point lat="34.08966" lon="-118.22277"/>
   <point lat="34.09089" lon="-118.22317"/>
   <point lat="34.09335" lon="-118.22526"/>
   <point lat="34.0939" lon="-118.22587"/>
   <point lat="34.09525" lon="-118.22773"/>
   <point lat="34.09643" lon="-118.22955"/>
   <point lat="34.09818" lon="-118.23228"/>
   <point lat="34.09895" lon="-118.23311"/>
   <point lat="34.10077" lon="-118.23453"/>
   <point lat="34.10289" lon="-118.23633"/>
   <point lat="34.10494" lon="-118.23797"/>
   <point lat="34.1053" lon="-118.23821"/>
   <point lat="34.10558" lon="-118.23828"/>
   <point lat="34.10567" lon="-118.23829"/>
   <point lat="34.1058499" lon="-118.2383"/>
   <point lat="34.10596" lon="-118.2383"/>
   <point lat="34.10634" lon="-118.23828"/>
   <point lat="34.1064999" lon="-118.23826"/>
   <point lat="34.10729" lon="-118.23807"/>
   <point lat="34.10801" lon="-118.23772"/>
   <point lat="34.10922" lon="-118.23755"/>
   <point lat="34.11055" lon="-118.23705"/>
   <point lat="34.11201" lon="-118.23667"/>
   <point lat="34.1138" lon="-118.2362"/>
   <point lat="34.11507" lon="-118.23579"/>
   <point lat="34.11566" lon="-118.23577"/>
   <point lat="34.11578" lon="-118.23572"/>
   <point lat="34.11596" lon="-118.23563"/>
   <point lat="34.11618" lon="-118.23548"/>
   <point lat="34.11643" lon="-118.2353"/>
   <point lat="34.11657" lon="-118.23518"/>
   <point lat="34.11671" lon="-118.23507"/>
   <point lat="34.11691" lon="-118.2349"/>
   <point lat="34.1170199" lon="-118.23479"/>
   <point lat="34.11718" lon="-118.23432"/>
  </path>
  <path>
   <point lat="34.02403" lon="-118.22002"/>
   <point lat="34.02329" lon="-118.21991"/>
   <point lat="34.02197" lon="-118.22008"/>
   <point lat="34.02067" lon="-118.2202"/>
   <point lat="34.02055" lon="-118.2202"/>
   <point lat="34.0203599" lon="-118.22021"/>
   <point lat="34.02019" lon="-118.22021"/>
   <point lat="34.01997" lon="-118.2202"/>
   <point lat="34.01703" lon="-118.22018"/>
   <point lat="34.01455" lon="-118.22006"/>
   <point lat="34.00907" lon="-118.21987"/>
   <point lat="34.00567" lon="-118.2198"/>
   <point lat="34.00201" lon="-118.21978"/>
   <point lat="34.00021" lon="-118.21973"/>
   <point lat="33.99656" lon="-118.21965"/>
   <point lat="33.99347" lon="-118.21957"/>
   <point lat="33.99122" lon="-118.21952"/>
   <point lat="33.98921" lon="-118.21932"/>
   <point lat="33.98934" lon="-118.21965"/>
   <point lat="33.98921" lon="-118.22078"/>
   <point lat="33.98933" lon="-118.22296"/>
   <point lat="33.98922" lon="-118.2252"/>
   <point lat="33.98889" lon="-118.22536"/>
  </path>
  <path>
   <point lat="34.11718" lon="-118.23432"/>
   <point lat="34.1176699" lon="-118.23381"/>
   <point lat="34.11832" lon="-118.23215"/>
   <point lat="34.11989" lon="-118.22897"/>
   <point lat="34.12078" lon="-118.22711"/>
   <point lat="34.12223" lon="-118.22404"/>
   <point lat="34.12359" lon="-118.22158"/>
   <point lat="34.12392" lon="-118.22085"/>
   <point lat="34.12535" lon="-118.21963"/>
   <point lat="34.12587" lon="-118.21904"/>
   <point lat="34.12778" lon="-118.21769"/>
   <point lat="34.12933" lon="-118.21683"/>
   <point lat="34.1322199" lon="-118.21597"/>
   <point lat="34.13527" lon="-118.21506"/>
   <point lat="34.13799" lon="-118.21426"/>
   <point lat="34.13912" lon="-118.21407"/>
   <point lat="34.13913" lon="-118.2142"/>
   <point lat="34.13932" lon="-118.21448"/>
  </path>
  <path>
   <point lat="33.96346" lon="-118.22297"/>
   <point lat="33.96384" lon="-118.22298"/>
   <point lat="33.9646" lon="-118.22234"/>
   <point lat="33.96625" lon="-118.22231"/>
   <point lat="33.96872" lon="-118.22231"/>
   <point lat="33.97055" lon="-118.2224"/>
   <point lat="33.97124" lon="-118.22232"/>
   <point lat="33.97304" lon="-118.22242"/>
   <point lat="33.97392" lon="-118.22243"/>
   <point lat="33.97399" lon="-118.22314"/>
   <point lat="33.97419" lon="-118.22347"/>
   <point lat="33.97406" lon="-118.22381"/>
   <point lat="33.97421" lon="-118.22521"/>
   <point lat="33.97454" lon="-118.22516"/>
   <point lat="33.97552" lon="-118.22501"/>
  </path>
  <path>
   <point lat="34.08785" lon="-118.22391"/>
   <point lat="34.08701" lon="-118.22376"/>
   <point lat="34.08601" lon="-118.22482"/>
   <point lat="34.08453" lon="-118.22312"/>
   <point lat="34.0838899" lon="-118.22259"/>
   <point lat="34.08164" lon="-118.22029"/>
   <point lat="34.07979" lon="-118.21859"/>
   <point lat="34.07702" lon="-118.21593"/>
   <point lat="34.07689" lon="-118.21583"/>
   <point lat="34.0766599" lon="-118.21564"/>
   <point lat="34.0766" lon="-118.21566"/>
   <point lat="34.0764799" lon="-118.21568"/>
   <point lat="34.07613" lon="-118.21587"/>
   <point lat="34.07364" lon="-118.21561"/>
   <point lat="34.07336" lon="-118.21576"/>
  </path>
  <path>
   <point lat="33.97399" lon="-118.22448"/>
   <point lat="33.97332" lon="-118.21777"/>
   <point lat="33.97277" lon="-118.21263"/>
   <point lat="33.97257" lon="-118.20951"/>
   <point lat="33.97231" lon="-118.20968"/>
   <point lat="33.9709" lon="-118.20978"/>
   <point lat="33.97023" lon="-118.21"/>
   <point lat="33.96695" lon="-118.21048"/>
   <point lat="33.96365" lon="-118.21097"/>
   <point lat="33.96088" lon="-118.2114"/>
   <point lat="33.95845" lon="-118.21176"/>
   <point lat="33.95464" lon="-118.21197"/>
   <point lat="33.95411" lon="-118.2063"/>
  </path>
  <path>
   <point lat="34.02455" lon="-118.21966"/>
   <point lat="34.02778" lon="-118.21931"/>
   <point lat="34.02886" lon="-118.21901"/>
   <point lat="34.0300299" lon="-118.21839"/>
   <point lat="34.03211" lon="-118.21689"/>
   <point lat="34.03468" lon="-118.2153"/>
   <point lat="34.03728" lon="-118.21368"/>
   <point lat="34.04074" lon="-118.21148"/>
   <point lat="34.04385" lon="-118.20949"/>
  </path>
  <path>
   <point lat="34.03468" lon="-118.2153"/>
   <point lat="34.03728" lon="-118.21368"/>
   <point lat="34.04074" lon="-118.21148"/>
   <point lat="34.04385" lon="-118.20949"/>
   <point lat="34.04694" lon="-118.20752"/>
   <point lat="34.04974" lon="-118.20574"/>
   <point lat="34.0525499" lon="-118.20411"/>
   <point lat="34.05312" lon="-118.20359"/>
   <point lat="34.05372" lon="-118.2034"/>
   <point lat="34.05395" lon="-118.20324"/>
   <point lat="34.05426" lon="-118.20306"/>
   <point lat="34.05462" lon="-118.20284"/>
   <point lat="34.05497" lon="-118.2036"/>
   <point lat="34.05504" lon="-118.20377"/>
   <point lat="34.05579" lon="-118.20516"/>
   <point lat="34.05805" lon="-118.21034"/>
   <point lat="34.0585499" lon="-118.2118"/>
   <point lat="34.05904" lon="-118.2129"/>
   <point lat="34.05913" lon="-118.213"/>
   <point lat="34.05931" lon="-118.21316"/>
   <point lat="34.06062" lon="-118.2144"/>
   <point lat="34.06092" lon="-118.21446"/>
   <point lat="34.06116" lon="-118.21479"/>
   <point lat="34.06144" lon="-118.21492"/>
   <point lat="34.06168" lon="-118.21502"/>
   <point lat="34.06182" lon="-118.21507"/>
   <point lat="34.062" lon="-118.21512"/>
   <point lat="34.06242" lon="-118.21522"/>
   <point lat="34.06282" lon="-118.21527"/>
   <point lat="34.06374" lon="-118.21527"/>
   <point lat="34.06413" lon="-118.21529"/>
   <point lat="34.0642" lon="-118.21528"/>
   <point lat="34.0662" lon="-118.21529"/>
   <point lat="34.06754" lon="-118.21549"/>
   <point lat="34.06969" lon="-118.21537"/>
   <point lat="34.07389" lon="-118.21547"/>
  </path>
  <path>
   <point lat="33.98889" lon="-118.22536"/>
   <point lat="33.98737" lon="-118.22535"/>
   <point lat="33.9857" lon="-118.22534"/>
   <point lat="33.98258" lon="-118.22533"/>
   <point lat="33.98046" lon="-118.22532"/>
   <point lat="33.97809" lon="-118.22531"/>
   <point lat="33.9769099" lon="-118.22515"/>
   <point lat="33.97556" lon="-118.22531"/>
   <point lat="33.97454" lon="-118.22516"/>
   <point lat="33.97421" lon="-118.22521"/>
   <point lat="33.97399" lon="-118.22448"/>
   <point lat="33.97399" lon="-118.22314"/>
   <point lat="33.97392" lon="-118.22243"/>
   <point lat="33.97152" lon="-118.2225"/>
   <point lat="33.97055" lon="-118.2224"/>
   <point lat="33.96902" lon="-118.22249"/>
   <point lat="33.96653" lon="-118.22248"/>
   <point lat="33.96488" lon="-118.22249"/>
   <point lat="33.96378" lon="-118.22254"/>
   <point lat="33.96334" lon="-118.2226"/>
   <point lat="33.96346" lon="-118.22297"/>
  </path>
  <path>
   <point lat="33.989" lon="-118.22505"/>
   <point lat="33.98921" lon="-118.22364"/>
   <point lat="33.98907" lon="-118.2228"/>
   <point lat="33.98921" lon="-118.21932"/>
   <point lat="33.98946" lon="-118.21917"/>
   <point lat="33.9935" lon="-118.21926"/>
   <point lat="33.99629" lon="-118.21934"/>
   <point lat="33.99986" lon="-118.21942"/>
   <point lat="34.00174" lon="-118.21947"/>
   <point lat="34.0053399" lon="-118.21949"/>
   <point lat="34.0087199" lon="-118.21956"/>
   <point lat="34.0146" lon="-118.21976"/>
   <point lat="34.01756" lon="-118.21989"/>
   <point lat="34.01997" lon="-118.2202"/>
   <point lat="34.02019" lon="-118.22021"/>
   <point lat="34.0203599" lon="-118.22021"/>
   <point lat="34.02055" lon="-118.2202"/>
   <point lat="34.02067" lon="-118.2202"/>
   <point lat="34.02197" lon="-118.22008"/>
   <point lat="34.02329" lon="-118.21991"/>
   <point lat="34.02455" lon="-118.21966"/>
   <point lat="34.02778" lon="-118.21931"/>
   <point lat="34.02886" lon="-118.21901"/>
   <point lat="34.0300299" lon="-118.21839"/>
   <point lat="34.03211" lon="-118.21689"/>
   <point lat="34.03468" lon="-118.2153"/>
  </path>
  <path>
   <point lat="33.98889" lon="-118.22536"/>
   <point lat="33.98737" lon="-118.22535"/>
   <point lat="33.9857" lon="-118.22534"/>
   <point lat="33.98258" lon="-118.22533"/>
   <point lat="33.98046" lon="-118.22532"/>
   <point lat="33.97809" lon="-118.22531"/>
   <point lat="33.97556" lon="-118.22531"/>
   <point lat="33.97454" lon="-118.22516"/>
   <point lat="33.97421" lon="-118.22521"/>
   <point lat="33.97399" lon="-118.22448"/>
  </path>
  <path>
   <point lat="33.98889" lon="-118.22536"/>
   <point lat="33.98737" lon="-118.22535"/>
   <point lat="33.9857" lon="-118.22534"/>
   <point lat="33.98258" lon="-118.22533"/>
   <point lat="33.98046" lon="-118.22532"/>
   <point lat="33.97809" lon="-118.22531"/>
   <point lat="33.97556" lon="-118.22531"/>
   <point lat="33.97454" lon="-118.22516"/>
   <point lat="33.97421" lon="-118.22521"/>
   <point lat="33.97399" lon="-118.22448"/>
   <point lat="33.97399" lon="-118.22314"/>
   <point lat="33.97392" lon="-118.22243"/>
   <point lat="33.97152" lon="-118.2225"/>
   <point lat="33.97055" lon="-118.2224"/>
   <point lat="33.96902" lon="-118.22249"/>
   <point lat="33.96653" lon="-118.22248"/>
   <point lat="33.96488" lon="-118.22249"/>
   <point lat="33.96378" lon="-118.22254"/>
   <point lat="33.96334" lon="-118.2226"/>
   <point lat="33.96346" lon="-118.22297"/>
  </path>
 </route>
</body>