<?xml version="1.0" encoding="utf-8"?>
<body copyright="All data copyright Los Angeles Metro 2022.">
 <route color="df4600" latMax="33.8719499" latMin="33.70685" lonMax="-118.26163" lonMin="-118.30163" oppositeColor="ffffff" tag="246" title="246 Harbor Gateway Trans Ctr - San Pedro">
  <stop lat="33.81911" lon="-118.2635399" stopId="00203" tag="203" title="Avalon / 228th"/>
  <stop lat="33.8150099" lon="-118.26371" stopId="00205" tag="205" title="Avalon / Bayport"/>
  <stop lat="33.8434899" lon="-118.2630199" stopId="00206" tag="206" title="Avalon / Carson Mall"/>
  <stop lat="33.8107899" lon="-118.26387" stopId="00212" tag="212" title="Avalon / Idabell"/>
  <stop lat="33.77157" lon="-118.26163" stopId="00216" tag="216" title="Avalon / Harry Bridges"/>
  <stop lat="33.8591799" lon="-118.2659599" stopId="00224" tag="224" title="Avalon / 189th"/>
  <stop lat="33.8356499" lon="-118.26353" stopId="00245" tag="245" title="Avalon / 213th"/>
  <stop lat="33.8277199" lon="-118.26351" stopId="00246" tag="246" title="Avalon / 220th"/>
  <stop lat="33.8244899" lon="-118.26352" stopId="00247" tag="247" title="Avalon / 223rd"/>
  <stop lat="33.8319399" lon="-118.26353" stopId="00270" tag="270" title="Avalon / Carson"/>
  <stop lat="33.8478199" lon="-118.26463" stopId="00275" tag="275" title="Avalon / Del Amo"/>
  <stop lat="33.8085599" lon="-118.2639499" stopId="00288" tag="288" title="Avalon / Sepulveda"/>
  <stop lat="33.85363" lon="-118.26539" stopId="00291" tag="291" title="Avalon / Elsmere"/>
  <stop lat="33.8060599" lon="-118.2638799" stopId="00293" tag="293" title="Avalon / Realty"/>
  <stop lat="33.8125199" lon="-118.2638" stopId="00295" tag="295" title="Avalon / Scottsdale"/>
  <stop lat="33.7952499" lon="-118.2634799" stopId="00297" tag="297" title="Avalon / Q"/>
  <stop lat="33.77094" lon="-118.2658099" stopId="02329" tag="2329" title="Harry Bridges / Island"/>
  <stop lat="33.77056" lon="-118.2727" stopId="02332" tag="2332" title="Harry Bridges / Wilmington"/>
  <stop lat="33.7613299" lon="-118.28423" stopId="02708" tag="2708" title="1830 John S Gibson"/>
  <stop lat="33.75867" lon="-118.2875399" stopId="02710" tag="2710" title="2001 John S Gibson"/>
  <stop lat="33.7565" lon="-118.2894499" stopId="02713" tag="2713" title="J.s. Gibson / Harbor Fwy Ramp"/>
  <stop lat="33.7707399" lon="-118.26939" stopId="03017" tag="3017" title="Harry Bridges / Bayview"/>
  <stop lat="33.7707199" lon="-118.2787" stopId="03141" tag="3141" title="John S Gibson / Harry Bridges"/>
  <stop lat="33.80264" lon="-118.26381" stopId="03374" tag="3374" title="Avalon / 246th"/>
  <stop lat="33.7989899" lon="-118.2637599" stopId="03375" tag="3375" title="Avalon / Lomita"/>
  <stop lat="33.7914499" lon="-118.2631699" stopId="03378" tag="3378" title="Avalon / Pacific Coast"/>
  <stop lat="33.7797999" lon="-118.26227" stopId="03379" tag="3379" title="Avalon / Anaheim"/>
  <stop lat="33.77695" lon="-118.26205" stopId="03385" tag="3385" title="Avalon / F"/>
  <stop lat="33.7869899" lon="-118.2628299" stopId="03386" tag="3386" title="Avalon / L"/>
  <stop lat="33.78912" lon="-118.26299" stopId="03387" tag="3387" title="Avalon / M"/>
  <stop lat="33.78274" lon="-118.2625" stopId="03388" tag="3388" title="Avalon / Opp"/>
  <stop lat="33.7935999" lon="-118.2633399" stopId="03389" tag="3389" title="Avalon / Sandison"/>
  <stop lat="33.8696299" lon="-118.26598" stopId="03478" tag="3478" title="Avalon / Colony Cove"/>
  <stop lat="33.7431399" lon="-118.28773" stopId="03821" tag="3821" title="Pacific / 1st"/>
  <stop lat="33.7536799" lon="-118.29032" stopId="03824" tag="3824" title="Pacific / Channel"/>
  <stop lat="33.7458899" lon="-118.28771" stopId="03825" tag="3825" title="Pacific / O Farrell"/>
  <stop lat="33.7494999" lon="-118.28734" stopId="03826" tag="3826" title="Pacific / Upland"/>
  <stop lat="33.72162" lon="-118.28782" stopId="04203" tag="4203" title="Pacific / Fort Mac Arthur"/>
  <stop lat="33.86319" lon="-118.26598" stopId="04796" tag="4796" title="Avalon / 184th"/>
  <stop lat="33.7227199" lon="-118.2878299" stopId="05391" tag="5391" title="Pacific / Hamilton"/>
  <stop lat="33.7113799" lon="-118.28778" stopId="05393" tag="5393" title="Pacific / Stephen White"/>
  <stop lat="33.7340899" lon="-118.28777" stopId="05395" tag="5395" title="Pacific / 11th"/>
  <stop lat="33.7304699" lon="-118.28779" stopId="05396" tag="5396" title="Pacific / 15th"/>
  <stop lat="33.72865" lon="-118.2877999" stopId="05397" tag="5397" title="Pacific / 17th"/>
  <stop lat="33.7268299" lon="-118.28782" stopId="05401" tag="5401" title="Pacific / 19th"/>
  <stop lat="33.7204399" lon="-118.2878099" stopId="05402" tag="5402" title="Pacific / 26th"/>
  <stop lat="33.71877" lon="-118.28779" stopId="05403" tag="5403" title="Pacific / 28th"/>
  <stop lat="33.71682" lon="-118.28778" stopId="05404" tag="5404" title="Pacific / 30th"/>
  <stop lat="33.715" lon="-118.28778" stopId="05405" tag="5405" title="Pacific / 32nd"/>
  <stop lat="33.7132" lon="-118.28778" stopId="05406" tag="5406" title="Pacific / 34th"/>
  <stop lat="33.7085799" lon="-118.28778" stopId="05407" tag="5407" title="Pacific / 39th"/>
  <stop lat="33.74177" lon="-118.28773" stopId="05408" tag="5408" title="Pacific / 3rd"/>
  <stop lat="33.7395299" lon="-118.28775" stopId="05409" tag="5409" title="Pacific / 5th"/>
  <stop lat="33.7377299" lon="-118.28776" stopId="05410" tag="5410" title="Pacific / 7th"/>
  <stop lat="33.73586" lon="-118.28776" stopId="05413" tag="5413" title="Pacific / 9th"/>
  <stop lat="33.70685" lon="-118.29252" stopId="06179" tag="6179" title="Shepard / Gaffey"/>
  <stop lat="33.7068599" lon="-118.29082" stopId="06180" tag="6180" title="Shepard / Carolina"/>
  <stop lat="33.77403" lon="-118.26181" stopId="07594" tag="7594" title="Avalon / D"/>
  <stop lat="33.8668" lon="-118.2659899" stopId="10258" tag="10258" title="Avalon / Victoria"/>
  <stop lat="33.7509999" lon="-118.28693" stopId="12033" tag="12033" title="Pacific / Front"/>
  <stop lat="33.7250199" lon="-118.28782" stopId="13806" tag="13806" title="Pacific / 21st"/>
  <stop lat="33.87089" lon="-118.2788899" stopId="17081" tag="17081" title="Albertoni / Broadway"/>
  <stop lat="33.8704099" lon="-118.28214" stopId="17082" tag="17082" title="182nd / Figueroa"/>
  <stop lat="33.8693399" lon="-118.28731" tag="30005_ar" title="Harbor Gateway Transit Center"/>
  <stop lat="33.7249299" lon="-118.28813" stopId="141012" tag="141012" title="Pacific / 21st Layover"/>
  <stop lat="33.8719499" lon="-118.26662" stopId="176159" tag="176159" title="Albertoni / Avalon"/>
  <stop lat="33.7073699" lon="-118.29453" stopId="20400018" tag="20400018" title="Paseo Del Mar / Shepard"/>
  <stop lat="33.87133" lon="-118.2757999" stopId="25400201" tag="25400201" title="Albertoni / Main"/>
  <stop lat="33.7709999" lon="-118.26941" stopId="03016" tag="3016" title="Harry Bridges / Bayview"/>
  <stop lat="33.75115" lon="-118.28741" stopId="03820" tag="3820" title="Pacific / Front"/>
  <stop lat="33.7112499" lon="-118.30163" stopId="04332" tag="4332" title="Paseo Del Mar / Meyler"/>
  <stop lat="33.7379999" lon="-118.28806" stopId="05411" tag="5411" title="Pacific / 7th"/>
  <stop lat="33.8626699" lon="-118.2662799" stopId="08795" tag="8795" title="Avalon / 184th"/>
  <stop lat="33.8193899" lon="-118.26383" stopId="08796" tag="8796" title="Avalon / 228th"/>
  <stop lat="33.8716299" lon="-118.26627" stopId="08797" tag="8797" title="Avalon / Albertoni"/>
  <stop lat="33.8047999" lon="-118.2641499" stopId="08798" tag="8798" title="Avalon / Rr Xing"/>
  <stop lat="33.81491" lon="-118.2640199" stopId="08799" tag="8799" title="Avalon / Bayport"/>
  <stop lat="33.8110699" lon="-118.26416" stopId="08802" tag="8802" title="Avalon / Idabell"/>
  <stop lat="33.8433799" lon="-118.2632899" stopId="08805" tag="8805" title="Avalon / Carson Mall"/>
  <stop lat="33.84725" lon="-118.26487" stopId="08806" tag="8806" title="Avalon / Del Amo"/>
  <stop lat="33.77147" lon="-118.26193" stopId="08807" tag="8807" title="Avalon / Harry Bridges"/>
  <stop lat="33.8696199" lon="-118.26628" stopId="08816" tag="8816" title="Avalon / Harbor Village"/>
  <stop lat="33.85877" lon="-118.26627" stopId="08834" tag="8834" title="Avalon / 189th"/>
  <stop lat="33.8350999" lon="-118.26382" stopId="08836" tag="8836" title="Avalon / 213th"/>
  <stop lat="33.8275799" lon="-118.26382" stopId="08837" tag="8837" title="Avalon / 220th"/>
  <stop lat="33.8239399" lon="-118.26382" stopId="08838" tag="8838" title="Avalon / 223rd"/>
  <stop lat="33.8313999" lon="-118.26383" stopId="08862" tag="8862" title="Avalon / Carson"/>
  <stop lat="33.80848" lon="-118.2642599" stopId="08876" tag="8876" title="Avalon / Sepulveda"/>
  <stop lat="33.8667099" lon="-118.2662899" stopId="08878" tag="8878" title="Avalon / Victoria"/>
  <stop lat="33.8534599" lon="-118.2656699" stopId="08879" tag="8879" title="Avalon / Elsmere"/>
  <stop lat="33.8128" lon="-118.2640899" stopId="08881" tag="8881" title="Avalon / Scottsdale"/>
  <stop lat="33.79553" lon="-118.2638" stopId="08883" tag="8883" title="Avalon / Q"/>
  <stop lat="33.7712099" lon="-118.2655" stopId="10857" tag="10857" title="Harry Bridges / Island"/>
  <stop lat="33.7707899" lon="-118.27318" stopId="10860" tag="10860" title="Harry Bridges / Wilmington"/>
  <stop lat="33.7619099" lon="-118.28404" stopId="11201" tag="11201" title="1830 John S Gibson"/>
  <stop lat="33.75862" lon="-118.2879699" stopId="11203" tag="11203" title="2001 John S Gibson"/>
  <stop lat="33.7567099" lon="-118.28965" stopId="11205" tag="11205" title="John S Gibson / Harbor Fwy Ramp"/>
  <stop lat="33.8025099" lon="-118.2641099" stopId="11859" tag="11859" title="Avalon / 246th"/>
  <stop lat="33.7988899" lon="-118.2640499" stopId="11860" tag="11860" title="Avalon / Lomita"/>
  <stop lat="33.7913499" lon="-118.2634699" stopId="11862" tag="11862" title="Avalon / Pacific Coast"/>
  <stop lat="33.7796999" lon="-118.26257" stopId="11865" tag="11865" title="Avalon / Anaheim"/>
  <stop lat="33.7739" lon="-118.26211" stopId="11866" tag="11866" title="Avalon / D"/>
  <stop lat="33.77721" lon="-118.26237" stopId="11867" tag="11867" title="Avalon / F"/>
  <stop lat="33.78684" lon="-118.26312" stopId="11868" tag="11868" title="Avalon / L"/>
  <stop lat="33.78856" lon="-118.26326" stopId="11869" tag="11869" title="Avalon / M"/>
  <stop lat="33.78303" lon="-118.26283" stopId="11870" tag="11870" title="Avalon / Opp"/>
  <stop lat="33.7934399" lon="-118.2636299" stopId="11871" tag="11871" title="Avalon / Sandison"/>
  <stop lat="33.74303" lon="-118.2880299" stopId="12304" tag="12304" title="Pacific / 1st"/>
  <stop lat="33.75352" lon="-118.2906199" stopId="12307" tag="12307" title="Pacific / Channel"/>
  <stop lat="33.74617" lon="-118.2880199" stopId="12309" tag="12309" title="Pacific / O Farrell"/>
  <stop lat="33.7494999" lon="-118.28768" stopId="12310" tag="12310" title="Pacific / Upland"/>
  <stop lat="33.72189" lon="-118.28812" stopId="12688" tag="12688" title="Pacific / Fort Mac Arthur"/>
  <stop lat="33.7225899" lon="-118.2881299" stopId="13797" tag="13797" title="Pacific / Hamilton"/>
  <stop lat="33.7071899" lon="-118.2881" stopId="13800" tag="13800" title="Pacific / Shepard"/>
  <stop lat="33.7343699" lon="-118.28807" stopId="13802" tag="13802" title="Pacific / 11th"/>
  <stop lat="33.73074" lon="-118.2880899" stopId="13803" tag="13803" title="Pacific / 15th"/>
  <stop lat="33.7289299" lon="-118.2881" stopId="13804" tag="13804" title="Pacific / 17th"/>
  <stop lat="33.7270999" lon="-118.28812" stopId="13805" tag="13805" title="Pacific / 19th"/>
  <stop lat="33.7243799" lon="-118.28813" stopId="13809" tag="13809" title="Pacific / 22nd"/>
  <stop lat="33.72075" lon="-118.28811" stopId="13810" tag="13810" title="Pacific / 26th"/>
  <stop lat="33.7189599" lon="-118.28809" stopId="13811" tag="13811" title="Pacific / 28th"/>
  <stop lat="33.71712" lon="-118.28809" stopId="13812" tag="13812" title="Pacific / 30th"/>
  <stop lat="33.7152999" lon="-118.28808" stopId="13813" tag="13813" title="Pacific / 32nd"/>
  <stop lat="33.7134999" lon="-118.28808" stopId="13814" tag="13814" title="Pacific / 34th"/>
  <stop lat="33.7112699" lon="-118.28808" stopId="13815" tag="13815" title="Pacific / 36th"/>
  <stop lat="33.7093599" lon="-118.28808" stopId="13816" tag="13816" title="Pacific / 38th"/>
  <stop lat="33.7412199" lon="-118.28804" stopId="13817" tag="13817" title="Pacific / 3rd"/>
  <stop lat="33.73981" lon="-118.2880499" stopId="13818" tag="13818" title="Pacific / 5th"/>
  <stop lat="33.7362099" lon="-118.28806" stopId="13822" tag="13822" title="Pacific / 9th"/>
  <stop lat="33.7071099" lon="-118.29262" stopId="14559" tag="14559" title="Shepard / Gaffey"/>
  <stop lat="33.70711" lon="-118.29049" stopId="14560" tag="14560" title="Shepard / Carolina"/>
  <stop lat="33.8702099" lon="-118.28189" stopId="17059" tag="17059" title="182nd / Figueroa"/>
  <stop lat="33.87087" lon="-118.2781899" stopId="17083" tag="17083" title="Albertoni / Broadway"/>
  <stop lat="33.8693399" lon="-118.28731" stopId="30005" tag="30005" title="Harbor Gateway Transit Center"/>
  <stop lat="33.7249299" lon="-118.28813" tag="141012_ar" title="Pacific / 21st Layover"/>
  <stop lat="33.7073699" lon="-118.29453" tag="20400018_ar" title="Paseo Del Mar / Shepard"/>
  <stop lat="33.87116" lon="-118.2751299" stopId="25400202" tag="25400202" title="Albertoni / Main"/>
  <direction name="North" tag="246_79_0" title="North to Harbor Gateway Transit Ctr" useForUI="true">
   <stop tag="20400018"/>
   <stop tag="6179"/>
   <stop tag="6180"/>
   <stop tag="5407"/>
   <stop tag="5393"/>
   <stop tag="5406"/>
   <stop tag="5405"/>
   <stop tag="5404"/>
   <stop tag="5403"/>
   <stop tag="5402"/>
   <stop tag="4203"/>
   <stop tag="5391"/>
   <stop tag="13806"/>
   <stop tag="5401"/>
   <stop tag="5397"/>
   <stop tag="5396"/>
   <stop tag="5395"/>
   <stop tag="5413"/>
   <stop tag="5410"/>
   <stop tag="5409"/>
   <stop tag="5408"/>
   <stop tag="3821"/>
   <stop tag="3825"/>
   <stop tag="3826"/>
   <stop tag="12033"/>
   <stop tag="3824"/>
   <stop tag="2713"/>
   <stop tag="2710"/>
   <stop tag="2708"/>
   <stop tag="3141"/>
   <stop tag="2332"/>
   <stop tag="3017"/>
   <stop tag="2329"/>
   <stop tag="216"/>
   <stop tag="7594"/>
   <stop tag="3385"/>
   <stop tag="3379"/>
   <stop tag="3388"/>
   <stop tag="3386"/>
   <stop tag="3387"/>
   <stop tag="3378"/>
   <stop tag="3389"/>
   <stop tag="297"/>
   <stop tag="3375"/>
   <stop tag="3374"/>
   <stop tag="293"/>
   <stop tag="288"/>
   <stop tag="212"/>
   <stop tag="295"/>
   <stop tag="205"/>
   <stop tag="203"/>
   <stop tag="247"/>
   <stop tag="246"/>
   <stop tag="270"/>
   <stop tag="245"/>
   <stop tag="206"/>
   <stop tag="275"/>
   <stop tag="291"/>
   <stop tag="224"/>
   <stop tag="4796"/>
   <stop tag="10258"/>
   <stop tag="3478"/>
   <stop tag="176159"/>
   <stop tag="25400201"/>
   <stop tag="17081"/>
   <stop tag="17082"/>
   <stop tag="30005_ar"/>
  </direction>
  <direction name="South" tag="246_70_1" title="South to San Pedro - Pt. Fermin" useForUI="true">
   <stop tag="30005"/>
   <stop tag="17059"/>
   <stop tag="17083"/>
   <stop tag="25400202"/>
   <stop tag="8797"/>
   <stop tag="8816"/>
   <stop tag="8878"/>
   <stop tag="8795"/>
   <stop tag="8834"/>
   <stop tag="8879"/>
   <stop tag="8806"/>
   <stop tag="8805"/>
   <stop tag="8836"/>
   <stop tag="8862"/>
   <stop tag="8837"/>
   <stop tag="8838"/>
   <stop tag="8796"/>
   <stop tag="8799"/>
   <stop tag="8881"/>
   <stop tag="8802"/>
   <stop tag="8876"/>
   <stop tag="8798"/>
   <stop tag="11859"/>
   <stop tag="11860"/>
   <stop tag="8883"/>
   <stop tag="11871"/>
   <stop tag="11862"/>
   <stop tag="11869"/>
   <stop tag="11868"/>
   <stop tag="11870"/>
   <stop tag="11865"/>
   <stop tag="11867"/>
   <stop tag="11866"/>
   <stop tag="8807"/>
   <stop tag="10857"/>
   <stop tag="3016"/>
   <stop tag="10860"/>
   <stop tag="11201"/>
   <stop tag="11203"/>
   <stop tag="11205"/>
   <stop tag="12307"/>
   <stop tag="3820"/>
   <stop tag="12310"/>
   <stop tag="12309"/>
   <stop tag="12304"/>
   <stop tag="13817"/>
   <stop tag="13818"/>
   <stop tag="5411"/>
   <stop tag="13822"/>
   <stop tag="13802"/>
   <stop tag="13803"/>
   <stop tag="13804"/>
   <stop tag="13805"/>
   <stop tag="13809"/>
   <stop tag="13797"/>
   <stop tag="12688"/>
   <stop tag="13810"/>
   <stop tag="13811"/>
   <stop tag="13812"/>
   <stop tag="13813"/>
   <stop tag="13814"/>
   <stop tag="13815"/>
   <stop tag="13816"/>
   <stop tag="13800"/>
   <stop tag="14560"/>
   <stop tag="14559"/>
   <stop tag="4332"/>
   <stop tag="20400018_ar"/>
  </direction>
  <path>
   <point lat="33.738" lon="-118.28806"/>
   <point lat="33.73621" lon="-118.28806"/>
   <point lat="33.73437" lon="-118.28807"/>
   <point lat="33.73074" lon="-118.28809"/>
   <point lat="33.72893" lon="-118.2881"/>
   <point lat="33.7271" lon="-118.28812"/>
   <point lat="33.72493" lon="-118.28813"/>
  </path>
  <path>
   <point lat="33.87195" lon="-118.26662"/>
   <point lat="33.87133" lon="-118.2758"/>
   <point lat="33.87118" lon="-118.27719"/>
   <point lat="33.87089" lon="-118.27889"/>
   <point lat="33.87044" lon="-118.28014"/>
   <point lat="33.87035" lon="-118.2806"/>
   <point lat="33.87032" lon="-118.28079"/>
   <point lat="33.87031" lon="-118.28094"/>
   <point lat="33.87041" lon="-118.28214"/>
  </path>
  <path>
   <point lat="33.738" lon="-118.28806"/>
   <point lat="33.73621" lon="-118.28806"/>
   <point lat="33.73437" lon="-118.28807"/>
   <point lat="33.73074" lon="-118.28809"/>
   <point lat="33.72893" lon="-118.2881"/>
   <point lat="33.7271" lon="-118.28812"/>
   <point lat="33.7243799" lon="-118.28813"/>
  </path>
  <path>
   <point lat="33.72493" lon="-118.28813"/>
   <point lat="33.72425" lon="-118.28798"/>
   <point lat="33.72426" lon="-118.2924"/>
   <point lat="33.72472" lon="-118.29239"/>
   <point lat="33.72516" lon="-118.2924"/>
   <point lat="33.72561" lon="-118.29239"/>
   <point lat="33.72699" lon="-118.29239"/>
   <point lat="33.72697" lon="-118.28797"/>
   <point lat="33.72865" lon="-118.2878"/>
   <point lat="33.7304699" lon="-118.28779"/>
   <point lat="33.73409" lon="-118.28777"/>
   <point lat="33.73586" lon="-118.28776"/>
   <point lat="33.73773" lon="-118.28776"/>
  </path>
  <path>
   <point lat="33.70737" lon="-118.29453"/>
   <point lat="33.70685" lon="-118.29252"/>
   <point lat="33.70686" lon="-118.29082"/>
   <point lat="33.70699" lon="-118.28854"/>
   <point lat="33.70699" lon="-118.28805"/>
   <point lat="33.7070099" lon="-118.28799"/>
   <point lat="33.70703" lon="-118.28796"/>
   <point lat="33.70713" lon="-118.28795"/>
   <point lat="33.70719" lon="-118.28794"/>
   <point lat="33.7083" lon="-118.28794"/>
   <point lat="33.70858" lon="-118.28778"/>
   <point lat="33.71138" lon="-118.28778"/>
   <point lat="33.7132" lon="-118.28778"/>
   <point lat="33.715" lon="-118.28778"/>
   <point lat="33.71682" lon="-118.28778"/>
   <point lat="33.71877" lon="-118.28779"/>
   <point lat="33.72044" lon="-118.28781"/>
   <point lat="33.72162" lon="-118.28782"/>
   <point lat="33.72272" lon="-118.28783"/>
   <point lat="33.72502" lon="-118.28782"/>
  </path>
  <path>
   <point lat="33.83194" lon="-118.26353"/>
   <point lat="33.83565" lon="-118.26353"/>
   <point lat="33.83811" lon="-118.26369"/>
   <point lat="33.83866" lon="-118.26365"/>
   <point lat="33.8389499" lon="-118.26362"/>
   <point lat="33.83955" lon="-118.26344"/>
   <point lat="33.84011" lon="-118.26314"/>
   <point lat="33.84116" lon="-118.26279"/>
   <point lat="33.84137" lon="-118.26275"/>
   <point lat="33.84155" lon="-118.26273"/>
   <point lat="33.84172" lon="-118.26273"/>
   <point lat="33.8419" lon="-118.26274"/>
   <point lat="33.84208" lon="-118.26276"/>
   <point lat="33.84235" lon="-118.2628"/>
   <point lat="33.84273" lon="-118.26289"/>
   <point lat="33.84301" lon="-118.26297"/>
   <point lat="33.84349" lon="-118.26302"/>
   <point lat="33.84454" lon="-118.2639"/>
   <point lat="33.84486" lon="-118.26409"/>
   <point lat="33.84498" lon="-118.26413"/>
   <point lat="33.84508" lon="-118.2642"/>
   <point lat="33.84526" lon="-118.26429"/>
   <point lat="33.8457099" lon="-118.26446"/>
   <point lat="33.84597" lon="-118.26454"/>
   <point lat="33.84613" lon="-118.26458"/>
   <point lat="33.84622" lon="-118.2646"/>
   <point lat="33.84657" lon="-118.26465"/>
   <point lat="33.84753" lon="-118.26475"/>
   <point lat="33.84782" lon="-118.26463"/>
   <point lat="33.8487" lon="-118.26489"/>
   <point lat="33.85363" lon="-118.26539"/>
   <point lat="33.85918" lon="-118.26596"/>
   <point lat="33.8616699" lon="-118.26612"/>
   <point lat="33.86319" lon="-118.26598"/>
   <point lat="33.8668" lon="-118.26599"/>
   <point lat="33.86963" lon="-118.26598"/>
   <point lat="33.87174" lon="-118.26613"/>
   <point lat="33.87191" lon="-118.26612"/>
   <point lat="33.87195" lon="-118.26662"/>
  </path>
  <path>
   <point lat="33.7797" lon="-118.26257"/>
   <point lat="33.7772099" lon="-118.26237"/>
   <point lat="33.7739" lon="-118.26211"/>
   <point lat="33.77147" lon="-118.26193"/>
   <point lat="33.77122" lon="-118.26304"/>
   <point lat="33.77121" lon="-118.2655"/>
   <point lat="33.771" lon="-118.26941"/>
   <point lat="33.77079" lon="-118.27318"/>
   <point lat="33.77058" lon="-118.27477"/>
   <point lat="33.77043" lon="-118.27737"/>
   <point lat="33.7705" lon="-118.27762"/>
   <point lat="33.77067" lon="-118.27784"/>
   <point lat="33.7712" lon="-118.27864"/>
   <point lat="33.77093" lon="-118.27875"/>
   <point lat="33.77059" lon="-118.27893"/>
   <point lat="33.77042" lon="-118.27919"/>
   <point lat="33.77003" lon="-118.27952"/>
   <point lat="33.7699" lon="-118.27973"/>
   <point lat="33.76982" lon="-118.27983"/>
   <point lat="33.76975" lon="-118.2799"/>
   <point lat="33.76875" lon="-118.28075"/>
   <point lat="33.76849" lon="-118.28094"/>
   <point lat="33.76837" lon="-118.28102"/>
   <point lat="33.76818" lon="-118.28113"/>
   <point lat="33.76804" lon="-118.28118"/>
   <point lat="33.76781" lon="-118.28125"/>
   <point lat="33.76767" lon="-118.28128"/>
   <point lat="33.7666899" lon="-118.2814"/>
   <point lat="33.76576" lon="-118.28165"/>
   <point lat="33.76536" lon="-118.28177"/>
   <point lat="33.76515" lon="-118.28185"/>
   <point lat="33.76474" lon="-118.28203"/>
   <point lat="33.7642" lon="-118.28229"/>
   <point lat="33.76381" lon="-118.28249"/>
   <point lat="33.76311" lon="-118.28293"/>
   <point lat="33.76191" lon="-118.28404"/>
   <point lat="33.75873" lon="-118.28766"/>
   <point lat="33.75862" lon="-118.28797"/>
   <point lat="33.75671" lon="-118.28965"/>
   <point lat="33.75561" lon="-118.29031"/>
   <point lat="33.75546" lon="-118.29038"/>
   <point lat="33.75532" lon="-118.29043"/>
   <point lat="33.75484" lon="-118.29049"/>
   <point lat="33.75352" lon="-118.29062"/>
   <point lat="33.75306" lon="-118.29029"/>
   <point lat="33.75115" lon="-118.28741"/>
   <point lat="33.7509" lon="-118.28704"/>
   <point lat="33.75076" lon="-118.28698"/>
   <point lat="33.75063" lon="-118.28696"/>
   <point lat="33.75051" lon="-118.28695"/>
   <point lat="33.7503699" lon="-118.28697"/>
   <point lat="33.7502799" lon="-118.28699"/>
   <point lat="33.7500799" lon="-118.2871"/>
   <point lat="33.74969" lon="-118.28737"/>
   <point lat="33.7495" lon="-118.28768"/>
   <point lat="33.74898" lon="-118.28776"/>
   <point lat="33.74617" lon="-118.28802"/>
   <point lat="33.74303" lon="-118.28803"/>
   <point lat="33.74122" lon="-118.28804"/>
   <point lat="33.73981" lon="-118.28805"/>
   <point lat="33.738" lon="-118.28806"/>
  </path>
  <path>
   <point lat="33.73773" lon="-118.28776"/>
   <point lat="33.73953" lon="-118.28775"/>
   <point lat="33.74177" lon="-118.28773"/>
   <point lat="33.7431399" lon="-118.28773"/>
   <point lat="33.74589" lon="-118.28771"/>
   <point lat="33.74783" lon="-118.28786"/>
   <point lat="33.74815" lon="-118.28786"/>
   <point lat="33.74833" lon="-118.28787"/>
   <point lat="33.7485" lon="-118.28787"/>
   <point lat="33.74872" lon="-118.28783"/>
   <point lat="33.74891" lon="-118.28778"/>
   <point lat="33.7489599" lon="-118.28777"/>
   <point lat="33.74919" lon="-118.28769"/>
   <point lat="33.74932" lon="-118.28763"/>
   <point lat="33.7495" lon="-118.28734"/>
   <point lat="33.7500799" lon="-118.2871"/>
   <point lat="33.751" lon="-118.28693"/>
   <point lat="33.7513999" lon="-118.2875"/>
   <point lat="33.75259" lon="-118.28969"/>
   <point lat="33.75285" lon="-118.29009"/>
   <point lat="33.7528999" lon="-118.29015"/>
   <point lat="33.75306" lon="-118.29029"/>
   <point lat="33.75321" lon="-118.29037"/>
   <point lat="33.75334" lon="-118.29042"/>
   <point lat="33.75368" lon="-118.29032"/>
   <point lat="33.75404" lon="-118.29048"/>
   <point lat="33.75484" lon="-118.29049"/>
   <point lat="33.75532" lon="-118.29043"/>
   <point lat="33.75546" lon="-118.29038"/>
   <point lat="33.75561" lon="-118.29031"/>
   <point lat="33.75586" lon="-118.29016"/>
   <point lat="33.75603" lon="-118.29005"/>
   <point lat="33.75609" lon="-118.29"/>
   <point lat="33.7565" lon="-118.28945"/>
   <point lat="33.75784" lon="-118.2885"/>
   <point lat="33.75867" lon="-118.28754"/>
   <point lat="33.7607799" lon="-118.28508"/>
   <point lat="33.76133" lon="-118.28423"/>
   <point lat="33.76261" lon="-118.28328"/>
   <point lat="33.76767" lon="-118.28128"/>
   <point lat="33.76781" lon="-118.28125"/>
   <point lat="33.76804" lon="-118.28118"/>
   <point lat="33.76818" lon="-118.28113"/>
   <point lat="33.76837" lon="-118.28102"/>
   <point lat="33.76849" lon="-118.28094"/>
   <point lat="33.76875" lon="-118.28075"/>
   <point lat="33.76975" lon="-118.2799"/>
   <point lat="33.76982" lon="-118.27983"/>
   <point lat="33.7699" lon="-118.27973"/>
   <point lat="33.77003" lon="-118.27952"/>
   <point lat="33.77042" lon="-118.27919"/>
   <point lat="33.77072" lon="-118.2787"/>
   <point lat="33.7712" lon="-118.27864"/>
   <point lat="33.77067" lon="-118.27784"/>
   <point lat="33.77056" lon="-118.2727"/>
   <point lat="33.77074" lon="-118.26939"/>
   <point lat="33.77094" lon="-118.26581"/>
   <point lat="33.77129" lon="-118.26176"/>
   <point lat="33.7715699" lon="-118.26163"/>
   <point lat="33.77403" lon="-118.26181"/>
   <point lat="33.77695" lon="-118.26205"/>
   <point lat="33.7798" lon="-118.26227"/>
  </path>
  <path>
   <point lat="33.71125" lon="-118.30163"/>
   <point lat="33.71114" lon="-118.30046"/>
   <point lat="33.71093" lon="-118.29942"/>
   <point lat="33.7108599" lon="-118.29879"/>
   <point lat="33.71081" lon="-118.29846"/>
   <point lat="33.71072" lon="-118.29798"/>
   <point lat="33.7107" lon="-118.29791"/>
   <point lat="33.71062" lon="-118.2977"/>
   <point lat="33.71051" lon="-118.29747"/>
   <point lat="33.71037" lon="-118.29728"/>
   <point lat="33.70997" lon="-118.29678"/>
   <point lat="33.70966" lon="-118.29637"/>
   <point lat="33.70957" lon="-118.29623"/>
   <point lat="33.70949" lon="-118.2961"/>
   <point lat="33.70937" lon="-118.29589"/>
   <point lat="33.70924" lon="-118.29568"/>
   <point lat="33.70909" lon="-118.29547"/>
   <point lat="33.70899" lon="-118.29535"/>
   <point lat="33.7088899" lon="-118.29524"/>
   <point lat="33.70875" lon="-118.29508"/>
   <point lat="33.70865" lon="-118.295"/>
   <point lat="33.70831" lon="-118.29477"/>
   <point lat="33.70815" lon="-118.29468"/>
   <point lat="33.70769" lon="-118.29447"/>
   <point lat="33.70737" lon="-118.29453"/>
  </path>
  <path>
   <point lat="33.72502" lon="-118.28782"/>
   <point lat="33.72683" lon="-118.28782"/>
   <point lat="33.72865" lon="-118.2878"/>
   <point lat="33.7304699" lon="-118.28779"/>
   <point lat="33.73409" lon="-118.28777"/>
   <point lat="33.73586" lon="-118.28776"/>
   <point lat="33.73773" lon="-118.28776"/>
  </path>
  <path>
   <point lat="33.86934" lon="-118.28731"/>
   <point lat="33.86882" lon="-118.28796"/>
   <point lat="33.8689899" lon="-118.28807"/>
   <point lat="33.86984" lon="-118.28694"/>
   <point lat="33.86988" lon="-118.28687"/>
   <point lat="33.86989" lon="-118.28681"/>
   <point lat="33.8699" lon="-118.28676"/>
   <point lat="33.86981" lon="-118.28656"/>
   <point lat="33.86958" lon="-118.28611"/>
   <point lat="33.87021" lon="-118.28189"/>
  </path>
  <path>
   <point lat="33.7797" lon="-118.26257"/>
   <point lat="33.7772099" lon="-118.26237"/>
   <point lat="33.7739" lon="-118.26211"/>
   <point lat="33.77147" lon="-118.26193"/>
   <point lat="33.77122" lon="-118.26304"/>
   <point lat="33.77121" lon="-118.2655"/>
   <point lat="33.771" lon="-118.26941"/>
   <point lat="33.77079" lon="-118.27318"/>
   <point lat="33.77058" lon="-118.27477"/>
   <point lat="33.77043" lon="-118.27737"/>
   <point lat="33.7705" lon="-118.27762"/>
   <point lat="33.77067" lon="-118.27784"/>
   <point lat="33.7712" lon="-118.27864"/>
   <point lat="33.77093" lon="-118.27875"/>
   <point lat="33.77059" lon="-118.27893"/>
   <point lat="33.77042" lon="-118.27919"/>
   <point lat="33.77003" lon="-118.27952"/>
   <point lat="33.7699" lon="-118.27973"/>
   <point lat="33.76982" lon="-118.27983"/>
   <point lat="33.76975" lon="-118.2799"/>
   <point lat="33.76875" lon="-118.28075"/>
   <point lat="33.76849" lon="-118.28094"/>
   <point lat="33.76837" lon="-118.28102"/>
   <point lat="33.76818" lon="-118.28113"/>
   <point lat="33.76804" lon="-118.28118"/>
   <point lat="33.76781" lon="-118.28125"/>
   <point lat="33.76767" lon="-118.28128"/>
   <point lat="33.7666899" lon="-118.2814"/>
   <point lat="33.76576" lon="-118.28165"/>
   <point lat="33.76536" lon="-118.28177"/>
   <point lat="33.76515" lon="-118.28185"/>
   <point lat="33.76474" lon="-118.28203"/>
   <point lat="33.7642" lon="-118.28229"/>
   <point lat="33.76381" lon="-118.28249"/>
   <point lat="33.76311" lon="-118.28293"/>
   <point lat="33.76191" lon="-118.28404"/>
   <point lat="33.75873" lon="-118.28766"/>
   <point lat="33.75862" lon="-118.28797"/>
   <point lat="33.75671" lon="-118.28965"/>
   <point lat="33.75561" lon="-118.29031"/>
   <point lat="33.75546" lon="-118.29038"/>
   <point lat="33.75532" lon="-118.29043"/>
   <point lat="33.75484" lon="-118.29049"/>
   <point lat="33.75352" lon="-118.29062"/>
   <point lat="33.75306" lon="-118.29029"/>
   <point lat="33.75115" lon="-118.28741"/>
   <point lat="33.7509" lon="-118.28704"/>
   <point lat="33.75076" lon="-118.28698"/>
   <point lat="33.75063" lon="-118.28696"/>
   <point lat="33.75051" lon="-118.28695"/>
   <point lat="33.7503699" lon="-118.28697"/>
   <point lat="33.7502799" lon="-118.28699"/>
   <point lat="33.7500799" lon="-118.2871"/>
   <point lat="33.74969" lon="-118.28737"/>
   <point lat="33.7495" lon="-118.28768"/>
   <point lat="33.7489599" lon="-118.28777"/>
   <point lat="33.74617" lon="-118.28802"/>
   <point lat="33.74303" lon="-118.28803"/>
   <point lat="33.74122" lon="-118.28804"/>
   <point lat="33.73981" lon="-118.28805"/>
   <point lat="33.738" lon="-118.28806"/>
  </path>
  <path>
   <point lat="33.87041" lon="-118.28214"/>
   <point lat="33.86978" lon="-118.28584"/>
   <point lat="33.86981" lon="-118.28656"/>
   <point lat="33.86934" lon="-118.28731"/>
  </path>
  <path>
   <point lat="33.87163" lon="-118.26627"/>
   <point lat="33.86962" lon="-118.26628"/>
   <point lat="33.86671" lon="-118.26629"/>
   <point lat="33.86267" lon="-118.26628"/>
   <point lat="33.85877" lon="-118.26627"/>
   <point lat="33.85346" lon="-118.26567"/>
   <point lat="33.84725" lon="-118.26487"/>
   <point lat="33.84597" lon="-118.26454"/>
   <point lat="33.84338" lon="-118.26329"/>
   <point lat="33.84301" lon="-118.26297"/>
   <point lat="33.84273" lon="-118.26289"/>
   <point lat="33.84235" lon="-118.2628"/>
   <point lat="33.84208" lon="-118.26276"/>
   <point lat="33.8419" lon="-118.26274"/>
   <point lat="33.84172" lon="-118.26273"/>
   <point lat="33.84155" lon="-118.26273"/>
   <point lat="33.84137" lon="-118.26275"/>
   <point lat="33.84116" lon="-118.26279"/>
   <point lat="33.84011" lon="-118.26314"/>
   <point lat="33.83955" lon="-118.26344"/>
   <point lat="33.8351" lon="-118.26382"/>
   <point lat="33.8314" lon="-118.26383"/>
  </path>
  <path>
   <point lat="33.7798" lon="-118.26227"/>
   <point lat="33.7827399" lon="-118.2625"/>
   <point lat="33.78699" lon="-118.26283"/>
   <point lat="33.7891199" lon="-118.26299"/>
   <point lat="33.79145" lon="-118.26317"/>
   <point lat="33.7936" lon="-118.26334"/>
   <point lat="33.79525" lon="-118.26348"/>
   <point lat="33.79899" lon="-118.26376"/>
   <point lat="33.80188" lon="-118.26396"/>
   <point lat="33.8026399" lon="-118.26381"/>
   <point lat="33.80606" lon="-118.26388"/>
   <point lat="33.80856" lon="-118.26395"/>
   <point lat="33.81079" lon="-118.26387"/>
   <point lat="33.81252" lon="-118.2638"/>
   <point lat="33.81501" lon="-118.26371"/>
   <point lat="33.81518" lon="-118.26386"/>
   <point lat="33.81911" lon="-118.26354"/>
   <point lat="33.82449" lon="-118.26352"/>
   <point lat="33.82772" lon="-118.26351"/>
   <point lat="33.83194" lon="-118.26353"/>
  </path>
  <path>
   <point lat="33.8314" lon="-118.26383"/>
   <point lat="33.82758" lon="-118.26382"/>
   <point lat="33.82394" lon="-118.26382"/>
   <point lat="33.81939" lon="-118.26383"/>
   <point lat="33.81518" lon="-118.26386"/>
   <point lat="33.81491" lon="-118.26402"/>
   <point lat="33.8128" lon="-118.26409"/>
   <point lat="33.81107" lon="-118.26416"/>
   <point lat="33.80848" lon="-118.26426"/>
   <point lat="33.8048" lon="-118.26415"/>
   <point lat="33.80251" lon="-118.26411"/>
   <point lat="33.79889" lon="-118.26405"/>
   <point lat="33.79553" lon="-118.2638"/>
   <point lat="33.7934399" lon="-118.26363"/>
   <point lat="33.79135" lon="-118.26347"/>
   <point lat="33.7885599" lon="-118.26326"/>
   <point lat="33.78684" lon="-118.26312"/>
   <point lat="33.7830299" lon="-118.26283"/>
   <point lat="33.7797" lon="-118.26257"/>
  </path>
  <path>
   <point lat="33.87021" lon="-118.28189"/>
   <point lat="33.87031" lon="-118.28094"/>
   <point lat="33.8708699" lon="-118.27819"/>
   <point lat="33.87125" lon="-118.27547"/>
   <point lat="33.87116" lon="-118.27513"/>
   <point lat="33.87136" lon="-118.27257"/>
   <point lat="33.87191" lon="-118.26612"/>
   <point lat="33.87163" lon="-118.26627"/>
  </path>
  <path>
   <point lat="33.7243799" lon="-118.28813"/>
   <point lat="33.7225899" lon="-118.28813"/>
   <point lat="33.72189" lon="-118.28812"/>
   <point lat="33.72075" lon="-118.28811"/>
   <point lat="33.71896" lon="-118.28809"/>
   <point lat="33.71712" lon="-118.28809"/>
   <point lat="33.7153" lon="-118.28808"/>
   <point lat="33.7135" lon="-118.28808"/>
   <point lat="33.71127" lon="-118.28808"/>
   <point lat="33.7093599" lon="-118.28808"/>
   <point lat="33.70719" lon="-118.2881"/>
   <point lat="33.70699" lon="-118.29008"/>
   <point lat="33.70711" lon="-118.29049"/>
   <point lat="33.70711" lon="-118.29262"/>
   <point lat="33.70698" lon="-118.29359"/>
   <point lat="33.707" lon="-118.29382"/>
   <point lat="33.70703" lon="-118.29393"/>
   <point lat="33.70705" lon="-118.29398"/>
   <point lat="33.7070999" lon="-118.29409"/>
   <point lat="33.70718" lon="-118.29419"/>
   <point lat="33.70724" lon="-118.29425"/>
   <point lat="33.70735" lon="-118.29433"/>
   <point lat="33.70745" lon="-118.29438"/>
   <point lat="33.70769" lon="-118.29447"/>
   <point lat="33.70865" lon="-118.295"/>
   <point lat="33.70875" lon="-118.29508"/>
   <point lat="33.7088899" lon="-118.29524"/>
   <point lat="33.70899" lon="-118.29535"/>
   <point lat="33.70909" lon="-118.29547"/>
   <point lat="33.70924" lon="-118.29568"/>
   <point lat="33.70937" lon="-118.29589"/>
   <point lat="33.70949" lon="-118.2961"/>
   <point lat="33.70957" lon="-118.29623"/>
   <point lat="33.70966" lon="-118.29637"/>
   <point lat="33.70997" lon="-118.29678"/>
   <point lat="33.71037" lon="-118.29728"/>
   <point lat="33.71051" lon="-118.29747"/>
   <point lat="33.71062" lon="-118.2977"/>
   <point lat="33.7107" lon="-118.29791"/>
   <point lat="33.71072" lon="-118.29798"/>
   <point lat="33.71081" lon="-118.29846"/>
   <point lat="33.7108599" lon="-118.29879"/>
   <point lat="33.71093" lon="-118.29942"/>
   <point lat="33.71114" lon="-118.30046"/>
   <point lat="33.71222" lon="-118.29992"/>
   <point lat="33.71319" lon="-118.30275"/>
   <point lat="33.71205" lon="-118.30331"/>
   <point lat="33.71153" lon="-118.30203"/>
   <point lat="33.71145" lon="-118.30187"/>
   <point lat="33.71125" lon="-118.30163"/>
  </path>
 </route>
</body>