<?xml version="1.0" encoding="utf-8"?>
<body copyright="All data copyright Los Angeles Metro 2022.">
 <route color="df4600" latMax="34.0449799" latMin="34.03178" lonMax="-118.2482" lonMin="-118.36929" oppositeColor="ffffff" tag="35" title="35 Downtown LA- WLA Via Washington Bl &amp;">
  <stop lat="34.0424499" lon="-118.2490399" stopId="01220" tag="1220" title="7th / Maple"/>
  <stop lat="34.0438899" lon="-118.2510899" stopId="01229" tag="1229" title="7th / Main"/>
  <stop lat="34.03397" lon="-118.2635399" stopId="04756" tag="4756" title="Broadway / Venice"/>
  <stop lat="34.0400799" lon="-118.30874" stopId="08194" tag="8194" title="Washington / Western"/>
  <stop lat="34.03178" lon="-118.26569" stopId="09069" tag="9069" title="Broadway / Washington"/>
  <stop lat="34.03982" lon="-118.2589799" stopId="13213" tag="13213" title="Broadway / 11th"/>
  <stop lat="34.0343699" lon="-118.26359" stopId="13215" tag="13215" title="Broadway / Venice"/>
  <stop lat="34.03803" lon="-118.2605699" stopId="13226" tag="13226" title="Broadway / 12th"/>
  <stop lat="34.0431999" lon="-118.25544" stopId="13264" tag="13264" title="Broadway / 8th"/>
  <stop lat="34.0400399" lon="-118.3211" stopId="16440" tag="16440" title="Washington / 4th"/>
  <stop lat="34.04003" lon="-118.3234699" stopId="16441" tag="16441" title="Washington / 6th"/>
  <stop lat="34.0400499" lon="-118.31754" stopId="16442" tag="16442" title="Washington / Arlington"/>
  <stop lat="34.04" lon="-118.3313899" stopId="16444" tag="16444" title="Washington / Crenshaw"/>
  <stop lat="34.03934" lon="-118.3601699" stopId="16446" tag="16446" title="Washington / Hauser"/>
  <stop lat="34.0401599" lon="-118.28745" stopId="16448" tag="16448" title="Washington / New England"/>
  <stop lat="34.0369499" lon="-118.2773399" stopId="16449" tag="16449" title="Washington / Oak"/>
  <stop lat="34.04012" lon="-118.2960499" stopId="16451" tag="16451" title="Washington / Budlong"/>
  <stop lat="34.0406899" lon="-118.35753" stopId="16452" tag="16452" title="Washington / Burnside"/>
  <stop lat="34.0372799" lon="-118.36418" stopId="16454" tag="16454" title="Washington / Curson"/>
  <stop lat="34.0341799" lon="-118.2712399" stopId="16457" tag="16457" title="Washington / Flower"/>
  <stop lat="34.04007" lon="-118.3133199" stopId="16458" tag="16458" title="Washington / Gramercy"/>
  <stop lat="34.0331199" lon="-118.2688499" stopId="16459" tag="16459" title="Washington / Grand"/>
  <stop lat="34.04009" lon="-118.3041299" stopId="16460" tag="16460" title="Washington / Harvard"/>
  <stop lat="34.0323799" lon="-118.2672499" stopId="16461" tag="16461" title="Washington / Olive"/>
  <stop lat="34.0405799" lon="-118.34777" stopId="16463" tag="16463" title="Washington / La Brea"/>
  <stop lat="34.04011" lon="-118.3001599" stopId="16466" tag="16466" title="Washington / Normandie"/>
  <stop lat="34.0409799" lon="-118.3499599" stopId="16467" tag="16467" title="Washington / Orange"/>
  <stop lat="34.0413799" lon="-118.3531199" stopId="16468" tag="16468" title="Washington / Redondo"/>
  <stop lat="34.0399599" lon="-118.34379" stopId="16469" tag="16469" title="Washington / Rimpau"/>
  <stop lat="34.0385599" lon="-118.2809299" stopId="16470" tag="16470" title="Washington / Union"/>
  <stop lat="34.0401399" lon="-118.29189" stopId="16471" tag="16471" title="Washington / Vermont"/>
  <stop lat="34.0358699" lon="-118.367" stopId="16473" tag="16473" title="Washington / Thurman"/>
  <stop lat="34.0399799" lon="-118.33963" stopId="16474" tag="16474" title="Washington / Vineyard"/>
  <stop lat="34.0397999" lon="-118.2836199" stopId="16514" tag="16514" title="Washington / Bonnie Brae"/>
  <stop lat="34.03635" lon="-118.27603" stopId="16516" tag="16516" title="Washington / Cherry"/>
  <stop lat="34.0400499" lon="-118.32648" stopId="16520" tag="16520" title="Washington / Norton"/>
  <stop lat="34.03998" lon="-118.3371" stopId="16523" tag="16523" title="Washington / West"/>
  <stop lat="34.03482" lon="-118.36929" stopId="16530" tag="16530" title="Washington / Fairfax"/>
  <stop lat="34.0352799" lon="-118.36907" tag="16535_ar" title="Washington Fairfax Terminal"/>
  <stop lat="34.0346299" lon="-118.27225" stopId="16955" tag="16955" title="Washington / Figueroa"/>
  <stop lat="34.0428899" lon="-118.2482" tag="3161_ar" title="Maple Lot"/>
  <stop lat="34.0339699" lon="-118.26354" tag="4756_ar" title="Broadway / Venice"/>
  <stop lat="34.0382599" lon="-118.25999" stopId="04766" tag="4766" title="Broadway / 12th"/>
  <stop lat="34.0449799" lon="-118.25342" stopId="04799" tag="4799" title="Broadway / 7th"/>
  <stop lat="34.0414899" lon="-118.25665" stopId="04818" tag="4818" title="Broadway / Olympic"/>
  <stop lat="34.0369099" lon="-118.26115" stopId="04819" tag="4819" title="Broadway / Pico"/>
  <stop lat="34.0319399" lon="-118.26521" stopId="04822" tag="4822" title="Broadway / Washington"/>
  <stop lat="34.0397699" lon="-118.32684" stopId="08160" tag="8160" title="Washington / 10th"/>
  <stop lat="34.0397799" lon="-118.32143" stopId="08161" tag="8161" title="Washington / 4th"/>
  <stop lat="34.03977" lon="-118.3238" stopId="08162" tag="8162" title="Washington / 6th"/>
  <stop lat="34.0397899" lon="-118.31787" stopId="08163" tag="8163" title="Washington / Arlington"/>
  <stop lat="34.0358199" lon="-118.2754999" stopId="08164" tag="8164" title="Washington / Bonsallo"/>
  <stop lat="34.0397499" lon="-118.33073" stopId="08166" tag="8166" title="Washington / Crenshaw"/>
  <stop lat="34.03914" lon="-118.3599899" stopId="08168" tag="8168" title="Washington / Hauser"/>
  <stop lat="34.0399099" lon="-118.2878799" stopId="08172" tag="8172" title="Washington / New England"/>
  <stop lat="34.03691" lon="-118.27791" stopId="08173" tag="8173" title="Washington / Oak"/>
  <stop lat="34.0398699" lon="-118.29637" stopId="08174" tag="8174" title="Washington / Budlong"/>
  <stop lat="34.0402099" lon="-118.3579" stopId="08175" tag="8175" title="Washington / Burnside"/>
  <stop lat="34.0370799" lon="-118.364" stopId="08176" tag="8176" title="Washington / Curson"/>
  <stop lat="34.0341499" lon="-118.27181" stopId="08177" tag="8177" title="Washington / Figueroa"/>
  <stop lat="34.03327" lon="-118.26994" stopId="08178" tag="8178" title="Washington / Hope"/>
  <stop lat="34.0398199" lon="-118.3135" stopId="08179" tag="8179" title="Washington / Gramercy"/>
  <stop lat="34.03244" lon="-118.26809" stopId="08180" tag="8180" title="Washington / Grand"/>
  <stop lat="34.03984" lon="-118.3044499" stopId="08181" tag="8181" title="Washington / Harvard"/>
  <stop lat="34.0398199" lon="-118.2842999" stopId="08184" tag="8184" title="Washington / Hoover"/>
  <stop lat="34.0403099" lon="-118.34776" stopId="08185" tag="8185" title="Washington / La Brea"/>
  <stop lat="34.03985" lon="-118.3004899" stopId="08188" tag="8188" title="Washington / Normandie"/>
  <stop lat="34.0407099" lon="-118.3498499" stopId="08189" tag="8189" title="Washington / Orange"/>
  <stop lat="34.04111" lon="-118.353" stopId="08190" tag="8190" title="Washington / Redondo"/>
  <stop lat="34.03972" lon="-118.3436199" stopId="08191" tag="8191" title="Washington / Rimpau"/>
  <stop lat="34.03847" lon="-118.28136" stopId="08192" tag="8192" title="Washington / Union"/>
  <stop lat="34.0398899" lon="-118.29123" stopId="08193" tag="8193" title="Washington / Vermont"/>
  <stop lat="34.03579" lon="-118.3665499" stopId="08195" tag="8195" title="Washington / Thurman"/>
  <stop lat="34.03972" lon="-118.3401199" stopId="08196" tag="8196" title="Washington / Vineyard"/>
  <stop lat="34.03973" lon="-118.3375199" stopId="08244" tag="8244" title="Washington / Pickford"/>
  <stop lat="34.04394" lon="-118.25164" stopId="09761" tag="9761" title="7th / Main"/>
  <stop lat="34.0356699" lon="-118.36913" stopId="13406" tag="13406" title="Washington Fairfax Hub"/>
  <stop lat="34.04452" lon="-118.25254" stopId="15761" tag="15761" title="7th / Spring"/>
  <stop lat="34.0398199" lon="-118.30866" stopId="16472" tag="16472" title="Washington / Western"/>
  <direction name="South" tag="35_266_1" title="South to Downtown LA - 7th-Maple" useForUI="true">
   <stop tag="13406"/>
   <stop tag="8195"/>
   <stop tag="8176"/>
   <stop tag="8168"/>
   <stop tag="8175"/>
   <stop tag="8190"/>
   <stop tag="8189"/>
   <stop tag="8185"/>
   <stop tag="8191"/>
   <stop tag="8196"/>
   <stop tag="8244"/>
   <stop tag="8166"/>
   <stop tag="8160"/>
   <stop tag="8162"/>
   <stop tag="8161"/>
   <stop tag="8163"/>
   <stop tag="8179"/>
   <stop tag="16472"/>
   <stop tag="8181"/>
   <stop tag="8188"/>
   <stop tag="8174"/>
   <stop tag="8193"/>
   <stop tag="8172"/>
   <stop tag="8184"/>
   <stop tag="8192"/>
   <stop tag="8173"/>
   <stop tag="8164"/>
   <stop tag="8177"/>
   <stop tag="8178"/>
   <stop tag="8180"/>
   <stop tag="4822"/>
   <stop tag="4756"/>
   <stop tag="4819"/>
   <stop tag="4766"/>
   <stop tag="4818"/>
   <stop tag="4799"/>
   <stop tag="15761"/>
   <stop tag="9761"/>
   <stop tag="3161_ar"/>
  </direction>
  <direction name="North" tag="35_271_0" title="North to Washington/Fairfax Transit Hub" useForUI="true">
   <stop tag="1220"/>
   <stop tag="1229"/>
   <stop tag="13264"/>
   <stop tag="13213"/>
   <stop tag="13226"/>
   <stop tag="13215"/>
   <stop tag="9069"/>
   <stop tag="16461"/>
   <stop tag="16459"/>
   <stop tag="16457"/>
   <stop tag="16955"/>
   <stop tag="16516"/>
   <stop tag="16449"/>
   <stop tag="16470"/>
   <stop tag="16514"/>
   <stop tag="16448"/>
   <stop tag="16471"/>
   <stop tag="16451"/>
   <stop tag="16466"/>
   <stop tag="16460"/>
   <stop tag="8194"/>
   <stop tag="16458"/>
   <stop tag="16442"/>
   <stop tag="16440"/>
   <stop tag="16441"/>
   <stop tag="16520"/>
   <stop tag="16444"/>
   <stop tag="16523"/>
   <stop tag="16474"/>
   <stop tag="16469"/>
   <stop tag="16463"/>
   <stop tag="16467"/>
   <stop tag="16468"/>
   <stop tag="16452"/>
   <stop tag="16446"/>
   <stop tag="16454"/>
   <stop tag="16473"/>
   <stop tag="16530"/>
   <stop tag="16535_ar"/>
  </direction>
  <path>
   <point lat="34.04031" lon="-118.34776"/>
   <point lat="34.03986" lon="-118.34482"/>
   <point lat="34.03972" lon="-118.34362"/>
   <point lat="34.03972" lon="-118.34012"/>
   <point lat="34.03973" lon="-118.33752"/>
   <point lat="34.03975" lon="-118.33073"/>
   <point lat="34.03977" lon="-118.32684"/>
   <point lat="34.03977" lon="-118.3238"/>
   <point lat="34.03978" lon="-118.32143"/>
   <point lat="34.03979" lon="-118.31787"/>
   <point lat="34.03982" lon="-118.3135"/>
   <point lat="34.03982" lon="-118.30866"/>
  </path>
  <path>
   <point lat="34.0341499" lon="-118.27181"/>
   <point lat="34.03327" lon="-118.26994"/>
   <point lat="34.03244" lon="-118.26809"/>
   <point lat="34.03154" lon="-118.2657"/>
   <point lat="34.03194" lon="-118.26521"/>
   <point lat="34.0339699" lon="-118.26354"/>
   <point lat="34.03691" lon="-118.26115"/>
   <point lat="34.03826" lon="-118.25999"/>
   <point lat="34.04002" lon="-118.25847"/>
   <point lat="34.04149" lon="-118.25665"/>
   <point lat="34.04498" lon="-118.25342"/>
   <point lat="34.0448499" lon="-118.25282"/>
   <point lat="34.04452" lon="-118.25254"/>
   <point lat="34.04394" lon="-118.25164"/>
   <point lat="34.04327" lon="-118.25044"/>
   <point lat="34.04244" lon="-118.24926"/>
   <point lat="34.04275" lon="-118.2489"/>
   <point lat="34.04314" lon="-118.24855"/>
   <point lat="34.04289" lon="-118.2482"/>
  </path>
  <path>
   <point lat="34.04008" lon="-118.30874"/>
   <point lat="34.04007" lon="-118.31332"/>
   <point lat="34.04005" lon="-118.31754"/>
   <point lat="34.04004" lon="-118.3211"/>
   <point lat="34.04003" lon="-118.32347"/>
   <point lat="34.04005" lon="-118.32648"/>
   <point lat="34.04" lon="-118.33139"/>
   <point lat="34.03998" lon="-118.3371"/>
   <point lat="34.03998" lon="-118.33963"/>
   <point lat="34.03996" lon="-118.34379"/>
   <point lat="34.03986" lon="-118.34482"/>
   <point lat="34.04058" lon="-118.34777"/>
  </path>
  <path>
   <point lat="34.03708" lon="-118.364"/>
   <point lat="34.03914" lon="-118.35999"/>
   <point lat="34.04021" lon="-118.3579"/>
   <point lat="34.04101" lon="-118.35662"/>
   <point lat="34.04113" lon="-118.35638"/>
   <point lat="34.0412" lon="-118.35625"/>
   <point lat="34.04132" lon="-118.35593"/>
   <point lat="34.04136" lon="-118.35579"/>
   <point lat="34.04141" lon="-118.35557"/>
   <point lat="34.04143" lon="-118.35544"/>
   <point lat="34.04145" lon="-118.35528"/>
   <point lat="34.0414699" lon="-118.35498"/>
   <point lat="34.04146" lon="-118.35487"/>
   <point lat="34.04146" lon="-118.3548"/>
   <point lat="34.04143" lon="-118.35439"/>
   <point lat="34.04136" lon="-118.3539"/>
   <point lat="34.04133" lon="-118.35376"/>
   <point lat="34.04111" lon="-118.353"/>
   <point lat="34.04108" lon="-118.35171"/>
   <point lat="34.04071" lon="-118.34985"/>
   <point lat="34.0408199" lon="-118.34966"/>
   <point lat="34.04031" lon="-118.34776"/>
  </path>
  <path>
   <point lat="34.03708" lon="-118.364"/>
   <point lat="34.03914" lon="-118.35999"/>
   <point lat="34.04021" lon="-118.3579"/>
   <point lat="34.04101" lon="-118.35662"/>
   <point lat="34.04113" lon="-118.35638"/>
   <point lat="34.0412" lon="-118.35625"/>
   <point lat="34.04132" lon="-118.35593"/>
   <point lat="34.04136" lon="-118.35579"/>
   <point lat="34.04141" lon="-118.35557"/>
   <point lat="34.04143" lon="-118.35544"/>
   <point lat="34.04145" lon="-118.35528"/>
   <point lat="34.0414699" lon="-118.35498"/>
   <point lat="34.04146" lon="-118.35487"/>
   <point lat="34.04146" lon="-118.3548"/>
   <point lat="34.04143" lon="-118.35439"/>
   <point lat="34.04136" lon="-118.3539"/>
   <point lat="34.04133" lon="-118.35376"/>
   <point lat="34.04111" lon="-118.353"/>
   <point lat="34.04108" lon="-118.35171"/>
   <point lat="34.04071" lon="-118.34985"/>
   <point lat="34.04031" lon="-118.34776"/>
  </path>
  <path>
   <point lat="34.04058" lon="-118.34777"/>
   <point lat="34.0408199" lon="-118.34966"/>
   <point lat="34.04098" lon="-118.34996"/>
   <point lat="34.0413799" lon="-118.35312"/>
   <point lat="34.04146" lon="-118.3548"/>
   <point lat="34.04146" lon="-118.35487"/>
   <point lat="34.0414699" lon="-118.35498"/>
   <point lat="34.04145" lon="-118.35528"/>
   <point lat="34.04143" lon="-118.35544"/>
   <point lat="34.04141" lon="-118.35557"/>
   <point lat="34.04136" lon="-118.35579"/>
   <point lat="34.04132" lon="-118.35593"/>
   <point lat="34.0412" lon="-118.35625"/>
   <point lat="34.04113" lon="-118.35638"/>
   <point lat="34.04069" lon="-118.35753"/>
   <point lat="34.03934" lon="-118.36017"/>
   <point lat="34.03728" lon="-118.36418"/>
  </path>
  <path>
   <point lat="34.03528" lon="-118.36907"/>
   <point lat="34.0356" lon="-118.36841"/>
   <point lat="34.03538" lon="-118.36781"/>
   <point lat="34.03517" lon="-118.36822"/>
   <point lat="34.03511" lon="-118.36836"/>
   <point lat="34.03499" lon="-118.36861"/>
   <point lat="34.03465" lon="-118.36937"/>
   <point lat="34.03466" lon="-118.36948"/>
   <point lat="34.03468" lon="-118.36952"/>
   <point lat="34.03472" lon="-118.36958"/>
   <point lat="34.03478" lon="-118.36961"/>
   <point lat="34.03492" lon="-118.36964"/>
   <point lat="34.0351799" lon="-118.36952"/>
   <point lat="34.03534" lon="-118.36944"/>
   <point lat="34.03549" lon="-118.36938"/>
   <point lat="34.03567" lon="-118.36913"/>
   <point lat="34.0356" lon="-118.36841"/>
   <point lat="34.03538" lon="-118.36781"/>
   <point lat="34.03579" lon="-118.36655"/>
   <point lat="34.03708" lon="-118.364"/>
  </path>
  <path>
   <point lat="34.03463" lon="-118.27225"/>
   <point lat="34.03635" lon="-118.27603"/>
   <point lat="34.03695" lon="-118.27734"/>
   <point lat="34.0385599" lon="-118.28093"/>
   <point lat="34.0398" lon="-118.28362"/>
   <point lat="34.03998" lon="-118.28437"/>
   <point lat="34.04016" lon="-118.28745"/>
   <point lat="34.04014" lon="-118.29189"/>
  </path>
  <path>
   <point lat="34.03982" lon="-118.30866"/>
   <point lat="34.03984" lon="-118.30445"/>
   <point lat="34.03985" lon="-118.30049"/>
   <point lat="34.03987" lon="-118.29637"/>
   <point lat="34.03989" lon="-118.29123"/>
  </path>
  <path>
   <point lat="34.04014" lon="-118.29189"/>
   <point lat="34.04012" lon="-118.29605"/>
   <point lat="34.04011" lon="-118.30016"/>
   <point lat="34.04009" lon="-118.30413"/>
   <point lat="34.04008" lon="-118.30874"/>
  </path>
  <path>
   <point lat="34.0341499" lon="-118.27181"/>
   <point lat="34.03327" lon="-118.26994"/>
   <point lat="34.03244" lon="-118.26809"/>
   <point lat="34.03154" lon="-118.2657"/>
   <point lat="34.03194" lon="-118.26521"/>
   <point lat="34.0339699" lon="-118.26354"/>
  </path>
  <path>
   <point lat="34.03728" lon="-118.36418"/>
   <point lat="34.03587" lon="-118.367"/>
   <point lat="34.03482" lon="-118.36929"/>
   <point lat="34.03492" lon="-118.36964"/>
   <point lat="34.03528" lon="-118.36907"/>
  </path>
  <path>
   <point lat="34.03989" lon="-118.29123"/>
   <point lat="34.03991" lon="-118.28788"/>
   <point lat="34.03982" lon="-118.2843"/>
   <point lat="34.03976" lon="-118.28384"/>
   <point lat="34.0384699" lon="-118.28136"/>
   <point lat="34.03691" lon="-118.27791"/>
   <point lat="34.03582" lon="-118.2755"/>
   <point lat="34.0341499" lon="-118.27181"/>
  </path>
  <path>
   <point lat="34.0339699" lon="-118.26354"/>
   <point lat="34.03486" lon="-118.263"/>
   <point lat="34.0343" lon="-118.26201"/>
   <point lat="34.03289" lon="-118.26315"/>
   <point lat="34.03346" lon="-118.26413"/>
   <point lat="34.03178" lon="-118.26569"/>
   <point lat="34.0319999" lon="-118.26672"/>
   <point lat="34.03238" lon="-118.26725"/>
   <point lat="34.0331199" lon="-118.26885"/>
   <point lat="34.03418" lon="-118.27124"/>
   <point lat="34.03463" lon="-118.27225"/>
  </path>
  <path>
   <point lat="34.04289" lon="-118.2482"/>
   <point lat="34.04265" lon="-118.24784"/>
   <point lat="34.04228" lon="-118.24817"/>
   <point lat="34.04193" lon="-118.24853"/>
   <point lat="34.04195" lon="-118.24856"/>
   <point lat="34.04245" lon="-118.24904"/>
   <point lat="34.04327" lon="-118.25044"/>
   <point lat="34.04389" lon="-118.25109"/>
   <point lat="34.04453" lon="-118.25231"/>
   <point lat="34.0448499" lon="-118.25282"/>
   <point lat="34.0452299" lon="-118.25339"/>
   <point lat="34.0432" lon="-118.25544"/>
  </path>
  <path>
   <point lat="34.0432" lon="-118.25544"/>
   <point lat="34.0412899" lon="-118.25704"/>
   <point lat="34.04102" lon="-118.25726"/>
   <point lat="34.04092" lon="-118.25738"/>
   <point lat="34.04063" lon="-118.25775"/>
   <point lat="34.04002" lon="-118.25847"/>
   <point lat="34.03982" lon="-118.25898"/>
   <point lat="34.03803" lon="-118.26057"/>
   <point lat="34.03437" lon="-118.26359"/>
   <point lat="34.03178" lon="-118.26569"/>
   <point lat="34.0319999" lon="-118.26672"/>
   <point lat="34.03238" lon="-118.26725"/>
   <point lat="34.0331199" lon="-118.26885"/>
   <point lat="34.03418" lon="-118.27124"/>
   <point lat="34.03463" lon="-118.27225"/>
  </path>
 </route>
</body>