<?xml version="1.0" encoding="utf-8"?>
<body copyright="All data copyright Los Angeles Metro 2022.">
 <route color="f75d00" latMax="34.07391" latMin="33.9274399" lonMax="-118.19676" lonMin="-118.2827399" oppositeColor="000000" tag="45" title="45 Lincoln Heights-Dtwn LA-Harbr Fwy St">
  <stop lat="34.0311899" lon="-118.26575" stopId="00483" tag="483" title="Broadway / Washington"/>
  <stop lat="34.0734299" lon="-118.21792" stopId="00484" tag="484" title="Broadway / Avenue 22"/>
  <stop lat="34.0430399" lon="-118.2552" stopId="01248" tag="1248" title="Broadway / 8th"/>
  <stop lat="33.9307799" lon="-118.28244" stopId="02323" tag="2323" title="Figueroa / Imperial"/>
  <stop lat="34.06215" lon="-118.2382199" stopId="03411" tag="3411" title="Broadway / Alpine"/>
  <stop lat="34.0666699" lon="-118.23575" stopId="03413" tag="3413" title="Broadway / Bernard"/>
  <stop lat="34.0686599" lon="-118.23336" stopId="03414" tag="3414" title="Broadway / Bishops"/>
  <stop lat="34.06508" lon="-118.2367199" stopId="03416" tag="3416" title="Broadway / Chinatown"/>
  <stop lat="34.07351" lon="-118.2153799" stopId="03417" tag="3417" title="Broadway / Daly"/>
  <stop lat="34.0736199" lon="-118.20794" stopId="03418" tag="3418" title="Broadway / Eastlake"/>
  <stop lat="34.0735699" lon="-118.21187" stopId="03420" tag="3420" title="Broadway / Griffin"/>
  <stop lat="34.06017" lon="-118.2392299" stopId="03421" tag="3421" title="Broadway / Ord"/>
  <stop lat="34.07166" lon="-118.22292" stopId="03423" tag="3423" title="Broadway / Avenue 18"/>
  <stop lat="34.0724499" lon="-118.2202" stopId="03424" tag="3424" title="Broadway / Avenue 20"/>
  <stop lat="34.07083" lon="-118.2301399" stopId="03426" tag="3426" title="Broadway / Solano"/>
  <stop lat="34.0736399" lon="-118.20537" stopId="03427" tag="3427" title="Broadway / Thomas"/>
  <stop lat="34.0638499" lon="-118.23737" stopId="03429" tag="3429" title="Broadway / College"/>
  <stop lat="34.0339699" lon="-118.26354" stopId="04756" tag="4756" title="Broadway / Venice"/>
  <stop lat="33.94174" lon="-118.27796" stopId="04758" tag="4758" title="Broadway / 104th"/>
  <stop lat="33.93809" lon="-118.27794" stopId="04760" tag="4760" title="Broadway / 108th"/>
  <stop lat="33.9354499" lon="-118.27795" stopId="04761" tag="4761" title="Broadway / 110th"/>
  <stop lat="34.03826" lon="-118.2599899" stopId="04766" tag="4766" title="Broadway / 12th"/>
  <stop lat="34.0539699" lon="-118.245" stopId="04767" tag="4767" title="Broadway / 1st"/>
  <stop lat="34.02923" lon="-118.2670499" stopId="04768" tag="4768" title="Broadway / 21st"/>
  <stop lat="34.02237" lon="-118.2715099" stopId="04772" tag="4772" title="Broadway / 30th"/>
  <stop lat="34.0072" lon="-118.2781999" stopId="04778" tag="4778" title="Broadway / 42nd"/>
  <stop lat="33.9999099" lon="-118.27817" stopId="04780" tag="4780" title="Broadway / 47th"/>
  <stop lat="33.9984699" lon="-118.2781699" stopId="04781" tag="4781" title="Broadway / 49th"/>
  <stop lat="33.99664" lon="-118.27816" stopId="04783" tag="4783" title="Broadway / 51st"/>
  <stop lat="33.99348" lon="-118.27815" stopId="04784" tag="4784" title="Broadway / 54th"/>
  <stop lat="33.98589" lon="-118.2781399" stopId="04786" tag="4786" title="Broadway / 59th"/>
  <stop lat="34.04819" lon="-118.2504699" stopId="04787" tag="4787" title="Broadway / 5th"/>
  <stop lat="33.97751" lon="-118.2781499" stopId="04789" tag="4789" title="Broadway / 69th"/>
  <stop lat="33.97067" lon="-118.27814" stopId="04792" tag="4792" title="Broadway / 76th"/>
  <stop lat="33.9677499" lon="-118.2781399" stopId="04793" tag="4793" title="Broadway / 79th"/>
  <stop lat="33.9658299" lon="-118.2781199" stopId="04801" tag="4801" title="Broadway / 81st"/>
  <stop lat="33.9640399" lon="-118.2781099" stopId="04802" tag="4802" title="Broadway / 83rd"/>
  <stop lat="33.9570499" lon="-118.2780499" stopId="04804" tag="4804" title="Broadway / 88th"/>
  <stop lat="33.95448" lon="-118.27804" stopId="04806" tag="4806" title="Broadway / 90th"/>
  <stop lat="33.9530899" lon="-118.27804" stopId="04807" tag="4807" title="Broadway / 92nd"/>
  <stop lat="34.02516" lon="-118.2696999" stopId="04810" tag="4810" title="Broadway / Adams"/>
  <stop lat="33.9453699" lon="-118.27797" stopId="04811" tag="4811" title="Broadway / Century"/>
  <stop lat="33.9489999" lon="-118.27796" stopId="04812" tag="4812" title="Broadway / Colden"/>
  <stop lat="33.98273" lon="-118.27814" stopId="04814" tag="4814" title="Broadway / Gage"/>
  <stop lat="33.9595499" lon="-118.27807" stopId="04817" tag="4817" title="Broadway / Manchester"/>
  <stop lat="34.0414899" lon="-118.25665" stopId="04818" tag="4818" title="Broadway / Olympic"/>
  <stop lat="33.9888699" lon="-118.27813" stopId="04820" tag="4820" title="Broadway / Slauson"/>
  <stop lat="33.9286099" lon="-118.28244" stopId="04987" tag="4987" title="Figueroa / Harbor Fwy Station"/>
  <stop lat="33.9274399" lon="-118.28217" stopId="05079" tag="5079" title="Figueroa / 117th Layover"/>
  <stop lat="34.05694" lon="-118.2422099" stopId="11900" tag="11900" title="Broadway / Arcadia"/>
  <stop lat="34.0582799" lon="-118.24023" stopId="11903" tag="11903" title="Broadway / Cesar E Chavez"/>
  <stop lat="34.0739099" lon="-118.20506" tag="11915_ar" title="Broadway / Thomas"/>
  <stop lat="34.0703199" lon="-118.19924" stopId="12285" tag="12285" title="Mission / Baldwin"/>
  <stop lat="34.0737299" lon="-118.19676" stopId="12289" tag="12289" title="Mission / Broadway"/>
  <stop lat="34.0510999" lon="-118.24771" stopId="13227" tag="13227" title="Broadway / 3rd"/>
  <stop lat="34.0163299" lon="-118.2754" stopId="13234" tag="13234" title="Broadway / 36th"/>
  <stop lat="34.0141799" lon="-118.27677" stopId="13235" tag="13235" title="Broadway / 38th"/>
  <stop lat="34.0455099" lon="-118.25293" stopId="16947" tag="16947" title="Broadway / 7th"/>
  <stop lat="33.9312999" lon="-118.27814" stopId="16979" tag="16979" title="Broadway / Imperial"/>
  <stop lat="34.0373299" lon="-118.26081" stopId="19023" tag="19023" title="Broadway / Pico"/>
  <stop lat="34.01935" lon="-118.2734799" stopId="19025" tag="19025" title="Broadway / Jefferson"/>
  <stop lat="34.0040799" lon="-118.27819" stopId="19027" tag="19027" title="Broadway / Vernon"/>
  <stop lat="33.9744899" lon="-118.27814" stopId="19029" tag="19029" title="Broadway / Florence"/>
  <stop lat="34.0113599" lon="-118.27818" stopId="25400181" tag="25400181" title="Broadway / Martin Luther King Jr"/>
  <stop lat="34.07391" lon="-118.2053999" stopId="00644" tag="644" title="Broadway / Thomas"/>
  <stop lat="34.04039" lon="-118.2570499" stopId="01604" tag="1604" title="Main / Olympic"/>
  <stop lat="34.0510299" lon="-118.24635" stopId="03102" tag="3102" title="Spring / 2nd"/>
  <stop lat="34.0721099" lon="-118.2238399" stopId="04330" tag="4330" title="Broadway / Pasadena"/>
  <stop lat="34.01642" lon="-118.2756999" stopId="04774" tag="4774" title="Broadway / 36th"/>
  <stop lat="34.0143099" lon="-118.27704" stopId="04775" tag="4775" title="Broadway / 38th"/>
  <stop lat="33.9311799" lon="-118.27849" stopId="04815" tag="4815" title="Broadway / Imperial"/>
  <stop lat="33.9274399" lon="-118.28217" tag="5079_ar" title="Figueroa / 117th Layover"/>
  <stop lat="34.06531" lon="-118.2369999" stopId="09064" tag="9064" title="Broadway / Chinatown"/>
  <stop lat="34.01084" lon="-118.2785099" stopId="09066" tag="9066" title="Broadway / Martin Luther King Jr"/>
  <stop lat="34.0737299" lon="-118.21768" stopId="09072" tag="9072" title="Broadway / Avenue 22"/>
  <stop lat="33.9283399" lon="-118.2827399" stopId="10439" tag="10439" title="Figueroa / Harbor Fwy C Line (Green) Sta"/>
  <stop lat="34.0625099" lon="-118.23837" stopId="11899" tag="11899" title="Broadway / Alpine"/>
  <stop lat="34.06694" lon="-118.2359099" stopId="11901" tag="11901" title="Broadway / Bernard"/>
  <stop lat="34.0690199" lon="-118.23327" stopId="11902" tag="11902" title="Broadway / Bishops"/>
  <stop lat="34.07377" lon="-118.2153899" stopId="11905" tag="11905" title="Broadway / Daly"/>
  <stop lat="34.0738799" lon="-118.20762" stopId="11906" tag="11906" title="Broadway / Eastlake"/>
  <stop lat="34.0738499" lon="-118.21213" stopId="11908" tag="11908" title="Broadway / Griffin"/>
  <stop lat="34.0605199" lon="-118.23938" stopId="11909" tag="11909" title="Broadway / Ord"/>
  <stop lat="34.07179" lon="-118.22239" stopId="11911" tag="11911" title="Broadway / Avenue 18"/>
  <stop lat="34.07281" lon="-118.2200499" stopId="11912" tag="11912" title="Broadway / Avenue 20"/>
  <stop lat="34.0713299" lon="-118.22976" stopId="11914" tag="11914" title="Broadway / Solano"/>
  <stop lat="34.0739099" lon="-118.20506" stopId="11915" tag="11915" title="Broadway / Thomas"/>
  <stop lat="34.0641799" lon="-118.23754" stopId="11918" tag="11918" title="Broadway / College"/>
  <stop lat="34.0550999" lon="-118.24254" stopId="12411" tag="12411" title="Spring / Temple"/>
  <stop lat="34.0343699" lon="-118.26359" stopId="13215" tag="13215" title="Broadway / Venice"/>
  <stop lat="33.94206" lon="-118.27852" stopId="13217" tag="13217" title="Broadway / 104th"/>
  <stop lat="33.9384099" lon="-118.2785199" stopId="13219" tag="13219" title="Broadway / 108th"/>
  <stop lat="33.93578" lon="-118.27851" stopId="13220" tag="13220" title="Broadway / 110th"/>
  <stop lat="34.0380299" lon="-118.26057" stopId="13226" tag="13226" title="Broadway / 12th"/>
  <stop lat="34.0295999" lon="-118.26715" stopId="13228" tag="13228" title="Broadway / 21st"/>
  <stop lat="34.02245" lon="-118.2717999" stopId="13232" tag="13232" title="Broadway / 30th"/>
  <stop lat="34.00757" lon="-118.27851" stopId="13238" tag="13238" title="Broadway / 42nd"/>
  <stop lat="34.0002999" lon="-118.2784799" stopId="13240" tag="13240" title="Broadway / 47th"/>
  <stop lat="33.9984199" lon="-118.2784699" stopId="13241" tag="13241" title="Broadway / 49th"/>
  <stop lat="33.9963699" lon="-118.2784599" stopId="13243" tag="13243" title="Broadway / 51st"/>
  <stop lat="33.9935099" lon="-118.2784499" stopId="13244" tag="13244" title="Broadway / 54th"/>
  <stop lat="33.98616" lon="-118.2784399" stopId="13246" tag="13246" title="Broadway / 59th"/>
  <stop lat="33.97751" lon="-118.27845" stopId="13250" tag="13250" title="Broadway / 69th"/>
  <stop lat="33.97095" lon="-118.27845" stopId="13253" tag="13253" title="Broadway / 76th"/>
  <stop lat="33.96803" lon="-118.27844" stopId="13254" tag="13254" title="Broadway / 79th"/>
  <stop lat="33.9660999" lon="-118.2784299" stopId="13260" tag="13260" title="Broadway / 81st"/>
  <stop lat="33.96432" lon="-118.27841" stopId="13261" tag="13261" title="Broadway / 83rd"/>
  <stop lat="33.95753" lon="-118.27836" stopId="13263" tag="13263" title="Broadway / 88th"/>
  <stop lat="33.9552499" lon="-118.27835" stopId="13265" tag="13265" title="Broadway / 90th"/>
  <stop lat="33.9529699" lon="-118.27839" stopId="13266" tag="13266" title="Broadway / 92nd"/>
  <stop lat="34.0255799" lon="-118.26976" stopId="13270" tag="13270" title="Broadway / Adams"/>
  <stop lat="33.9493299" lon="-118.27854" stopId="13272" tag="13272" title="Broadway / Colden"/>
  <stop lat="33.98254" lon="-118.2784499" stopId="13274" tag="13274" title="Broadway / Gage"/>
  <stop lat="33.9602899" lon="-118.27838" stopId="13277" tag="13277" title="Broadway / Manchester"/>
  <stop lat="33.98937" lon="-118.27843" stopId="13281" tag="13281" title="Broadway / Slauson"/>
  <stop lat="34.0039699" lon="-118.27849" stopId="13282" tag="13282" title="Broadway / Vernon"/>
  <stop lat="33.9307299" lon="-118.2827399" stopId="13469" tag="13469" title="Figueroa / Imperial"/>
  <stop lat="34.0444" lon="-118.2525599" stopId="13974" tag="13974" title="Spring / 7th"/>
  <stop lat="34.04246" lon="-118.2543099" stopId="13977" tag="13977" title="Spring / 9th"/>
  <stop lat="34.0573099" lon="-118.2405" stopId="14694" tag="14694" title="Spring / Cesar E Chavez"/>
  <stop lat="33.9744099" lon="-118.27845" stopId="15979" tag="15979" title="Broadway / Florence"/>
  <stop lat="34.0485" lon="-118.2487199" stopId="16952" tag="16952" title="Spring / 4th"/>
  <stop lat="33.9450099" lon="-118.27854" stopId="19010" tag="19010" title="Broadway / Century"/>
  <stop lat="34.01898" lon="-118.2740499" stopId="19014" tag="19014" title="Broadway / Jefferson"/>
  <stop lat="34.0313599" lon="-118.26599" stopId="19015" tag="19015" title="Broadway / Washington"/>
  <direction name="North" tag="45_604_0" title="North to Lincoln Heights" useForUI="true">
   <stop tag="5079"/>
   <stop tag="4987"/>
   <stop tag="2323"/>
   <stop tag="16979"/>
   <stop tag="4761"/>
   <stop tag="4760"/>
   <stop tag="4758"/>
   <stop tag="4811"/>
   <stop tag="4812"/>
   <stop tag="4807"/>
   <stop tag="4806"/>
   <stop tag="4804"/>
   <stop tag="4817"/>
   <stop tag="4802"/>
   <stop tag="4801"/>
   <stop tag="4793"/>
   <stop tag="4792"/>
   <stop tag="19029"/>
   <stop tag="4789"/>
   <stop tag="4814"/>
   <stop tag="4786"/>
   <stop tag="4820"/>
   <stop tag="4784"/>
   <stop tag="4783"/>
   <stop tag="4781"/>
   <stop tag="4780"/>
   <stop tag="19027"/>
   <stop tag="4778"/>
   <stop tag="25400181"/>
   <stop tag="13235"/>
   <stop tag="13234"/>
   <stop tag="19025"/>
   <stop tag="4772"/>
   <stop tag="4810"/>
   <stop tag="4768"/>
   <stop tag="483"/>
   <stop tag="4756"/>
   <stop tag="19023"/>
   <stop tag="4766"/>
   <stop tag="4818"/>
   <stop tag="1248"/>
   <stop tag="16947"/>
   <stop tag="4787"/>
   <stop tag="13227"/>
   <stop tag="4767"/>
   <stop tag="11900"/>
   <stop tag="11903"/>
   <stop tag="3421"/>
   <stop tag="3411"/>
   <stop tag="3429"/>
   <stop tag="3416"/>
   <stop tag="3413"/>
   <stop tag="3414"/>
   <stop tag="3426"/>
   <stop tag="3423"/>
   <stop tag="3424"/>
   <stop tag="484"/>
   <stop tag="3417"/>
   <stop tag="3420"/>
   <stop tag="3418"/>
   <stop tag="3427"/>
   <stop tag="12289"/>
   <stop tag="12285"/>
   <stop tag="11915_ar"/>
  </direction>
  <direction name="South" tag="45_603_1" title="South to Harbor Fwy Station" useForUI="true">
   <stop tag="11915"/>
   <stop tag="644"/>
   <stop tag="11906"/>
   <stop tag="11908"/>
   <stop tag="11905"/>
   <stop tag="9072"/>
   <stop tag="11912"/>
   <stop tag="11911"/>
   <stop tag="4330"/>
   <stop tag="11914"/>
   <stop tag="11902"/>
   <stop tag="11901"/>
   <stop tag="9064"/>
   <stop tag="11918"/>
   <stop tag="11899"/>
   <stop tag="11909"/>
   <stop tag="14694"/>
   <stop tag="12411"/>
   <stop tag="3102"/>
   <stop tag="16952"/>
   <stop tag="13974"/>
   <stop tag="13977"/>
   <stop tag="1604"/>
   <stop tag="13226"/>
   <stop tag="13215"/>
   <stop tag="19015"/>
   <stop tag="13228"/>
   <stop tag="13270"/>
   <stop tag="13232"/>
   <stop tag="19014"/>
   <stop tag="4774"/>
   <stop tag="4775"/>
   <stop tag="9066"/>
   <stop tag="13238"/>
   <stop tag="13282"/>
   <stop tag="13240"/>
   <stop tag="13241"/>
   <stop tag="13243"/>
   <stop tag="13244"/>
   <stop tag="13281"/>
   <stop tag="13246"/>
   <stop tag="13274"/>
   <stop tag="13250"/>
   <stop tag="15979"/>
   <stop tag="13253"/>
   <stop tag="13254"/>
   <stop tag="13260"/>
   <stop tag="13261"/>
   <stop tag="13277"/>
   <stop tag="13263"/>
   <stop tag="13265"/>
   <stop tag="13266"/>
   <stop tag="13272"/>
   <stop tag="19010"/>
   <stop tag="13217"/>
   <stop tag="13219"/>
   <stop tag="13220"/>
   <stop tag="4815"/>
   <stop tag="13469"/>
   <stop tag="10439"/>
   <stop tag="5079_ar"/>
  </direction>
  <path>
   <point lat="34.06418" lon="-118.23754"/>
   <point lat="34.06251" lon="-118.23837"/>
   <point lat="34.0605199" lon="-118.23938"/>
   <point lat="34.0585499" lon="-118.24021"/>
   <point lat="34.05833" lon="-118.23975"/>
   <point lat="34.05828" lon="-118.23958"/>
   <point lat="34.05826" lon="-118.23949"/>
   <point lat="34.05807" lon="-118.23965"/>
   <point lat="34.05788" lon="-118.23984"/>
   <point lat="34.05731" lon="-118.2405"/>
  </path>
  <path>
   <point lat="34.06385" lon="-118.23737"/>
   <point lat="34.06508" lon="-118.23672"/>
   <point lat="34.06667" lon="-118.23575"/>
   <point lat="34.06729" lon="-118.23535"/>
   <point lat="34.06866" lon="-118.23336"/>
   <point lat="34.06949" lon="-118.23235"/>
   <point lat="34.07083" lon="-118.23014"/>
   <point lat="34.07112" lon="-118.22991"/>
   <point lat="34.07119" lon="-118.22971"/>
   <point lat="34.0712199" lon="-118.2296"/>
   <point lat="34.07162" lon="-118.22786"/>
   <point lat="34.0716899" lon="-118.2275"/>
   <point lat="34.07174" lon="-118.22731"/>
   <point lat="34.07177" lon="-118.22715"/>
   <point lat="34.07186" lon="-118.22605"/>
   <point lat="34.0718699" lon="-118.22597"/>
   <point lat="34.0719" lon="-118.22555"/>
   <point lat="34.072" lon="-118.2244"/>
   <point lat="34.072" lon="-118.22436"/>
   <point lat="34.07202" lon="-118.22423"/>
   <point lat="34.07196" lon="-118.22365"/>
   <point lat="34.07166" lon="-118.22292"/>
   <point lat="34.07213" lon="-118.22127"/>
   <point lat="34.07245" lon="-118.2202"/>
   <point lat="34.07343" lon="-118.21792"/>
  </path>
  <path>
   <point lat="33.95955" lon="-118.27807"/>
   <point lat="33.96404" lon="-118.27811"/>
   <point lat="33.9658299" lon="-118.27812"/>
   <point lat="33.96775" lon="-118.27814"/>
   <point lat="33.97067" lon="-118.27814"/>
   <point lat="33.97449" lon="-118.27814"/>
  </path>
  <path>
   <point lat="34.05397" lon="-118.245"/>
   <point lat="34.05694" lon="-118.24221"/>
   <point lat="34.05775" lon="-118.24138"/>
   <point lat="34.05828" lon="-118.24023"/>
  </path>
  <path>
   <point lat="34.00408" lon="-118.27819"/>
   <point lat="34.0072" lon="-118.2782"/>
   <point lat="34.01136" lon="-118.27818"/>
   <point lat="34.01185" lon="-118.27836"/>
   <point lat="34.012" lon="-118.27834"/>
   <point lat="34.01262" lon="-118.27796"/>
   <point lat="34.01418" lon="-118.27677"/>
   <point lat="34.01577" lon="-118.27594"/>
   <point lat="34.01633" lon="-118.2754"/>
   <point lat="34.01935" lon="-118.27348"/>
   <point lat="34.02237" lon="-118.27151"/>
   <point lat="34.02516" lon="-118.2697"/>
   <point lat="34.02923" lon="-118.26705"/>
   <point lat="34.03119" lon="-118.26575"/>
  </path>
  <path>
   <point lat="34.03136" lon="-118.26599"/>
   <point lat="34.0296" lon="-118.26715"/>
   <point lat="34.02558" lon="-118.26976"/>
   <point lat="34.02245" lon="-118.2718"/>
   <point lat="34.01898" lon="-118.27405"/>
   <point lat="34.0164199" lon="-118.2757"/>
   <point lat="34.01431" lon="-118.27704"/>
   <point lat="34.012" lon="-118.27834"/>
   <point lat="34.01084" lon="-118.27851"/>
   <point lat="34.00757" lon="-118.27851"/>
   <point lat="34.00397" lon="-118.27849"/>
  </path>
  <path>
   <point lat="34.04551" lon="-118.25293"/>
   <point lat="34.04819" lon="-118.25047"/>
   <point lat="34.0511" lon="-118.24771"/>
   <point lat="34.05397" lon="-118.245"/>
   <point lat="34.05694" lon="-118.24221"/>
   <point lat="34.05775" lon="-118.24138"/>
   <point lat="34.05828" lon="-118.24023"/>
  </path>
  <path>
   <point lat="33.97449" lon="-118.27814"/>
   <point lat="33.97751" lon="-118.27815"/>
   <point lat="33.9827299" lon="-118.27814"/>
   <point lat="33.98589" lon="-118.27814"/>
   <point lat="33.98887" lon="-118.27813"/>
   <point lat="33.99348" lon="-118.27815"/>
   <point lat="33.99664" lon="-118.27816"/>
   <point lat="33.99847" lon="-118.27817"/>
   <point lat="33.99991" lon="-118.27817"/>
   <point lat="34.00408" lon="-118.27819"/>
  </path>
  <path>
   <point lat="33.9453699" lon="-118.27797"/>
   <point lat="33.949" lon="-118.27796"/>
   <point lat="33.95215" lon="-118.27811"/>
   <point lat="33.95309" lon="-118.27804"/>
   <point lat="33.9544799" lon="-118.27804"/>
   <point lat="33.95705" lon="-118.27805"/>
   <point lat="33.95955" lon="-118.27807"/>
  </path>
  <path>
   <point lat="34.07391" lon="-118.20506"/>
   <point lat="34.07391" lon="-118.2054"/>
   <point lat="34.07388" lon="-118.20762"/>
   <point lat="34.07385" lon="-118.21213"/>
   <point lat="34.07377" lon="-118.21539"/>
   <point lat="34.07362" lon="-118.21695"/>
   <point lat="34.07373" lon="-118.21768"/>
  </path>
  <path>
   <point lat="33.92744" lon="-118.28217"/>
   <point lat="33.92737" lon="-118.28258"/>
   <point lat="33.92766" lon="-118.28259"/>
   <point lat="33.92861" lon="-118.28244"/>
   <point lat="33.9294" lon="-118.2826"/>
   <point lat="33.93078" lon="-118.28244"/>
   <point lat="33.93103" lon="-118.28217"/>
   <point lat="33.93101" lon="-118.27825"/>
   <point lat="33.9313" lon="-118.27814"/>
   <point lat="33.9318" lon="-118.27845"/>
   <point lat="33.93184" lon="-118.27846"/>
   <point lat="33.93197" lon="-118.27848"/>
   <point lat="33.932" lon="-118.27849"/>
   <point lat="33.93211" lon="-118.27849"/>
   <point lat="33.93226" lon="-118.27848"/>
   <point lat="33.93241" lon="-118.27845"/>
   <point lat="33.9326099" lon="-118.2784"/>
   <point lat="33.93279" lon="-118.27835"/>
   <point lat="33.93545" lon="-118.27795"/>
   <point lat="33.93809" lon="-118.27794"/>
   <point lat="33.94174" lon="-118.27796"/>
   <point lat="33.9453699" lon="-118.27797"/>
  </path>
  <path>
   <point lat="34.05828" lon="-118.24023"/>
   <point lat="34.06017" lon="-118.23923"/>
   <point lat="34.06215" lon="-118.23822"/>
   <point lat="34.06385" lon="-118.23737"/>
  </path>
  <path>
   <point lat="33.96029" lon="-118.27838"/>
   <point lat="33.95753" lon="-118.27836"/>
   <point lat="33.95525" lon="-118.27835"/>
   <point lat="33.95297" lon="-118.27839"/>
   <point lat="33.94933" lon="-118.27854"/>
   <point lat="33.94501" lon="-118.27854"/>
  </path>
  <path>
   <point lat="34.03119" lon="-118.26575"/>
   <point lat="34.03154" lon="-118.2657"/>
   <point lat="34.0327399" lon="-118.26472"/>
   <point lat="34.0339699" lon="-118.26354"/>
   <point lat="34.03733" lon="-118.26081"/>
   <point lat="34.03826" lon="-118.25999"/>
   <point lat="34.04063" lon="-118.25775"/>
   <point lat="34.04149" lon="-118.25665"/>
   <point lat="34.04304" lon="-118.2552"/>
   <point lat="34.04551" lon="-118.25293"/>
  </path>
  <path>
   <point lat="34.03119" lon="-118.26575"/>
   <point lat="34.0327399" lon="-118.26472"/>
   <point lat="34.0339699" lon="-118.26354"/>
  </path>
  <path>
   <point lat="33.97441" lon="-118.27845"/>
   <point lat="33.97095" lon="-118.27845"/>
   <point lat="33.96803" lon="-118.27844"/>
   <point lat="33.9661" lon="-118.27843"/>
   <point lat="33.96432" lon="-118.27841"/>
   <point lat="33.96029" lon="-118.27838"/>
  </path>
  <path>
   <point lat="34.00397" lon="-118.27849"/>
   <point lat="34.0003" lon="-118.27848"/>
   <point lat="33.99842" lon="-118.27847"/>
   <point lat="33.99637" lon="-118.27846"/>
   <point lat="33.99351" lon="-118.27845"/>
   <point lat="33.98937" lon="-118.27843"/>
   <point lat="33.98616" lon="-118.27844"/>
   <point lat="33.98254" lon="-118.27845"/>
   <point lat="33.97751" lon="-118.27845"/>
   <point lat="33.97441" lon="-118.27845"/>
  </path>
  <path>
   <point lat="34.05731" lon="-118.2405"/>
   <point lat="34.05664" lon="-118.24099"/>
   <point lat="34.0551" lon="-118.24254"/>
   <point lat="34.05103" lon="-118.24635"/>
   <point lat="34.0485" lon="-118.24872"/>
   <point lat="34.0444" lon="-118.25256"/>
  </path>
  <path>
   <point lat="34.03437" lon="-118.26359"/>
   <point lat="34.03154" lon="-118.2657"/>
   <point lat="34.03136" lon="-118.26599"/>
  </path>
  <path>
   <point lat="34.0444" lon="-118.25256"/>
   <point lat="34.04246" lon="-118.25431"/>
   <point lat="34.04171" lon="-118.2548"/>
   <point lat="34.04159" lon="-118.25497"/>
   <point lat="34.04122" lon="-118.25558"/>
   <point lat="34.04039" lon="-118.25705"/>
   <point lat="34.0398" lon="-118.25756"/>
   <point lat="34.03908" lon="-118.25814"/>
   <point lat="34.03961" lon="-118.25899"/>
   <point lat="34.03955" lon="-118.25904"/>
   <point lat="34.03925" lon="-118.25932"/>
   <point lat="34.0381799" lon="-118.26025"/>
   <point lat="34.03803" lon="-118.26057"/>
   <point lat="34.03437" lon="-118.26359"/>
   <point lat="34.03154" lon="-118.2657"/>
   <point lat="34.03136" lon="-118.26599"/>
  </path>
  <path>
   <point lat="34.0339699" lon="-118.26354"/>
   <point lat="34.03733" lon="-118.26081"/>
   <point lat="34.03826" lon="-118.25999"/>
   <point lat="34.04063" lon="-118.25775"/>
   <point lat="34.04149" lon="-118.25665"/>
   <point lat="34.04304" lon="-118.2552"/>
   <point lat="34.04551" lon="-118.25293"/>
   <point lat="34.04819" lon="-118.25047"/>
   <point lat="34.0511" lon="-118.24771"/>
   <point lat="34.05397" lon="-118.245"/>
  </path>
  <path>
   <point lat="34.07343" lon="-118.21792"/>
   <point lat="34.07362" lon="-118.21695"/>
   <point lat="34.07351" lon="-118.21538"/>
   <point lat="34.0735699" lon="-118.21187"/>
   <point lat="34.07362" lon="-118.20794"/>
   <point lat="34.07364" lon="-118.20537"/>
   <point lat="34.07392" lon="-118.1965"/>
   <point lat="34.07373" lon="-118.19676"/>
   <point lat="34.0730099" lon="-118.19712"/>
   <point lat="34.07032" lon="-118.19924"/>
   <point lat="34.06932" lon="-118.20003"/>
   <point lat="34.06919" lon="-118.20016"/>
   <point lat="34.0689" lon="-118.20043"/>
   <point lat="34.06883" lon="-118.20049"/>
   <point lat="34.06871" lon="-118.20064"/>
   <point lat="34.06855" lon="-118.20087"/>
   <point lat="34.06847" lon="-118.201"/>
   <point lat="34.06834" lon="-118.20125"/>
   <point lat="34.06826" lon="-118.20143"/>
   <point lat="34.06779" lon="-118.20241"/>
   <point lat="34.07042" lon="-118.20247"/>
   <point lat="34.07089" lon="-118.20249"/>
   <point lat="34.07203" lon="-118.20251"/>
   <point lat="34.07383" lon="-118.20255"/>
   <point lat="34.07382" lon="-118.20272"/>
   <point lat="34.07391" lon="-118.20506"/>
  </path>
  <path>
   <point lat="34.07373" lon="-118.21768"/>
   <point lat="34.07304" lon="-118.2192"/>
   <point lat="34.0728099" lon="-118.22005"/>
   <point lat="34.07179" lon="-118.22239"/>
   <point lat="34.07182" lon="-118.22293"/>
   <point lat="34.07211" lon="-118.22384"/>
   <point lat="34.0718699" lon="-118.22597"/>
   <point lat="34.07133" lon="-118.22976"/>
   <point lat="34.06949" lon="-118.23235"/>
   <point lat="34.06902" lon="-118.23327"/>
   <point lat="34.06829" lon="-118.23412"/>
   <point lat="34.06694" lon="-118.23591"/>
   <point lat="34.0653099" lon="-118.237"/>
   <point lat="34.06418" lon="-118.23754"/>
  </path>
  <path>
   <point lat="34.05731" lon="-118.2405"/>
   <point lat="34.05664" lon="-118.24099"/>
   <point lat="34.0551" lon="-118.24254"/>
   <point lat="34.05103" lon="-118.24635"/>
   <point lat="34.0485" lon="-118.24872"/>
   <point lat="34.0444" lon="-118.25256"/>
   <point lat="34.04246" lon="-118.25431"/>
   <point lat="34.04171" lon="-118.2548"/>
   <point lat="34.04159" lon="-118.25497"/>
   <point lat="34.04122" lon="-118.25558"/>
   <point lat="34.04039" lon="-118.25705"/>
   <point lat="34.0398" lon="-118.25756"/>
   <point lat="34.03908" lon="-118.25814"/>
   <point lat="34.03961" lon="-118.25899"/>
   <point lat="34.03955" lon="-118.25904"/>
   <point lat="34.03925" lon="-118.25932"/>
   <point lat="34.0381799" lon="-118.26025"/>
   <point lat="34.03803" lon="-118.26057"/>
   <point lat="34.03437" lon="-118.26359"/>
  </path>
  <path>
   <point lat="33.94501" lon="-118.27854"/>
   <point lat="33.94206" lon="-118.27852"/>
   <point lat="33.93841" lon="-118.27852"/>
   <point lat="33.93578" lon="-118.27851"/>
   <point lat="33.93269" lon="-118.2786"/>
   <point lat="33.93118" lon="-118.27849"/>
   <point lat="33.93101" lon="-118.27889"/>
   <point lat="33.9307299" lon="-118.28274"/>
   <point lat="33.9294" lon="-118.2826"/>
   <point lat="33.92834" lon="-118.28274"/>
   <point lat="33.92737" lon="-118.28258"/>
   <point lat="33.92495" lon="-118.28258"/>
   <point lat="33.92465" lon="-118.28259"/>
   <point lat="33.92383" lon="-118.2826"/>
   <point lat="33.92373" lon="-118.28259"/>
   <point lat="33.92373" lon="-118.27824"/>
   <point lat="33.92738" lon="-118.27823"/>
   <point lat="33.92738" lon="-118.28004"/>
   <point lat="33.92737" lon="-118.28044"/>
   <point lat="33.92737" lon="-118.28081"/>
   <point lat="33.92738" lon="-118.28098"/>
   <point lat="33.92738" lon="-118.28123"/>
   <point lat="33.92737" lon="-118.28139"/>
   <point lat="33.92744" lon="-118.28217"/>
  </path>
 </route>
</body>