<?xml version="1.0" encoding="utf-8"?>
<body copyright="All data copyright Los Angeles Metro 2022.">
 <route color="f75d00" latMax="34.0924399" latMin="34.01295" lonMax="-118.2397" lonMin="-118.49987" oppositeColor="000000" tag="4" title="4 Downtown LA - Santa Monica Via Santa">
  <stop lat="34.0581799" lon="-118.2397" stopId="00680" tag="680" title="Cesar E Chavez / New High"/>
  <stop lat="34.09063" lon="-118.3177299" stopId="00871" tag="871" title="Santa Monica / Bronson"/>
  <stop lat="34.0457299" lon="-118.44332" stopId="01298" tag="1298" title="Nebraska / Sepulveda"/>
  <stop lat="34.0924399" lon="-118.28078" stopId="01443" tag="1443" title="Santa Monica / Sanborn"/>
  <stop lat="34.0606199" lon="-118.24408" stopId="02000" tag="2000" title="Cesar E Chavez / Grand"/>
  <stop lat="34.07262" lon="-118.25126" stopId="02421" tag="2421" title="Sunset / Vin Scully - Dodger Stadium"/>
  <stop lat="34.04576" lon="-118.2547699" stopId="02456" tag="2456" title="Hill / 7th"/>
  <stop lat="34.0158299" lon="-118.49987" stopId="04098" tag="4098" title="Ocean / Arizona"/>
  <stop lat="34.0341999" lon="-118.26381" stopId="05129" tag="5129" title="Venice / Broadway"/>
  <stop lat="34.04001" lon="-118.2600999" stopId="05130" tag="5130" title="Hill / 11th"/>
  <stop lat="34.03858" lon="-118.2614199" stopId="05131" tag="5131" title="Hill / 12th"/>
  <stop lat="34.0362599" lon="-118.26342" stopId="05132" tag="5132" title="Hill / 14th"/>
  <stop lat="34.0538099" lon="-118.24723" stopId="05133" tag="5133" title="Hill / 1st"/>
  <stop lat="34.0514999" lon="-118.24942" stopId="05135" tag="5135" title="Hill / 3rd"/>
  <stop lat="34.0443199" lon="-118.25608" stopId="05142" tag="5142" title="Hill / 8th"/>
  <stop lat="34.04146" lon="-118.2587399" stopId="05145" tag="5145" title="Hill / Olympic"/>
  <stop lat="34.09059" lon="-118.32633" stopId="05386" tag="5386" title="Santa Monica / Vine"/>
  <stop lat="34.0906999" lon="-118.29978" stopId="05387" tag="5387" title="Santa Monica / Normandie"/>
  <stop lat="34.06154" lon="-118.4179699" stopId="05917" tag="5917" title="Santa Monica / Avenue Of The Stars"/>
  <stop lat="34.06316" lon="-118.4155999" stopId="05918" tag="5918" title="Santa Monica / Century Park East"/>
  <stop lat="34.0239199" lon="-118.48571" stopId="05974" tag="5974" title="Santa Monica / 14th"/>
  <stop lat="34.0288" lon="-118.4796699" stopId="05977" tag="5977" title="Santa Monica / 20th"/>
  <stop lat="34.03314" lon="-118.4743299" stopId="05979" tag="5979" title="Santa Monica / 26th"/>
  <stop lat="34.07316" lon="-118.4012699" stopId="05985" tag="5985" title="Santa Monica / Crescent"/>
  <stop lat="34.04602" lon="-118.4496699" stopId="05991" tag="5991" title="Santa Monica / Corinth"/>
  <stop lat="34.0906099" lon="-118.3463999" stopId="05995" tag="5995" title="Santa Monica / Formosa"/>
  <stop lat="34.0855499" lon="-118.38277" stopId="06000" tag="6000" title="Santa Monica / Larrabee"/>
  <stop lat="34.0192799" lon="-118.49143" stopId="06001" tag="6001" title="Santa Monica / Lincoln"/>
  <stop lat="34.09072" lon="-118.2980499" stopId="06002" tag="6002" title="Santa Monica / Alexandria"/>
  <stop lat="34.07699" lon="-118.3956999" stopId="06004" tag="6004" title="Santa Monica / Beverly"/>
  <stop lat="34.0700999" lon="-118.40574" stopId="06006" tag="6006" title="Santa Monica / Camden"/>
  <stop lat="34.0906599" lon="-118.36559" stopId="06009" tag="6009" title="Santa Monica / Crescent Heights"/>
  <stop lat="34.09066" lon="-118.35443" stopId="06011" tag="6011" title="Santa Monica / Sierra Bonita"/>
  <stop lat="34.08096" lon="-118.3893999" stopId="06012" tag="6012" title="Santa Monica / Doheny"/>
  <stop lat="34.0907299" lon="-118.29622" stopId="06013" tag="6013" title="Santa Monica / Edgemont"/>
  <stop lat="34.0906999" lon="-118.36172" stopId="06014" tag="6014" title="Santa Monica / Fairfax"/>
  <stop lat="34.0906499" lon="-118.34954" stopId="06015" tag="6015" title="Santa Monica / Fuller"/>
  <stop lat="34.09063" lon="-118.3224299" stopId="06017" tag="6017" title="Santa Monica / Gower"/>
  <stop lat="34.09057" lon="-118.3381899" stopId="06019" tag="6019" title="Santa Monica / Highland"/>
  <stop lat="34.09063" lon="-118.30484" stopId="06020" tag="6020" title="Santa Monica / Hobart"/>
  <stop lat="34.09076" lon="-118.2847399" stopId="06021" tag="6021" title="Santa Monica / Hoover"/>
  <stop lat="34.09058" lon="-118.37189" stopId="06022" tag="6022" title="Santa Monica / Kings"/>
  <stop lat="34.09059" lon="-118.3442999" stopId="06023" tag="6023" title="Santa Monica / La Brea"/>
  <stop lat="34.0828" lon="-118.3867199" stopId="06024" tag="6024" title="Santa Monica / La Peer"/>
  <stop lat="34.0905999" lon="-118.33644" stopId="06025" tag="6025" title="Santa Monica / Las Palmas"/>
  <stop lat="34.09075" lon="-118.28945" stopId="06026" tag="6026" title="Santa Monica / Madison"/>
  <stop lat="34.0905899" lon="-118.3417699" stopId="06028" tag="6028" title="Santa Monica / Orange"/>
  <stop lat="34.0905899" lon="-118.37044" stopId="06031" tag="6031" title="Santa Monica / Sweetzer"/>
  <stop lat="34.0906399" lon="-118.31589" stopId="06032" tag="6032" title="Santa Monica / Van Ness"/>
  <stop lat="34.0907699" lon="-118.29203" stopId="06033" tag="6033" title="Santa Monica / Vermont"/>
  <stop lat="34.09074" lon="-118.2869099" stopId="06034" tag="6034" title="Santa Monica / Virgil"/>
  <stop lat="34.09064" lon="-118.3137299" stopId="06036" tag="6036" title="Santa Monica / Wilton"/>
  <stop lat="34.0512699" lon="-118.43298" stopId="06037" tag="6037" title="Santa Monica / Overland"/>
  <stop lat="34.0437499" lon="-118.45578" stopId="06039" tag="6039" title="Santa Monica / Barrington"/>
  <stop lat="34.0576899" lon="-118.42372" stopId="06040" tag="6040" title="Santa Monica / Beverly Glen"/>
  <stop lat="34.04057" lon="-118.4630399" stopId="06041" tag="6041" title="Santa Monica / Bundy"/>
  <stop lat="34.0558199" lon="-118.42643" stopId="06048" tag="6048" title="Santa Monica / Thayer"/>
  <stop lat="34.0487299" lon="-118.44021" stopId="06049" tag="6049" title="Santa Monica / Veteran"/>
  <stop lat="34.06682" lon="-118.4104899" stopId="06050" tag="6050" title="Santa Monica / Wilshire"/>
  <stop lat="34.09064" lon="-118.35214" stopId="06052" tag="6052" title="Santa Monica / Vista"/>
  <stop lat="34.0591499" lon="-118.42091" stopId="06053" tag="6053" title="Santa Monica / Century Park West"/>
  <stop lat="34.08754" lon="-118.3794499" stopId="06055" tag="6055" title="Santa Monica / Westbourne"/>
  <stop lat="34.05399" lon="-118.4290899" stopId="06057" tag="6057" title="Santa Monica / Westholme"/>
  <stop lat="34.0498699" lon="-118.43622" stopId="06058" tag="6058" title="Santa Monica / Westwood"/>
  <stop lat="34.0906099" lon="-118.33114" stopId="06059" tag="6059" title="Santa Monica / Wilcox"/>
  <stop lat="34.0753699" lon="-118.2544599" stopId="06393" tag="6393" title="Sunset / Portia"/>
  <stop lat="34.0893299" lon="-118.37608" stopId="07946" tag="7946" title="Santa Monica / La Cienega"/>
  <stop lat="34.06541" lon="-118.24946" stopId="07997" tag="7997" title="Sunset / Bellevue"/>
  <stop lat="34.0850999" lon="-118.2748299" stopId="08007" tag="8007" title="Sunset / Descanso"/>
  <stop lat="34.07422" lon="-118.25217" stopId="08009" tag="8009" title="Sunset / Douglas"/>
  <stop lat="34.0767099" lon="-118.25755" stopId="08011" tag="8011" title="Sunset / Echo Park"/>
  <stop lat="34.0909199" lon="-118.2789899" stopId="08021" tag="8021" title="Sunset / Lucile"/>
  <stop lat="34.08979" lon="-118.27711" stopId="08022" tag="8022" title="Sunset / Maltman"/>
  <stop lat="34.06829" lon="-118.25036" stopId="08024" tag="8024" title="Sunset / Marion"/>
  <stop lat="34.0875899" lon="-118.2760199" stopId="08025" tag="8025" title="Sunset / Micheltorena"/>
  <stop lat="34.07744" lon="-118.26377" stopId="08028" tag="8028" title="Sunset / Alvarado"/>
  <stop lat="34.0805499" lon="-118.2705699" stopId="08029" tag="8029" title="Sunset / Benton"/>
  <stop lat="34.07778" lon="-118.2618099" stopId="08030" tag="8030" title="Sunset / Park"/>
  <stop lat="34.0792799" lon="-118.2688499" stopId="08033" tag="8033" title="Sunset / Coronado"/>
  <stop lat="34.0626699" lon="-118.24651" stopId="08040" tag="8040" title="Sunset / Figueroa"/>
  <stop lat="34.07788" lon="-118.2662" stopId="08066" tag="8066" title="Sunset / Rosemont"/>
  <stop lat="34.0551" lon="-118.2425399" stopId="12411" tag="12411" title="Spring / Temple"/>
  <stop lat="34.05044" lon="-118.2504099" stopId="13596" tag="13596" title="Hill / 4th"/>
  <stop lat="34.0486099" lon="-118.25205" stopId="13597" tag="13597" title="Hill / 5th"/>
  <stop lat="34.0472299" lon="-118.25341" stopId="13598" tag="13598" title="Hill / 6th"/>
  <stop lat="34.0166499" lon="-118.49468" stopId="14360" tag="14360" title="Santa Monica / 4th"/>
  <stop lat="34.08666" lon="-118.3810699" stopId="14377" tag="14377" title="Santa Monica / Hancock"/>
  <stop lat="34.0849099" lon="-118.38363" stopId="14378" tag="14378" title="Santa Monica / San Vicente"/>
  <stop lat="34.09069" lon="-118.35758" stopId="14394" tag="14394" title="Santa Monica / Spaulding"/>
  <stop lat="34.0477999" lon="-118.44351" stopId="14424" tag="14424" title="Santa Monica / Sepulveda"/>
  <stop lat="34.0906599" lon="-118.30891" stopId="14436" tag="14436" title="Santa Monica / Western"/>
  <stop lat="34.0334999" lon="-118.26514" tag="14915_ar" title="Terminal 28 - West Lot"/>
  <stop lat="34.03789" lon="-118.2620799" stopId="15599" tag="15599" title="Hill / Pico"/>
  <stop lat="34.0829599" lon="-118.2735299" stopId="17306" tag="17306" title="Sunset / Parkman"/>
  <stop lat="34.09063" lon="-118.3677899" stopId="140928" tag="140928" title="Santa Monica / La Jolla"/>
  <stop lat="34.09089" lon="-118.3177599" stopId="00878" tag="878" title="Santa Monica / Bronson"/>
  <stop lat="34.04304" lon="-118.2551999" stopId="01248" tag="1248" title="Broadway / 8th"/>
  <stop lat="34.0726199" lon="-118.40253" stopId="01296" tag="1296" title="Santa Monica / Canon"/>
  <stop lat="34.06677" lon="-118.4110799" stopId="01297" tag="1297" title="Santa Monica / Wilshire"/>
  <stop lat="34.0457299" lon="-118.44332" tag="1298_ar" title="Nebraska / Sepulveda"/>
  <stop lat="34.0726199" lon="-118.2509199" stopId="02422" tag="2422" title="Sunset / Vin Scully - Dodger Stadium"/>
  <stop lat="34.01404" lon="-118.49773" stopId="04096" tag="4096" title="Ocean / Santa Monica"/>
  <stop lat="34.0158299" lon="-118.49987" tag="4098_ar" title="Ocean / Arizona"/>
  <stop lat="34.0339699" lon="-118.26354" stopId="04756" tag="4756" title="Broadway / Venice"/>
  <stop lat="34.0539699" lon="-118.245" stopId="04767" tag="4767" title="Broadway / 1st"/>
  <stop lat="34.04819" lon="-118.2504699" stopId="04787" tag="4787" title="Broadway / 5th"/>
  <stop lat="34.0414899" lon="-118.25665" stopId="04818" tag="4818" title="Broadway / Olympic"/>
  <stop lat="34.03691" lon="-118.2611499" stopId="04819" tag="4819" title="Broadway / Pico"/>
  <stop lat="34.0776599" lon="-118.26399" stopId="05137" tag="5137" title="Sunset / Alvarado"/>
  <stop lat="34.0149399" lon="-118.4939" stopId="05969" tag="5969" title="Broadway / 4th"/>
  <stop lat="34.0909499" lon="-118.3583499" stopId="06016" tag="6016" title="Santa Monica / Genesee"/>
  <stop lat="34.09085" lon="-118.3389199" stopId="06018" tag="6018" title="Santa Monica / Highland"/>
  <stop lat="34.0472499" lon="-118.4441799" stopId="06042" tag="6042" title="Sepulveda / Santa Monica"/>
  <stop lat="34.0849499" lon="-118.3844" stopId="06045" tag="6045" title="Santa Monica / San Vicente"/>
  <stop lat="34.0909099" lon="-118.30949" stopId="06056" tag="6056" title="Santa Monica / Western"/>
  <stop lat="34.08315" lon="-118.27328" stopId="08591" tag="8591" title="Sunset / Silver Lake"/>
  <stop lat="34.0909599" lon="-118.30109" stopId="08598" tag="8598" title="Santa Monica / Normandie"/>
  <stop lat="34.0588099" lon="-118.2403999" stopId="09221" tag="9221" title="Cesar E Chavez / Broadway"/>
  <stop lat="34.0569399" lon="-118.24221" stopId="11900" tag="11900" title="Broadway / Arcadia"/>
  <stop lat="34.0510999" lon="-118.24771" stopId="13227" tag="13227" title="Broadway / 3rd"/>
  <stop lat="34.0909999" lon="-118.29194" stopId="14349" tag="14349" title="Santa Monica / Vermont"/>
  <stop lat="34.0242999" lon="-118.48569" stopId="14354" tag="14354" title="Santa Monica / 14th"/>
  <stop lat="34.0285899" lon="-118.48036" stopId="14357" tag="14357" title="Santa Monica / 20th"/>
  <stop lat="34.0335099" lon="-118.4743" stopId="14359" tag="14359" title="Santa Monica / 26th"/>
  <stop lat="34.01295" lon="-118.4963999" stopId="14361" tag="14361" title="Broadway / Ocean"/>
  <stop lat="34.06121" lon="-118.4191999" stopId="14363" tag="14363" title="Santa Monica / Avenue Of The Stars"/>
  <stop lat="34.0630299" lon="-118.41647" stopId="14367" tag="14367" title="Santa Monica / Century Park East"/>
  <stop lat="34.04635" lon="-118.4494599" stopId="14369" tag="14369" title="Santa Monica / Corinth"/>
  <stop lat="34.0908599" lon="-118.3465599" stopId="14375" tag="14375" title="Santa Monica / Formosa"/>
  <stop lat="34.0197199" lon="-118.49134" stopId="14379" tag="14379" title="Santa Monica / Lincoln"/>
  <stop lat="34.0909699" lon="-118.29821" stopId="14380" tag="14380" title="Santa Monica / Alexandria"/>
  <stop lat="34.0704699" lon="-118.40568" stopId="14384" tag="14384" title="Santa Monica / Camden"/>
  <stop lat="34.0909099" lon="-118.36575" stopId="14387" tag="14387" title="Santa Monica / Crescent Heights"/>
  <stop lat="34.0909199" lon="-118.3553099" stopId="14388" tag="14388" title="Santa Monica / Curson"/>
  <stop lat="34.08143" lon="-118.3895799" stopId="14389" tag="14389" title="Santa Monica / Doheny"/>
  <stop lat="34.0909899" lon="-118.29589" stopId="14390" tag="14390" title="Santa Monica / Edgemont"/>
  <stop lat="34.0909599" lon="-118.36122" stopId="14391" tag="14391" title="Santa Monica / Fairfax"/>
  <stop lat="34.0908899" lon="-118.3503999" stopId="14392" tag="14392" title="Santa Monica / Fuller"/>
  <stop lat="34.0909099" lon="-118.3535699" stopId="14393" tag="14393" title="Santa Monica / Gardner"/>
  <stop lat="34.0908799" lon="-118.3221" stopId="14395" tag="14395" title="Santa Monica / Gower"/>
  <stop lat="34.09093" lon="-118.3044499" stopId="14398" tag="14398" title="Santa Monica / Hobart"/>
  <stop lat="34.09099" lon="-118.2844199" stopId="14399" tag="14399" title="Santa Monica / Hoover"/>
  <stop lat="34.0908099" lon="-118.37288" stopId="14400" tag="14400" title="Santa Monica / Kings"/>
  <stop lat="34.09085" lon="-118.3445699" stopId="14401" tag="14401" title="Santa Monica / La Brea"/>
  <stop lat="34.0908799" lon="-118.36787" stopId="14402" tag="14402" title="Santa Monica / La Jolla"/>
  <stop lat="34.0833799" lon="-118.38671" stopId="14403" tag="14403" title="Santa Monica / La Peer"/>
  <stop lat="34.09086" lon="-118.3361099" stopId="14404" tag="14404" title="Santa Monica / Las Palmas"/>
  <stop lat="34.091" lon="-118.28912" stopId="14405" tag="14405" title="Santa Monica / Madison"/>
  <stop lat="34.09085" lon="-118.3414399" stopId="14407" tag="14407" title="Santa Monica / Orange"/>
  <stop lat="34.0774299" lon="-118.39553" stopId="14408" tag="14408" title="Santa Monica / Palm"/>
  <stop lat="34.09084" lon="-118.3706199" stopId="14411" tag="14411" title="Santa Monica / Sweetzer"/>
  <stop lat="34.09089" lon="-118.31606" stopId="14412" tag="14412" title="Santa Monica / Van Ness"/>
  <stop lat="34.0909999" lon="-118.2864999" stopId="14414" tag="14414" title="Santa Monica / Virgil"/>
  <stop lat="34.09089" lon="-118.3133899" stopId="14416" tag="14416" title="Santa Monica / Wilton"/>
  <stop lat="34.05135" lon="-118.4335999" stopId="14417" tag="14417" title="Santa Monica / Overland"/>
  <stop lat="34.0867" lon="-118.3818399" stopId="14418" tag="14418" title="Santa Monica / Hancock"/>
  <stop lat="34.04371" lon="-118.4565299" stopId="14421" tag="14421" title="Santa Monica / Barrington"/>
  <stop lat="34.05741" lon="-118.4246499" stopId="14422" tag="14422" title="Santa Monica / Beverly Glen"/>
  <stop lat="34.0408399" lon="-118.46309" stopId="14423" tag="14423" title="Santa Monica / Bundy"/>
  <stop lat="34.0557999" lon="-118.42693" stopId="14429" tag="14429" title="Santa Monica / Thayer"/>
  <stop lat="34.04905" lon="-118.4407899" stopId="14430" tag="14430" title="Santa Monica / Veteran"/>
  <stop lat="34.0476099" lon="-118.44489" stopId="14431" tag="14431" title="Santa Monica / Sepulveda"/>
  <stop lat="34.09087" lon="-118.32695" stopId="14432" tag="14432" title="Santa Monica / Vine"/>
  <stop lat="34.0592499" lon="-118.42194" stopId="14433" tag="14433" title="Santa Monica / Century Park West"/>
  <stop lat="34.08773" lon="-118.3800499" stopId="14435" tag="14435" title="Santa Monica / Westbourne"/>
  <stop lat="34.05381" lon="-118.4299399" stopId="14437" tag="14437" title="Santa Monica / Westholme"/>
  <stop lat="34.0498699" lon="-118.43783" stopId="14438" tag="14438" title="Santa Monica / Westwood"/>
  <stop lat="34.09087" lon="-118.3308199" stopId="14440" tag="14440" title="Santa Monica / Wilcox"/>
  <stop lat="34.07552" lon="-118.25414" stopId="14764" tag="14764" title="Sunset / Portia"/>
  <stop lat="34.03796" lon="-118.2602499" stopId="15598" tag="15598" title="Broadway / 12th"/>
  <stop lat="34.0898799" lon="-118.37604" stopId="16240" tag="16240" title="Santa Monica / La Cienega"/>
  <stop lat="34.08532" lon="-118.27461" stopId="16301" tag="16301" title="Sunset / Descanso"/>
  <stop lat="34.0741299" lon="-118.2517299" stopId="16302" tag="16302" title="Sunset / Douglas"/>
  <stop lat="34.0770699" lon="-118.25771" stopId="16304" tag="16304" title="Sunset / Echo Park"/>
  <stop lat="34.0921" lon="-118.27984" stopId="16309" tag="16309" title="Sunset / Hyperion"/>
  <stop lat="34.0909799" lon="-118.2785499" stopId="16312" tag="16312" title="Sunset / Lucile"/>
  <stop lat="34.0896499" lon="-118.2766799" stopId="16313" tag="16313" title="Sunset / Maltman"/>
  <stop lat="34.06809" lon="-118.24999" stopId="16314" tag="16314" title="Sunset / Marion"/>
  <stop lat="34.08781" lon="-118.2758" stopId="16315" tag="16315" title="Sunset / Micheltorena"/>
  <stop lat="34.0651499" lon="-118.2489899" stopId="16319" tag="16319" title="Sunset / Beaudry"/>
  <stop lat="34.0804899" lon="-118.2701299" stopId="16320" tag="16320" title="Sunset / Benton"/>
  <stop lat="34.07953" lon="-118.26875" stopId="16323" tag="16323" title="Sunset / Coronado"/>
  <stop lat="34.0629399" lon="-118.24641" stopId="16329" tag="16329" title="Sunset / Figueroa"/>
  <stop lat="34.0780799" lon="-118.2615399" stopId="16351" tag="16351" title="Sunset / Park"/>
  <stop lat="34.07816" lon="-118.26612" stopId="16353" tag="16353" title="Sunset / Rosemont"/>
  <stop lat="34.0608999" lon="-118.24398" stopId="16927" tag="16927" title="Cesar E Chavez / Grand"/>
  <stop lat="34.04551" lon="-118.2529299" stopId="16947" tag="16947" title="Broadway / 7th"/>
  <direction name="East" tag="4_314_0" title="East to Downtown LA - Broadway-Venice" useForUI="true">
   <stop tag="4098"/>
   <stop tag="14360"/>
   <stop tag="6001"/>
   <stop tag="5974"/>
   <stop tag="5977"/>
   <stop tag="5979"/>
   <stop tag="6041"/>
   <stop tag="6039"/>
   <stop tag="5991"/>
   <stop tag="14424"/>
   <stop tag="6049"/>
   <stop tag="6058"/>
   <stop tag="6037"/>
   <stop tag="6057"/>
   <stop tag="6048"/>
   <stop tag="6040"/>
   <stop tag="6053"/>
   <stop tag="5917"/>
   <stop tag="5918"/>
   <stop tag="6050"/>
   <stop tag="6006"/>
   <stop tag="5985"/>
   <stop tag="6004"/>
   <stop tag="6012"/>
   <stop tag="6024"/>
   <stop tag="14378"/>
   <stop tag="6000"/>
   <stop tag="14377"/>
   <stop tag="6055"/>
   <stop tag="7946"/>
   <stop tag="6022"/>
   <stop tag="6031"/>
   <stop tag="140928"/>
   <stop tag="6009"/>
   <stop tag="6014"/>
   <stop tag="14394"/>
   <stop tag="6011"/>
   <stop tag="6052"/>
   <stop tag="6015"/>
   <stop tag="5995"/>
   <stop tag="6023"/>
   <stop tag="6028"/>
   <stop tag="6019"/>
   <stop tag="6025"/>
   <stop tag="6059"/>
   <stop tag="5386"/>
   <stop tag="6017"/>
   <stop tag="871"/>
   <stop tag="6032"/>
   <stop tag="6036"/>
   <stop tag="14436"/>
   <stop tag="6020"/>
   <stop tag="5387"/>
   <stop tag="6002"/>
   <stop tag="6013"/>
   <stop tag="6033"/>
   <stop tag="6026"/>
   <stop tag="6034"/>
   <stop tag="6021"/>
   <stop tag="1443"/>
   <stop tag="8021"/>
   <stop tag="8022"/>
   <stop tag="8025"/>
   <stop tag="8007"/>
   <stop tag="17306"/>
   <stop tag="8029"/>
   <stop tag="8033"/>
   <stop tag="8066"/>
   <stop tag="8028"/>
   <stop tag="8030"/>
   <stop tag="8011"/>
   <stop tag="6393"/>
   <stop tag="8009"/>
   <stop tag="2421"/>
   <stop tag="8024"/>
   <stop tag="7997"/>
   <stop tag="8040"/>
   <stop tag="2000"/>
   <stop tag="680"/>
   <stop tag="12411"/>
   <stop tag="5133"/>
   <stop tag="5135"/>
   <stop tag="13596"/>
   <stop tag="13597"/>
   <stop tag="13598"/>
   <stop tag="2456"/>
   <stop tag="5142"/>
   <stop tag="5145"/>
   <stop tag="5130"/>
   <stop tag="5131"/>
   <stop tag="15599"/>
   <stop tag="5132"/>
   <stop tag="5129"/>
   <stop tag="14915_ar"/>
  </direction>
  <direction name="West" tag="4_321_1" title="West to Santa Monica" useForUI="true">
   <stop tag="4756"/>
   <stop tag="4819"/>
   <stop tag="15598"/>
   <stop tag="4818"/>
   <stop tag="1248"/>
   <stop tag="16947"/>
   <stop tag="4787"/>
   <stop tag="13227"/>
   <stop tag="4767"/>
   <stop tag="11900"/>
   <stop tag="9221"/>
   <stop tag="16927"/>
   <stop tag="16329"/>
   <stop tag="16319"/>
   <stop tag="16314"/>
   <stop tag="2422"/>
   <stop tag="16302"/>
   <stop tag="14764"/>
   <stop tag="16304"/>
   <stop tag="16351"/>
   <stop tag="5137"/>
   <stop tag="16353"/>
   <stop tag="16323"/>
   <stop tag="16320"/>
   <stop tag="8591"/>
   <stop tag="16301"/>
   <stop tag="16315"/>
   <stop tag="16313"/>
   <stop tag="16312"/>
   <stop tag="16309"/>
   <stop tag="14399"/>
   <stop tag="14414"/>
   <stop tag="14405"/>
   <stop tag="14349"/>
   <stop tag="14390"/>
   <stop tag="14380"/>
   <stop tag="8598"/>
   <stop tag="14398"/>
   <stop tag="6056"/>
   <stop tag="14416"/>
   <stop tag="14412"/>
   <stop tag="878"/>
   <stop tag="14395"/>
   <stop tag="14432"/>
   <stop tag="14440"/>
   <stop tag="14404"/>
   <stop tag="6018"/>
   <stop tag="14407"/>
   <stop tag="14401"/>
   <stop tag="14375"/>
   <stop tag="14392"/>
   <stop tag="14393"/>
   <stop tag="14388"/>
   <stop tag="6016"/>
   <stop tag="14391"/>
   <stop tag="14387"/>
   <stop tag="14402"/>
   <stop tag="14411"/>
   <stop tag="14400"/>
   <stop tag="16240"/>
   <stop tag="14435"/>
   <stop tag="14418"/>
   <stop tag="6045"/>
   <stop tag="14403"/>
   <stop tag="14389"/>
   <stop tag="14408"/>
   <stop tag="1296"/>
   <stop tag="14384"/>
   <stop tag="1297"/>
   <stop tag="14367"/>
   <stop tag="14363"/>
   <stop tag="14433"/>
   <stop tag="14422"/>
   <stop tag="14429"/>
   <stop tag="14437"/>
   <stop tag="14417"/>
   <stop tag="14438"/>
   <stop tag="14430"/>
   <stop tag="14431"/>
   <stop tag="14369"/>
   <stop tag="14421"/>
   <stop tag="14423"/>
   <stop tag="14359"/>
   <stop tag="14357"/>
   <stop tag="14354"/>
   <stop tag="14379"/>
   <stop tag="5969"/>
   <stop tag="14361"/>
   <stop tag="4096"/>
   <stop tag="4098_ar"/>
  </direction>
  <path>
   <point lat="34.08555" lon="-118.38277"/>
   <point lat="34.08666" lon="-118.38107"/>
   <point lat="34.08754" lon="-118.37945"/>
   <point lat="34.0893299" lon="-118.37608"/>
   <point lat="34.08995" lon="-118.37524"/>
   <point lat="34.09013" lon="-118.37492"/>
   <point lat="34.0903" lon="-118.37458"/>
   <point lat="34.09045" lon="-118.37423"/>
   <point lat="34.09046" lon="-118.37418"/>
   <point lat="34.09051" lon="-118.374"/>
   <point lat="34.09062" lon="-118.37344"/>
   <point lat="34.09068" lon="-118.37303"/>
   <point lat="34.09058" lon="-118.37189"/>
   <point lat="34.09059" lon="-118.37044"/>
   <point lat="34.09063" lon="-118.36779"/>
   <point lat="34.09066" lon="-118.36559"/>
   <point lat="34.0908" lon="-118.36485"/>
   <point lat="34.0907" lon="-118.36172"/>
  </path>
  <path>
   <point lat="34.04987" lon="-118.43622"/>
   <point lat="34.05055" lon="-118.43457"/>
   <point lat="34.05127" lon="-118.43298"/>
   <point lat="34.05399" lon="-118.42909"/>
   <point lat="34.05582" lon="-118.42643"/>
   <point lat="34.05769" lon="-118.42372"/>
   <point lat="34.05848" lon="-118.42286"/>
   <point lat="34.05892" lon="-118.42222"/>
   <point lat="34.05901" lon="-118.4221"/>
   <point lat="34.05904" lon="-118.42159"/>
   <point lat="34.05915" lon="-118.42091"/>
   <point lat="34.06115" lon="-118.41833"/>
   <point lat="34.06154" lon="-118.41797"/>
   <point lat="34.063" lon="-118.41593"/>
   <point lat="34.06316" lon="-118.4156"/>
   <point lat="34.06383" lon="-118.41471"/>
   <point lat="34.06682" lon="-118.41049"/>
   <point lat="34.0700999" lon="-118.40574"/>
   <point lat="34.07316" lon="-118.40127"/>
   <point lat="34.07699" lon="-118.3957"/>
   <point lat="34.07943" lon="-118.39239"/>
   <point lat="34.07991" lon="-118.39169"/>
   <point lat="34.0800399" lon="-118.39145"/>
   <point lat="34.08016" lon="-118.39119"/>
   <point lat="34.08027" lon="-118.39094"/>
   <point lat="34.08096" lon="-118.3894"/>
   <point lat="34.0828" lon="-118.38672"/>
   <point lat="34.08491" lon="-118.38363"/>
  </path>
  <path>
   <point lat="34.08491" lon="-118.38363"/>
   <point lat="34.08555" lon="-118.38277"/>
  </path>
  <path>
   <point lat="34.06062" lon="-118.24408"/>
   <point lat="34.0585499" lon="-118.24021"/>
   <point lat="34.05818" lon="-118.2397"/>
   <point lat="34.05788" lon="-118.23984"/>
   <point lat="34.0551" lon="-118.24254"/>
   <point lat="34.05296" lon="-118.24444"/>
   <point lat="34.05364" lon="-118.24551"/>
   <point lat="34.05435" lon="-118.24658"/>
   <point lat="34.05381" lon="-118.24723"/>
   <point lat="34.0515" lon="-118.24942"/>
   <point lat="34.05044" lon="-118.25041"/>
   <point lat="34.0486099" lon="-118.25205"/>
   <point lat="34.04723" lon="-118.25341"/>
   <point lat="34.04576" lon="-118.25477"/>
   <point lat="34.04432" lon="-118.25608"/>
   <point lat="34.04146" lon="-118.25874"/>
   <point lat="34.04001" lon="-118.2601"/>
   <point lat="34.03858" lon="-118.26142"/>
   <point lat="34.03789" lon="-118.26208"/>
   <point lat="34.03626" lon="-118.26342"/>
   <point lat="34.03541" lon="-118.26398"/>
   <point lat="34.03473" lon="-118.26452"/>
   <point lat="34.0342" lon="-118.26381"/>
  </path>
  <path>
   <point lat="34.091" lon="-118.29194"/>
   <point lat="34.09099" lon="-118.29589"/>
   <point lat="34.09097" lon="-118.29821"/>
   <point lat="34.09096" lon="-118.30109"/>
   <point lat="34.09093" lon="-118.30445"/>
   <point lat="34.09079" lon="-118.30916"/>
   <point lat="34.09091" lon="-118.30949"/>
  </path>
  <path>
   <point lat="34.07671" lon="-118.25755"/>
   <point lat="34.0762799" lon="-118.25623"/>
   <point lat="34.07537" lon="-118.25446"/>
   <point lat="34.0742199" lon="-118.25217"/>
   <point lat="34.07378" lon="-118.25169"/>
   <point lat="34.07262" lon="-118.25126"/>
   <point lat="34.0721" lon="-118.25072"/>
   <point lat="34.072" lon="-118.25068"/>
   <point lat="34.07191" lon="-118.25066"/>
   <point lat="34.07154" lon="-118.2506"/>
   <point lat="34.07133" lon="-118.25059"/>
   <point lat="34.07123" lon="-118.25058"/>
   <point lat="34.07076" lon="-118.25049"/>
   <point lat="34.0693399" lon="-118.25043"/>
   <point lat="34.06829" lon="-118.25036"/>
   <point lat="34.06541" lon="-118.24946"/>
   <point lat="34.06496" lon="-118.24902"/>
   <point lat="34.06267" lon="-118.24651"/>
  </path>
  <path>
   <point lat="34.0339699" lon="-118.26354"/>
   <point lat="34.03691" lon="-118.26115"/>
   <point lat="34.03796" lon="-118.26025"/>
   <point lat="34.03961" lon="-118.25899"/>
   <point lat="34.03965" lon="-118.25895"/>
   <point lat="34.03978" lon="-118.2588"/>
   <point lat="34.04149" lon="-118.25665"/>
   <point lat="34.04304" lon="-118.2552"/>
   <point lat="34.04551" lon="-118.25293"/>
   <point lat="34.04819" lon="-118.25047"/>
   <point lat="34.0511" lon="-118.24771"/>
   <point lat="34.05397" lon="-118.245"/>
   <point lat="34.05694" lon="-118.24221"/>
   <point lat="34.05775" lon="-118.24138"/>
   <point lat="34.05812" lon="-118.2406"/>
   <point lat="34.05823" lon="-118.24046"/>
   <point lat="34.05835" lon="-118.24036"/>
   <point lat="34.0585499" lon="-118.24021"/>
   <point lat="34.05881" lon="-118.2404"/>
   <point lat="34.0608999" lon="-118.24398"/>
  </path>
  <path>
   <point lat="34.08495" lon="-118.3844"/>
   <point lat="34.08338" lon="-118.38671"/>
   <point lat="34.08143" lon="-118.38958"/>
   <point lat="34.07743" lon="-118.39553"/>
   <point lat="34.07262" lon="-118.40253"/>
   <point lat="34.07047" lon="-118.40568"/>
   <point lat="34.06677" lon="-118.41108"/>
   <point lat="34.06303" lon="-118.41647"/>
   <point lat="34.06121" lon="-118.4192"/>
   <point lat="34.05925" lon="-118.42194"/>
   <point lat="34.05741" lon="-118.42465"/>
   <point lat="34.0558" lon="-118.42693"/>
   <point lat="34.05381" lon="-118.42994"/>
   <point lat="34.05135" lon="-118.4336"/>
   <point lat="34.05101" lon="-118.43373"/>
   <point lat="34.05087" lon="-118.43397"/>
   <point lat="34.0507599" lon="-118.43414"/>
   <point lat="34.05065" lon="-118.43435"/>
   <point lat="34.05055" lon="-118.43457"/>
   <point lat="34.0503" lon="-118.43537"/>
   <point lat="34.05019" lon="-118.43582"/>
   <point lat="34.05015" lon="-118.43594"/>
   <point lat="34.05009" lon="-118.43625"/>
   <point lat="34.04996" lon="-118.43669"/>
   <point lat="34.04987" lon="-118.43704"/>
   <point lat="34.04987" lon="-118.43783"/>
   <point lat="34.04905" lon="-118.44079"/>
   <point lat="34.0476699" lon="-118.44431"/>
   <point lat="34.04725" lon="-118.44418"/>
   <point lat="34.04593" lon="-118.4428"/>
   <point lat="34.04573" lon="-118.44332"/>
  </path>
  <path>
   <point lat="34.09066" lon="-118.30891"/>
   <point lat="34.09063" lon="-118.30484"/>
   <point lat="34.0907" lon="-118.29978"/>
   <point lat="34.09072" lon="-118.29805"/>
   <point lat="34.09073" lon="-118.29622"/>
   <point lat="34.09077" lon="-118.29203"/>
  </path>
  <path>
   <point lat="34.06294" lon="-118.24641"/>
   <point lat="34.06515" lon="-118.24899"/>
   <point lat="34.06552" lon="-118.24935"/>
   <point lat="34.06809" lon="-118.24999"/>
   <point lat="34.0693399" lon="-118.25043"/>
   <point lat="34.07016" lon="-118.25046"/>
   <point lat="34.07076" lon="-118.25049"/>
   <point lat="34.07123" lon="-118.25058"/>
   <point lat="34.07133" lon="-118.25059"/>
   <point lat="34.07154" lon="-118.2506"/>
   <point lat="34.07191" lon="-118.25066"/>
   <point lat="34.072" lon="-118.25068"/>
   <point lat="34.0721" lon="-118.25072"/>
   <point lat="34.07262" lon="-118.25092"/>
   <point lat="34.0741299" lon="-118.25173"/>
   <point lat="34.07457" lon="-118.25243"/>
   <point lat="34.07552" lon="-118.25414"/>
   <point lat="34.0762799" lon="-118.25623"/>
   <point lat="34.07707" lon="-118.25771"/>
  </path>
  <path>
   <point lat="34.0608999" lon="-118.24398"/>
   <point lat="34.06139" lon="-118.24479"/>
   <point lat="34.06294" lon="-118.24641"/>
  </path>
  <path>
   <point lat="34.04987" lon="-118.43783"/>
   <point lat="34.04905" lon="-118.44079"/>
   <point lat="34.04761" lon="-118.44489"/>
   <point lat="34.04695" lon="-118.44677"/>
   <point lat="34.04683" lon="-118.44725"/>
   <point lat="34.0463499" lon="-118.44946"/>
   <point lat="34.04586" lon="-118.45074"/>
   <point lat="34.04559" lon="-118.4518"/>
   <point lat="34.04555" lon="-118.45192"/>
   <point lat="34.04552" lon="-118.45202"/>
   <point lat="34.04544" lon="-118.45225"/>
   <point lat="34.04517" lon="-118.45289"/>
   <point lat="34.04512" lon="-118.45303"/>
   <point lat="34.0448499" lon="-118.45363"/>
   <point lat="34.04371" lon="-118.45653"/>
   <point lat="34.0409" lon="-118.46266"/>
   <point lat="34.04084" lon="-118.46309"/>
   <point lat="34.04046" lon="-118.46355"/>
   <point lat="34.04008" lon="-118.46444"/>
   <point lat="34.0396" lon="-118.46549"/>
   <point lat="34.03913" lon="-118.46661"/>
   <point lat="34.03863" lon="-118.46772"/>
   <point lat="34.03826" lon="-118.4682"/>
   <point lat="34.03726" lon="-118.46943"/>
   <point lat="34.03713" lon="-118.46958"/>
   <point lat="34.03669" lon="-118.47011"/>
   <point lat="34.03589" lon="-118.47113"/>
   <point lat="34.03559" lon="-118.47149"/>
   <point lat="34.03474" lon="-118.47257"/>
   <point lat="34.03351" lon="-118.4743"/>
   <point lat="34.03263" lon="-118.47513"/>
   <point lat="34.02869" lon="-118.48001"/>
   <point lat="34.02859" lon="-118.48036"/>
   <point lat="34.0242999" lon="-118.48569"/>
   <point lat="34.01972" lon="-118.49134"/>
  </path>
  <path>
   <point lat="34.01972" lon="-118.49134"/>
   <point lat="34.01873" lon="-118.49231"/>
   <point lat="34.01863" lon="-118.49242"/>
   <point lat="34.01797" lon="-118.49324"/>
   <point lat="34.01665" lon="-118.49172"/>
   <point lat="34.01588" lon="-118.49265"/>
   <point lat="34.01549" lon="-118.49312"/>
   <point lat="34.01494" lon="-118.4939"/>
   <point lat="34.01428" lon="-118.49452"/>
   <point lat="34.0129499" lon="-118.4964"/>
   <point lat="34.01308" lon="-118.49684"/>
   <point lat="34.01404" lon="-118.49773"/>
   <point lat="34.01583" lon="-118.49987"/>
  </path>
  <path>
   <point lat="34.0907" lon="-118.36172"/>
   <point lat="34.09069" lon="-118.35758"/>
   <point lat="34.09066" lon="-118.35443"/>
   <point lat="34.09064" lon="-118.35214"/>
   <point lat="34.0906499" lon="-118.34954"/>
   <point lat="34.09061" lon="-118.3464"/>
   <point lat="34.09059" lon="-118.3443"/>
   <point lat="34.09059" lon="-118.34177"/>
   <point lat="34.09057" lon="-118.33819"/>
   <point lat="34.0906" lon="-118.33644"/>
   <point lat="34.09061" lon="-118.33114"/>
   <point lat="34.09075" lon="-118.32662"/>
   <point lat="34.09059" lon="-118.32633"/>
   <point lat="34.09063" lon="-118.32243"/>
   <point lat="34.09063" lon="-118.31773"/>
   <point lat="34.09064" lon="-118.31589"/>
   <point lat="34.09064" lon="-118.31373"/>
   <point lat="34.09079" lon="-118.30916"/>
   <point lat="34.09066" lon="-118.30891"/>
  </path>
  <path>
   <point lat="34.08495" lon="-118.3844"/>
   <point lat="34.08338" lon="-118.38671"/>
   <point lat="34.08143" lon="-118.38958"/>
   <point lat="34.07743" lon="-118.39553"/>
   <point lat="34.07262" lon="-118.40253"/>
   <point lat="34.07047" lon="-118.40568"/>
   <point lat="34.06677" lon="-118.41108"/>
   <point lat="34.06303" lon="-118.41647"/>
   <point lat="34.06121" lon="-118.4192"/>
   <point lat="34.05925" lon="-118.42194"/>
   <point lat="34.05741" lon="-118.42465"/>
   <point lat="34.0558" lon="-118.42693"/>
   <point lat="34.05381" lon="-118.42994"/>
   <point lat="34.05135" lon="-118.4336"/>
   <point lat="34.05101" lon="-118.43373"/>
   <point lat="34.05087" lon="-118.43397"/>
   <point lat="34.0507599" lon="-118.43414"/>
   <point lat="34.05065" lon="-118.43435"/>
   <point lat="34.05055" lon="-118.43457"/>
   <point lat="34.0503" lon="-118.43537"/>
   <point lat="34.05019" lon="-118.43582"/>
   <point lat="34.05015" lon="-118.43594"/>
   <point lat="34.05009" lon="-118.43625"/>
   <point lat="34.04996" lon="-118.43669"/>
   <point lat="34.04987" lon="-118.43704"/>
   <point lat="34.04987" lon="-118.43783"/>
  </path>
  <path>
   <point lat="34.07707" lon="-118.25771"/>
   <point lat="34.07782" lon="-118.25977"/>
   <point lat="34.0778899" lon="-118.25991"/>
   <point lat="34.07796" lon="-118.26007"/>
   <point lat="34.078" lon="-118.2602"/>
   <point lat="34.07802" lon="-118.26026"/>
   <point lat="34.07804" lon="-118.26034"/>
   <point lat="34.07806" lon="-118.26048"/>
   <point lat="34.0780699" lon="-118.26052"/>
   <point lat="34.0780699" lon="-118.26062"/>
   <point lat="34.07805" lon="-118.26088"/>
   <point lat="34.07808" lon="-118.26154"/>
   <point lat="34.07766" lon="-118.26399"/>
   <point lat="34.07747" lon="-118.26436"/>
   <point lat="34.07744" lon="-118.26454"/>
   <point lat="34.0774199" lon="-118.26477"/>
   <point lat="34.0774199" lon="-118.26495"/>
   <point lat="34.07743" lon="-118.26512"/>
   <point lat="34.07744" lon="-118.26523"/>
   <point lat="34.07746" lon="-118.26531"/>
   <point lat="34.07749" lon="-118.26542"/>
   <point lat="34.07754" lon="-118.26554"/>
   <point lat="34.07763" lon="-118.26572"/>
   <point lat="34.07778" lon="-118.2659"/>
   <point lat="34.07787" lon="-118.26598"/>
   <point lat="34.0781599" lon="-118.26612"/>
   <point lat="34.07825" lon="-118.26647"/>
   <point lat="34.07953" lon="-118.26875"/>
   <point lat="34.08049" lon="-118.27013"/>
   <point lat="34.081" lon="-118.2708"/>
   <point lat="34.08315" lon="-118.27328"/>
   <point lat="34.08356" lon="-118.2739"/>
   <point lat="34.08364" lon="-118.27396"/>
   <point lat="34.08401" lon="-118.27415"/>
   <point lat="34.08532" lon="-118.27461"/>
   <point lat="34.0875" lon="-118.27582"/>
   <point lat="34.08781" lon="-118.2758"/>
   <point lat="34.0896" lon="-118.27682"/>
   <point lat="34.08965" lon="-118.27668"/>
   <point lat="34.0902" lon="-118.27731"/>
   <point lat="34.09098" lon="-118.27855"/>
   <point lat="34.09194" lon="-118.27989"/>
   <point lat="34.0921" lon="-118.27984"/>
   <point lat="34.09244" lon="-118.2804"/>
   <point lat="34.09313" lon="-118.28111"/>
   <point lat="34.09231" lon="-118.28168"/>
   <point lat="34.09226" lon="-118.28178"/>
   <point lat="34.09219" lon="-118.2819"/>
   <point lat="34.09138" lon="-118.28306"/>
   <point lat="34.09099" lon="-118.28442"/>
   <point lat="34.09087" lon="-118.28493"/>
   <point lat="34.091" lon="-118.2865"/>
   <point lat="34.091" lon="-118.28912"/>
   <point lat="34.091" lon="-118.29194"/>
  </path>
  <path>
   <point lat="34.04987" lon="-118.43783"/>
   <point lat="34.04905" lon="-118.44079"/>
   <point lat="34.04761" lon="-118.44489"/>
   <point lat="34.04695" lon="-118.44677"/>
   <point lat="34.0463499" lon="-118.44946"/>
   <point lat="34.04559" lon="-118.4518"/>
   <point lat="34.04371" lon="-118.45653"/>
   <point lat="34.0409" lon="-118.46266"/>
   <point lat="34.04084" lon="-118.46309"/>
   <point lat="34.03913" lon="-118.46661"/>
   <point lat="34.03863" lon="-118.46772"/>
   <point lat="34.03826" lon="-118.4682"/>
   <point lat="34.03726" lon="-118.46943"/>
   <point lat="34.03713" lon="-118.46958"/>
   <point lat="34.03669" lon="-118.47011"/>
   <point lat="34.03589" lon="-118.47113"/>
   <point lat="34.03351" lon="-118.4743"/>
   <point lat="34.02859" lon="-118.48036"/>
   <point lat="34.0242999" lon="-118.48569"/>
   <point lat="34.01972" lon="-118.49134"/>
  </path>
  <path>
   <point lat="34.09077" lon="-118.29203"/>
   <point lat="34.09075" lon="-118.28945"/>
   <point lat="34.0907399" lon="-118.28691"/>
   <point lat="34.09087" lon="-118.28493"/>
   <point lat="34.09076" lon="-118.28474"/>
   <point lat="34.09098" lon="-118.28389"/>
   <point lat="34.09244" lon="-118.28078"/>
   <point lat="34.09194" lon="-118.27989"/>
   <point lat="34.0909199" lon="-118.27899"/>
   <point lat="34.09049" lon="-118.27772"/>
   <point lat="34.09043" lon="-118.2776"/>
   <point lat="34.09031" lon="-118.27744"/>
   <point lat="34.08979" lon="-118.27711"/>
   <point lat="34.0896" lon="-118.27682"/>
   <point lat="34.08759" lon="-118.27602"/>
   <point lat="34.0851" lon="-118.27483"/>
   <point lat="34.08401" lon="-118.27415"/>
   <point lat="34.08364" lon="-118.27396"/>
   <point lat="34.08356" lon="-118.2739"/>
   <point lat="34.08296" lon="-118.27353"/>
   <point lat="34.08055" lon="-118.27057"/>
   <point lat="34.07988" lon="-118.26964"/>
   <point lat="34.07928" lon="-118.26885"/>
   <point lat="34.07825" lon="-118.26647"/>
   <point lat="34.07788" lon="-118.2662"/>
   <point lat="34.07763" lon="-118.26572"/>
   <point lat="34.07744" lon="-118.26377"/>
   <point lat="34.07778" lon="-118.26181"/>
   <point lat="34.07805" lon="-118.26088"/>
   <point lat="34.0780699" lon="-118.26062"/>
   <point lat="34.0780699" lon="-118.26052"/>
   <point lat="34.07806" lon="-118.26048"/>
   <point lat="34.07804" lon="-118.26034"/>
   <point lat="34.07802" lon="-118.26026"/>
   <point lat="34.078" lon="-118.2602"/>
   <point lat="34.07796" lon="-118.26007"/>
   <point lat="34.0778899" lon="-118.25991"/>
   <point lat="34.07782" lon="-118.25977"/>
   <point lat="34.07671" lon="-118.25755"/>
  </path>
  <path>
   <point lat="34.09091" lon="-118.30949"/>
   <point lat="34.09089" lon="-118.31339"/>
   <point lat="34.09089" lon="-118.31606"/>
   <point lat="34.09089" lon="-118.31776"/>
   <point lat="34.09088" lon="-118.3221"/>
   <point lat="34.09075" lon="-118.32662"/>
   <point lat="34.09087" lon="-118.32695"/>
   <point lat="34.09087" lon="-118.33082"/>
   <point lat="34.09086" lon="-118.33611"/>
   <point lat="34.09085" lon="-118.33892"/>
   <point lat="34.09085" lon="-118.34144"/>
   <point lat="34.09085" lon="-118.34457"/>
   <point lat="34.09086" lon="-118.34656"/>
   <point lat="34.09089" lon="-118.3504"/>
   <point lat="34.09091" lon="-118.35357"/>
   <point lat="34.0909199" lon="-118.35531"/>
   <point lat="34.09095" lon="-118.35835"/>
   <point lat="34.09096" lon="-118.36122"/>
  </path>
  <path>
   <point lat="34.04551" lon="-118.25293"/>
   <point lat="34.04819" lon="-118.25047"/>
   <point lat="34.0511" lon="-118.24771"/>
   <point lat="34.05397" lon="-118.245"/>
   <point lat="34.05694" lon="-118.24221"/>
   <point lat="34.05775" lon="-118.24138"/>
   <point lat="34.05812" lon="-118.2406"/>
   <point lat="34.05823" lon="-118.24046"/>
   <point lat="34.05835" lon="-118.24036"/>
   <point lat="34.0585499" lon="-118.24021"/>
   <point lat="34.05881" lon="-118.2404"/>
   <point lat="34.0608999" lon="-118.24398"/>
   <point lat="34.06139" lon="-118.24479"/>
   <point lat="34.06294" lon="-118.24641"/>
  </path>
  <path>
   <point lat="34.01583" lon="-118.49987"/>
   <point lat="34.01623" lon="-118.50054"/>
   <point lat="34.01681" lon="-118.5012"/>
   <point lat="34.01756" lon="-118.50026"/>
   <point lat="34.01762" lon="-118.50018"/>
   <point lat="34.01624" lon="-118.49862"/>
   <point lat="34.01488" lon="-118.49705"/>
   <point lat="34.01644" lon="-118.49518"/>
   <point lat="34.01665" lon="-118.49468"/>
   <point lat="34.01863" lon="-118.49242"/>
   <point lat="34.01928" lon="-118.49143"/>
  </path>
  <path>
   <point lat="34.09096" lon="-118.36122"/>
   <point lat="34.0908" lon="-118.36485"/>
   <point lat="34.09091" lon="-118.36575"/>
   <point lat="34.09088" lon="-118.36787"/>
   <point lat="34.09084" lon="-118.37062"/>
   <point lat="34.09081" lon="-118.37288"/>
   <point lat="34.09068" lon="-118.37303"/>
   <point lat="34.0907" lon="-118.37391"/>
   <point lat="34.08988" lon="-118.37604"/>
   <point lat="34.08811" lon="-118.37907"/>
   <point lat="34.08773" lon="-118.38005"/>
   <point lat="34.08681" lon="-118.38143"/>
   <point lat="34.0867" lon="-118.38184"/>
   <point lat="34.08495" lon="-118.3844"/>
  </path>
  <path>
   <point lat="34.0334999" lon="-118.26514"/>
   <point lat="34.03313" lon="-118.26539"/>
   <point lat="34.03287" lon="-118.26491"/>
   <point lat="34.0327399" lon="-118.26472"/>
   <point lat="34.03299" lon="-118.26451"/>
   <point lat="34.0339699" lon="-118.26354"/>
  </path>
  <path>
   <point lat="34.01928" lon="-118.49143"/>
   <point lat="34.0239199" lon="-118.48571"/>
   <point lat="34.02869" lon="-118.48001"/>
   <point lat="34.0287999" lon="-118.47967"/>
   <point lat="34.03263" lon="-118.47513"/>
   <point lat="34.03314" lon="-118.47433"/>
   <point lat="34.03474" lon="-118.47257"/>
   <point lat="34.03559" lon="-118.47149"/>
   <point lat="34.03589" lon="-118.47113"/>
   <point lat="34.03669" lon="-118.47011"/>
   <point lat="34.03713" lon="-118.46958"/>
   <point lat="34.03726" lon="-118.46943"/>
   <point lat="34.03826" lon="-118.4682"/>
   <point lat="34.03863" lon="-118.46772"/>
   <point lat="34.03913" lon="-118.46661"/>
   <point lat="34.0396" lon="-118.46549"/>
   <point lat="34.04008" lon="-118.46444"/>
   <point lat="34.04046" lon="-118.46355"/>
   <point lat="34.04057" lon="-118.46304"/>
   <point lat="34.0409" lon="-118.46266"/>
   <point lat="34.04375" lon="-118.45578"/>
   <point lat="34.0448499" lon="-118.45363"/>
   <point lat="34.04512" lon="-118.45303"/>
   <point lat="34.04517" lon="-118.45289"/>
   <point lat="34.04544" lon="-118.45225"/>
   <point lat="34.04552" lon="-118.45202"/>
   <point lat="34.04555" lon="-118.45192"/>
   <point lat="34.04559" lon="-118.4518"/>
   <point lat="34.04586" lon="-118.45074"/>
   <point lat="34.04602" lon="-118.44967"/>
   <point lat="34.04683" lon="-118.44725"/>
   <point lat="34.04695" lon="-118.44677"/>
   <point lat="34.0478" lon="-118.44351"/>
   <point lat="34.04873" lon="-118.44021"/>
   <point lat="34.04987" lon="-118.43622"/>
  </path>
  <path>
   <point lat="34.06267" lon="-118.24651"/>
   <point lat="34.06139" lon="-118.24479"/>
   <point lat="34.06062" lon="-118.24408"/>
  </path>
  <path>
   <point lat="34.0342" lon="-118.26381"/>
   <point lat="34.03362" lon="-118.26256"/>
   <point lat="34.03289" lon="-118.26315"/>
   <point lat="34.03346" lon="-118.26413"/>
   <point lat="34.03357" lon="-118.26431"/>
   <point lat="34.03385" lon="-118.26481"/>
   <point lat="34.0334999" lon="-118.26514"/>
  </path>
  <path>
   <point lat="34.0339699" lon="-118.26354"/>
   <point lat="34.03691" lon="-118.26115"/>
   <point lat="34.03796" lon="-118.26025"/>
   <point lat="34.03961" lon="-118.25899"/>
   <point lat="34.03965" lon="-118.25895"/>
   <point lat="34.03978" lon="-118.2588"/>
   <point lat="34.04149" lon="-118.25665"/>
   <point lat="34.04304" lon="-118.2552"/>
   <point lat="34.04551" lon="-118.25293"/>
  </path>
  <path>
   <point lat="34.04573" lon="-118.44332"/>
   <point lat="34.04509" lon="-118.44427"/>
   <point lat="34.04612" lon="-118.4452"/>
   <point lat="34.04666" lon="-118.44567"/>
   <point lat="34.04714" lon="-118.44607"/>
   <point lat="34.04726" lon="-118.44562"/>
   <point lat="34.04745" lon="-118.44498"/>
   <point lat="34.0478" lon="-118.44351"/>
   <point lat="34.04812" lon="-118.44295"/>
   <point lat="34.04987" lon="-118.43622"/>
  </path>
  <path>
   <point lat="34.06294" lon="-118.24641"/>
   <point lat="34.06515" lon="-118.24899"/>
   <point lat="34.06552" lon="-118.24935"/>
   <point lat="34.06809" lon="-118.24999"/>
   <point lat="34.07016" lon="-118.25046"/>
   <point lat="34.07262" lon="-118.25092"/>
   <point lat="34.0741299" lon="-118.25173"/>
   <point lat="34.07457" lon="-118.25243"/>
   <point lat="34.07552" lon="-118.25414"/>
   <point lat="34.07707" lon="-118.25771"/>
  </path>
  <path>
   <point lat="34.09096" lon="-118.36122"/>
   <point lat="34.0908" lon="-118.36485"/>
   <point lat="34.09091" lon="-118.36575"/>
   <point lat="34.09088" lon="-118.36787"/>
   <point lat="34.09084" lon="-118.37062"/>
   <point lat="34.09081" lon="-118.37288"/>
   <point lat="34.0907" lon="-118.37391"/>
   <point lat="34.08988" lon="-118.37604"/>
   <point lat="34.08811" lon="-118.37907"/>
   <point lat="34.08773" lon="-118.38005"/>
   <point lat="34.08681" lon="-118.38143"/>
   <point lat="34.0867" lon="-118.38184"/>
   <point lat="34.08495" lon="-118.3844"/>
  </path>
  <path>
   <point lat="34.07707" lon="-118.25771"/>
   <point lat="34.07796" lon="-118.26007"/>
   <point lat="34.07802" lon="-118.26026"/>
   <point lat="34.07804" lon="-118.26034"/>
   <point lat="34.07806" lon="-118.26048"/>
   <point lat="34.07808" lon="-118.26154"/>
   <point lat="34.07766" lon="-118.26399"/>
   <point lat="34.07747" lon="-118.26436"/>
   <point lat="34.07744" lon="-118.26454"/>
   <point lat="34.0774199" lon="-118.26477"/>
   <point lat="34.0774199" lon="-118.26495"/>
   <point lat="34.07743" lon="-118.26512"/>
   <point lat="34.07744" lon="-118.26523"/>
   <point lat="34.07746" lon="-118.26531"/>
   <point lat="34.07749" lon="-118.26542"/>
   <point lat="34.07754" lon="-118.26554"/>
   <point lat="34.07763" lon="-118.26572"/>
   <point lat="34.07778" lon="-118.2659"/>
   <point lat="34.07787" lon="-118.26598"/>
   <point lat="34.0781599" lon="-118.26612"/>
   <point lat="34.07825" lon="-118.26647"/>
   <point lat="34.07953" lon="-118.26875"/>
   <point lat="34.08049" lon="-118.27013"/>
   <point lat="34.081" lon="-118.2708"/>
   <point lat="34.08315" lon="-118.27328"/>
   <point lat="34.08356" lon="-118.2739"/>
   <point lat="34.08364" lon="-118.27396"/>
   <point lat="34.08401" lon="-118.27415"/>
   <point lat="34.08532" lon="-118.27461"/>
   <point lat="34.0875" lon="-118.27582"/>
   <point lat="34.08781" lon="-118.2758"/>
   <point lat="34.08965" lon="-118.27668"/>
   <point lat="34.0902" lon="-118.27731"/>
   <point lat="34.09098" lon="-118.27855"/>
   <point lat="34.0921" lon="-118.27984"/>
   <point lat="34.09244" lon="-118.2804"/>
   <point lat="34.09313" lon="-118.28111"/>
   <point lat="34.09231" lon="-118.28168"/>
   <point lat="34.09226" lon="-118.28178"/>
   <point lat="34.09219" lon="-118.2819"/>
   <point lat="34.09138" lon="-118.28306"/>
   <point lat="34.09099" lon="-118.28442"/>
   <point lat="34.09087" lon="-118.28493"/>
   <point lat="34.091" lon="-118.2865"/>
   <point lat="34.091" lon="-118.28912"/>
   <point lat="34.091" lon="-118.29194"/>
  </path>
 </route>
</body>