<?xml version="1.0" encoding="utf-8"?>
<body copyright="All data copyright Los Angeles Metro 2022.">
 <route color="ff6600" latMax="34.0982899" latMin="34.0109999" lonMax="-118.26377" lonMin="-118.4479099" oppositeColor="000000" tag="2" title="2 Westwood - Exposition Park Via Sunse">
  <stop lat="34.02505" lon="-118.2840299" stopId="02085" tag="2085" title="Hoover / 32nd"/>
  <stop lat="34.07765" lon="-118.43889" stopId="02441" tag="2441" title="Hilgard / Charing Cross"/>
  <stop lat="34.06426" lon="-118.4408999" stopId="02442" tag="2442" title="Hilgard / Le Conte"/>
  <stop lat="34.06648" lon="-118.4395799" stopId="02443" tag="2443" title="Hilgard / Manning"/>
  <stop lat="34.0743899" lon="-118.4379199" stopId="02452" tag="2452" title="Hilgard / Wyton"/>
  <stop lat="34.0114899" lon="-118.28029" tag="2459_ar" title="Hill / Martin Luther King Jr"/>
  <stop lat="34.0109999" lon="-118.28199" tag="2738_ar" title="Martin Luther King Jr / Figueroa"/>
  <stop lat="34.06366" lon="-118.4425999" stopId="02938" tag="2938" title="Le Conte / Tiverton"/>
  <stop lat="34.0636199" lon="-118.445" stopId="02939" tag="2939" title="Le Conte / Westwood"/>
  <stop lat="34.0665" lon="-118.2705899" stopId="05159" tag="5159" title="Alvarado / Beverly"/>
  <stop lat="34.09415" lon="-118.3764799" stopId="06386" tag="6386" title="Sunset / La Cienega"/>
  <stop lat="34.0798799" lon="-118.41425" stopId="06402" tag="6402" title="Sunset / Rodeo"/>
  <stop lat="34.07937" lon="-118.43013" stopId="06403" tag="6403" title="Sunset / Charing Cross"/>
  <stop lat="34.0776299" lon="-118.4220399" stopId="06404" tag="6404" title="Sunset / Copley"/>
  <stop lat="34.0979299" lon="-118.36178" stopId="06407" tag="6407" title="Sunset / Fairfax"/>
  <stop lat="34.08507" lon="-118.4079699" stopId="06413" tag="6413" title="Sunset / Alpine"/>
  <stop lat="34.0884099" lon="-118.39557" stopId="06414" tag="6414" title="Sunset / Alta"/>
  <stop lat="34.07831" lon="-118.4171199" stopId="06415" tag="6415" title="Sunset / Bedford"/>
  <stop lat="34.09791" lon="-118.3224699" stopId="06421" tag="6421" title="Sunset / Gower"/>
  <stop lat="34.08733" lon="-118.3983999" stopId="06422" tag="6422" title="Sunset / Hillcrest"/>
  <stop lat="34.08642" lon="-118.4025599" stopId="06423" tag="6423" title="Sunset / Maple"/>
  <stop lat="34.0829399" lon="-118.41013" stopId="06425" tag="6425" title="Sunset / Rexford"/>
  <stop lat="34.08056" lon="-118.4354799" stopId="06430" tag="6430" title="Sunset / Beverly Glen"/>
  <stop lat="34.0807" lon="-118.4263599" stopId="06431" tag="6431" title="Sunset / Carolwood"/>
  <stop lat="34.08208" lon="-118.43476" stopId="06432" tag="6432" title="Sunset / Beverly Glen"/>
  <stop lat="34.09789" lon="-118.3263199" stopId="06433" tag="6433" title="Sunset / Vine"/>
  <stop lat="34.07703" lon="-118.4200399" stopId="06434" tag="6434" title="Sunset / Whittier"/>
  <stop lat="34.0980299" lon="-118.2912" stopId="07092" tag="7092" title="Sunset / Vermont"/>
  <stop lat="34.02273" lon="-118.28213" stopId="07753" tag="7753" title="Jefferson / Royal"/>
  <stop lat="34.0232999" lon="-118.2833899" stopId="07759" tag="7759" title="Jefferson / Hoover"/>
  <stop lat="34.0943399" lon="-118.2826899" stopId="07995" tag="7995" title="Sunset / Bates"/>
  <stop lat="34.0902999" lon="-118.39236" stopId="08006" tag="8006" title="Sunset / Cory"/>
  <stop lat="34.0850999" lon="-118.2748299" stopId="08007" tag="8007" title="Sunset / Descanso"/>
  <stop lat="34.0958799" lon="-118.2843599" stopId="08012" tag="8012" title="Sunset / Fountain"/>
  <stop lat="34.0905099" lon="-118.38779" stopId="08014" tag="8014" title="Sunset / Hammond"/>
  <stop lat="34.09788" lon="-118.3289" stopId="08016" tag="8016" title="Sunset / Ivar"/>
  <stop lat="34.0909199" lon="-118.2789899" stopId="08021" tag="8021" title="Sunset / Lucile"/>
  <stop lat="34.0897899" lon="-118.2771099" stopId="08022" tag="8022" title="Sunset / Maltman"/>
  <stop lat="34.0875899" lon="-118.2760199" stopId="08025" tag="8025" title="Sunset / Micheltorena"/>
  <stop lat="34.0980099" lon="-118.29848" stopId="08027" tag="8027" title="Sunset / Alexandria"/>
  <stop lat="34.0774399" lon="-118.26377" stopId="08028" tag="8028" title="Sunset / Alvarado"/>
  <stop lat="34.08055" lon="-118.27057" stopId="08029" tag="8029" title="Sunset / Benton"/>
  <stop lat="34.0979299" lon="-118.31814" stopId="08031" tag="8031" title="Sunset / Bronson"/>
  <stop lat="34.0978699" lon="-118.33544" stopId="08032" tag="8032" title="Sunset / Cherokee"/>
  <stop lat="34.0792799" lon="-118.2688499" stopId="08033" tag="8033" title="Sunset / Coronado"/>
  <stop lat="34.09788" lon="-118.3657999" stopId="08034" tag="8034" title="Sunset / Crescent Heights"/>
  <stop lat="34.09802" lon="-118.2959699" stopId="08037" tag="8037" title="Sunset / Edgemont"/>
  <stop lat="34.09788" lon="-118.34849" stopId="08041" tag="8041" title="Sunset / Poinsettia"/>
  <stop lat="34.0979099" lon="-118.3529999" stopId="08042" tag="8042" title="Sunset / Gardner"/>
  <stop lat="34.09786" lon="-118.3388099" stopId="08045" tag="8045" title="Sunset / Highland"/>
  <stop lat="34.09509" lon="-118.3727899" stopId="08047" tag="8047" title="Sunset / Kings"/>
  <stop lat="34.098" lon="-118.3029799" stopId="08048" tag="8048" title="Sunset / Kingsley"/>
  <stop lat="34.0978599" lon="-118.34428" stopId="08049" tag="8049" title="Sunset / La Brea"/>
  <stop lat="34.0978899" lon="-118.3507999" stopId="08050" tag="8050" title="Sunset / Martel"/>
  <stop lat="34.098" lon="-118.3006799" stopId="08051" tag="8051" title="Sunset / Normandie"/>
  <stop lat="34.09786" lon="-118.34171" stopId="08052" tag="8052" title="Sunset / Orange"/>
  <stop lat="34.0979399" lon="-118.3563599" stopId="08055" tag="8055" title="Sunset / Stanley"/>
  <stop lat="34.0963699" lon="-118.3704" stopId="08056" tag="8056" title="Sunset / Sweetzer"/>
  <stop lat="34.0980399" lon="-118.28757" stopId="08058" tag="8058" title="Sunset / Virgil"/>
  <stop lat="34.0979799" lon="-118.3089" stopId="08059" tag="8059" title="Sunset / Western"/>
  <stop lat="34.09797" lon="-118.3137599" stopId="08060" tag="8060" title="Sunset / Wilton"/>
  <stop lat="34.09082" lon="-118.3829199" stopId="08062" tag="8062" title="Sunset / Horn"/>
  <stop lat="34.07788" lon="-118.2662" stopId="08066" tag="8066" title="Sunset / Rosemont"/>
  <stop lat="34.0905199" lon="-118.3857" stopId="08078" tag="8078" title="Sunset / San Vicente"/>
  <stop lat="34.09275" lon="-118.28091" stopId="08079" tag="8079" title="Sunset / Sanborn"/>
  <stop lat="34.0921799" lon="-118.37965" stopId="08080" tag="8080" title="Sunset / Sunset Plaza"/>
  <stop lat="34.0978799" lon="-118.33117" stopId="08084" tag="8084" title="Sunset / Wilcox"/>
  <stop lat="34.02037" lon="-118.2811299" stopId="10429" tag="10429" title="Figueroa / USC McCarthy"/>
  <stop lat="34.06944" lon="-118.4388499" stopId="10984" tag="10984" title="Hilgard / Westholme"/>
  <stop lat="34.07228" lon="-118.2669099" stopId="10995" tag="10995" title="Alvarado / Hollywood Fwy"/>
  <stop lat="34.0635899" lon="-118.44673" stopId="11426" tag="11426" title="Le Conte / Broxton"/>
  <stop lat="34.0743499" lon="-118.26564" stopId="11846" tag="11846" title="Alvarado / Kent"/>
  <stop lat="34.07048" lon="-118.2680699" stopId="11848" tag="11848" title="Alvarado / Temple"/>
  <stop lat="34.0455499" lon="-118.28403" stopId="13110" tag="13110" title="Alvarado / Hoover"/>
  <stop lat="34.065" lon="-118.2715499" stopId="13111" tag="13111" title="Alvarado / Valley"/>
  <stop lat="34.0504599" lon="-118.28082" stopId="13112" tag="13112" title="Alvarado / 11th"/>
  <stop lat="34.04897" lon="-118.2817699" stopId="13113" tag="13113" title="Alvarado / 12th"/>
  <stop lat="34.0597499" lon="-118.27491" stopId="13115" tag="13115" title="Alvarado / 6th"/>
  <stop lat="34.0566899" lon="-118.27685" stopId="13116" tag="13116" title="Alvarado / 7th"/>
  <stop lat="34.05509" lon="-118.2778599" stopId="13117" tag="13117" title="Alvarado / 8th"/>
  <stop lat="34.05357" lon="-118.2788299" stopId="13118" tag="13118" title="Alvarado / James M Wood"/>
  <stop lat="34.06147" lon="-118.2738099" stopId="13119" tag="13119" title="Alvarado / Maryland"/>
  <stop lat="34.0519599" lon="-118.27986" stopId="13120" tag="13120" title="Alvarado / Olympic"/>
  <stop lat="34.04747" lon="-118.2827299" stopId="13121" tag="13121" title="Alvarado / Pico"/>
  <stop lat="34.0577099" lon="-118.2762" stopId="13122" tag="13122" title="Alvarado / Wilshire"/>
  <stop lat="34.0191899" lon="-118.28192" stopId="13422" tag="13422" title="Figueroa / Exposition"/>
  <stop lat="34.01627" lon="-118.2829099" stopId="13424" tag="13424" title="Figueroa / State"/>
  <stop lat="34.01377" lon="-118.28289" stopId="13437" tag="13437" title="Figueroa / 39th"/>
  <stop lat="34.0217399" lon="-118.28026" stopId="13470" tag="13470" title="Figueroa / Jefferson"/>
  <stop lat="34.03672" lon="-118.28415" stopId="13606" tag="13606" title="Hoover / Santa Monica Fwy"/>
  <stop lat="34.0419699" lon="-118.2842699" stopId="13607" tag="13607" title="Hoover / 18th"/>
  <stop lat="34.03454" lon="-118.28413" stopId="13608" tag="13608" title="Hoover / 24th"/>
  <stop lat="34.0294999" lon="-118.2841" stopId="13609" tag="13609" title="Hoover / 28th"/>
  <stop lat="34.02712" lon="-118.2841" stopId="13610" tag="13610" title="Hoover / 30th"/>
  <stop lat="34.0314299" lon="-118.2841199" stopId="13612" tag="13612" title="Hoover / Adams"/>
  <stop lat="34.0396699" lon="-118.28422" stopId="13613" tag="13613" title="Hoover / Washington"/>
  <stop lat="34.0812399" lon="-118.41223" stopId="14762" tag="14762" title="Sunset / Beverly"/>
  <stop lat="34.0861099" lon="-118.40643" stopId="14790" tag="14790" title="Sunset / Foothill"/>
  <stop lat="34.04398" lon="-118.2842699" stopId="15254" tag="15254" title="Hoover / Venice"/>
  <stop lat="34.06319" lon="-118.2727199" stopId="15627" tag="15627" title="Alvarado / 3rd"/>
  <stop lat="34.0905" lon="-118.3899099" stopId="16325" tag="16325" title="Sunset / Doheny Drive"/>
  <stop lat="34.0958899" lon="-118.28145" stopId="16961" tag="16961" title="Fountain / Bates"/>
  <stop lat="34.0829599" lon="-118.2735299" stopId="17306" tag="17306" title="Sunset / Parkman"/>
  <stop lat="34.0570899" lon="-118.27624" stopId="01854" tag="1854" title="Alvarado / Wilshire"/>
  <stop lat="34.0114899" lon="-118.28029" stopId="02459" tag="2459" title="Hill / Martin Luther King Jr"/>
  <stop lat="34.0109999" lon="-118.28199" stopId="02738" tag="2738" title="Martin Luther King Jr / Figueroa"/>
  <stop lat="34.06358" lon="-118.4479099" stopId="02936" tag="2936" title="Le Conte / Gayley"/>
  <stop lat="34.0641399" lon="-118.4414199" stopId="02937" tag="2937" title="Le Conte / Hilgard"/>
  <stop lat="34.0664499" lon="-118.27027" stopId="03357" tag="3357" title="Alvarado / Beverly"/>
  <stop lat="34.07179" lon="-118.2668799" stopId="03358" tag="3358" title="Alvarado / Hollywood Fwy"/>
  <stop lat="34.07449" lon="-118.2652099" stopId="03359" tag="3359" title="Alvarado / Kent"/>
  <stop lat="34.07004" lon="-118.2679999" stopId="03361" tag="3361" title="Alvarado / Temple"/>
  <stop lat="34.0646399" lon="-118.27144" stopId="04654" tag="4654" title="Alvarado / Valley"/>
  <stop lat="34.05009" lon="-118.2807099" stopId="04655" tag="4655" title="Alvarado / 11th"/>
  <stop lat="34.0486099" lon="-118.28165" stopId="04656" tag="4656" title="Alvarado / 12th"/>
  <stop lat="34.0627299" lon="-118.27266" stopId="04657" tag="4657" title="Alvarado / 3rd"/>
  <stop lat="34.0593" lon="-118.2748399" stopId="04658" tag="4658" title="Alvarado / 6th"/>
  <stop lat="34.0562699" lon="-118.27676" stopId="04659" tag="4659" title="Alvarado / 7th"/>
  <stop lat="34.05465" lon="-118.2777899" stopId="04660" tag="4660" title="Alvarado / 8th"/>
  <stop lat="34.0532" lon="-118.2787199" stopId="04661" tag="4661" title="Alvarado / James M Wood"/>
  <stop lat="34.06106" lon="-118.2737199" stopId="04662" tag="4662" title="Alvarado / Maryland"/>
  <stop lat="34.0514999" lon="-118.27981" stopId="04663" tag="4663" title="Alvarado / Olympic"/>
  <stop lat="34.0470299" lon="-118.28266" stopId="04664" tag="4664" title="Alvarado / Pico"/>
  <stop lat="34.0187899" lon="-118.28179" stopId="04980" tag="4980" title="Figueroa / Exposition"/>
  <stop lat="34.0163499" lon="-118.2825999" stopId="04981" tag="4981" title="Figueroa / Flower"/>
  <stop lat="34.0138499" lon="-118.28259" stopId="04997" tag="4997" title="Figueroa / 39th"/>
  <stop lat="34.0776599" lon="-118.26399" stopId="05137" tag="5137" title="Sunset / Alvarado"/>
  <stop lat="34.03468" lon="-118.28383" stopId="05147" tag="5147" title="Hoover / Union"/>
  <stop lat="34.0369099" lon="-118.2838499" stopId="05148" tag="5148" title="Hoover / Santa Monica Fwy"/>
  <stop lat="34.0415599" lon="-118.2839699" stopId="05149" tag="5149" title="Hoover / 18th"/>
  <stop lat="34.0292899" lon="-118.28379" stopId="05150" tag="5150" title="Hoover / 28th"/>
  <stop lat="34.0276699" lon="-118.2837999" stopId="05151" tag="5151" title="Hoover / 30th"/>
  <stop lat="34.0253799" lon="-118.28376" stopId="05152" tag="5152" title="Hoover / 32nd"/>
  <stop lat="34.03198" lon="-118.28382" stopId="05153" tag="5153" title="Hoover / Adams"/>
  <stop lat="34.0395399" lon="-118.28391" stopId="05154" tag="5154" title="Hoover / Washington"/>
  <stop lat="34.08124" lon="-118.4352999" stopId="06400" tag="6400" title="Sunset / Bel Air"/>
  <stop lat="34.08651" lon="-118.4061099" stopId="06420" tag="6420" title="Sunset / Foothill"/>
  <stop lat="34.0435099" lon="-118.28396" stopId="06903" tag="6903" title="Hoover / Venice"/>
  <stop lat="34.04519" lon="-118.2837799" stopId="07306" tag="7306" title="Alvarado / Alvarado Terrace"/>
  <stop lat="34.02376" lon="-118.2838" stopId="07760" tag="7760" title="Jefferson / Hoover"/>
  <stop lat="34.0904199" lon="-118.39267" stopId="08008" tag="8008" title="Sunset / Doheny"/>
  <stop lat="34.0831499" lon="-118.2732799" stopId="08591" tag="8591" title="Sunset / Silver Lake"/>
  <stop lat="34.02226" lon="-118.28033" stopId="08885" tag="8885" title="Jefferson / Figueroa"/>
  <stop lat="34.078" lon="-118.4392999" stopId="10977" tag="10977" title="Hilgard / Sunset"/>
  <stop lat="34.06692" lon="-118.4395299" stopId="10979" tag="10979" title="Hilgard / Manning"/>
  <stop lat="34.06937" lon="-118.4391099" stopId="10985" tag="10985" title="Hilgard / Westholme"/>
  <stop lat="34.07419" lon="-118.43808" stopId="10988" tag="10988" title="Hilgard / Wyton"/>
  <stop lat="34.02303" lon="-118.28213" stopId="11191" tag="11191" title="Jefferson / Royal"/>
  <stop lat="34.01127" lon="-118.28246" stopId="11234" tag="11234" title="Martin Luther King Jr / Figueroa"/>
  <stop lat="34.0635899" lon="-118.44673" tag="11426_ar" title="Le Conte / Broxton"/>
  <stop lat="34.06379" lon="-118.4427499" stopId="11429" tag="11429" title="Le Conte / Tiverton"/>
  <stop lat="34.0637599" lon="-118.4451" stopId="11433" tag="11433" title="Le Conte / Westwood"/>
  <stop lat="34.0981799" lon="-118.36187" stopId="11989" tag="11989" title="Sunset / Fairfax"/>
  <stop lat="34.09424" lon="-118.3768399" stopId="14756" tag="14756" title="Sunset / Miller"/>
  <stop lat="34.0798399" lon="-118.4227199" stopId="14757" tag="14757" title="Sunset / Ladera"/>
  <stop lat="34.0796499" lon="-118.4300199" stopId="14776" tag="14776" title="Sunset / Charing Cross"/>
  <stop lat="34.07784" lon="-118.42181" stopId="14777" tag="14777" title="Sunset / Copley"/>
  <stop lat="34.08546" lon="-118.4079499" stopId="14784" tag="14784" title="Sunset / Alpine"/>
  <stop lat="34.08877" lon="-118.3954499" stopId="14785" tag="14785" title="Sunset / Alta"/>
  <stop lat="34.0786999" lon="-118.41694" stopId="14786" tag="14786" title="Sunset / Bedford"/>
  <stop lat="34.0819299" lon="-118.41175" stopId="14788" tag="14788" title="Sunset / Beverly"/>
  <stop lat="34.0827599" lon="-118.4345199" stopId="14789" tag="14789" title="Sunset / Beverly Glen"/>
  <stop lat="34.0981599" lon="-118.32214" stopId="14791" tag="14791" title="Sunset / Gower"/>
  <stop lat="34.08773" lon="-118.3980199" stopId="14792" tag="14792" title="Sunset / Hillcrest"/>
  <stop lat="34.0867599" lon="-118.4020499" stopId="14793" tag="14793" title="Sunset / Maple"/>
  <stop lat="34.08332" lon="-118.4101299" stopId="14794" tag="14794" title="Sunset / Rexford"/>
  <stop lat="34.0803199" lon="-118.41407" stopId="14795" tag="14795" title="Sunset / Canon"/>
  <stop lat="34.0809999" lon="-118.42555" stopId="14804" tag="14804" title="Sunset / Carolwood"/>
  <stop lat="34.09814" lon="-118.3269799" stopId="14807" tag="14807" title="Sunset / Vine"/>
  <stop lat="34.07738" lon="-118.4198699" stopId="14808" tag="14808" title="Sunset / Whittier"/>
  <stop lat="34.09463" lon="-118.28257" stopId="16291" tag="16291" title="Sunset / Bates"/>
  <stop lat="34.0907699" lon="-118.3853699" stopId="16300" tag="16300" title="Sunset / Clark"/>
  <stop lat="34.08532" lon="-118.27461" stopId="16301" tag="16301" title="Sunset / Descanso"/>
  <stop lat="34.0961099" lon="-118.2842099" stopId="16305" tag="16305" title="Sunset / Fountain"/>
  <stop lat="34.09076" lon="-118.3874599" stopId="16307" tag="16307" title="Sunset / Hammond"/>
  <stop lat="34.0909199" lon="-118.38322" stopId="16308" tag="16308" title="Sunset / Horn"/>
  <stop lat="34.0920999" lon="-118.2798399" stopId="16309" tag="16309" title="Sunset / Hyperion"/>
  <stop lat="34.0981399" lon="-118.32857" stopId="16310" tag="16310" title="Sunset / Ivar"/>
  <stop lat="34.0909799" lon="-118.2785499" stopId="16312" tag="16312" title="Sunset / Lucile"/>
  <stop lat="34.08965" lon="-118.27668" stopId="16313" tag="16313" title="Sunset / Maltman"/>
  <stop lat="34.0878099" lon="-118.2758" stopId="16315" tag="16315" title="Sunset / Micheltorena"/>
  <stop lat="34.09826" lon="-118.29815" stopId="16317" tag="16317" title="Sunset / Alexandria"/>
  <stop lat="34.0804899" lon="-118.2701299" stopId="16320" tag="16320" title="Sunset / Benton"/>
  <stop lat="34.09818" lon="-118.3178099" stopId="16321" tag="16321" title="Sunset / Bronson"/>
  <stop lat="34.09812" lon="-118.33511" stopId="16322" tag="16322" title="Sunset / Cherokee"/>
  <stop lat="34.0795299" lon="-118.2687499" stopId="16323" tag="16323" title="Sunset / Coronado"/>
  <stop lat="34.09814" lon="-118.3654799" stopId="16324" tag="16324" title="Sunset / Crescent Heights"/>
  <stop lat="34.09075" lon="-118.3895799" stopId="16326" tag="16326" title="Sunset / Doheny Drive"/>
  <stop lat="34.0982699" lon="-118.29646" stopId="16327" tag="16327" title="Sunset / Edgemont"/>
  <stop lat="34.0981599" lon="-118.3526599" stopId="16330" tag="16330" title="Sunset / Gardner"/>
  <stop lat="34.0981199" lon="-118.33848" stopId="16332" tag="16332" title="Sunset / Highland"/>
  <stop lat="34.09542" lon="-118.3725899" stopId="16334" tag="16334" title="Sunset / Kings"/>
  <stop lat="34.09825" lon="-118.3033999" stopId="16335" tag="16335" title="Sunset / Kingsley"/>
  <stop lat="34.0981199" lon="-118.34395" stopId="16336" tag="16336" title="Sunset / La Brea"/>
  <stop lat="34.09814" lon="-118.34987" stopId="16337" tag="16337" title="Sunset / Martel"/>
  <stop lat="34.0982599" lon="-118.30035" stopId="16338" tag="16338" title="Sunset / Normandie"/>
  <stop lat="34.09811" lon="-118.34121" stopId="16339" tag="16339" title="Sunset / Orange"/>
  <stop lat="34.0981299" lon="-118.3484999" stopId="16340" tag="16340" title="Sunset / Poinsettia"/>
  <stop lat="34.0981899" lon="-118.35594" stopId="16342" tag="16342" title="Sunset / Stanley"/>
  <stop lat="34.0964799" lon="-118.37083" stopId="16343" tag="16343" title="Sunset / Sweetzer"/>
  <stop lat="34.0982899" lon="-118.2877399" stopId="16345" tag="16345" title="Sunset / Virgil"/>
  <stop lat="34.0982399" lon="-118.30957" stopId="16346" tag="16346" title="Sunset / Western"/>
  <stop lat="34.09822" lon="-118.3134299" stopId="16348" tag="16348" title="Sunset / Wilton"/>
  <stop lat="34.0982899" lon="-118.29149" stopId="16350" tag="16350" title="Sunset / Vermont"/>
  <stop lat="34.0781599" lon="-118.2661199" stopId="16353" tag="16353" title="Sunset / Rosemont"/>
  <stop lat="34.09254" lon="-118.3795199" stopId="16364" tag="16364" title="Sunset / Sunset Plaza"/>
  <stop lat="34.09813" lon="-118.3308399" stopId="16368" tag="16368" title="Sunset / Wilcox"/>
  <stop lat="34.0627099" lon="-118.44552" stopId="16555" tag="16555" title="Westwood / Weyburn"/>
  <direction name="West" tag="2_1124_1" title="West to Westwood/U C L A" useForUI="true">
   <stop tag="2459"/>
   <stop tag="11234"/>
   <stop tag="4997"/>
   <stop tag="4981"/>
   <stop tag="4980"/>
   <stop tag="8885"/>
   <stop tag="11191"/>
   <stop tag="7760"/>
   <stop tag="5152"/>
   <stop tag="5151"/>
   <stop tag="5150"/>
   <stop tag="5153"/>
   <stop tag="5147"/>
   <stop tag="5148"/>
   <stop tag="5154"/>
   <stop tag="5149"/>
   <stop tag="6903"/>
   <stop tag="7306"/>
   <stop tag="4664"/>
   <stop tag="4656"/>
   <stop tag="4655"/>
   <stop tag="4663"/>
   <stop tag="4661"/>
   <stop tag="4660"/>
   <stop tag="4659"/>
   <stop tag="1854"/>
   <stop tag="4658"/>
   <stop tag="4662"/>
   <stop tag="4657"/>
   <stop tag="4654"/>
   <stop tag="3357"/>
   <stop tag="3361"/>
   <stop tag="3358"/>
   <stop tag="3359"/>
   <stop tag="5137"/>
   <stop tag="16353"/>
   <stop tag="16323"/>
   <stop tag="16320"/>
   <stop tag="8591"/>
   <stop tag="16301"/>
   <stop tag="16315"/>
   <stop tag="16313"/>
   <stop tag="16312"/>
   <stop tag="16309"/>
   <stop tag="16291"/>
   <stop tag="16305"/>
   <stop tag="16345"/>
   <stop tag="16350"/>
   <stop tag="16327"/>
   <stop tag="16317"/>
   <stop tag="16338"/>
   <stop tag="16335"/>
   <stop tag="16346"/>
   <stop tag="16348"/>
   <stop tag="16321"/>
   <stop tag="14791"/>
   <stop tag="14807"/>
   <stop tag="16310"/>
   <stop tag="16368"/>
   <stop tag="16322"/>
   <stop tag="16332"/>
   <stop tag="16339"/>
   <stop tag="16336"/>
   <stop tag="16340"/>
   <stop tag="16337"/>
   <stop tag="16330"/>
   <stop tag="16342"/>
   <stop tag="11989"/>
   <stop tag="16324"/>
   <stop tag="16343"/>
   <stop tag="16334"/>
   <stop tag="14756"/>
   <stop tag="16364"/>
   <stop tag="16308"/>
   <stop tag="16300"/>
   <stop tag="16307"/>
   <stop tag="16326"/>
   <stop tag="8008"/>
   <stop tag="14785"/>
   <stop tag="14792"/>
   <stop tag="14793"/>
   <stop tag="6420"/>
   <stop tag="14784"/>
   <stop tag="14794"/>
   <stop tag="14788"/>
   <stop tag="14795"/>
   <stop tag="14786"/>
   <stop tag="14808"/>
   <stop tag="14777"/>
   <stop tag="14757"/>
   <stop tag="14804"/>
   <stop tag="14776"/>
   <stop tag="14789"/>
   <stop tag="6400"/>
   <stop tag="10977"/>
   <stop tag="10988"/>
   <stop tag="10985"/>
   <stop tag="10979"/>
   <stop tag="2937"/>
   <stop tag="11429"/>
   <stop tag="16555"/>
   <stop tag="2936"/>
   <stop tag="11426_ar"/>
  </direction>
  <direction name="East" tag="2_1126_0" title="East to Expo Park/USC" useForUI="true">
   <stop tag="11426"/>
   <stop tag="2939"/>
   <stop tag="2938"/>
   <stop tag="2442"/>
   <stop tag="2443"/>
   <stop tag="10984"/>
   <stop tag="2452"/>
   <stop tag="2441"/>
   <stop tag="6430"/>
   <stop tag="6432"/>
   <stop tag="6403"/>
   <stop tag="6431"/>
   <stop tag="6404"/>
   <stop tag="6434"/>
   <stop tag="6415"/>
   <stop tag="6402"/>
   <stop tag="14762"/>
   <stop tag="6425"/>
   <stop tag="6413"/>
   <stop tag="14790"/>
   <stop tag="6423"/>
   <stop tag="6422"/>
   <stop tag="6414"/>
   <stop tag="8006"/>
   <stop tag="16325"/>
   <stop tag="8014"/>
   <stop tag="8078"/>
   <stop tag="8062"/>
   <stop tag="8080"/>
   <stop tag="6386"/>
   <stop tag="8047"/>
   <stop tag="8056"/>
   <stop tag="8034"/>
   <stop tag="6407"/>
   <stop tag="8055"/>
   <stop tag="8042"/>
   <stop tag="8050"/>
   <stop tag="8041"/>
   <stop tag="8049"/>
   <stop tag="8052"/>
   <stop tag="8045"/>
   <stop tag="8032"/>
   <stop tag="8084"/>
   <stop tag="8016"/>
   <stop tag="6433"/>
   <stop tag="6421"/>
   <stop tag="8031"/>
   <stop tag="8060"/>
   <stop tag="8059"/>
   <stop tag="8048"/>
   <stop tag="8051"/>
   <stop tag="8027"/>
   <stop tag="8037"/>
   <stop tag="7092"/>
   <stop tag="8058"/>
   <stop tag="8012"/>
   <stop tag="7995"/>
   <stop tag="8079"/>
   <stop tag="8021"/>
   <stop tag="8022"/>
   <stop tag="8025"/>
   <stop tag="8007"/>
   <stop tag="17306"/>
   <stop tag="8029"/>
   <stop tag="8033"/>
   <stop tag="8066"/>
   <stop tag="8028"/>
   <stop tag="11846"/>
   <stop tag="10995"/>
   <stop tag="11848"/>
   <stop tag="5159"/>
   <stop tag="13111"/>
   <stop tag="15627"/>
   <stop tag="13119"/>
   <stop tag="13115"/>
   <stop tag="13122"/>
   <stop tag="13116"/>
   <stop tag="13117"/>
   <stop tag="13118"/>
   <stop tag="13120"/>
   <stop tag="13112"/>
   <stop tag="13113"/>
   <stop tag="13121"/>
   <stop tag="13110"/>
   <stop tag="15254"/>
   <stop tag="13607"/>
   <stop tag="13613"/>
   <stop tag="13606"/>
   <stop tag="13608"/>
   <stop tag="13612"/>
   <stop tag="13609"/>
   <stop tag="13610"/>
   <stop tag="2085"/>
   <stop tag="7759"/>
   <stop tag="7753"/>
   <stop tag="13470"/>
   <stop tag="10429"/>
   <stop tag="13422"/>
   <stop tag="13424"/>
   <stop tag="13437"/>
   <stop tag="2738"/>
   <stop tag="2459_ar"/>
  </direction>
  <path>
   <point lat="34.05771" lon="-118.2762"/>
   <point lat="34.05669" lon="-118.27685"/>
   <point lat="34.05509" lon="-118.27786"/>
   <point lat="34.05357" lon="-118.27883"/>
   <point lat="34.05196" lon="-118.27986"/>
   <point lat="34.05046" lon="-118.28082"/>
   <point lat="34.04897" lon="-118.28177"/>
   <point lat="34.0474699" lon="-118.28273"/>
   <point lat="34.04555" lon="-118.28403"/>
   <point lat="34.04514" lon="-118.28418"/>
   <point lat="34.04398" lon="-118.28427"/>
   <point lat="34.04197" lon="-118.28427"/>
   <point lat="34.03967" lon="-118.28422"/>
  </path>
  <path>
   <point lat="34.03967" lon="-118.28422"/>
   <point lat="34.03672" lon="-118.28415"/>
   <point lat="34.03454" lon="-118.28413"/>
   <point lat="34.03143" lon="-118.28412"/>
   <point lat="34.0295" lon="-118.2841"/>
   <point lat="34.0271199" lon="-118.2841"/>
   <point lat="34.0255" lon="-118.28393"/>
   <point lat="34.02505" lon="-118.28403"/>
   <point lat="34.0238299" lon="-118.28393"/>
   <point lat="34.02371" lon="-118.28401"/>
   <point lat="34.02365" lon="-118.28388"/>
   <point lat="34.0233" lon="-118.28339"/>
   <point lat="34.02273" lon="-118.28213"/>
   <point lat="34.02193" lon="-118.27998"/>
   <point lat="34.02174" lon="-118.28026"/>
   <point lat="34.02115" lon="-118.28046"/>
   <point lat="34.02037" lon="-118.28113"/>
   <point lat="34.01919" lon="-118.28192"/>
   <point lat="34.01837" lon="-118.28224"/>
   <point lat="34.01818" lon="-118.28235"/>
   <point lat="34.01777" lon="-118.28262"/>
   <point lat="34.0177" lon="-118.28266"/>
   <point lat="34.0176" lon="-118.28271"/>
   <point lat="34.01747" lon="-118.28273"/>
   <point lat="34.0172" lon="-118.28275"/>
   <point lat="34.01627" lon="-118.28291"/>
   <point lat="34.01377" lon="-118.28289"/>
   <point lat="34.01184" lon="-118.28273"/>
   <point lat="34.01114" lon="-118.28273"/>
   <point lat="34.01115" lon="-118.28248"/>
   <point lat="34.01114" lon="-118.28228"/>
   <point lat="34.011" lon="-118.28199"/>
  </path>
  <path>
   <point lat="34.05709" lon="-118.27624"/>
   <point lat="34.0593" lon="-118.27484"/>
   <point lat="34.06106" lon="-118.27372"/>
   <point lat="34.06273" lon="-118.27266"/>
   <point lat="34.06464" lon="-118.27144"/>
   <point lat="34.06645" lon="-118.27027"/>
   <point lat="34.07004" lon="-118.268"/>
   <point lat="34.07179" lon="-118.26688"/>
   <point lat="34.07449" lon="-118.26521"/>
   <point lat="34.07762" lon="-118.26347"/>
   <point lat="34.07766" lon="-118.26399"/>
  </path>
  <path>
   <point lat="34.06359" lon="-118.44673"/>
   <point lat="34.06362" lon="-118.445"/>
  </path>
  <path>
   <point lat="34.09803" lon="-118.2912"/>
   <point lat="34.09804" lon="-118.28757"/>
   <point lat="34.09819" lon="-118.28712"/>
   <point lat="34.09811" lon="-118.287"/>
   <point lat="34.0979" lon="-118.28667"/>
   <point lat="34.0978" lon="-118.28652"/>
   <point lat="34.0974999" lon="-118.28611"/>
   <point lat="34.09727" lon="-118.28578"/>
   <point lat="34.09659" lon="-118.28499"/>
   <point lat="34.09588" lon="-118.28436"/>
   <point lat="34.09495" lon="-118.28315"/>
   <point lat="34.09434" lon="-118.28269"/>
   <point lat="34.09275" lon="-118.28091"/>
   <point lat="34.0909199" lon="-118.27899"/>
   <point lat="34.09049" lon="-118.27772"/>
   <point lat="34.09043" lon="-118.2776"/>
   <point lat="34.09031" lon="-118.27744"/>
   <point lat="34.08979" lon="-118.27711"/>
   <point lat="34.0896" lon="-118.27682"/>
   <point lat="34.08759" lon="-118.27602"/>
   <point lat="34.0851" lon="-118.27483"/>
   <point lat="34.08401" lon="-118.27415"/>
   <point lat="34.08364" lon="-118.27396"/>
   <point lat="34.08356" lon="-118.2739"/>
   <point lat="34.08296" lon="-118.27353"/>
   <point lat="34.08055" lon="-118.27057"/>
   <point lat="34.07988" lon="-118.26964"/>
   <point lat="34.07928" lon="-118.26885"/>
   <point lat="34.07825" lon="-118.26647"/>
   <point lat="34.07788" lon="-118.2662"/>
   <point lat="34.07763" lon="-118.26572"/>
   <point lat="34.07744" lon="-118.26377"/>
  </path>
  <path>
   <point lat="34.0982399" lon="-118.30957"/>
   <point lat="34.09822" lon="-118.31343"/>
   <point lat="34.09818" lon="-118.31781"/>
   <point lat="34.09816" lon="-118.32214"/>
   <point lat="34.09814" lon="-118.32698"/>
   <point lat="34.09814" lon="-118.32857"/>
   <point lat="34.09813" lon="-118.33084"/>
   <point lat="34.09812" lon="-118.33511"/>
   <point lat="34.09812" lon="-118.33848"/>
   <point lat="34.09811" lon="-118.34121"/>
   <point lat="34.09812" lon="-118.34395"/>
  </path>
  <path>
   <point lat="34.03967" lon="-118.28422"/>
   <point lat="34.03672" lon="-118.28415"/>
   <point lat="34.03454" lon="-118.28413"/>
   <point lat="34.03143" lon="-118.28412"/>
   <point lat="34.0295" lon="-118.2841"/>
   <point lat="34.0271199" lon="-118.2841"/>
   <point lat="34.0255" lon="-118.28393"/>
   <point lat="34.02505" lon="-118.28403"/>
   <point lat="34.0238299" lon="-118.28393"/>
   <point lat="34.02371" lon="-118.28401"/>
   <point lat="34.02365" lon="-118.28388"/>
   <point lat="34.0233" lon="-118.28339"/>
   <point lat="34.02273" lon="-118.28213"/>
   <point lat="34.02193" lon="-118.27998"/>
   <point lat="34.02174" lon="-118.28026"/>
   <point lat="34.02115" lon="-118.28046"/>
   <point lat="34.02037" lon="-118.28113"/>
   <point lat="34.01919" lon="-118.28192"/>
   <point lat="34.01837" lon="-118.28224"/>
   <point lat="34.01818" lon="-118.28235"/>
   <point lat="34.01777" lon="-118.28262"/>
   <point lat="34.0177" lon="-118.28266"/>
   <point lat="34.0176" lon="-118.28271"/>
   <point lat="34.01747" lon="-118.28273"/>
   <point lat="34.0172" lon="-118.28275"/>
   <point lat="34.01627" lon="-118.28291"/>
   <point lat="34.01377" lon="-118.28289"/>
   <point lat="34.01184" lon="-118.28273"/>
   <point lat="34.01114" lon="-118.28273"/>
   <point lat="34.01115" lon="-118.28248"/>
   <point lat="34.01114" lon="-118.28228"/>
   <point lat="34.011" lon="-118.28199"/>
   <point lat="34.01109" lon="-118.28069"/>
   <point lat="34.0111" lon="-118.28056"/>
   <point lat="34.01111" lon="-118.27889"/>
   <point lat="34.01262" lon="-118.27796"/>
   <point lat="34.01312" lon="-118.27909"/>
   <point lat="34.01204" lon="-118.27978"/>
   <point lat="34.0118099" lon="-118.27991"/>
   <point lat="34.01178" lon="-118.27993"/>
   <point lat="34.01173" lon="-118.27997"/>
   <point lat="34.01149" lon="-118.28029"/>
  </path>
  <path>
   <point lat="34.08193" lon="-118.41175"/>
   <point lat="34.08069" lon="-118.41321"/>
   <point lat="34.08032" lon="-118.41407"/>
   <point lat="34.07888" lon="-118.4163"/>
   <point lat="34.0787" lon="-118.41694"/>
   <point lat="34.07749" lon="-118.41923"/>
   <point lat="34.07738" lon="-118.41987"/>
   <point lat="34.07705" lon="-118.42036"/>
   <point lat="34.07699" lon="-118.42055"/>
   <point lat="34.07696" lon="-118.42069"/>
   <point lat="34.0769499" lon="-118.42076"/>
   <point lat="34.0769499" lon="-118.42088"/>
   <point lat="34.07696" lon="-118.42102"/>
   <point lat="34.07699" lon="-118.42118"/>
   <point lat="34.07705" lon="-118.42133"/>
   <point lat="34.07715" lon="-118.42151"/>
   <point lat="34.07724" lon="-118.42163"/>
   <point lat="34.07731" lon="-118.42169"/>
   <point lat="34.0774199" lon="-118.42177"/>
   <point lat="34.07754" lon="-118.42183"/>
   <point lat="34.07784" lon="-118.42181"/>
   <point lat="34.07928" lon="-118.42263"/>
   <point lat="34.07984" lon="-118.42272"/>
   <point lat="34.08017" lon="-118.42338"/>
   <point lat="34.081" lon="-118.42555"/>
   <point lat="34.08077" lon="-118.42711"/>
   <point lat="34.07993" lon="-118.42817"/>
   <point lat="34.07974" lon="-118.42827"/>
   <point lat="34.07956" lon="-118.42842"/>
   <point lat="34.07944" lon="-118.42856"/>
   <point lat="34.07938" lon="-118.42865"/>
   <point lat="34.07932" lon="-118.42876"/>
   <point lat="34.07928" lon="-118.42886"/>
   <point lat="34.07925" lon="-118.42894"/>
   <point lat="34.07923" lon="-118.42902"/>
   <point lat="34.07923" lon="-118.42906"/>
   <point lat="34.07921" lon="-118.42922"/>
   <point lat="34.07922" lon="-118.42937"/>
   <point lat="34.07924" lon="-118.42951"/>
   <point lat="34.07926" lon="-118.42959"/>
   <point lat="34.0793" lon="-118.42972"/>
   <point lat="34.07936" lon="-118.42986"/>
   <point lat="34.07938" lon="-118.4299"/>
   <point lat="34.07965" lon="-118.43002"/>
   <point lat="34.07983" lon="-118.43031"/>
   <point lat="34.08102" lon="-118.43077"/>
   <point lat="34.08126" lon="-118.43085"/>
   <point lat="34.08138" lon="-118.43091"/>
   <point lat="34.0815" lon="-118.431"/>
   <point lat="34.0818" lon="-118.43129"/>
   <point lat="34.08221" lon="-118.43171"/>
   <point lat="34.08233" lon="-118.43184"/>
   <point lat="34.08236" lon="-118.43188"/>
   <point lat="34.08245" lon="-118.43206"/>
   <point lat="34.08252" lon="-118.43222"/>
   <point lat="34.0825699" lon="-118.4324"/>
   <point lat="34.08262" lon="-118.43269"/>
   <point lat="34.08274" lon="-118.43365"/>
   <point lat="34.08275" lon="-118.43381"/>
   <point lat="34.08275" lon="-118.43411"/>
   <point lat="34.08276" lon="-118.43452"/>
   <point lat="34.08238" lon="-118.43479"/>
   <point lat="34.08124" lon="-118.4353"/>
   <point lat="34.0808899" lon="-118.43527"/>
   <point lat="34.08078" lon="-118.43538"/>
   <point lat="34.08065" lon="-118.43558"/>
   <point lat="34.078" lon="-118.4393"/>
   <point lat="34.0771299" lon="-118.439"/>
   <point lat="34.07419" lon="-118.43808"/>
   <point lat="34.07323" lon="-118.43745"/>
   <point lat="34.0728099" lon="-118.43725"/>
   <point lat="34.07276" lon="-118.43723"/>
   <point lat="34.07264" lon="-118.43721"/>
   <point lat="34.07242" lon="-118.43719"/>
   <point lat="34.07224" lon="-118.4372"/>
   <point lat="34.07214" lon="-118.43721"/>
   <point lat="34.07203" lon="-118.43723"/>
   <point lat="34.07189" lon="-118.43729"/>
   <point lat="34.07175" lon="-118.43736"/>
   <point lat="34.07159" lon="-118.43749"/>
   <point lat="34.07151" lon="-118.43755"/>
   <point lat="34.07138" lon="-118.4377"/>
   <point lat="34.07123" lon="-118.43789"/>
   <point lat="34.07103" lon="-118.43819"/>
   <point lat="34.07095" lon="-118.43828"/>
   <point lat="34.07086" lon="-118.4384"/>
   <point lat="34.0708" lon="-118.43847"/>
   <point lat="34.07063" lon="-118.43862"/>
   <point lat="34.06937" lon="-118.43911"/>
   <point lat="34.06867" lon="-118.43914"/>
   <point lat="34.06692" lon="-118.43953"/>
   <point lat="34.06665" lon="-118.4396"/>
   <point lat="34.06413" lon="-118.44106"/>
   <point lat="34.06408" lon="-118.44107"/>
   <point lat="34.06414" lon="-118.44142"/>
   <point lat="34.06401" lon="-118.44173"/>
   <point lat="34.06379" lon="-118.44275"/>
   <point lat="34.06373" lon="-118.44307"/>
   <point lat="34.06369" lon="-118.4443"/>
   <point lat="34.0637" lon="-118.44494"/>
   <point lat="34.0637" lon="-118.44534"/>
   <point lat="34.06271" lon="-118.44552"/>
   <point lat="34.0625799" lon="-118.44593"/>
   <point lat="34.06259" lon="-118.44613"/>
   <point lat="34.0626" lon="-118.44643"/>
   <point lat="34.0626" lon="-118.44677"/>
   <point lat="34.0625799" lon="-118.44689"/>
   <point lat="34.06254" lon="-118.44703"/>
   <point lat="34.06251" lon="-118.44711"/>
   <point lat="34.06245" lon="-118.44721"/>
   <point lat="34.06216" lon="-118.44772"/>
   <point lat="34.06203" lon="-118.44798"/>
   <point lat="34.06222" lon="-118.44804"/>
   <point lat="34.0623999" lon="-118.44812"/>
   <point lat="34.06263" lon="-118.44826"/>
   <point lat="34.06272" lon="-118.4483"/>
   <point lat="34.06282" lon="-118.44833"/>
   <point lat="34.06289" lon="-118.44834"/>
   <point lat="34.06304" lon="-118.44834"/>
   <point lat="34.06364" lon="-118.44824"/>
   <point lat="34.06358" lon="-118.44791"/>
   <point lat="34.06367" lon="-118.44706"/>
   <point lat="34.06359" lon="-118.44673"/>
  </path>
  <path>
   <point lat="34.01879" lon="-118.28179"/>
   <point lat="34.01968" lon="-118.2814"/>
   <point lat="34.02193" lon="-118.27998"/>
   <point lat="34.02303" lon="-118.28213"/>
   <point lat="34.02376" lon="-118.2838"/>
   <point lat="34.02405" lon="-118.28381"/>
   <point lat="34.02538" lon="-118.28376"/>
   <point lat="34.0255" lon="-118.28393"/>
   <point lat="34.02767" lon="-118.2838"/>
   <point lat="34.02929" lon="-118.28379"/>
   <point lat="34.03198" lon="-118.28382"/>
   <point lat="34.03468" lon="-118.28383"/>
   <point lat="34.03691" lon="-118.28385"/>
   <point lat="34.03954" lon="-118.28391"/>
  </path>
  <path>
   <point lat="34.09818" lon="-118.36187"/>
   <point lat="34.09802" lon="-118.3652"/>
   <point lat="34.09814" lon="-118.36548"/>
   <point lat="34.09798" lon="-118.36742"/>
   <point lat="34.09796" lon="-118.36785"/>
   <point lat="34.09796" lon="-118.36793"/>
   <point lat="34.09794" lon="-118.368"/>
   <point lat="34.09791" lon="-118.36807"/>
   <point lat="34.09785" lon="-118.3682"/>
   <point lat="34.09776" lon="-118.36835"/>
   <point lat="34.09752" lon="-118.36866"/>
   <point lat="34.09708" lon="-118.36926"/>
   <point lat="34.09648" lon="-118.37083"/>
   <point lat="34.09595" lon="-118.37156"/>
   <point lat="34.09542" lon="-118.37259"/>
   <point lat="34.09496" lon="-118.37395"/>
   <point lat="34.09424" lon="-118.37684"/>
   <point lat="34.09254" lon="-118.37952"/>
   <point lat="34.09198" lon="-118.38048"/>
   <point lat="34.0909199" lon="-118.38322"/>
   <point lat="34.09064" lon="-118.38402"/>
   <point lat="34.09077" lon="-118.38537"/>
   <point lat="34.09076" lon="-118.38746"/>
   <point lat="34.09075" lon="-118.38958"/>
   <point lat="34.09061" lon="-118.39194"/>
   <point lat="34.09042" lon="-118.39267"/>
  </path>
  <path>
   <point lat="34.09042" lon="-118.39267"/>
   <point lat="34.08995" lon="-118.39316"/>
   <point lat="34.0887699" lon="-118.39545"/>
   <point lat="34.08803" lon="-118.39671"/>
   <point lat="34.08773" lon="-118.39802"/>
   <point lat="34.0868899" lon="-118.40027"/>
   <point lat="34.08687" lon="-118.40036"/>
   <point lat="34.08672" lon="-118.40092"/>
   <point lat="34.08668" lon="-118.40111"/>
   <point lat="34.08665" lon="-118.40132"/>
   <point lat="34.08676" lon="-118.40205"/>
   <point lat="34.08653" lon="-118.40308"/>
   <point lat="34.0865099" lon="-118.40611"/>
   <point lat="34.08585" lon="-118.40723"/>
   <point lat="34.08546" lon="-118.40795"/>
   <point lat="34.08332" lon="-118.41013"/>
   <point lat="34.08193" lon="-118.41175"/>
  </path>
  <path>
   <point lat="34.09829" lon="-118.29149"/>
   <point lat="34.09827" lon="-118.29646"/>
   <point lat="34.09826" lon="-118.29815"/>
   <point lat="34.09826" lon="-118.30035"/>
   <point lat="34.09825" lon="-118.3034"/>
   <point lat="34.0982399" lon="-118.30957"/>
  </path>
  <path>
   <point lat="34.07766" lon="-118.26399"/>
   <point lat="34.07747" lon="-118.26436"/>
   <point lat="34.07744" lon="-118.26454"/>
   <point lat="34.0774199" lon="-118.26477"/>
   <point lat="34.0774199" lon="-118.26495"/>
   <point lat="34.07743" lon="-118.26512"/>
   <point lat="34.07744" lon="-118.26523"/>
   <point lat="34.07746" lon="-118.26531"/>
   <point lat="34.07749" lon="-118.26542"/>
   <point lat="34.07754" lon="-118.26554"/>
   <point lat="34.07763" lon="-118.26572"/>
   <point lat="34.07778" lon="-118.2659"/>
   <point lat="34.07787" lon="-118.26598"/>
   <point lat="34.0781599" lon="-118.26612"/>
   <point lat="34.07825" lon="-118.26647"/>
   <point lat="34.07953" lon="-118.26875"/>
   <point lat="34.08049" lon="-118.27013"/>
   <point lat="34.081" lon="-118.2708"/>
   <point lat="34.08315" lon="-118.27328"/>
   <point lat="34.08356" lon="-118.2739"/>
   <point lat="34.08364" lon="-118.27396"/>
   <point lat="34.08401" lon="-118.27415"/>
   <point lat="34.08532" lon="-118.27461"/>
   <point lat="34.0875" lon="-118.27582"/>
   <point lat="34.08781" lon="-118.2758"/>
   <point lat="34.0896" lon="-118.27682"/>
   <point lat="34.08965" lon="-118.27668"/>
   <point lat="34.0902" lon="-118.27731"/>
   <point lat="34.09098" lon="-118.27855"/>
   <point lat="34.0921" lon="-118.27984"/>
   <point lat="34.09463" lon="-118.28257"/>
   <point lat="34.09495" lon="-118.28315"/>
   <point lat="34.09611" lon="-118.28421"/>
   <point lat="34.09727" lon="-118.28578"/>
   <point lat="34.09829" lon="-118.28774"/>
   <point lat="34.09829" lon="-118.29149"/>
  </path>
  <path>
   <point lat="34.06362" lon="-118.445"/>
   <point lat="34.06366" lon="-118.4426"/>
   <point lat="34.06387" lon="-118.44207"/>
   <point lat="34.06426" lon="-118.4409"/>
   <point lat="34.06498" lon="-118.44083"/>
   <point lat="34.0650199" lon="-118.4408"/>
   <point lat="34.06509" lon="-118.44073"/>
   <point lat="34.06648" lon="-118.43958"/>
   <point lat="34.06714" lon="-118.43928"/>
   <point lat="34.06944" lon="-118.43885"/>
   <point lat="34.0708" lon="-118.43847"/>
   <point lat="34.07103" lon="-118.43819"/>
   <point lat="34.07123" lon="-118.43789"/>
   <point lat="34.07138" lon="-118.4377"/>
   <point lat="34.07151" lon="-118.43755"/>
   <point lat="34.07159" lon="-118.43749"/>
   <point lat="34.07175" lon="-118.43736"/>
   <point lat="34.07189" lon="-118.43729"/>
   <point lat="34.07203" lon="-118.43723"/>
   <point lat="34.07214" lon="-118.43721"/>
   <point lat="34.07224" lon="-118.4372"/>
   <point lat="34.07242" lon="-118.43719"/>
   <point lat="34.07264" lon="-118.43721"/>
   <point lat="34.07276" lon="-118.43723"/>
   <point lat="34.0728099" lon="-118.43725"/>
   <point lat="34.07323" lon="-118.43745"/>
   <point lat="34.0741" lon="-118.43791"/>
   <point lat="34.07439" lon="-118.43792"/>
   <point lat="34.07538" lon="-118.43855"/>
   <point lat="34.0755399" lon="-118.43863"/>
   <point lat="34.0756299" lon="-118.43867"/>
   <point lat="34.0757199" lon="-118.43869"/>
   <point lat="34.07582" lon="-118.43872"/>
   <point lat="34.07606" lon="-118.43872"/>
   <point lat="34.07765" lon="-118.43889"/>
   <point lat="34.0778899" lon="-118.43907"/>
   <point lat="34.07805" lon="-118.43918"/>
   <point lat="34.07815" lon="-118.43927"/>
   <point lat="34.07828" lon="-118.4394"/>
   <point lat="34.07914" lon="-118.43816"/>
   <point lat="34.0793" lon="-118.43791"/>
   <point lat="34.07942" lon="-118.43774"/>
   <point lat="34.0799" lon="-118.43714"/>
   <point lat="34.08003" lon="-118.43699"/>
   <point lat="34.08008" lon="-118.43692"/>
   <point lat="34.08015" lon="-118.43681"/>
   <point lat="34.08022" lon="-118.43667"/>
   <point lat="34.0803299" lon="-118.43648"/>
   <point lat="34.08054" lon="-118.43583"/>
   <point lat="34.08056" lon="-118.43548"/>
   <point lat="34.0808899" lon="-118.43527"/>
   <point lat="34.08208" lon="-118.43476"/>
   <point lat="34.08238" lon="-118.43479"/>
   <point lat="34.08244" lon="-118.43474"/>
   <point lat="34.08253" lon="-118.43465"/>
   <point lat="34.0825699" lon="-118.4346"/>
   <point lat="34.08261" lon="-118.43453"/>
   <point lat="34.08265" lon="-118.43445"/>
   <point lat="34.08271" lon="-118.43432"/>
   <point lat="34.08275" lon="-118.43411"/>
   <point lat="34.08275" lon="-118.43381"/>
   <point lat="34.08274" lon="-118.43365"/>
   <point lat="34.08262" lon="-118.43269"/>
   <point lat="34.0825699" lon="-118.4324"/>
   <point lat="34.08252" lon="-118.43222"/>
   <point lat="34.08245" lon="-118.43206"/>
   <point lat="34.08236" lon="-118.43188"/>
   <point lat="34.08233" lon="-118.43184"/>
   <point lat="34.08221" lon="-118.43171"/>
   <point lat="34.0818" lon="-118.43129"/>
   <point lat="34.0815" lon="-118.431"/>
   <point lat="34.08138" lon="-118.43091"/>
   <point lat="34.08126" lon="-118.43085"/>
   <point lat="34.08102" lon="-118.43077"/>
   <point lat="34.0800399" lon="-118.4304"/>
   <point lat="34.07983" lon="-118.43031"/>
   <point lat="34.07971" lon="-118.43025"/>
   <point lat="34.07937" lon="-118.43013"/>
   <point lat="34.07926" lon="-118.42959"/>
   <point lat="34.07924" lon="-118.42951"/>
   <point lat="34.07922" lon="-118.42937"/>
   <point lat="34.07921" lon="-118.42922"/>
   <point lat="34.07922" lon="-118.42908"/>
   <point lat="34.07923" lon="-118.42902"/>
   <point lat="34.07925" lon="-118.42894"/>
   <point lat="34.07928" lon="-118.42886"/>
   <point lat="34.07932" lon="-118.42876"/>
   <point lat="34.07938" lon="-118.42865"/>
   <point lat="34.07944" lon="-118.42856"/>
   <point lat="34.07956" lon="-118.42842"/>
   <point lat="34.07974" lon="-118.42827"/>
   <point lat="34.07991" lon="-118.42817"/>
   <point lat="34.08049" lon="-118.42778"/>
   <point lat="34.08054" lon="-118.42771"/>
   <point lat="34.0805999" lon="-118.42763"/>
   <point lat="34.08065" lon="-118.42754"/>
   <point lat="34.08071" lon="-118.42739"/>
   <point lat="34.08077" lon="-118.42711"/>
   <point lat="34.08079" lon="-118.42696"/>
   <point lat="34.08085" lon="-118.42607"/>
   <point lat="34.0807" lon="-118.42636"/>
   <point lat="34.08085" lon="-118.42607"/>
   <point lat="34.08086" lon="-118.42581"/>
   <point lat="34.08087" lon="-118.42569"/>
   <point lat="34.08087" lon="-118.42546"/>
   <point lat="34.08083" lon="-118.42524"/>
   <point lat="34.08017" lon="-118.42338"/>
   <point lat="34.08006" lon="-118.42317"/>
   <point lat="34.08001" lon="-118.42307"/>
   <point lat="34.07996" lon="-118.42299"/>
   <point lat="34.0799" lon="-118.42294"/>
   <point lat="34.07974" lon="-118.42283"/>
   <point lat="34.07955" lon="-118.42274"/>
   <point lat="34.07928" lon="-118.42263"/>
   <point lat="34.07763" lon="-118.42204"/>
   <point lat="34.0774199" lon="-118.42177"/>
   <point lat="34.07715" lon="-118.42151"/>
   <point lat="34.07705" lon="-118.42133"/>
   <point lat="34.07699" lon="-118.42118"/>
   <point lat="34.07696" lon="-118.42102"/>
   <point lat="34.0769499" lon="-118.42088"/>
   <point lat="34.0769499" lon="-118.42076"/>
   <point lat="34.07696" lon="-118.42069"/>
   <point lat="34.07703" lon="-118.42004"/>
   <point lat="34.07802" lon="-118.41801"/>
   <point lat="34.07831" lon="-118.41712"/>
   <point lat="34.07888" lon="-118.4163"/>
   <point lat="34.07988" lon="-118.41425"/>
   <point lat="34.08069" lon="-118.41321"/>
   <point lat="34.08124" lon="-118.41223"/>
  </path>
  <path>
   <point lat="34.08124" lon="-118.41223"/>
   <point lat="34.08294" lon="-118.41013"/>
   <point lat="34.08507" lon="-118.40797"/>
   <point lat="34.08611" lon="-118.40643"/>
   <point lat="34.08646" lon="-118.40583"/>
   <point lat="34.08654" lon="-118.4054"/>
   <point lat="34.08659" lon="-118.40507"/>
   <point lat="34.08661" lon="-118.40481"/>
   <point lat="34.08662" lon="-118.40436"/>
   <point lat="34.08656" lon="-118.40344"/>
   <point lat="34.0864199" lon="-118.40256"/>
   <point lat="34.08668" lon="-118.40111"/>
   <point lat="34.08733" lon="-118.3984"/>
   <point lat="34.08818" lon="-118.39634"/>
   <point lat="34.08841" lon="-118.39557"/>
   <point lat="34.08995" lon="-118.39316"/>
   <point lat="34.0903" lon="-118.39236"/>
  </path>
  <path>
   <point lat="34.07766" lon="-118.26399"/>
   <point lat="34.07747" lon="-118.26436"/>
   <point lat="34.07744" lon="-118.26454"/>
   <point lat="34.0774199" lon="-118.26477"/>
   <point lat="34.0774199" lon="-118.26495"/>
   <point lat="34.07743" lon="-118.26512"/>
   <point lat="34.07744" lon="-118.26523"/>
   <point lat="34.07746" lon="-118.26531"/>
   <point lat="34.07749" lon="-118.26542"/>
   <point lat="34.07754" lon="-118.26554"/>
   <point lat="34.07763" lon="-118.26572"/>
   <point lat="34.07778" lon="-118.2659"/>
   <point lat="34.07787" lon="-118.26598"/>
   <point lat="34.0781599" lon="-118.26612"/>
   <point lat="34.07825" lon="-118.26647"/>
   <point lat="34.07953" lon="-118.26875"/>
   <point lat="34.08049" lon="-118.27013"/>
   <point lat="34.081" lon="-118.2708"/>
   <point lat="34.08315" lon="-118.27328"/>
   <point lat="34.08356" lon="-118.2739"/>
   <point lat="34.08364" lon="-118.27396"/>
   <point lat="34.08401" lon="-118.27415"/>
   <point lat="34.08532" lon="-118.27461"/>
   <point lat="34.0875" lon="-118.27582"/>
   <point lat="34.08781" lon="-118.2758"/>
   <point lat="34.08965" lon="-118.27668"/>
   <point lat="34.0902" lon="-118.27731"/>
   <point lat="34.09098" lon="-118.27855"/>
   <point lat="34.0921" lon="-118.27984"/>
   <point lat="34.09463" lon="-118.28257"/>
   <point lat="34.09611" lon="-118.28421"/>
   <point lat="34.09727" lon="-118.28578"/>
   <point lat="34.09829" lon="-118.28774"/>
   <point lat="34.09829" lon="-118.29149"/>
  </path>
  <path>
   <point lat="34.01149" lon="-118.28029"/>
   <point lat="34.0111" lon="-118.28044"/>
   <point lat="34.0111" lon="-118.28056"/>
   <point lat="34.01109" lon="-118.28069"/>
   <point lat="34.0111" lon="-118.2808"/>
   <point lat="34.01109" lon="-118.28115"/>
   <point lat="34.01109" lon="-118.28146"/>
   <point lat="34.01127" lon="-118.28246"/>
   <point lat="34.01184" lon="-118.28273"/>
   <point lat="34.01385" lon="-118.28259"/>
   <point lat="34.01635" lon="-118.2826"/>
   <point lat="34.0172" lon="-118.28275"/>
   <point lat="34.01747" lon="-118.28273"/>
   <point lat="34.0176" lon="-118.28271"/>
   <point lat="34.0177" lon="-118.28266"/>
   <point lat="34.01777" lon="-118.28262"/>
   <point lat="34.01818" lon="-118.28235"/>
   <point lat="34.01837" lon="-118.28224"/>
   <point lat="34.01879" lon="-118.28179"/>
  </path>
  <path>
   <point lat="34.09812" lon="-118.34395"/>
   <point lat="34.09813" lon="-118.3485"/>
   <point lat="34.09814" lon="-118.34987"/>
   <point lat="34.09816" lon="-118.35266"/>
   <point lat="34.09819" lon="-118.35594"/>
   <point lat="34.0980599" lon="-118.36154"/>
   <point lat="34.09818" lon="-118.36187"/>
  </path>
  <path>
   <point lat="34.011" lon="-118.28199"/>
   <point lat="34.01109" lon="-118.28146"/>
   <point lat="34.01109" lon="-118.28115"/>
   <point lat="34.0111" lon="-118.2808"/>
   <point lat="34.01109" lon="-118.28069"/>
   <point lat="34.0111" lon="-118.28056"/>
   <point lat="34.01111" lon="-118.27889"/>
   <point lat="34.01262" lon="-118.27796"/>
   <point lat="34.01312" lon="-118.27909"/>
   <point lat="34.01204" lon="-118.27978"/>
   <point lat="34.0118099" lon="-118.27991"/>
   <point lat="34.01178" lon="-118.27993"/>
   <point lat="34.01173" lon="-118.27997"/>
   <point lat="34.0111" lon="-118.28044"/>
   <point lat="34.0111" lon="-118.28056"/>
   <point lat="34.01109" lon="-118.28069"/>
   <point lat="34.0111" lon="-118.2808"/>
   <point lat="34.01109" lon="-118.28115"/>
   <point lat="34.01109" lon="-118.28146"/>
   <point lat="34.01127" lon="-118.28246"/>
   <point lat="34.01184" lon="-118.28273"/>
   <point lat="34.01385" lon="-118.28259"/>
   <point lat="34.01635" lon="-118.2826"/>
   <point lat="34.0172" lon="-118.28275"/>
   <point lat="34.01747" lon="-118.28273"/>
   <point lat="34.0176" lon="-118.28271"/>
   <point lat="34.0177" lon="-118.28266"/>
   <point lat="34.01777" lon="-118.28262"/>
   <point lat="34.01818" lon="-118.28235"/>
   <point lat="34.01837" lon="-118.28224"/>
   <point lat="34.01879" lon="-118.28179"/>
  </path>
  <path>
   <point lat="34.01879" lon="-118.28179"/>
   <point lat="34.01968" lon="-118.2814"/>
   <point lat="34.02193" lon="-118.27998"/>
   <point lat="34.02226" lon="-118.28033"/>
   <point lat="34.02303" lon="-118.28213"/>
   <point lat="34.02376" lon="-118.2838"/>
   <point lat="34.02405" lon="-118.28381"/>
   <point lat="34.02538" lon="-118.28376"/>
   <point lat="34.0255" lon="-118.28393"/>
   <point lat="34.02767" lon="-118.2838"/>
   <point lat="34.02929" lon="-118.28379"/>
   <point lat="34.03198" lon="-118.28382"/>
   <point lat="34.03468" lon="-118.28383"/>
   <point lat="34.03691" lon="-118.28385"/>
   <point lat="34.03954" lon="-118.28391"/>
  </path>
  <path>
   <point lat="34.07744" lon="-118.26377"/>
   <point lat="34.07762" lon="-118.26347"/>
   <point lat="34.07435" lon="-118.26564"/>
   <point lat="34.07228" lon="-118.26691"/>
   <point lat="34.07048" lon="-118.26807"/>
   <point lat="34.0665" lon="-118.27059"/>
   <point lat="34.065" lon="-118.27155"/>
   <point lat="34.06319" lon="-118.27272"/>
   <point lat="34.06147" lon="-118.27381"/>
   <point lat="34.05975" lon="-118.27491"/>
   <point lat="34.05771" lon="-118.2762"/>
  </path>
  <path>
   <point lat="34.0903" lon="-118.39236"/>
   <point lat="34.09059" lon="-118.39205"/>
   <point lat="34.09061" lon="-118.39194"/>
   <point lat="34.09062" lon="-118.39144"/>
   <point lat="34.0905" lon="-118.38991"/>
   <point lat="34.09051" lon="-118.38779"/>
   <point lat="34.09052" lon="-118.3857"/>
   <point lat="34.09063" lon="-118.38377"/>
   <point lat="34.09082" lon="-118.38292"/>
   <point lat="34.09188" lon="-118.38066"/>
   <point lat="34.09218" lon="-118.37965"/>
   <point lat="34.09415" lon="-118.37648"/>
   <point lat="34.09479" lon="-118.3747"/>
   <point lat="34.09509" lon="-118.37279"/>
   <point lat="34.09538" lon="-118.3723"/>
   <point lat="34.09637" lon="-118.3704"/>
   <point lat="34.09699" lon="-118.3694"/>
   <point lat="34.09708" lon="-118.36926"/>
   <point lat="34.09752" lon="-118.36866"/>
   <point lat="34.09776" lon="-118.36835"/>
   <point lat="34.09785" lon="-118.3682"/>
   <point lat="34.09791" lon="-118.36807"/>
   <point lat="34.09794" lon="-118.368"/>
   <point lat="34.09796" lon="-118.36793"/>
   <point lat="34.09796" lon="-118.36785"/>
   <point lat="34.09798" lon="-118.36742"/>
   <point lat="34.09799" lon="-118.3667"/>
   <point lat="34.098" lon="-118.36646"/>
   <point lat="34.09788" lon="-118.3658"/>
   <point lat="34.09802" lon="-118.3652"/>
   <point lat="34.09793" lon="-118.36178"/>
  </path>
  <path>
   <point lat="34.09786" lon="-118.34428"/>
   <point lat="34.09786" lon="-118.34171"/>
   <point lat="34.09786" lon="-118.33881"/>
   <point lat="34.09787" lon="-118.33544"/>
   <point lat="34.09788" lon="-118.33117"/>
   <point lat="34.09788" lon="-118.3289"/>
   <point lat="34.09789" lon="-118.32632"/>
   <point lat="34.09791" lon="-118.32247"/>
   <point lat="34.09793" lon="-118.31814"/>
   <point lat="34.0979699" lon="-118.31376"/>
   <point lat="34.09798" lon="-118.3089"/>
  </path>
  <path>
   <point lat="34.09798" lon="-118.3089"/>
   <point lat="34.098" lon="-118.30298"/>
   <point lat="34.098" lon="-118.30068"/>
   <point lat="34.09801" lon="-118.29848"/>
   <point lat="34.09802" lon="-118.29597"/>
   <point lat="34.09803" lon="-118.2912"/>
  </path>
  <path>
   <point lat="34.08193" lon="-118.41175"/>
   <point lat="34.08069" lon="-118.41321"/>
   <point lat="34.08032" lon="-118.41407"/>
   <point lat="34.07888" lon="-118.4163"/>
   <point lat="34.0787" lon="-118.41694"/>
   <point lat="34.07802" lon="-118.41801"/>
   <point lat="34.07749" lon="-118.41923"/>
   <point lat="34.07738" lon="-118.41987"/>
   <point lat="34.07705" lon="-118.42036"/>
   <point lat="34.07699" lon="-118.42055"/>
   <point lat="34.07696" lon="-118.42069"/>
   <point lat="34.0769499" lon="-118.42076"/>
   <point lat="34.0769499" lon="-118.42088"/>
   <point lat="34.07696" lon="-118.42102"/>
   <point lat="34.07699" lon="-118.42118"/>
   <point lat="34.07705" lon="-118.42133"/>
   <point lat="34.07715" lon="-118.42151"/>
   <point lat="34.07724" lon="-118.42163"/>
   <point lat="34.07731" lon="-118.42169"/>
   <point lat="34.0774199" lon="-118.42177"/>
   <point lat="34.07754" lon="-118.42183"/>
   <point lat="34.07784" lon="-118.42181"/>
   <point lat="34.07928" lon="-118.42263"/>
   <point lat="34.07984" lon="-118.42272"/>
   <point lat="34.08017" lon="-118.42338"/>
   <point lat="34.081" lon="-118.42555"/>
   <point lat="34.08077" lon="-118.42711"/>
   <point lat="34.07993" lon="-118.42817"/>
   <point lat="34.07974" lon="-118.42827"/>
   <point lat="34.07956" lon="-118.42842"/>
   <point lat="34.07944" lon="-118.42856"/>
   <point lat="34.07938" lon="-118.42865"/>
   <point lat="34.07932" lon="-118.42876"/>
   <point lat="34.07928" lon="-118.42886"/>
   <point lat="34.07925" lon="-118.42894"/>
   <point lat="34.07923" lon="-118.42902"/>
   <point lat="34.07923" lon="-118.42906"/>
   <point lat="34.07921" lon="-118.42922"/>
   <point lat="34.07922" lon="-118.42937"/>
   <point lat="34.07924" lon="-118.42951"/>
   <point lat="34.07926" lon="-118.42959"/>
   <point lat="34.0793" lon="-118.42972"/>
   <point lat="34.07936" lon="-118.42986"/>
   <point lat="34.07938" lon="-118.4299"/>
   <point lat="34.07965" lon="-118.43002"/>
   <point lat="34.07983" lon="-118.43031"/>
   <point lat="34.08102" lon="-118.43077"/>
   <point lat="34.08126" lon="-118.43085"/>
   <point lat="34.08138" lon="-118.43091"/>
   <point lat="34.0815" lon="-118.431"/>
   <point lat="34.0818" lon="-118.43129"/>
   <point lat="34.08221" lon="-118.43171"/>
   <point lat="34.08233" lon="-118.43184"/>
   <point lat="34.08236" lon="-118.43188"/>
   <point lat="34.08245" lon="-118.43206"/>
   <point lat="34.08252" lon="-118.43222"/>
   <point lat="34.0825699" lon="-118.4324"/>
   <point lat="34.08262" lon="-118.43269"/>
   <point lat="34.08274" lon="-118.43365"/>
   <point lat="34.08275" lon="-118.43381"/>
   <point lat="34.08275" lon="-118.43411"/>
   <point lat="34.08276" lon="-118.43452"/>
   <point lat="34.08238" lon="-118.43479"/>
   <point lat="34.08124" lon="-118.4353"/>
   <point lat="34.0808899" lon="-118.43527"/>
   <point lat="34.08078" lon="-118.43538"/>
   <point lat="34.08065" lon="-118.43558"/>
   <point lat="34.078" lon="-118.4393"/>
   <point lat="34.0771299" lon="-118.439"/>
   <point lat="34.07419" lon="-118.43808"/>
   <point lat="34.07323" lon="-118.43745"/>
   <point lat="34.0728099" lon="-118.43725"/>
   <point lat="34.07276" lon="-118.43723"/>
   <point lat="34.07264" lon="-118.43721"/>
   <point lat="34.07242" lon="-118.43719"/>
   <point lat="34.07224" lon="-118.4372"/>
   <point lat="34.07214" lon="-118.43721"/>
   <point lat="34.07203" lon="-118.43723"/>
   <point lat="34.07189" lon="-118.43729"/>
   <point lat="34.07175" lon="-118.43736"/>
   <point lat="34.07159" lon="-118.43749"/>
   <point lat="34.07151" lon="-118.43755"/>
   <point lat="34.07138" lon="-118.4377"/>
   <point lat="34.07123" lon="-118.43789"/>
   <point lat="34.07103" lon="-118.43819"/>
   <point lat="34.07095" lon="-118.43828"/>
   <point lat="34.07086" lon="-118.4384"/>
   <point lat="34.0708" lon="-118.43847"/>
   <point lat="34.07063" lon="-118.43862"/>
   <point lat="34.06937" lon="-118.43911"/>
   <point lat="34.06867" lon="-118.43914"/>
   <point lat="34.06692" lon="-118.43953"/>
   <point lat="34.06665" lon="-118.4396"/>
   <point lat="34.06413" lon="-118.44106"/>
   <point lat="34.06408" lon="-118.44107"/>
   <point lat="34.06414" lon="-118.44142"/>
   <point lat="34.06401" lon="-118.44173"/>
   <point lat="34.06379" lon="-118.44275"/>
   <point lat="34.06373" lon="-118.44307"/>
   <point lat="34.06376" lon="-118.4451"/>
  </path>
  <path>
   <point lat="34.09793" lon="-118.36178"/>
   <point lat="34.0980599" lon="-118.36154"/>
   <point lat="34.09794" lon="-118.35636"/>
   <point lat="34.09791" lon="-118.353"/>
   <point lat="34.09789" lon="-118.3508"/>
   <point lat="34.09788" lon="-118.34849"/>
   <point lat="34.09786" lon="-118.34428"/>
  </path>
  <path>
   <point lat="34.09818" lon="-118.36187"/>
   <point lat="34.09814" lon="-118.36548"/>
   <point lat="34.09798" lon="-118.36742"/>
   <point lat="34.09796" lon="-118.36785"/>
   <point lat="34.09796" lon="-118.36793"/>
   <point lat="34.09794" lon="-118.368"/>
   <point lat="34.09791" lon="-118.36807"/>
   <point lat="34.09785" lon="-118.3682"/>
   <point lat="34.09776" lon="-118.36835"/>
   <point lat="34.09752" lon="-118.36866"/>
   <point lat="34.09708" lon="-118.36926"/>
   <point lat="34.09648" lon="-118.37083"/>
   <point lat="34.09595" lon="-118.37156"/>
   <point lat="34.09542" lon="-118.37259"/>
   <point lat="34.09496" lon="-118.37395"/>
   <point lat="34.09424" lon="-118.37684"/>
   <point lat="34.09254" lon="-118.37952"/>
   <point lat="34.09198" lon="-118.38048"/>
   <point lat="34.0909199" lon="-118.38322"/>
   <point lat="34.09064" lon="-118.38402"/>
   <point lat="34.09077" lon="-118.38537"/>
   <point lat="34.09076" lon="-118.38746"/>
   <point lat="34.09075" lon="-118.38958"/>
   <point lat="34.09061" lon="-118.39194"/>
   <point lat="34.09042" lon="-118.39267"/>
  </path>
  <path>
   <point lat="34.09786" lon="-118.33881"/>
   <point lat="34.09787" lon="-118.33544"/>
   <point lat="34.09788" lon="-118.33117"/>
   <point lat="34.09788" lon="-118.3289"/>
   <point lat="34.09789" lon="-118.32632"/>
   <point lat="34.09791" lon="-118.32247"/>
   <point lat="34.09793" lon="-118.31814"/>
   <point lat="34.0979699" lon="-118.31376"/>
   <point lat="34.09798" lon="-118.3089"/>
  </path>
  <path>
   <point lat="34.01879" lon="-118.28179"/>
   <point lat="34.01968" lon="-118.2814"/>
   <point lat="34.02193" lon="-118.27998"/>
   <point lat="34.02303" lon="-118.28213"/>
   <point lat="34.02376" lon="-118.2838"/>
   <point lat="34.02405" lon="-118.28381"/>
   <point lat="34.02538" lon="-118.28376"/>
   <point lat="34.02767" lon="-118.2838"/>
   <point lat="34.02929" lon="-118.28379"/>
   <point lat="34.03198" lon="-118.28382"/>
   <point lat="34.03468" lon="-118.28383"/>
   <point lat="34.03691" lon="-118.28385"/>
   <point lat="34.03954" lon="-118.28391"/>
  </path>
  <path>
   <point lat="34.09042" lon="-118.39267"/>
   <point lat="34.0887699" lon="-118.39545"/>
   <point lat="34.08803" lon="-118.39671"/>
   <point lat="34.08773" lon="-118.39802"/>
   <point lat="34.0868899" lon="-118.40027"/>
   <point lat="34.08687" lon="-118.40036"/>
   <point lat="34.08672" lon="-118.40092"/>
   <point lat="34.08668" lon="-118.40111"/>
   <point lat="34.08665" lon="-118.40132"/>
   <point lat="34.08676" lon="-118.40205"/>
   <point lat="34.08653" lon="-118.40308"/>
   <point lat="34.0865099" lon="-118.40611"/>
   <point lat="34.08585" lon="-118.40723"/>
   <point lat="34.08546" lon="-118.40795"/>
   <point lat="34.08332" lon="-118.41013"/>
   <point lat="34.08193" lon="-118.41175"/>
  </path>
  <path>
   <point lat="34.03954" lon="-118.28391"/>
   <point lat="34.0415599" lon="-118.28397"/>
   <point lat="34.04351" lon="-118.28396"/>
   <point lat="34.04478" lon="-118.28415"/>
   <point lat="34.04519" lon="-118.28378"/>
   <point lat="34.04568" lon="-118.28371"/>
   <point lat="34.04703" lon="-118.28266"/>
   <point lat="34.0486099" lon="-118.28165"/>
   <point lat="34.05009" lon="-118.28071"/>
   <point lat="34.0515" lon="-118.27981"/>
   <point lat="34.0531999" lon="-118.27872"/>
   <point lat="34.05465" lon="-118.27779"/>
   <point lat="34.05627" lon="-118.27676"/>
   <point lat="34.05709" lon="-118.27624"/>
  </path>
  <path>
   <point lat="34.09589" lon="-118.28145"/>
   <point lat="34.09583" lon="-118.28192"/>
   <point lat="34.09583" lon="-118.28384"/>
   <point lat="34.09582" lon="-118.28408"/>
   <point lat="34.09495" lon="-118.28315"/>
   <point lat="34.09465" lon="-118.2828"/>
   <point lat="34.09434" lon="-118.28269"/>
   <point lat="34.09275" lon="-118.28091"/>
   <point lat="34.0909199" lon="-118.27899"/>
   <point lat="34.09049" lon="-118.27772"/>
   <point lat="34.09043" lon="-118.2776"/>
   <point lat="34.09031" lon="-118.27744"/>
   <point lat="34.08979" lon="-118.27711"/>
   <point lat="34.0896" lon="-118.27682"/>
   <point lat="34.08759" lon="-118.27602"/>
   <point lat="34.0851" lon="-118.27483"/>
   <point lat="34.08401" lon="-118.27415"/>
   <point lat="34.08364" lon="-118.27396"/>
   <point lat="34.08356" lon="-118.2739"/>
   <point lat="34.08296" lon="-118.27353"/>
   <point lat="34.08055" lon="-118.27057"/>
   <point lat="34.07988" lon="-118.26964"/>
   <point lat="34.07928" lon="-118.26885"/>
   <point lat="34.07825" lon="-118.26647"/>
   <point lat="34.07788" lon="-118.2662"/>
   <point lat="34.07763" lon="-118.26572"/>
   <point lat="34.07744" lon="-118.26377"/>
  </path>
  <path>
   <point lat="34.08193" lon="-118.41175"/>
   <point lat="34.08069" lon="-118.41321"/>
   <point lat="34.08032" lon="-118.41407"/>
   <point lat="34.07888" lon="-118.4163"/>
   <point lat="34.0787" lon="-118.41694"/>
   <point lat="34.07802" lon="-118.41801"/>
   <point lat="34.07749" lon="-118.41923"/>
   <point lat="34.07738" lon="-118.41987"/>
   <point lat="34.07705" lon="-118.42036"/>
   <point lat="34.07699" lon="-118.42055"/>
   <point lat="34.07696" lon="-118.42069"/>
   <point lat="34.0769499" lon="-118.42076"/>
   <point lat="34.0769499" lon="-118.42088"/>
   <point lat="34.07696" lon="-118.42102"/>
   <point lat="34.07699" lon="-118.42118"/>
   <point lat="34.07705" lon="-118.42133"/>
   <point lat="34.07715" lon="-118.42151"/>
   <point lat="34.07724" lon="-118.42163"/>
   <point lat="34.07731" lon="-118.42169"/>
   <point lat="34.0774199" lon="-118.42177"/>
   <point lat="34.07754" lon="-118.42183"/>
   <point lat="34.07784" lon="-118.42181"/>
   <point lat="34.07928" lon="-118.42263"/>
   <point lat="34.07984" lon="-118.42272"/>
   <point lat="34.08017" lon="-118.42338"/>
   <point lat="34.081" lon="-118.42555"/>
   <point lat="34.08077" lon="-118.42711"/>
   <point lat="34.07993" lon="-118.42817"/>
   <point lat="34.07974" lon="-118.42827"/>
   <point lat="34.07956" lon="-118.42842"/>
   <point lat="34.07944" lon="-118.42856"/>
   <point lat="34.07938" lon="-118.42865"/>
   <point lat="34.07932" lon="-118.42876"/>
   <point lat="34.07928" lon="-118.42886"/>
   <point lat="34.07925" lon="-118.42894"/>
   <point lat="34.07923" lon="-118.42902"/>
   <point lat="34.07923" lon="-118.42906"/>
   <point lat="34.07921" lon="-118.42922"/>
   <point lat="34.07922" lon="-118.42937"/>
   <point lat="34.07924" lon="-118.42951"/>
   <point lat="34.07926" lon="-118.42959"/>
   <point lat="34.0793" lon="-118.42972"/>
   <point lat="34.07936" lon="-118.42986"/>
   <point lat="34.07938" lon="-118.4299"/>
   <point lat="34.07965" lon="-118.43002"/>
   <point lat="34.07983" lon="-118.43031"/>
   <point lat="34.08102" lon="-118.43077"/>
   <point lat="34.08126" lon="-118.43085"/>
   <point lat="34.08138" lon="-118.43091"/>
   <point lat="34.0815" lon="-118.431"/>
   <point lat="34.0818" lon="-118.43129"/>
   <point lat="34.08221" lon="-118.43171"/>
   <point lat="34.08233" lon="-118.43184"/>
   <point lat="34.08236" lon="-118.43188"/>
   <point lat="34.08245" lon="-118.43206"/>
   <point lat="34.08252" lon="-118.43222"/>
   <point lat="34.0825699" lon="-118.4324"/>
   <point lat="34.08262" lon="-118.43269"/>
   <point lat="34.08274" lon="-118.43365"/>
   <point lat="34.08275" lon="-118.43381"/>
   <point lat="34.08275" lon="-118.43411"/>
   <point lat="34.08276" lon="-118.43452"/>
   <point lat="34.08238" lon="-118.43479"/>
   <point lat="34.08124" lon="-118.4353"/>
   <point lat="34.0808899" lon="-118.43527"/>
   <point lat="34.08078" lon="-118.43538"/>
   <point lat="34.08065" lon="-118.43558"/>
   <point lat="34.078" lon="-118.4393"/>
   <point lat="34.0771299" lon="-118.439"/>
   <point lat="34.07419" lon="-118.43808"/>
   <point lat="34.07323" lon="-118.43745"/>
   <point lat="34.0728099" lon="-118.43725"/>
   <point lat="34.07276" lon="-118.43723"/>
   <point lat="34.07264" lon="-118.43721"/>
   <point lat="34.07242" lon="-118.43719"/>
   <point lat="34.07224" lon="-118.4372"/>
   <point lat="34.07214" lon="-118.43721"/>
   <point lat="34.07203" lon="-118.43723"/>
   <point lat="34.07189" lon="-118.43729"/>
   <point lat="34.07175" lon="-118.43736"/>
   <point lat="34.07159" lon="-118.43749"/>
   <point lat="34.07151" lon="-118.43755"/>
   <point lat="34.07138" lon="-118.4377"/>
   <point lat="34.07123" lon="-118.43789"/>
   <point lat="34.07103" lon="-118.43819"/>
   <point lat="34.07095" lon="-118.43828"/>
   <point lat="34.07086" lon="-118.4384"/>
   <point lat="34.0708" lon="-118.43847"/>
   <point lat="34.07063" lon="-118.43862"/>
   <point lat="34.06937" lon="-118.43911"/>
   <point lat="34.06867" lon="-118.43914"/>
   <point lat="34.06692" lon="-118.43953"/>
   <point lat="34.06665" lon="-118.4396"/>
   <point lat="34.06413" lon="-118.44106"/>
   <point lat="34.06408" lon="-118.44107"/>
   <point lat="34.06414" lon="-118.44142"/>
   <point lat="34.06401" lon="-118.44173"/>
   <point lat="34.06379" lon="-118.44275"/>
   <point lat="34.06373" lon="-118.44307"/>
   <point lat="34.06369" lon="-118.4443"/>
   <point lat="34.0637" lon="-118.44494"/>
   <point lat="34.0637" lon="-118.44534"/>
   <point lat="34.06271" lon="-118.44552"/>
   <point lat="34.0625799" lon="-118.44593"/>
   <point lat="34.06259" lon="-118.44613"/>
   <point lat="34.0626" lon="-118.44643"/>
   <point lat="34.0626" lon="-118.44677"/>
   <point lat="34.0625799" lon="-118.44689"/>
   <point lat="34.06254" lon="-118.44703"/>
   <point lat="34.06251" lon="-118.44711"/>
   <point lat="34.06245" lon="-118.44721"/>
   <point lat="34.06216" lon="-118.44772"/>
   <point lat="34.06203" lon="-118.44798"/>
   <point lat="34.06222" lon="-118.44804"/>
   <point lat="34.0623999" lon="-118.44812"/>
   <point lat="34.06263" lon="-118.44826"/>
   <point lat="34.06272" lon="-118.4483"/>
   <point lat="34.06282" lon="-118.44833"/>
   <point lat="34.06289" lon="-118.44834"/>
   <point lat="34.06304" lon="-118.44834"/>
   <point lat="34.06364" lon="-118.44824"/>
   <point lat="34.06358" lon="-118.44791"/>
   <point lat="34.06367" lon="-118.44706"/>
   <point lat="34.06359" lon="-118.44673"/>
  </path>
 </route>
</body>