<?xml version="1.0" encoding="utf-8"?>
<body copyright="All data copyright Los Angeles Metro 2022.">
 <route color="e74d00" latMax="34.1044499" latMin="33.86569" lonMax="-118.30892" lonMin="-118.35687" oppositeColor="ffffff" tag="210" title="210 Hllywd Vine Sta - So Bay Galeria Via">
  <stop lat="33.9123899" lon="-118.32635" stopId="00847" tag="847" title="Crenshaw / 132nd"/>
  <stop lat="33.8985799" lon="-118.32637" stopId="00850" tag="850" title="Crenshaw / 147th"/>
  <stop lat="33.9193699" lon="-118.32636" stopId="00859" tag="859" title="Crenshaw / Northrop"/>
  <stop lat="34.04197" lon="-118.3297499" stopId="00860" tag="860" title="Crenshaw / Saint Charles"/>
  <stop lat="33.9250499" lon="-118.32634" stopId="00862" tag="862" title="Crenshaw Station"/>
  <stop lat="33.9058399" lon="-118.32637" stopId="00865" tag="865" title="Crenshaw / 139th"/>
  <stop lat="34.01852" lon="-118.33495" stopId="00868" tag="868" title="Crenshaw / Coliseum"/>
  <stop lat="34.0528999" lon="-118.32377" stopId="00869" tag="869" title="Crenshaw / Country Club"/>
  <stop lat="33.98042" lon="-118.3306999" stopId="00870" tag="870" title="Crenshaw / Hyde Park"/>
  <stop lat="33.89446" lon="-118.3263799" stopId="00873" tag="873" title="Crenshaw / Marine"/>
  <stop lat="34.00824" lon="-118.33494" stopId="00876" tag="876" title="Crenshaw / Stocker"/>
  <stop lat="33.94212" lon="-118.3263199" stopId="00880" tag="880" title="Crenshaw / 104th"/>
  <stop lat="33.90948" lon="-118.3263699" stopId="00881" tag="881" title="Crenshaw / 135th"/>
  <stop lat="33.8912999" lon="-118.32638" stopId="00882" tag="882" title="Crenshaw / 154th"/>
  <stop lat="34.03661" lon="-118.3327099" stopId="00885" tag="885" title="Crenshaw / 23rd"/>
  <stop lat="34.0293299" lon="-118.33494" stopId="00886" tag="886" title="Crenshaw / 29th"/>
  <stop lat="34.0056899" lon="-118.3337999" stopId="00892" tag="892" title="Crenshaw / 43rd"/>
  <stop lat="34.0002899" lon="-118.33061" stopId="00893" tag="893" title="Crenshaw / 48th"/>
  <stop lat="33.99796" lon="-118.3306299" stopId="00894" tag="894" title="Crenshaw / 50th"/>
  <stop lat="33.99526" lon="-118.3306399" stopId="00895" tag="895" title="Crenshaw / 52nd"/>
  <stop lat="33.99341" lon="-118.33064" stopId="00896" tag="896" title="Crenshaw / 54th"/>
  <stop lat="33.99116" lon="-118.3306499" stopId="00899" tag="899" title="Crenshaw / 57th"/>
  <stop lat="33.98527" lon="-118.3306799" stopId="00901" tag="901" title="Crenshaw / 60th"/>
  <stop lat="33.9827799" lon="-118.33069" stopId="00902" tag="902" title="Crenshaw / 63rd"/>
  <stop lat="33.97842" lon="-118.3307199" stopId="00903" tag="903" title="Crenshaw / 67th"/>
  <stop lat="33.97075" lon="-118.33069" stopId="00904" tag="904" title="Crenshaw / 76th"/>
  <stop lat="33.96895" lon="-118.33069" stopId="00905" tag="905" title="Crenshaw / 78th"/>
  <stop lat="34.05896" lon="-118.3204499" stopId="00908" tag="908" title="Crenshaw / 8th"/>
  <stop lat="34.05619" lon="-118.3219699" stopId="00909" tag="909" title="Crenshaw / 9th"/>
  <stop lat="33.9172299" lon="-118.3263599" stopId="00915" tag="915" title="Crenshaw / El Segundo"/>
  <stop lat="33.9748099" lon="-118.3306999" stopId="00916" tag="916" title="Crenshaw / Florence"/>
  <stop lat="34.05442" lon="-118.3229399" stopId="00918" tag="918" title="Crenshaw / Olympic"/>
  <stop lat="33.8831899" lon="-118.32636" stopId="00921" tag="921" title="Crenshaw / Redondo Beach"/>
  <stop lat="34.04441" lon="-118.3283899" stopId="02164" tag="2164" title="Crenshaw / Venice"/>
  <stop lat="34.0227299" lon="-118.33495" stopId="02489" tag="2489" title="Crenshaw / Exposition"/>
  <stop lat="34.0037999" lon="-118.33138" stopId="02505" tag="2505" title="Vernon / Crenshaw"/>
  <stop lat="34.0764399" lon="-118.327" stopId="03857" tag="3857" title="Rossmore / Beverly"/>
  <stop lat="34.0788099" lon="-118.32712" stopId="03859" tag="3859" title="Rossmore / Rosewood"/>
  <stop lat="33.8773" lon="-118.3434499" stopId="04798" tag="4798" title="Redondo Beach / Prairie"/>
  <stop lat="33.8785899" lon="-118.33967" stopId="04824" tag="4824" title="Redondo Beach / Ainsworth"/>
  <stop lat="33.8800399" lon="-118.33494" stopId="04827" tag="4827" title="Redondo Beach / Yukon"/>
  <stop lat="33.93409" lon="-118.32633" stopId="04910" tag="4910" title="Crenshaw / Thoreau"/>
  <stop lat="33.93843" lon="-118.3263299" stopId="04911" tag="4911" title="Crenshaw / 108th"/>
  <stop lat="33.92908" lon="-118.3263399" stopId="04912" tag="4912" title="Crenshaw / 116th"/>
  <stop lat="33.9566299" lon="-118.32634" stopId="04915" tag="4915" title="Crenshaw / 90th"/>
  <stop lat="33.9529799" lon="-118.3263399" stopId="04916" tag="4916" title="Crenshaw / Arbor Vitae"/>
  <stop lat="33.9493999" lon="-118.3263299" stopId="04917" tag="4917" title="Crenshaw / Hardy"/>
  <stop lat="33.87567" lon="-118.34848" stopId="04950" tag="4950" title="Redondo Beach / Amie"/>
  <stop lat="33.87454" lon="-118.3518699" stopId="04986" tag="4986" title="Redondo Beach / Hawthorne"/>
  <stop lat="34.07357" lon="-118.30897" stopId="05721" tag="5721" title="Western / 1st"/>
  <stop lat="34.0710199" lon="-118.3089599" stopId="05724" tag="5724" title="Western / 2nd"/>
  <stop lat="34.06863" lon="-118.30895" stopId="05729" tag="5729" title="Western / 3rd"/>
  <stop lat="34.0656299" lon="-118.3089399" stopId="05739" tag="5739" title="Western / 5th"/>
  <stop lat="34.0620599" lon="-118.30892" stopId="05775" tag="5775" title="Western / Wilshire"/>
  <stop lat="34.0964599" lon="-118.3264899" stopId="07182" tag="7182" title="Vine / De Longpre"/>
  <stop lat="34.0942399" lon="-118.32648" stopId="07183" tag="7183" title="Vine / Fountain"/>
  <stop lat="34.09284" lon="-118.32648" stopId="07184" tag="7184" title="Vine / Lexington"/>
  <stop lat="34.0905399" lon="-118.3264799" stopId="07187" tag="7187" title="Vine / Santa Monica"/>
  <stop lat="34.0996599" lon="-118.3265099" stopId="07188" tag="7188" title="Vine / Selma"/>
  <stop lat="34.09829" lon="-118.3265" stopId="07191" tag="7191" title="Vine / Sunset"/>
  <stop lat="34.087" lon="-118.32646" stopId="07192" tag="7192" title="Vine / Willoughby"/>
  <stop lat="34.0615899" lon="-118.31865" stopId="08393" tag="8393" title="Wilshire / Crenshaw"/>
  <stop lat="34.06158" lon="-118.3169999" stopId="08438" tag="8438" title="Wilshire / Norton"/>
  <stop lat="33.9662099" lon="-118.3307" stopId="09450" tag="9450" title="Crenshaw / 80th"/>
  <stop lat="33.96483" lon="-118.33059" stopId="09451" tag="9451" title="Crenshaw / 82nd"/>
  <stop lat="34.06157" lon="-118.3117599" stopId="16751" tag="16751" title="Wilshire / Saint Andrews"/>
  <stop lat="34.06158" lon="-118.3147" stopId="20144" tag="20144" title="Wilshire / Wilton"/>
  <stop lat="33.8717599" lon="-118.35687" stopId="30013" tag="30013" title="South Bay Transit Center"/>
  <stop lat="34.0833499" lon="-118.32646" stopId="140732" tag="140732" title="Rossmore / Melrose"/>
  <stop lat="34.07638" lon="-118.31333" stopId="140893" tag="140893" title="Beverly / Wilton Pl"/>
  <stop lat="34.0763799" lon="-118.31554" stopId="140894" tag="140894" title="Beverly / Van Ness"/>
  <stop lat="34.07635" lon="-118.31934" stopId="140895" tag="140895" title="Beverly / Windsor"/>
  <stop lat="34.07635" lon="-118.3238799" stopId="140896" tag="140896" title="Beverly / Larchmont"/>
  <stop lat="33.9311799" lon="-118.32633" stopId="141008" tag="141008" title="Crenshaw / Imperial"/>
  <stop lat="33.9887599" lon="-118.33066" stopId="141013" tag="141013" title="Crenshaw / Slauson"/>
  <stop lat="34.01483" lon="-118.33495" stopId="142168" tag="142168" title="Crenshaw / 39th"/>
  <stop lat="34.0640199" lon="-118.31336" tag="13000137_ar" title="6th / Private Right-Of-Way"/>
  <stop lat="34.1017699" lon="-118.3265" stopId="13000144" tag="13000144" title="Vine / Hollywood"/>
  <stop lat="34.1044499" lon="-118.33011" tag="13000145_ar" title="Cahuenga / Yucca Layover"/>
  <stop lat="33.8877499" lon="-118.3263799" stopId="25400147" tag="25400147" title="Crenshaw / Manhattan Beach"/>
  <stop lat="33.9022699" lon="-118.32637" stopId="25400148" tag="25400148" title="Crenshaw / Rosecrans"/>
  <stop lat="33.94589" lon="-118.32631" stopId="25400151" tag="25400151" title="Crenshaw / Century"/>
  <stop lat="33.9606799" lon="-118.32634" stopId="25400152" tag="25400152" title="Crenshaw / Manchester"/>
  <stop lat="34.0112899" lon="-118.33495" stopId="25400156" tag="25400156" title="Crenshaw / Martin Luther King Jr"/>
  <stop lat="34.02601" lon="-118.33494" stopId="25400157" tag="25400157" title="Crenshaw / Jefferson"/>
  <stop lat="34.0329" lon="-118.3347399" stopId="25400158" tag="25400158" title="Crenshaw / Adams"/>
  <stop lat="34.0402" lon="-118.3307099" stopId="25400159" tag="25400159" title="Crenshaw / Washington"/>
  <stop lat="34.0480899" lon="-118.3264" stopId="25400160" tag="25400160" title="Crenshaw / Pico"/>
  <stop lat="34.0228199" lon="-118.33524" stopId="01772" tag="1772" title="Crenshaw / Exposition"/>
  <stop lat="34.0111499" lon="-118.3352599" stopId="01916" tag="1916" title="Crenshaw / Martin Luther King Jr"/>
  <stop lat="34.0618399" lon="-118.31453" stopId="02445" tag="2445" title="Wilshire / Wilton"/>
  <stop lat="33.87873" lon="-118.3395699" stopId="04825" tag="4825" title="Redondo Beach / Alley"/>
  <stop lat="33.88028" lon="-118.3350499" stopId="04838" tag="4838" title="Redondo Beach / Yukon"/>
  <stop lat="33.8773399" lon="-118.34418" stopId="04982" tag="4982" title="Redondo Beach / Prairie"/>
  <stop lat="33.87591" lon="-118.3485899" stopId="05018" tag="5018" title="Redondo Beach / Freeman"/>
  <stop lat="34.0618399" lon="-118.311" stopId="08450" tag="8450" title="Wilshire / Saint Andrews"/>
  <stop lat="34.0761199" lon="-118.31587" stopId="09021" tag="9021" title="Beverly / Van Ness"/>
  <stop lat="34.0761299" lon="-118.3137399" stopId="09025" tag="9025" title="Beverly / Wilton"/>
  <stop lat="34.0761" lon="-118.3197599" stopId="09026" tag="9026" title="Beverly / Windsor"/>
  <stop lat="33.9340199" lon="-118.32663" stopId="09392" tag="9392" title="Crenshaw / 111th"/>
  <stop lat="33.9120599" lon="-118.32666" stopId="09393" tag="9393" title="Crenshaw / 132nd"/>
  <stop lat="33.89439" lon="-118.32668" stopId="09403" tag="9403" title="Crenshaw / Marine"/>
  <stop lat="33.91984" lon="-118.3266699" stopId="09404" tag="9404" title="Crenshaw / Northrop"/>
  <stop lat="34.0423199" lon="-118.32989" stopId="09405" tag="9405" title="Crenshaw / Saint Charles"/>
  <stop lat="33.9252899" lon="-118.32664" stopId="09406" tag="9406" title="Crenshaw Station"/>
  <stop lat="33.9056999" lon="-118.32667" stopId="09410" tag="9410" title="Crenshaw / 139th"/>
  <stop lat="34.0179699" lon="-118.33525" stopId="09412" tag="9412" title="Crenshaw / Coliseum"/>
  <stop lat="34.0532499" lon="-118.32391" stopId="09413" tag="9413" title="Crenshaw / Country Club"/>
  <stop lat="34.0054399" lon="-118.3339799" stopId="09414" tag="9414" title="Crenshaw / Homeland"/>
  <stop lat="34.0449399" lon="-118.32845" stopId="09425" tag="9425" title="Crenshaw / Venice"/>
  <stop lat="33.94157" lon="-118.3266299" stopId="09426" tag="9426" title="Crenshaw / 104th"/>
  <stop lat="33.9089199" lon="-118.32667" stopId="09428" tag="9428" title="Crenshaw / 135th"/>
  <stop lat="33.89844" lon="-118.32668" stopId="09429" tag="9429" title="Crenshaw / 147th"/>
  <stop lat="33.8907499" lon="-118.32668" stopId="09430" tag="9430" title="Crenshaw / 154th"/>
  <stop lat="34.0365899" lon="-118.33305" stopId="09432" tag="9432" title="Crenshaw / 23rd"/>
  <stop lat="34.01442" lon="-118.33525" stopId="09435" tag="9435" title="Crenshaw / 39th"/>
  <stop lat="33.99974" lon="-118.3309199" stopId="09437" tag="9437" title="Crenshaw / 48th"/>
  <stop lat="33.9978999" lon="-118.33093" stopId="09438" tag="9438" title="Crenshaw / 50th"/>
  <stop lat="33.99471" lon="-118.3309399" stopId="09439" tag="9439" title="Crenshaw / 52nd"/>
  <stop lat="33.99286" lon="-118.3309499" stopId="09441" tag="9441" title="Crenshaw / 54th"/>
  <stop lat="33.99061" lon="-118.3309599" stopId="09443" tag="9443" title="Crenshaw / 57th"/>
  <stop lat="33.98555" lon="-118.3309799" stopId="09445" tag="9445" title="Crenshaw / 60th"/>
  <stop lat="33.98306" lon="-118.3309999" stopId="09446" tag="9446" title="Crenshaw / 63rd"/>
  <stop lat="33.97787" lon="-118.3310199" stopId="09447" tag="9447" title="Crenshaw / 67th"/>
  <stop lat="33.97103" lon="-118.33099" stopId="09448" tag="9448" title="Crenshaw / 76th"/>
  <stop lat="33.96923" lon="-118.33099" stopId="09449" tag="9449" title="Crenshaw / 78th"/>
  <stop lat="34.0593099" lon="-118.32059" stopId="09453" tag="9453" title="Crenshaw / 8th"/>
  <stop lat="34.0565399" lon="-118.32211" stopId="09454" tag="9454" title="Crenshaw / 9th"/>
  <stop lat="33.9446799" lon="-118.32662" stopId="09460" tag="9460" title="Crenshaw / Century"/>
  <stop lat="34.0258199" lon="-118.33524" stopId="09462" tag="9462" title="Crenshaw / Jefferson"/>
  <stop lat="34.05409" lon="-118.3234799" stopId="09463" tag="9463" title="Crenshaw / Olympic"/>
  <stop lat="33.8830499" lon="-118.32666" stopId="09466" tag="9466" title="Crenshaw / Redondo Beach"/>
  <stop lat="33.8682399" lon="-118.35274" stopId="10909" tag="10909" title="Hawthorne / 179th"/>
  <stop lat="33.86569" lon="-118.35274" stopId="10910" tag="10910" title="Hawthorne / 182nd"/>
  <stop lat="33.8722799" lon="-118.35284" stopId="10915" tag="10915" title="Hawthorne / Artesia"/>
  <stop lat="34.0738299" lon="-118.3092799" stopId="12475" tag="12475" title="Western / 1st"/>
  <stop lat="33.93747" lon="-118.3266399" stopId="13367" tag="13367" title="Crenshaw / 108th"/>
  <stop lat="33.92877" lon="-118.3266499" stopId="13368" tag="13368" title="Crenshaw / 116th"/>
  <stop lat="33.95594" lon="-118.3266399" stopId="13370" tag="13370" title="Crenshaw / 90th"/>
  <stop lat="33.95208" lon="-118.32663" stopId="13371" tag="13371" title="Crenshaw / Arbor Vitae"/>
  <stop lat="33.9492599" lon="-118.3266299" stopId="13372" tag="13372" title="Crenshaw / Hardy"/>
  <stop lat="33.93064" lon="-118.3266399" stopId="13373" tag="13373" title="Crenshaw / Imperial"/>
  <stop lat="33.9601699" lon="-118.32664" stopId="13375" tag="13375" title="Crenshaw / Manchester"/>
  <stop lat="34.07129" lon="-118.30927" stopId="14108" tag="14108" title="Western / 2nd"/>
  <stop lat="34.0691199" lon="-118.3092599" stopId="14113" tag="14113" title="Western / 3rd"/>
  <stop lat="34.06549" lon="-118.30924" stopId="14122" tag="14122" title="Western / 5th"/>
  <stop lat="34.09591" lon="-118.32679" stopId="15532" tag="15532" title="Vine / De Longpre"/>
  <stop lat="34.0945099" lon="-118.32678" stopId="15533" tag="15533" title="Vine / Fountain"/>
  <stop lat="34.0926999" lon="-118.32678" stopId="15534" tag="15534" title="Vine / Lexington"/>
  <stop lat="34.0836999" lon="-118.32676" stopId="15536" tag="15536" title="Vine / Melrose"/>
  <stop lat="34.09095" lon="-118.32678" stopId="15537" tag="15537" title="Vine / Santa Monica"/>
  <stop lat="34.0999499" lon="-118.3268099" stopId="15538" tag="15538" title="Vine / Selma"/>
  <stop lat="34.0977399" lon="-118.3267999" stopId="15540" tag="15540" title="Vine / Sunset"/>
  <stop lat="34.0868599" lon="-118.3267699" stopId="15541" tag="15541" title="Vine / Willoughby"/>
  <stop lat="33.9748099" lon="-118.33101" stopId="15976" tag="15976" title="Crenshaw / Florence"/>
  <stop lat="34.06183" lon="-118.3164199" stopId="16738" tag="16738" title="Wilshire / Norton"/>
  <stop lat="34.0618299" lon="-118.3094" stopId="16774" tag="16774" title="Wilshire / Western"/>
  <stop lat="33.8717599" lon="-118.35687" tag="30013_ar" title="South Bay Transit Center"/>
  <stop lat="34.0761" lon="-118.32339" stopId="140918" tag="140918" title="Beverly / Larchmont"/>
  <stop lat="34.07909" lon="-118.3274199" stopId="141016" tag="141016" title="Rossmore / Rosewood"/>
  <stop lat="33.9886699" lon="-118.33096" stopId="141021" tag="141021" title="Crenshaw / Slauson"/>
  <stop lat="33.9664899" lon="-118.3309999" stopId="141022" tag="141022" title="Crenshaw / 80th"/>
  <stop lat="33.96414" lon="-118.33054" stopId="141023" tag="141023" title="Crenshaw / 82nd"/>
  <stop lat="33.9803499" lon="-118.33101" stopId="142129" tag="142129" title="Crenshaw / Hyde Park"/>
  <stop lat="34.00817" lon="-118.33524" stopId="142169" tag="142169" title="Crenshaw / Stocker"/>
  <stop lat="34.1014999" lon="-118.32691" stopId="142313" tag="142313" title="Hollywood / Vine"/>
  <stop lat="34.0640199" lon="-118.31336" stopId="13000137" tag="13000137" title="6th / Private Right-Of-Way"/>
  <stop lat="34.1044499" lon="-118.33011" stopId="13000145" tag="13000145" title="Cahuenga / Yucca Layover"/>
  <stop lat="34.06131" lon="-118.3194799" stopId="25400131" tag="25400131" title="Crenshaw / Wilshire"/>
  <stop lat="34.0475699" lon="-118.32702" stopId="25400133" tag="25400133" title="Crenshaw / Pico"/>
  <stop lat="34.0395599" lon="-118.3314" stopId="25400134" tag="25400134" title="Crenshaw / Washington"/>
  <stop lat="34.0322799" lon="-118.33522" stopId="25400135" tag="25400135" title="Crenshaw / Adams"/>
  <stop lat="34.00322" lon="-118.33178" stopId="25400138" tag="25400138" title="Crenshaw / Vernon"/>
  <stop lat="33.91607" lon="-118.32667" stopId="25400144" tag="25400144" title="Crenshaw / El Segundo"/>
  <stop lat="33.90214" lon="-118.3266799" stopId="25400145" tag="25400145" title="Crenshaw / Rosecrans"/>
  <stop lat="33.8869899" lon="-118.3266799" stopId="25400146" tag="25400146" title="Crenshaw / Manhattan Beach"/>
  <stop lat="34.07604" lon="-118.30929" stopId="65300065" tag="65300065" title="Western / Beverly"/>
  <direction name="North" tag="210_298_0" title="North to Hollywood/Vine Sta" useForUI="true">
   <stop tag="30013"/>
   <stop tag="4986"/>
   <stop tag="4950"/>
   <stop tag="4798"/>
   <stop tag="4824"/>
   <stop tag="4827"/>
   <stop tag="921"/>
   <stop tag="25400147"/>
   <stop tag="882"/>
   <stop tag="873"/>
   <stop tag="850"/>
   <stop tag="25400148"/>
   <stop tag="865"/>
   <stop tag="881"/>
   <stop tag="847"/>
   <stop tag="915"/>
   <stop tag="859"/>
   <stop tag="862"/>
   <stop tag="4912"/>
   <stop tag="141008"/>
   <stop tag="4910"/>
   <stop tag="4911"/>
   <stop tag="880"/>
   <stop tag="25400151"/>
   <stop tag="4917"/>
   <stop tag="4916"/>
   <stop tag="4915"/>
   <stop tag="25400152"/>
   <stop tag="9451"/>
   <stop tag="9450"/>
   <stop tag="905"/>
   <stop tag="904"/>
   <stop tag="916"/>
   <stop tag="903"/>
   <stop tag="870"/>
   <stop tag="902"/>
   <stop tag="901"/>
   <stop tag="141013"/>
   <stop tag="899"/>
   <stop tag="896"/>
   <stop tag="895"/>
   <stop tag="894"/>
   <stop tag="893"/>
   <stop tag="2505"/>
   <stop tag="892"/>
   <stop tag="876"/>
   <stop tag="25400156"/>
   <stop tag="142168"/>
   <stop tag="868"/>
   <stop tag="2489"/>
   <stop tag="25400157"/>
   <stop tag="886"/>
   <stop tag="25400158"/>
   <stop tag="885"/>
   <stop tag="25400159"/>
   <stop tag="860"/>
   <stop tag="2164"/>
   <stop tag="25400160"/>
   <stop tag="869"/>
   <stop tag="918"/>
   <stop tag="909"/>
   <stop tag="908"/>
   <stop tag="8393"/>
   <stop tag="8438"/>
   <stop tag="20144"/>
   <stop tag="16751"/>
   <stop tag="5775"/>
   <stop tag="5739"/>
   <stop tag="5729"/>
   <stop tag="5724"/>
   <stop tag="5721"/>
   <stop tag="140893"/>
   <stop tag="140894"/>
   <stop tag="140895"/>
   <stop tag="140896"/>
   <stop tag="3857"/>
   <stop tag="3859"/>
   <stop tag="140732"/>
   <stop tag="7192"/>
   <stop tag="7187"/>
   <stop tag="7184"/>
   <stop tag="7183"/>
   <stop tag="7182"/>
   <stop tag="7191"/>
   <stop tag="7188"/>
   <stop tag="13000144"/>
   <stop tag="13000145_ar"/>
  </direction>
  <direction name="South" tag="210_303_1" title="South to South Bay Galleria" useForUI="true">
   <stop tag="13000145"/>
   <stop tag="142313"/>
   <stop tag="15538"/>
   <stop tag="15540"/>
   <stop tag="15532"/>
   <stop tag="15533"/>
   <stop tag="15534"/>
   <stop tag="15537"/>
   <stop tag="15541"/>
   <stop tag="15536"/>
   <stop tag="141016"/>
   <stop tag="140918"/>
   <stop tag="9026"/>
   <stop tag="9021"/>
   <stop tag="9025"/>
   <stop tag="65300065"/>
   <stop tag="12475"/>
   <stop tag="14108"/>
   <stop tag="14113"/>
   <stop tag="14122"/>
   <stop tag="16774"/>
   <stop tag="8450"/>
   <stop tag="2445"/>
   <stop tag="16738"/>
   <stop tag="25400131"/>
   <stop tag="9453"/>
   <stop tag="9454"/>
   <stop tag="9463"/>
   <stop tag="9413"/>
   <stop tag="25400133"/>
   <stop tag="9425"/>
   <stop tag="9405"/>
   <stop tag="25400134"/>
   <stop tag="9432"/>
   <stop tag="25400135"/>
   <stop tag="9462"/>
   <stop tag="1772"/>
   <stop tag="9412"/>
   <stop tag="9435"/>
   <stop tag="1916"/>
   <stop tag="142169"/>
   <stop tag="9414"/>
   <stop tag="25400138"/>
   <stop tag="9437"/>
   <stop tag="9438"/>
   <stop tag="9439"/>
   <stop tag="9441"/>
   <stop tag="9443"/>
   <stop tag="141021"/>
   <stop tag="9445"/>
   <stop tag="9446"/>
   <stop tag="142129"/>
   <stop tag="9447"/>
   <stop tag="15976"/>
   <stop tag="9448"/>
   <stop tag="9449"/>
   <stop tag="141022"/>
   <stop tag="141023"/>
   <stop tag="13375"/>
   <stop tag="13370"/>
   <stop tag="13371"/>
   <stop tag="13372"/>
   <stop tag="9460"/>
   <stop tag="9426"/>
   <stop tag="13367"/>
   <stop tag="9392"/>
   <stop tag="13373"/>
   <stop tag="13368"/>
   <stop tag="9406"/>
   <stop tag="9404"/>
   <stop tag="25400144"/>
   <stop tag="9393"/>
   <stop tag="9428"/>
   <stop tag="9410"/>
   <stop tag="25400145"/>
   <stop tag="9429"/>
   <stop tag="9403"/>
   <stop tag="9430"/>
   <stop tag="25400146"/>
   <stop tag="9466"/>
   <stop tag="4838"/>
   <stop tag="4825"/>
   <stop tag="4982"/>
   <stop tag="5018"/>
   <stop tag="10915"/>
   <stop tag="10909"/>
   <stop tag="10910"/>
   <stop tag="30013_ar"/>
  </direction>
  <path>
   <point lat="34.06159" lon="-118.31865"/>
   <point lat="34.06171" lon="-118.31791"/>
   <point lat="34.06158" lon="-118.317"/>
   <point lat="34.06158" lon="-118.3147"/>
   <point lat="34.06157" lon="-118.31176"/>
   <point lat="34.06171" lon="-118.30907"/>
   <point lat="34.06206" lon="-118.30892"/>
  </path>
  <path>
   <point lat="33.98876" lon="-118.33066"/>
   <point lat="33.99116" lon="-118.33065"/>
   <point lat="33.99341" lon="-118.33064"/>
   <point lat="33.99526" lon="-118.33064"/>
   <point lat="33.99796" lon="-118.33063"/>
   <point lat="34.00029" lon="-118.33061"/>
   <point lat="34.00183" lon="-118.33067"/>
   <point lat="34.00229" lon="-118.33067"/>
   <point lat="34.00349" lon="-118.3307"/>
   <point lat="34.00367" lon="-118.3307"/>
   <point lat="34.0038" lon="-118.33138"/>
   <point lat="34.00366" lon="-118.33179"/>
   <point lat="34.00366" lon="-118.33185"/>
   <point lat="34.00364" lon="-118.33193"/>
   <point lat="34.00368" lon="-118.33198"/>
   <point lat="34.00398" lon="-118.33231"/>
   <point lat="34.00408" lon="-118.3324"/>
   <point lat="34.00413" lon="-118.33246"/>
   <point lat="34.0042199" lon="-118.3326"/>
   <point lat="34.0043099" lon="-118.33275"/>
   <point lat="34.00445" lon="-118.33294"/>
   <point lat="34.00471" lon="-118.33323"/>
   <point lat="34.00489" lon="-118.3334"/>
   <point lat="34.00515" lon="-118.3336"/>
   <point lat="34.00539" lon="-118.33377"/>
   <point lat="34.00569" lon="-118.3338"/>
   <point lat="34.00612" lon="-118.33429"/>
   <point lat="34.00639" lon="-118.33448"/>
   <point lat="34.00656" lon="-118.33459"/>
   <point lat="34.00672" lon="-118.33468"/>
   <point lat="34.00733" lon="-118.33495"/>
   <point lat="34.0075" lon="-118.33499"/>
   <point lat="34.00782" lon="-118.33505"/>
   <point lat="34.00824" lon="-118.33494"/>
   <point lat="34.01095" lon="-118.3351"/>
   <point lat="34.01129" lon="-118.33495"/>
   <point lat="34.01483" lon="-118.33495"/>
   <point lat="34.01852" lon="-118.33495"/>
   <point lat="34.02273" lon="-118.33495"/>
  </path>
  <path>
   <point lat="34.02273" lon="-118.33495"/>
   <point lat="34.02601" lon="-118.33494"/>
   <point lat="34.02933" lon="-118.33494"/>
   <point lat="34.0329" lon="-118.33474"/>
   <point lat="34.03437" lon="-118.33412"/>
   <point lat="34.03661" lon="-118.33271"/>
   <point lat="34.0402" lon="-118.33071"/>
   <point lat="34.04197" lon="-118.32975"/>
   <point lat="34.04441" lon="-118.32839"/>
   <point lat="34.04809" lon="-118.3264"/>
  </path>
  <path>
   <point lat="34.10445" lon="-118.33011"/>
   <point lat="34.10349" lon="-118.32956"/>
   <point lat="34.10331" lon="-118.32954"/>
   <point lat="34.10161" lon="-118.32953"/>
   <point lat="34.1015" lon="-118.32691"/>
  </path>
  <path>
   <point lat="33.96017" lon="-118.32664"/>
   <point lat="33.95803" lon="-118.32649"/>
   <point lat="33.95622" lon="-118.32649"/>
   <point lat="33.95594" lon="-118.32664"/>
   <point lat="33.95208" lon="-118.32663"/>
   <point lat="33.94926" lon="-118.32663"/>
   <point lat="33.94468" lon="-118.32662"/>
   <point lat="33.94157" lon="-118.32663"/>
   <point lat="33.93747" lon="-118.32664"/>
   <point lat="33.9340199" lon="-118.32663"/>
   <point lat="33.9306399" lon="-118.32664"/>
   <point lat="33.92877" lon="-118.32665"/>
   <point lat="33.9252899" lon="-118.32664"/>
  </path>
  <path>
   <point lat="33.9252899" lon="-118.32664"/>
   <point lat="33.92407" lon="-118.32648"/>
   <point lat="33.91984" lon="-118.32667"/>
   <point lat="33.91607" lon="-118.32667"/>
   <point lat="33.9120599" lon="-118.32666"/>
   <point lat="33.90892" lon="-118.32667"/>
   <point lat="33.9057" lon="-118.32667"/>
   <point lat="33.90214" lon="-118.32668"/>
   <point lat="33.89844" lon="-118.32668"/>
   <point lat="33.89439" lon="-118.32668"/>
   <point lat="33.89075" lon="-118.32668"/>
   <point lat="33.88699" lon="-118.32668"/>
   <point lat="33.88305" lon="-118.32666"/>
  </path>
  <path>
   <point lat="33.96068" lon="-118.32634"/>
   <point lat="33.96137" lon="-118.32649"/>
   <point lat="33.96145" lon="-118.32651"/>
   <point lat="33.96154" lon="-118.32654"/>
   <point lat="33.96162" lon="-118.32658"/>
   <point lat="33.96167" lon="-118.32661"/>
   <point lat="33.96174" lon="-118.32668"/>
   <point lat="33.96179" lon="-118.32675"/>
   <point lat="33.96183" lon="-118.3268"/>
   <point lat="33.9619799" lon="-118.32707"/>
   <point lat="33.96256" lon="-118.32827"/>
   <point lat="33.96327" lon="-118.32941"/>
   <point lat="33.96342" lon="-118.32959"/>
   <point lat="33.96351" lon="-118.32969"/>
   <point lat="33.9637699" lon="-118.32996"/>
   <point lat="33.964" lon="-118.33022"/>
   <point lat="33.96419" lon="-118.3304"/>
   <point lat="33.96426" lon="-118.33046"/>
   <point lat="33.96444" lon="-118.33058"/>
   <point lat="33.96483" lon="-118.33059"/>
   <point lat="33.96525" lon="-118.33085"/>
   <point lat="33.9662099" lon="-118.3307"/>
   <point lat="33.96811" lon="-118.33084"/>
   <point lat="33.96895" lon="-118.33069"/>
   <point lat="33.97075" lon="-118.33069"/>
   <point lat="33.97481" lon="-118.3307"/>
   <point lat="33.97842" lon="-118.33072"/>
   <point lat="33.98042" lon="-118.3307"/>
   <point lat="33.98278" lon="-118.33069"/>
   <point lat="33.98527" lon="-118.33068"/>
   <point lat="33.98876" lon="-118.33066"/>
  </path>
  <path>
   <point lat="33.88319" lon="-118.32636"/>
   <point lat="33.8877499" lon="-118.32638"/>
   <point lat="33.8913" lon="-118.32638"/>
   <point lat="33.89446" lon="-118.32638"/>
   <point lat="33.89858" lon="-118.32637"/>
   <point lat="33.90227" lon="-118.32637"/>
   <point lat="33.90584" lon="-118.32637"/>
   <point lat="33.90948" lon="-118.32637"/>
   <point lat="33.91239" lon="-118.32635"/>
   <point lat="33.91723" lon="-118.32636"/>
   <point lat="33.91937" lon="-118.32636"/>
   <point lat="33.92407" lon="-118.32648"/>
   <point lat="33.92505" lon="-118.32634"/>
  </path>
  <path>
   <point lat="33.88305" lon="-118.32666"/>
   <point lat="33.88234" lon="-118.32818"/>
   <point lat="33.88028" lon="-118.33505"/>
   <point lat="33.87873" lon="-118.33957"/>
   <point lat="33.8773399" lon="-118.34418"/>
   <point lat="33.87591" lon="-118.34859"/>
   <point lat="33.87487" lon="-118.35138"/>
   <point lat="33.87482" lon="-118.35155"/>
   <point lat="33.87473" lon="-118.35179"/>
   <point lat="33.87471" lon="-118.35184"/>
   <point lat="33.87463" lon="-118.35199"/>
   <point lat="33.87444" lon="-118.35237"/>
   <point lat="33.87442" lon="-118.35242"/>
   <point lat="33.87423" lon="-118.3527"/>
   <point lat="33.87228" lon="-118.35284"/>
  </path>
  <path>
   <point lat="33.92505" lon="-118.32634"/>
   <point lat="33.92908" lon="-118.32634"/>
   <point lat="33.93118" lon="-118.32633"/>
   <point lat="33.93409" lon="-118.32633"/>
   <point lat="33.9384299" lon="-118.32633"/>
   <point lat="33.94212" lon="-118.32632"/>
   <point lat="33.94589" lon="-118.32631"/>
   <point lat="33.9494" lon="-118.32633"/>
   <point lat="33.9529799" lon="-118.32634"/>
   <point lat="33.95622" lon="-118.32649"/>
   <point lat="33.9566299" lon="-118.32634"/>
   <point lat="33.96068" lon="-118.32634"/>
  </path>
  <path>
   <point lat="34.04809" lon="-118.3264"/>
   <point lat="34.0529" lon="-118.32377"/>
   <point lat="34.05442" lon="-118.32294"/>
   <point lat="34.05619" lon="-118.32197"/>
   <point lat="34.05896" lon="-118.32045"/>
   <point lat="34.06151" lon="-118.31921"/>
   <point lat="34.0616" lon="-118.31916"/>
   <point lat="34.06172" lon="-118.31914"/>
   <point lat="34.06175" lon="-118.31914"/>
   <point lat="34.06159" lon="-118.31865"/>
  </path>
  <path>
   <point lat="34.06206" lon="-118.30892"/>
   <point lat="34.06563" lon="-118.30894"/>
   <point lat="34.06863" lon="-118.30895"/>
   <point lat="34.07102" lon="-118.30896"/>
   <point lat="34.0735699" lon="-118.30897"/>
   <point lat="34.07465" lon="-118.30913"/>
   <point lat="34.07626" lon="-118.30914"/>
   <point lat="34.07638" lon="-118.31333"/>
   <point lat="34.07638" lon="-118.31554"/>
   <point lat="34.07635" lon="-118.31934"/>
   <point lat="34.07635" lon="-118.32388"/>
   <point lat="34.07623" lon="-118.32656"/>
   <point lat="34.07615" lon="-118.32698"/>
   <point lat="34.07612" lon="-118.32707"/>
   <point lat="34.07605" lon="-118.32723"/>
   <point lat="34.07644" lon="-118.327"/>
   <point lat="34.07668" lon="-118.32715"/>
   <point lat="34.07881" lon="-118.32712"/>
   <point lat="34.08019" lon="-118.32718"/>
   <point lat="34.08169" lon="-118.32718"/>
   <point lat="34.08189" lon="-118.32717"/>
   <point lat="34.08206" lon="-118.32714"/>
   <point lat="34.08215" lon="-118.32712"/>
   <point lat="34.08241" lon="-118.32697"/>
   <point lat="34.08265" lon="-118.32681"/>
   <point lat="34.08335" lon="-118.32646"/>
  </path>
  <path>
   <point lat="33.87176" lon="-118.35687"/>
   <point lat="33.87288" lon="-118.35696"/>
   <point lat="33.87285" lon="-118.35478"/>
   <point lat="33.87454" lon="-118.35187"/>
   <point lat="33.87569" lon="-118.34884"/>
   <point lat="33.87567" lon="-118.34848"/>
   <point lat="33.8773" lon="-118.34345"/>
   <point lat="33.87859" lon="-118.33967"/>
   <point lat="33.88004" lon="-118.33494"/>
   <point lat="33.8822" lon="-118.3286"/>
   <point lat="33.88319" lon="-118.32636"/>
  </path>
  <path>
   <point lat="34.06206" lon="-118.30892"/>
   <point lat="34.06354" lon="-118.30908"/>
   <point lat="34.06353" lon="-118.31281"/>
   <point lat="34.0635199" lon="-118.31332"/>
   <point lat="34.0635" lon="-118.31341"/>
   <point lat="34.06402" lon="-118.31336"/>
  </path>
  <path>
   <point lat="34.1015" lon="-118.32691"/>
   <point lat="34.09995" lon="-118.32681"/>
   <point lat="34.09774" lon="-118.3268"/>
   <point lat="34.09591" lon="-118.32679"/>
   <point lat="34.09451" lon="-118.32678"/>
   <point lat="34.0927" lon="-118.32678"/>
   <point lat="34.09095" lon="-118.32678"/>
   <point lat="34.08686" lon="-118.32677"/>
   <point lat="34.0837" lon="-118.32676"/>
  </path>
  <path>
   <point lat="33.97481" lon="-118.33101"/>
   <point lat="33.97103" lon="-118.33099"/>
   <point lat="33.96923" lon="-118.33099"/>
   <point lat="33.96811" lon="-118.33084"/>
   <point lat="33.96649" lon="-118.331"/>
   <point lat="33.96525" lon="-118.33085"/>
   <point lat="33.96414" lon="-118.33054"/>
   <point lat="33.9631" lon="-118.32919"/>
   <point lat="33.96286" lon="-118.32884"/>
   <point lat="33.9628299" lon="-118.32879"/>
   <point lat="33.96256" lon="-118.32827"/>
   <point lat="33.9619799" lon="-118.32707"/>
   <point lat="33.96183" lon="-118.3268"/>
   <point lat="33.96179" lon="-118.32675"/>
   <point lat="33.96174" lon="-118.32668"/>
   <point lat="33.96167" lon="-118.32661"/>
   <point lat="33.96162" lon="-118.32658"/>
   <point lat="33.96154" lon="-118.32654"/>
   <point lat="33.96145" lon="-118.32651"/>
   <point lat="33.96137" lon="-118.32649"/>
   <point lat="33.96108" lon="-118.32649"/>
   <point lat="33.96084" lon="-118.3265"/>
   <point lat="33.96017" lon="-118.32664"/>
  </path>
  <path>
   <point lat="34.08335" lon="-118.32646"/>
   <point lat="34.087" lon="-118.32646"/>
   <point lat="34.09054" lon="-118.32648"/>
   <point lat="34.09284" lon="-118.32648"/>
   <point lat="34.09424" lon="-118.32648"/>
   <point lat="34.09646" lon="-118.32649"/>
   <point lat="34.09829" lon="-118.3265"/>
   <point lat="34.09966" lon="-118.32651"/>
   <point lat="34.10177" lon="-118.3265"/>
  </path>
  <path>
   <point lat="33.87228" lon="-118.35284"/>
   <point lat="33.87024" lon="-118.35266"/>
   <point lat="33.86824" lon="-118.35274"/>
   <point lat="33.86569" lon="-118.35274"/>
   <point lat="33.86555" lon="-118.35342"/>
   <point lat="33.86554" lon="-118.35483"/>
   <point lat="33.86555" lon="-118.35523"/>
   <point lat="33.86556" lon="-118.35657"/>
   <point lat="33.86746" lon="-118.35659"/>
   <point lat="33.86764" lon="-118.35655"/>
   <point lat="33.86773" lon="-118.35651"/>
   <point lat="33.86785" lon="-118.35641"/>
   <point lat="33.86795" lon="-118.35635"/>
   <point lat="33.86806" lon="-118.35629"/>
   <point lat="33.8681" lon="-118.35628"/>
   <point lat="33.86816" lon="-118.35627"/>
   <point lat="33.86887" lon="-118.35628"/>
   <point lat="33.86896" lon="-118.3563"/>
   <point lat="33.86906" lon="-118.35633"/>
   <point lat="33.86924" lon="-118.35644"/>
   <point lat="33.86959" lon="-118.35676"/>
   <point lat="33.86966" lon="-118.3568"/>
   <point lat="33.86971" lon="-118.35681"/>
   <point lat="33.86979" lon="-118.35683"/>
   <point lat="33.86982" lon="-118.35684"/>
   <point lat="33.86986" lon="-118.35683"/>
   <point lat="33.86997" lon="-118.35684"/>
   <point lat="33.87115" lon="-118.35686"/>
   <point lat="33.87125" lon="-118.35688"/>
   <point lat="33.87176" lon="-118.35687"/>
  </path>
  <path>
   <point lat="34.06402" lon="-118.31336"/>
   <point lat="34.06534" lon="-118.31345"/>
   <point lat="34.06536" lon="-118.30909"/>
   <point lat="34.06226" lon="-118.30908"/>
   <point lat="34.06199" lon="-118.30907"/>
   <point lat="34.06171" lon="-118.30907"/>
   <point lat="34.06183" lon="-118.3094"/>
  </path>
  <path>
   <point lat="33.98867" lon="-118.33096"/>
   <point lat="33.98555" lon="-118.33098"/>
   <point lat="33.98306" lon="-118.331"/>
   <point lat="33.98035" lon="-118.33101"/>
   <point lat="33.97787" lon="-118.33102"/>
   <point lat="33.97481" lon="-118.33101"/>
  </path>
  <path>
   <point lat="34.06183" lon="-118.3094"/>
   <point lat="34.06171" lon="-118.31033"/>
   <point lat="34.0618399" lon="-118.311"/>
   <point lat="34.0618399" lon="-118.31453"/>
   <point lat="34.06183" lon="-118.31642"/>
   <point lat="34.06175" lon="-118.31914"/>
   <point lat="34.06172" lon="-118.31914"/>
   <point lat="34.0616" lon="-118.31916"/>
   <point lat="34.06131" lon="-118.31948"/>
   <point lat="34.05931" lon="-118.32059"/>
   <point lat="34.05654" lon="-118.32211"/>
   <point lat="34.05409" lon="-118.32348"/>
   <point lat="34.05325" lon="-118.32391"/>
   <point lat="34.04783" lon="-118.32671"/>
   <point lat="34.04757" lon="-118.32702"/>
  </path>
  <path>
   <point lat="34.10177" lon="-118.3265"/>
   <point lat="34.10377" lon="-118.32666"/>
   <point lat="34.10374" lon="-118.32588"/>
   <point lat="34.10374" lon="-118.32522"/>
   <point lat="34.10486" lon="-118.32522"/>
   <point lat="34.10524" lon="-118.32523"/>
   <point lat="34.10524" lon="-118.3255"/>
   <point lat="34.10521" lon="-118.326"/>
   <point lat="34.1052" lon="-118.32633"/>
   <point lat="34.10522" lon="-118.32654"/>
   <point lat="34.10523" lon="-118.32661"/>
   <point lat="34.10524" lon="-118.32666"/>
   <point lat="34.10524" lon="-118.3267"/>
   <point lat="34.10539" lon="-118.32727"/>
   <point lat="34.10543" lon="-118.32741"/>
   <point lat="34.10545" lon="-118.32747"/>
   <point lat="34.10549" lon="-118.32783"/>
   <point lat="34.10549" lon="-118.3281"/>
   <point lat="34.10548" lon="-118.32821"/>
   <point lat="34.10544" lon="-118.32841"/>
   <point lat="34.10531" lon="-118.32899"/>
   <point lat="34.10526" lon="-118.32929"/>
   <point lat="34.10525" lon="-118.33041"/>
   <point lat="34.10445" lon="-118.33011"/>
  </path>
  <path>
   <point lat="34.02282" lon="-118.33524"/>
   <point lat="34.01797" lon="-118.33525"/>
   <point lat="34.01442" lon="-118.33525"/>
   <point lat="34.01115" lon="-118.33526"/>
   <point lat="34.00817" lon="-118.33524"/>
   <point lat="34.00782" lon="-118.33505"/>
   <point lat="34.0075" lon="-118.33499"/>
   <point lat="34.00733" lon="-118.33495"/>
   <point lat="34.00672" lon="-118.33468"/>
   <point lat="34.00656" lon="-118.33459"/>
   <point lat="34.00639" lon="-118.33448"/>
   <point lat="34.00612" lon="-118.33429"/>
   <point lat="34.00544" lon="-118.33398"/>
   <point lat="34.00471" lon="-118.33323"/>
   <point lat="34.00322" lon="-118.33178"/>
   <point lat="34.00276" lon="-118.33131"/>
   <point lat="34.00265" lon="-118.33126"/>
   <point lat="34.00247" lon="-118.33119"/>
   <point lat="34.00208" lon="-118.33105"/>
   <point lat="34.00167" lon="-118.33093"/>
   <point lat="34.00136" lon="-118.33082"/>
   <point lat="34.00118" lon="-118.33078"/>
   <point lat="34.00099" lon="-118.33076"/>
   <point lat="34.00096" lon="-118.33075"/>
   <point lat="34.00085" lon="-118.33076"/>
   <point lat="34.00002" lon="-118.33077"/>
   <point lat="33.99974" lon="-118.33092"/>
   <point lat="33.99834" lon="-118.33078"/>
   <point lat="33.9979" lon="-118.33093"/>
   <point lat="33.99471" lon="-118.33094"/>
   <point lat="33.99286" lon="-118.33095"/>
   <point lat="33.9906099" lon="-118.33096"/>
   <point lat="33.98867" lon="-118.33096"/>
  </path>
  <path>
   <point lat="34.04757" lon="-118.32702"/>
   <point lat="34.0449399" lon="-118.32845"/>
   <point lat="34.0423199" lon="-118.32989"/>
   <point lat="34.03956" lon="-118.3314"/>
   <point lat="34.0365899" lon="-118.33305"/>
   <point lat="34.03306" lon="-118.33484"/>
   <point lat="34.03228" lon="-118.33522"/>
   <point lat="34.02582" lon="-118.33524"/>
   <point lat="34.02282" lon="-118.33524"/>
  </path>
  <path>
   <point lat="34.0837" lon="-118.32676"/>
   <point lat="34.08265" lon="-118.32681"/>
   <point lat="34.08241" lon="-118.32697"/>
   <point lat="34.08215" lon="-118.32712"/>
   <point lat="34.08206" lon="-118.32714"/>
   <point lat="34.08189" lon="-118.32717"/>
   <point lat="34.08169" lon="-118.32718"/>
   <point lat="34.08019" lon="-118.32718"/>
   <point lat="34.07909" lon="-118.32742"/>
   <point lat="34.07851" lon="-118.32727"/>
   <point lat="34.07814" lon="-118.32728"/>
   <point lat="34.07761" lon="-118.32728"/>
   <point lat="34.07746" lon="-118.32726"/>
   <point lat="34.07724" lon="-118.32721"/>
   <point lat="34.07693" lon="-118.32716"/>
   <point lat="34.07668" lon="-118.32715"/>
   <point lat="34.07644" lon="-118.32715"/>
   <point lat="34.0762799" lon="-118.32717"/>
   <point lat="34.07605" lon="-118.32723"/>
   <point lat="34.07612" lon="-118.32707"/>
   <point lat="34.07615" lon="-118.32698"/>
   <point lat="34.07618" lon="-118.32688"/>
   <point lat="34.07623" lon="-118.32656"/>
   <point lat="34.0760999" lon="-118.32339"/>
   <point lat="34.0760999" lon="-118.31976"/>
   <point lat="34.07612" lon="-118.31587"/>
   <point lat="34.07613" lon="-118.31374"/>
   <point lat="34.07604" lon="-118.30929"/>
   <point lat="34.07465" lon="-118.30913"/>
   <point lat="34.07383" lon="-118.30928"/>
   <point lat="34.07129" lon="-118.30927"/>
   <point lat="34.06912" lon="-118.30926"/>
   <point lat="34.0654899" lon="-118.30924"/>
   <point lat="34.06199" lon="-118.30907"/>
   <point lat="34.06171" lon="-118.30907"/>
   <point lat="34.06183" lon="-118.3094"/>
  </path>
 </route>
</body>