<?xml version="1.0" encoding="utf-8"?>
<body copyright="All data copyright Los Angeles Metro 2022.">
 <route color="df4600" latMax="34.1423599" latMin="34.0344699" lonMax="-118.02627" lonMin="-118.0934499" oppositeColor="ffffff" tag="287" title="287 Montebello- El Monte- Arcadia Via Ru">
  <stop lat="34.0346199" lon="-118.0910099" stopId="00369" tag="369" title="Paramount / Montebello"/>
  <stop lat="34.0665899" lon="-118.0357999" stopId="01055" tag="1055" title="Tyler / Mildred"/>
  <stop lat="34.13993" lon="-118.0311399" stopId="01493" tag="1493" title="Huntington / Santa Anita"/>
  <stop lat="34.05874" lon="-118.0354499" stopId="01805" tag="1805" title="Tyler / Elliott"/>
  <stop lat="34.0625799" lon="-118.06697" stopId="02176" tag="2176" title="Garvey / Lee"/>
  <stop lat="34.0625699" lon="-118.07337" stopId="02177" tag="2177" title="Garvey / River"/>
  <stop lat="34.06256" lon="-118.07739" stopId="02180" tag="2180" title="Garvey / Muscatel"/>
  <stop lat="34.1423599" lon="-118.02971" tag="2763_ar" title="Arcadia L Line (Gold) Station"/>
  <stop lat="34.0344699" lon="-118.08438" stopId="03279" tag="3279" title="The Shops At Montebello Layover"/>
  <stop lat="34.0592" lon="-118.0644399" stopId="03852" tag="3852" title="Rosemead / Fern"/>
  <stop lat="34.05558" lon="-118.0644399" stopId="03854" tag="3854" title="Rosemead / Klingerman"/>
  <stop lat="34.0373299" lon="-118.09316" stopId="04293" tag="4293" title="Paramount / Market Place"/>
  <stop lat="34.0720999" lon="-118.04012" stopId="04438" tag="4438" title="Ramona / Lexington"/>
  <stop lat="34.05174" lon="-118.04674" stopId="04627" tag="4627" title="Rush / Central"/>
  <stop lat="34.05172" lon="-118.0601499" stopId="04628" tag="4628" title="Rush / Chico"/>
  <stop lat="34.0517399" lon="-118.05147" stopId="04632" tag="4632" title="Rush / Merced"/>
  <stop lat="34.05171" lon="-118.06402" stopId="04633" tag="4633" title="Rush / Rosemead"/>
  <stop lat="34.0517299" lon="-118.05582" stopId="04634" tag="4634" title="Rush / Potrero"/>
  <stop lat="34.0517599" lon="-118.04263" stopId="04636" tag="4636" title="Rush / Santa Anita"/>
  <stop lat="34.05176" lon="-118.0365499" stopId="04637" tag="4637" title="Tyler / Rush"/>
  <stop lat="34.1381299" lon="-118.0312199" stopId="05518" tag="5518" title="Santa Anita / Bonita"/>
  <stop lat="34.1359199" lon="-118.0311899" stopId="05519" tag="5519" title="Santa Anita / Diamond"/>
  <stop lat="34.12208" lon="-118.03093" stopId="05520" tag="5520" title="Santa Anita / Camino Real"/>
  <stop lat="34.1297799" lon="-118.0310799" stopId="05521" tag="5521" title="Santa Anita / Duarte"/>
  <stop lat="34.1144299" lon="-118.0307899" stopId="05524" tag="5524" title="Santa Anita / Longden"/>
  <stop lat="34.11158" lon="-118.03073" stopId="05525" tag="5525" title="Santa Anita / Palm"/>
  <stop lat="34.1322" lon="-118.03112" stopId="05526" tag="5526" title="Santa Anita / Genoa"/>
  <stop lat="34.1036099" lon="-118.0296199" stopId="05940" tag="5940" title="Santa Anita / Daines"/>
  <stop lat="34.10034" lon="-118.02901" stopId="05942" tag="5942" title="Santa Anita / Freer"/>
  <stop lat="34.1261999" lon="-118.0310099" stopId="05943" tag="5943" title="Santa Anita / Linda Rae"/>
  <stop lat="34.12435" lon="-118.03097" stopId="05944" tag="5944" title="Santa Anita / Naomi"/>
  <stop lat="34.09663" lon="-118.02829" stopId="05945" tag="5945" title="Santa Anita / West Hondo"/>
  <stop lat="34.11762" lon="-118.03083" stopId="05946" tag="5946" title="Santa Anita / Wistaria"/>
  <stop lat="34.09454" lon="-118.02703" stopId="05947" tag="5947" title="4900 Santa Anita"/>
  <stop lat="34.0818" lon="-118.0347599" stopId="05949" tag="5949" title="Santa Anita / Bryant"/>
  <stop lat="34.09195" lon="-118.02627" stopId="05952" tag="5952" title="Santa Anita / Lower Azusa"/>
  <stop lat="34.0888899" lon="-118.02726" stopId="05956" tag="5956" title="Santa Anita / Mulhall"/>
  <stop lat="34.08494" lon="-118.0310999" stopId="05958" tag="5958" title="Santa Anita / Tyler"/>
  <stop lat="34.07535" lon="-118.04116" stopId="05959" tag="5959" title="Santa Anita / Main"/>
  <stop lat="34.0603099" lon="-118.03544" stopId="06651" tag="6651" title="Tyler / Dodson"/>
  <stop lat="34.05461" lon="-118.08179" stopId="08223" tag="8223" title="Walnut Grove / Edison"/>
  <stop lat="34.05917" lon="-118.08181" stopId="08225" tag="8225" title="Walnut Grove / Fern"/>
  <stop lat="34.06247" lon="-118.0818199" stopId="08226" tag="8226" title="Walnut Grove / Garvey"/>
  <stop lat="34.0517999" lon="-118.08176" stopId="08234" tag="8234" title="Walnut Grove / Rush"/>
  <stop lat="34.0476" lon="-118.09033" stopId="10989" tag="10989" title="San Gabriel / Celito"/>
  <stop lat="34.0413099" lon="-118.09177" stopId="12758" tag="12758" title="Paramount / Arroyo"/>
  <stop lat="34.0721599" lon="-118.0362999" stopId="12910" tag="12910" title="Ramona / Tyler"/>
  <stop lat="34.1078599" lon="-118.0306" stopId="13911" tag="13911" title="Santa Anita / Live Oak"/>
  <stop lat="34.08594" lon="-118.0291199" stopId="14323" tag="14323" title="Santa Anita / McGirk"/>
  <stop lat="34.07032" lon="-118.03581" stopId="15013" tag="15013" title="Tyler / Amador"/>
  <stop lat="34.06501" lon="-118.03573" stopId="15015" tag="15015" title="Tyler / Sally Tanner"/>
  <stop lat="34.0630299" lon="-118.0355499" stopId="15019" tag="15019" title="Tyler / Garvey"/>
  <stop lat="34.0493799" lon="-118.09033" stopId="16503" tag="16503" title="San Gabriel / Sierra Bonita"/>
  <stop lat="34.0721999" lon="-118.04512" stopId="30020" tag="30020" title="El Monte Station - Lower Level"/>
  <stop lat="34.0625799" lon="-118.07128" stopId="142046" tag="142046" title="Garvey / Garvey Community Center"/>
  <stop lat="34.0725199" lon="-118.04202" stopId="142127" tag="142127" title="Santa Anita / Ramona"/>
  <stop lat="34.05153" lon="-118.0842299" stopId="176166" tag="176166" title="Rush / Walmart Driveway"/>
  <stop lat="34.04463" lon="-118.09032" stopId="70500029" tag="70500029" title="San Gabriel / Hill"/>
  <stop lat="34.05162" lon="-118.0902799" stopId="70500030" tag="70500030" title="Rush / San Gabriel"/>
  <stop lat="34.0492499" lon="-118.09064" stopId="00387" tag="387" title="San Gabriel / Sierra Bonita"/>
  <stop lat="34.06654" lon="-118.0361099" stopId="01054" tag="1054" title="Tyler / Mildred"/>
  <stop lat="34.0473699" lon="-118.09064" stopId="02455" tag="2455" title="San Gabriel / Celito"/>
  <stop lat="34.1423599" lon="-118.02971" stopId="02763" tag="2763" title="Arcadia L Line (Gold) Station"/>
  <stop lat="34.0344699" lon="-118.08438" tag="3279_ar" title="The Shops At Montebello Layover"/>
  <stop lat="34.0364" lon="-118.0888799" stopId="03299" tag="3299" title="The Shops At Montebello / Kaiser Permane"/>
  <stop lat="34.04148" lon="-118.0920199" stopId="04271" tag="4271" title="Paramount / Arroyo"/>
  <stop lat="34.0442999" lon="-118.09069" stopId="04285" tag="4285" title="Paramount / Hill"/>
  <stop lat="34.07188" lon="-118.0413899" stopId="04447" tag="4447" title="Ramona / Santa Anita"/>
  <stop lat="34.0517899" lon="-118.08698" stopId="04625" tag="4625" title="Rush / Angelus"/>
  <stop lat="34.086" lon="-118.0294599" stopId="05954" tag="5954" title="Santa Anita / McGirk"/>
  <stop lat="34.0649" lon="-118.03602" stopId="06646" tag="6646" title="Tyler / Bodger"/>
  <stop lat="34.07024" lon="-118.0361199" stopId="06647" tag="6647" title="Tyler / Amador"/>
  <stop lat="34.063" lon="-118.03585" stopId="06652" tag="6652" title="Tyler / Garvey"/>
  <stop lat="34.0628299" lon="-118.06588" stopId="09997" tag="9997" title="Garvey / Rosemead"/>
  <stop lat="34.0627899" lon="-118.07744" stopId="10714" tag="10714" title="Garvey / Muscatel"/>
  <stop lat="34.0628099" lon="-118.07304" stopId="10715" tag="10715" title="Garvey / Rosemead Pl"/>
  <stop lat="34.0366799" lon="-118.0808599" stopId="11785" tag="11785" title="The Shops At Montebello - Macys"/>
  <stop lat="34.03697" lon="-118.0864599" stopId="11788" tag="11788" title="The Shops At Montebello - Jcpenney"/>
  <stop lat="34.0593599" lon="-118.06415" stopId="12331" tag="12331" title="Rosemead / Fern"/>
  <stop lat="34.05572" lon="-118.06414" stopId="12334" tag="12334" title="Rosemead / Klingerman"/>
  <stop lat="34.0520299" lon="-118.0641199" stopId="12336" tag="12336" title="Rosemead / Rush"/>
  <stop lat="34.0372199" lon="-118.0934499" stopId="12764" tag="12764" title="Paramount / Market Place"/>
  <stop lat="34.07191" lon="-118.0395699" stopId="12900" tag="12900" title="Ramona / Lexington"/>
  <stop lat="34.05194" lon="-118.04673" stopId="13084" tag="13084" title="Rush / Central"/>
  <stop lat="34.05192" lon="-118.05979" stopId="13085" tag="13085" title="Rush / Chico"/>
  <stop lat="34.05194" lon="-118.0510699" stopId="13089" tag="13089" title="Rush / Merced"/>
  <stop lat="34.05193" lon="-118.0558399" stopId="13092" tag="13092" title="Rush / Potrero"/>
  <stop lat="34.0515599" lon="-118.09064" stopId="13093" tag="13093" title="San Gabriel / Potrero Grande"/>
  <stop lat="34.0519599" lon="-118.0426599" stopId="13094" tag="13094" title="Rush / Santa Anita"/>
  <stop lat="34.0518299" lon="-118.03687" stopId="13095" tag="13095" title="Tyler / Rush"/>
  <stop lat="34.0517899" lon="-118.08221" stopId="13096" tag="13096" title="Rush / Walnut Grove"/>
  <stop lat="34.138" lon="-118.03152" stopId="13906" tag="13906" title="Santa Anita / Bonita"/>
  <stop lat="34.1353699" lon="-118.0314799" stopId="13907" tag="13907" title="Santa Anita / Diamond"/>
  <stop lat="34.1219299" lon="-118.0312299" stopId="13908" tag="13908" title="Santa Anita / Camino Real"/>
  <stop lat="34.12879" lon="-118.03136" stopId="13909" tag="13909" title="Santa Anita / Duarte"/>
  <stop lat="34.1397699" lon="-118.0315499" stopId="13910" tag="13910" title="Santa Anita / Huntington"/>
  <stop lat="34.1142999" lon="-118.0310899" stopId="13912" tag="13912" title="Santa Anita / Longden"/>
  <stop lat="34.1114399" lon="-118.0310299" stopId="13913" tag="13913" title="Santa Anita / Palm"/>
  <stop lat="34.13247" lon="-118.03143" stopId="13914" tag="13914" title="Santa Anita / Genoa"/>
  <stop lat="34.08189" lon="-118.0350799" stopId="14317" tag="14317" title="Santa Anita / Bryant"/>
  <stop lat="34.10383" lon="-118.02998" stopId="14318" tag="14318" title="Santa Anita / Daines"/>
  <stop lat="34.10017" lon="-118.0292999" stopId="14320" tag="14320" title="Santa Anita / Freer"/>
  <stop lat="34.12639" lon="-118.03132" stopId="14321" tag="14321" title="Santa Anita / La Sierra"/>
  <stop lat="34.0916699" lon="-118.0267" stopId="14322" tag="14322" title="Santa Anita / Lower Azusa"/>
  <stop lat="34.0888199" lon="-118.02759" stopId="14325" tag="14325" title="Santa Anita / Mulhall"/>
  <stop lat="34.12406" lon="-118.03127" stopId="14326" tag="14326" title="Santa Anita / Naomi"/>
  <stop lat="34.08535" lon="-118.0308099" stopId="14327" tag="14327" title="Santa Anita / Tyler"/>
  <stop lat="34.0767" lon="-118.0410499" stopId="14328" tag="14328" title="Santa Anita / Valley"/>
  <stop lat="34.0964499" lon="-118.0285599" stopId="14329" tag="14329" title="Santa Anita / West Hondo"/>
  <stop lat="34.11706" lon="-118.0311199" stopId="14330" tag="14330" title="Santa Anita / Wistaria"/>
  <stop lat="34.0938099" lon="-118.0269399" stopId="14332" tag="14332" title="4900 Santa Anita"/>
  <stop lat="34.0603099" lon="-118.03574" stopId="15018" tag="15018" title="Tyler / Dodson"/>
  <stop lat="34.05917" lon="-118.08201" stopId="16504" tag="16504" title="Walnut Grove / Fern"/>
  <stop lat="34.0624" lon="-118.0820599" stopId="16505" tag="16505" title="Walnut Grove / Garvey"/>
  <stop lat="34.05515" lon="-118.0820299" stopId="16508" tag="16508" title="Walnut Grove / Klingerman"/>
  <stop lat="34.1062799" lon="-118.03061" stopId="17015" tag="17015" title="Santa Anita / Live Oak"/>
  <stop lat="34.0721999" lon="-118.04512" tag="30020_ar" title="El Monte Station - Lower Level"/>
  <stop lat="34.0628299" lon="-118.07157" stopId="142045" tag="142045" title="Garvey / Garvey Community Center"/>
  <stop lat="34.0354099" lon="-118.09151" stopId="176165" tag="176165" title="Town Center / Paramount"/>
  <stop lat="34.0587399" lon="-118.0357599" stopId="176167" tag="176167" title="Tyler / Elliott"/>
  <stop lat="34.0517899" lon="-118.08498" stopId="176168" tag="176168" title="Rush / Walmart Driveway"/>
  <direction name="South" tag="287_79_1" title="South to The Shops At Montebello" useForUI="true">
   <stop tag="2763"/>
   <stop tag="13910"/>
   <stop tag="13906"/>
   <stop tag="13907"/>
   <stop tag="13914"/>
   <stop tag="13909"/>
   <stop tag="14321"/>
   <stop tag="14326"/>
   <stop tag="13908"/>
   <stop tag="14330"/>
   <stop tag="13912"/>
   <stop tag="13913"/>
   <stop tag="17015"/>
   <stop tag="14318"/>
   <stop tag="14320"/>
   <stop tag="14329"/>
   <stop tag="14332"/>
   <stop tag="14322"/>
   <stop tag="14325"/>
   <stop tag="5954"/>
   <stop tag="14327"/>
   <stop tag="14317"/>
   <stop tag="14328"/>
   <stop tag="30020"/>
   <stop tag="4447"/>
   <stop tag="12900"/>
   <stop tag="6647"/>
   <stop tag="1054"/>
   <stop tag="6646"/>
   <stop tag="6652"/>
   <stop tag="15018"/>
   <stop tag="176167"/>
   <stop tag="13095"/>
   <stop tag="13094"/>
   <stop tag="13084"/>
   <stop tag="13089"/>
   <stop tag="13092"/>
   <stop tag="13085"/>
   <stop tag="12336"/>
   <stop tag="12334"/>
   <stop tag="12331"/>
   <stop tag="9997"/>
   <stop tag="142045"/>
   <stop tag="10715"/>
   <stop tag="10714"/>
   <stop tag="16505"/>
   <stop tag="16504"/>
   <stop tag="16508"/>
   <stop tag="13096"/>
   <stop tag="176168"/>
   <stop tag="4625"/>
   <stop tag="13093"/>
   <stop tag="387"/>
   <stop tag="2455"/>
   <stop tag="4285"/>
   <stop tag="4271"/>
   <stop tag="12764"/>
   <stop tag="176165"/>
   <stop tag="3299"/>
   <stop tag="11788"/>
   <stop tag="11785"/>
   <stop tag="3279_ar"/>
  </direction>
  <direction name="North" tag="287_72_0" title="North to Arcadia Gold Line Station" useForUI="true">
   <stop tag="3279"/>
   <stop tag="369"/>
   <stop tag="4293"/>
   <stop tag="12758"/>
   <stop tag="70500029"/>
   <stop tag="10989"/>
   <stop tag="16503"/>
   <stop tag="70500030"/>
   <stop tag="176166"/>
   <stop tag="8234"/>
   <stop tag="8223"/>
   <stop tag="8225"/>
   <stop tag="8226"/>
   <stop tag="2180"/>
   <stop tag="2177"/>
   <stop tag="142046"/>
   <stop tag="2176"/>
   <stop tag="3852"/>
   <stop tag="3854"/>
   <stop tag="4633"/>
   <stop tag="4628"/>
   <stop tag="4634"/>
   <stop tag="4632"/>
   <stop tag="4627"/>
   <stop tag="4636"/>
   <stop tag="4637"/>
   <stop tag="1805"/>
   <stop tag="6651"/>
   <stop tag="15019"/>
   <stop tag="15015"/>
   <stop tag="1055"/>
   <stop tag="15013"/>
   <stop tag="12910"/>
   <stop tag="4438"/>
   <stop tag="30020"/>
   <stop tag="142127"/>
   <stop tag="5959"/>
   <stop tag="5949"/>
   <stop tag="5958"/>
   <stop tag="14323"/>
   <stop tag="5956"/>
   <stop tag="5952"/>
   <stop tag="5947"/>
   <stop tag="5945"/>
   <stop tag="5942"/>
   <stop tag="5940"/>
   <stop tag="13911"/>
   <stop tag="5525"/>
   <stop tag="5524"/>
   <stop tag="5946"/>
   <stop tag="5520"/>
   <stop tag="5944"/>
   <stop tag="5943"/>
   <stop tag="5521"/>
   <stop tag="5526"/>
   <stop tag="5519"/>
   <stop tag="5518"/>
   <stop tag="1493"/>
   <stop tag="2763_ar"/>
  </direction>
  <path>
   <point lat="34.1423599" lon="-118.02971"/>
   <point lat="34.14225" lon="-118.03105"/>
   <point lat="34.14224" lon="-118.03145"/>
   <point lat="34.14133" lon="-118.03143"/>
   <point lat="34.14118" lon="-118.03143"/>
   <point lat="34.14005" lon="-118.0314"/>
   <point lat="34.13977" lon="-118.03155"/>
   <point lat="34.138" lon="-118.03152"/>
   <point lat="34.13537" lon="-118.03148"/>
   <point lat="34.13247" lon="-118.03143"/>
   <point lat="34.12879" lon="-118.03136"/>
   <point lat="34.12639" lon="-118.03132"/>
   <point lat="34.12406" lon="-118.03127"/>
   <point lat="34.12193" lon="-118.03123"/>
   <point lat="34.1186999" lon="-118.03101"/>
   <point lat="34.11706" lon="-118.03112"/>
   <point lat="34.1143" lon="-118.03109"/>
   <point lat="34.11144" lon="-118.03103"/>
   <point lat="34.1074" lon="-118.03079"/>
   <point lat="34.10628" lon="-118.03061"/>
  </path>
  <path>
   <point lat="34.05176" lon="-118.04263"/>
   <point lat="34.05173" lon="-118.03703"/>
   <point lat="34.05176" lon="-118.03655"/>
   <point lat="34.0524" lon="-118.03609"/>
   <point lat="34.05254" lon="-118.03599"/>
   <point lat="34.05272" lon="-118.03589"/>
   <point lat="34.05287" lon="-118.03583"/>
   <point lat="34.05306" lon="-118.03577"/>
   <point lat="34.05318" lon="-118.03574"/>
   <point lat="34.05337" lon="-118.0357"/>
   <point lat="34.05377" lon="-118.03565"/>
   <point lat="34.05437" lon="-118.03562"/>
   <point lat="34.05559" lon="-118.03563"/>
   <point lat="34.05874" lon="-118.03545"/>
   <point lat="34.06031" lon="-118.03544"/>
   <point lat="34.06303" lon="-118.03555"/>
   <point lat="34.06501" lon="-118.03573"/>
   <point lat="34.06659" lon="-118.0358"/>
   <point lat="34.07032" lon="-118.03581"/>
   <point lat="34.07208" lon="-118.03597"/>
   <point lat="34.0721599" lon="-118.0363"/>
   <point lat="34.0721" lon="-118.04012"/>
   <point lat="34.07198" lon="-118.04218"/>
   <point lat="34.07117" lon="-118.04217"/>
   <point lat="34.07115" lon="-118.04288"/>
   <point lat="34.07115" lon="-118.04445"/>
   <point lat="34.07202" lon="-118.04445"/>
   <point lat="34.07201" lon="-118.04598"/>
   <point lat="34.07223" lon="-118.04598"/>
   <point lat="34.0723399" lon="-118.04597"/>
   <point lat="34.07243" lon="-118.04578"/>
   <point lat="34.07248" lon="-118.04568"/>
   <point lat="34.07247" lon="-118.04556"/>
   <point lat="34.07247" lon="-118.0451"/>
   <point lat="34.0722" lon="-118.04512"/>
  </path>
  <path>
   <point lat="34.0722" lon="-118.04512"/>
   <point lat="34.07247" lon="-118.0451"/>
   <point lat="34.07247" lon="-118.04429"/>
   <point lat="34.07202" lon="-118.04429"/>
   <point lat="34.07115" lon="-118.04445"/>
   <point lat="34.07115" lon="-118.04288"/>
   <point lat="34.07117" lon="-118.04217"/>
   <point lat="34.07188" lon="-118.04218"/>
   <point lat="34.07188" lon="-118.04139"/>
   <point lat="34.07191" lon="-118.03957"/>
   <point lat="34.07201" lon="-118.0388"/>
   <point lat="34.07202" lon="-118.03821"/>
   <point lat="34.07202" lon="-118.03762"/>
   <point lat="34.07203" lon="-118.03705"/>
   <point lat="34.07208" lon="-118.03597"/>
   <point lat="34.07024" lon="-118.03612"/>
   <point lat="34.06851" lon="-118.03596"/>
   <point lat="34.06654" lon="-118.03611"/>
   <point lat="34.0649" lon="-118.03602"/>
   <point lat="34.063" lon="-118.03585"/>
   <point lat="34.06031" lon="-118.03574"/>
   <point lat="34.05874" lon="-118.03576"/>
   <point lat="34.05732" lon="-118.03562"/>
   <point lat="34.05437" lon="-118.03562"/>
   <point lat="34.05377" lon="-118.03565"/>
   <point lat="34.05337" lon="-118.0357"/>
   <point lat="34.05318" lon="-118.03574"/>
   <point lat="34.05306" lon="-118.03577"/>
   <point lat="34.05287" lon="-118.03583"/>
   <point lat="34.05272" lon="-118.03589"/>
   <point lat="34.05254" lon="-118.03599"/>
   <point lat="34.0524" lon="-118.03609"/>
   <point lat="34.05199" lon="-118.03646"/>
   <point lat="34.05183" lon="-118.03687"/>
   <point lat="34.05182" lon="-118.03733"/>
   <point lat="34.05196" lon="-118.04266"/>
   <point lat="34.05194" lon="-118.04673"/>
   <point lat="34.05194" lon="-118.05107"/>
   <point lat="34.05193" lon="-118.05584"/>
   <point lat="34.05192" lon="-118.05979"/>
   <point lat="34.05203" lon="-118.06412"/>
   <point lat="34.0543" lon="-118.06428"/>
   <point lat="34.05572" lon="-118.06414"/>
   <point lat="34.0581" lon="-118.06429"/>
   <point lat="34.05936" lon="-118.06415"/>
   <point lat="34.06056" lon="-118.0645"/>
   <point lat="34.06176" lon="-118.06496"/>
   <point lat="34.06235" lon="-118.06522"/>
   <point lat="34.0627" lon="-118.06539"/>
   <point lat="34.06283" lon="-118.06588"/>
  </path>
  <path>
   <point lat="34.10786" lon="-118.0306"/>
   <point lat="34.10952" lon="-118.03083"/>
   <point lat="34.1115799" lon="-118.03073"/>
   <point lat="34.11443" lon="-118.03079"/>
   <point lat="34.11762" lon="-118.03083"/>
   <point lat="34.1220799" lon="-118.03093"/>
   <point lat="34.12435" lon="-118.03097"/>
   <point lat="34.1262" lon="-118.03101"/>
   <point lat="34.1297799" lon="-118.03108"/>
   <point lat="34.1322" lon="-118.03112"/>
   <point lat="34.13592" lon="-118.03119"/>
   <point lat="34.1381299" lon="-118.03122"/>
   <point lat="34.13993" lon="-118.03114"/>
   <point lat="34.14008" lon="-118.02834"/>
   <point lat="34.14228" lon="-118.02837"/>
   <point lat="34.14228" lon="-118.02904"/>
   <point lat="34.1423599" lon="-118.02971"/>
  </path>
  <path>
   <point lat="34.07252" lon="-118.04202"/>
   <point lat="34.0742" lon="-118.04155"/>
   <point lat="34.07535" lon="-118.04116"/>
   <point lat="34.07583" lon="-118.0412"/>
   <point lat="34.07614" lon="-118.0411"/>
   <point lat="34.07686" lon="-118.04083"/>
   <point lat="34.07741" lon="-118.04035"/>
   <point lat="34.07774" lon="-118.04008"/>
   <point lat="34.07864" lon="-118.03941"/>
   <point lat="34.07933" lon="-118.03886"/>
   <point lat="34.07953" lon="-118.03868"/>
   <point lat="34.0796599" lon="-118.03854"/>
   <point lat="34.07975" lon="-118.03843"/>
   <point lat="34.07982" lon="-118.03834"/>
   <point lat="34.0799499" lon="-118.03812"/>
   <point lat="34.08006" lon="-118.0379"/>
   <point lat="34.08031" lon="-118.03737"/>
   <point lat="34.0804199" lon="-118.03716"/>
   <point lat="34.08114" lon="-118.03586"/>
   <point lat="34.0818" lon="-118.03476"/>
   <point lat="34.08428" lon="-118.03231"/>
   <point lat="34.08434" lon="-118.03225"/>
   <point lat="34.08443" lon="-118.03215"/>
   <point lat="34.08452" lon="-118.03204"/>
   <point lat="34.08469" lon="-118.03181"/>
   <point lat="34.08494" lon="-118.0311"/>
   <point lat="34.08532" lon="-118.03056"/>
   <point lat="34.08594" lon="-118.02912"/>
   <point lat="34.08705" lon="-118.02823"/>
   <point lat="34.08889" lon="-118.02726"/>
   <point lat="34.09195" lon="-118.02627"/>
   <point lat="34.09254" lon="-118.02632"/>
   <point lat="34.09454" lon="-118.02703"/>
   <point lat="34.09545" lon="-118.02799"/>
   <point lat="34.09572" lon="-118.02815"/>
   <point lat="34.09585" lon="-118.02822"/>
   <point lat="34.09598" lon="-118.02827"/>
   <point lat="34.09623" lon="-118.02835"/>
   <point lat="34.09663" lon="-118.02829"/>
   <point lat="34.09899" lon="-118.02893"/>
   <point lat="34.10034" lon="-118.02901"/>
   <point lat="34.10361" lon="-118.02962"/>
   <point lat="34.10563" lon="-118.03022"/>
   <point lat="34.10786" lon="-118.0306"/>
  </path>
  <path>
   <point lat="34.10628" lon="-118.03061"/>
   <point lat="34.10383" lon="-118.02998"/>
   <point lat="34.10046" lon="-118.02919"/>
   <point lat="34.10017" lon="-118.0293"/>
   <point lat="34.09899" lon="-118.02893"/>
   <point lat="34.09645" lon="-118.02856"/>
   <point lat="34.09623" lon="-118.02835"/>
   <point lat="34.09598" lon="-118.02827"/>
   <point lat="34.09585" lon="-118.02822"/>
   <point lat="34.09572" lon="-118.02815"/>
   <point lat="34.09545" lon="-118.02799"/>
   <point lat="34.09381" lon="-118.02694"/>
   <point lat="34.0935599" lon="-118.02659"/>
   <point lat="34.09343" lon="-118.02654"/>
   <point lat="34.09331" lon="-118.02649"/>
   <point lat="34.0930899" lon="-118.02642"/>
   <point lat="34.0927" lon="-118.02634"/>
   <point lat="34.09254" lon="-118.02632"/>
   <point lat="34.09243" lon="-118.02632"/>
   <point lat="34.09228" lon="-118.02634"/>
   <point lat="34.09211" lon="-118.02638"/>
   <point lat="34.09202" lon="-118.02641"/>
   <point lat="34.09167" lon="-118.0267"/>
   <point lat="34.0905" lon="-118.02688"/>
   <point lat="34.08882" lon="-118.02759"/>
   <point lat="34.08789" lon="-118.02775"/>
   <point lat="34.0877399" lon="-118.02782"/>
   <point lat="34.08742" lon="-118.028"/>
   <point lat="34.08705" lon="-118.02823"/>
   <point lat="34.08697" lon="-118.0283"/>
   <point lat="34.08613" lon="-118.02913"/>
   <point lat="34.086" lon="-118.02946"/>
   <point lat="34.08554" lon="-118.02977"/>
   <point lat="34.08542" lon="-118.03024"/>
   <point lat="34.08535" lon="-118.03081"/>
   <point lat="34.08469" lon="-118.03181"/>
   <point lat="34.08189" lon="-118.03508"/>
   <point lat="34.0804199" lon="-118.03716"/>
   <point lat="34.08031" lon="-118.03737"/>
   <point lat="34.08006" lon="-118.0379"/>
   <point lat="34.0799499" lon="-118.03812"/>
   <point lat="34.07982" lon="-118.03834"/>
   <point lat="34.07975" lon="-118.03843"/>
   <point lat="34.0796599" lon="-118.03854"/>
   <point lat="34.07953" lon="-118.03868"/>
   <point lat="34.07933" lon="-118.03886"/>
   <point lat="34.07864" lon="-118.03941"/>
   <point lat="34.07802" lon="-118.03987"/>
   <point lat="34.0767" lon="-118.04105"/>
   <point lat="34.07614" lon="-118.0411"/>
   <point lat="34.07583" lon="-118.0412"/>
   <point lat="34.07559" lon="-118.04127"/>
   <point lat="34.07542" lon="-118.04131"/>
   <point lat="34.0746899" lon="-118.04144"/>
   <point lat="34.0742" lon="-118.04155"/>
   <point lat="34.07389" lon="-118.04165"/>
   <point lat="34.07382" lon="-118.04169"/>
   <point lat="34.0736" lon="-118.0418"/>
   <point lat="34.07322" lon="-118.04203"/>
   <point lat="34.073" lon="-118.04213"/>
   <point lat="34.0728" lon="-118.04218"/>
   <point lat="34.07247" lon="-118.04221"/>
   <point lat="34.07198" lon="-118.04218"/>
   <point lat="34.07117" lon="-118.04217"/>
   <point lat="34.07115" lon="-118.04288"/>
   <point lat="34.07115" lon="-118.04445"/>
   <point lat="34.07202" lon="-118.04445"/>
   <point lat="34.07201" lon="-118.04598"/>
   <point lat="34.07223" lon="-118.04598"/>
   <point lat="34.0723399" lon="-118.04597"/>
   <point lat="34.07243" lon="-118.04578"/>
   <point lat="34.07248" lon="-118.04568"/>
   <point lat="34.07247" lon="-118.04556"/>
   <point lat="34.0722" lon="-118.04512"/>
  </path>
  <path>
   <point lat="34.0722" lon="-118.04512"/>
   <point lat="34.07247" lon="-118.0451"/>
   <point lat="34.07247" lon="-118.04429"/>
   <point lat="34.07202" lon="-118.04429"/>
   <point lat="34.07202" lon="-118.04445"/>
   <point lat="34.07115" lon="-118.04445"/>
   <point lat="34.07115" lon="-118.04288"/>
   <point lat="34.07117" lon="-118.04217"/>
   <point lat="34.07198" lon="-118.04218"/>
   <point lat="34.07252" lon="-118.04202"/>
  </path>
  <path>
   <point lat="34.0625799" lon="-118.06697"/>
   <point lat="34.0627" lon="-118.06539"/>
   <point lat="34.06235" lon="-118.06522"/>
   <point lat="34.06112" lon="-118.06469"/>
   <point lat="34.06088" lon="-118.0646"/>
   <point lat="34.06056" lon="-118.0645"/>
   <point lat="34.06028" lon="-118.06442"/>
   <point lat="34.05994" lon="-118.06436"/>
   <point lat="34.0596699" lon="-118.06433"/>
   <point lat="34.0592" lon="-118.06444"/>
   <point lat="34.0581" lon="-118.06429"/>
   <point lat="34.05558" lon="-118.06444"/>
   <point lat="34.05171" lon="-118.06402"/>
   <point lat="34.05172" lon="-118.06015"/>
   <point lat="34.05173" lon="-118.05582"/>
   <point lat="34.05174" lon="-118.05147"/>
   <point lat="34.05174" lon="-118.04674"/>
   <point lat="34.05176" lon="-118.04263"/>
  </path>
  <path>
   <point lat="34.06283" lon="-118.06588"/>
   <point lat="34.06283" lon="-118.07157"/>
   <point lat="34.06281" lon="-118.07304"/>
   <point lat="34.06279" lon="-118.07744"/>
   <point lat="34.06267" lon="-118.08194"/>
   <point lat="34.0623999" lon="-118.08206"/>
   <point lat="34.05917" lon="-118.08201"/>
   <point lat="34.05515" lon="-118.08203"/>
   <point lat="34.05166" lon="-118.08188"/>
   <point lat="34.0517899" lon="-118.08221"/>
   <point lat="34.05166" lon="-118.0833"/>
   <point lat="34.0517899" lon="-118.08498"/>
   <point lat="34.0517899" lon="-118.08698"/>
   <point lat="34.05156" lon="-118.09064"/>
   <point lat="34.04925" lon="-118.09064"/>
   <point lat="34.04737" lon="-118.09064"/>
   <point lat="34.0443" lon="-118.09069"/>
   <point lat="34.04366" lon="-118.09072"/>
   <point lat="34.04148" lon="-118.09202"/>
   <point lat="34.04008" lon="-118.09251"/>
   <point lat="34.03944" lon="-118.09281"/>
   <point lat="34.0393199" lon="-118.09286"/>
   <point lat="34.0390299" lon="-118.093"/>
   <point lat="34.03887" lon="-118.09307"/>
   <point lat="34.03864" lon="-118.09316"/>
   <point lat="34.03835" lon="-118.09325"/>
   <point lat="34.03806" lon="-118.09331"/>
   <point lat="34.03788" lon="-118.09333"/>
   <point lat="34.03758" lon="-118.09334"/>
   <point lat="34.03722" lon="-118.09345"/>
   <point lat="34.03655" lon="-118.09316"/>
   <point lat="34.03635" lon="-118.09309"/>
   <point lat="34.03599" lon="-118.09288"/>
   <point lat="34.03593" lon="-118.09284"/>
   <point lat="34.0358" lon="-118.09274"/>
   <point lat="34.0357399" lon="-118.09269"/>
   <point lat="34.03551" lon="-118.09249"/>
   <point lat="34.03543" lon="-118.09243"/>
   <point lat="34.03527" lon="-118.09228"/>
   <point lat="34.03517" lon="-118.09218"/>
   <point lat="34.03506" lon="-118.09204"/>
   <point lat="34.03541" lon="-118.09151"/>
   <point lat="34.0364" lon="-118.08888"/>
   <point lat="34.03669" lon="-118.08798"/>
   <point lat="34.0369699" lon="-118.08646"/>
   <point lat="34.03745" lon="-118.0846"/>
   <point lat="34.03751" lon="-118.08421"/>
   <point lat="34.03751" lon="-118.08397"/>
   <point lat="34.03749" lon="-118.08366"/>
   <point lat="34.03747" lon="-118.08354"/>
   <point lat="34.03757" lon="-118.08344"/>
   <point lat="34.0376199" lon="-118.08336"/>
   <point lat="34.03764" lon="-118.08327"/>
   <point lat="34.03767" lon="-118.08308"/>
   <point lat="34.03772" lon="-118.083"/>
   <point lat="34.03774" lon="-118.08295"/>
   <point lat="34.03779" lon="-118.08275"/>
   <point lat="34.03782" lon="-118.0826"/>
   <point lat="34.03784" lon="-118.08244"/>
   <point lat="34.03792" lon="-118.08193"/>
   <point lat="34.03775" lon="-118.08174"/>
   <point lat="34.03759" lon="-118.08157"/>
   <point lat="34.03724" lon="-118.08124"/>
   <point lat="34.0366799" lon="-118.08086"/>
   <point lat="34.03657" lon="-118.08055"/>
   <point lat="34.03639" lon="-118.0804"/>
   <point lat="34.03626" lon="-118.08032"/>
   <point lat="34.0361199" lon="-118.08023"/>
   <point lat="34.03592" lon="-118.08014"/>
   <point lat="34.03582" lon="-118.08011"/>
   <point lat="34.03566" lon="-118.08007"/>
   <point lat="34.03544" lon="-118.08007"/>
   <point lat="34.03535" lon="-118.0801"/>
   <point lat="34.03525" lon="-118.08016"/>
   <point lat="34.03515" lon="-118.08023"/>
   <point lat="34.03491" lon="-118.08042"/>
   <point lat="34.03479" lon="-118.08051"/>
   <point lat="34.03459" lon="-118.08088"/>
   <point lat="34.03451" lon="-118.08104"/>
   <point lat="34.03441" lon="-118.08132"/>
   <point lat="34.03439" lon="-118.08138"/>
   <point lat="34.0343" lon="-118.08163"/>
   <point lat="34.0342" lon="-118.08203"/>
   <point lat="34.03417" lon="-118.08216"/>
   <point lat="34.03414" lon="-118.08253"/>
   <point lat="34.03414" lon="-118.08282"/>
   <point lat="34.0341499" lon="-118.08299"/>
   <point lat="34.03419" lon="-118.08339"/>
   <point lat="34.03426" lon="-118.08378"/>
   <point lat="34.03447" lon="-118.08438"/>
  </path>
  <path>
   <point lat="34.03447" lon="-118.08438"/>
   <point lat="34.03456" lon="-118.08504"/>
   <point lat="34.03492" lon="-118.0884"/>
   <point lat="34.03494" lon="-118.08861"/>
   <point lat="34.03493" lon="-118.08882"/>
   <point lat="34.0349" lon="-118.08897"/>
   <point lat="34.03483" lon="-118.08924"/>
   <point lat="34.03419" lon="-118.09056"/>
   <point lat="34.0346199" lon="-118.09101"/>
   <point lat="34.03489" lon="-118.0918"/>
   <point lat="34.03504" lon="-118.09202"/>
   <point lat="34.03517" lon="-118.09218"/>
   <point lat="34.03527" lon="-118.09228"/>
   <point lat="34.03543" lon="-118.09243"/>
   <point lat="34.03551" lon="-118.09249"/>
   <point lat="34.0357399" lon="-118.09269"/>
   <point lat="34.0358" lon="-118.09274"/>
   <point lat="34.03593" lon="-118.09284"/>
   <point lat="34.03599" lon="-118.09288"/>
   <point lat="34.03635" lon="-118.09309"/>
   <point lat="34.03655" lon="-118.09316"/>
   <point lat="34.03733" lon="-118.09316"/>
   <point lat="34.03758" lon="-118.09334"/>
   <point lat="34.03788" lon="-118.09333"/>
   <point lat="34.03806" lon="-118.09331"/>
   <point lat="34.03835" lon="-118.09325"/>
   <point lat="34.03864" lon="-118.09316"/>
   <point lat="34.03887" lon="-118.09307"/>
   <point lat="34.0390299" lon="-118.093"/>
   <point lat="34.0393199" lon="-118.09286"/>
   <point lat="34.03944" lon="-118.09281"/>
   <point lat="34.04008" lon="-118.09251"/>
   <point lat="34.04131" lon="-118.09177"/>
   <point lat="34.04267" lon="-118.09127"/>
   <point lat="34.04463" lon="-118.09032"/>
   <point lat="34.0476" lon="-118.09033"/>
   <point lat="34.04938" lon="-118.09033"/>
   <point lat="34.05162" lon="-118.09028"/>
   <point lat="34.05165" lon="-118.0893"/>
   <point lat="34.05153" lon="-118.08423"/>
   <point lat="34.0518" lon="-118.08176"/>
   <point lat="34.0546099" lon="-118.08179"/>
   <point lat="34.05917" lon="-118.08181"/>
   <point lat="34.06247" lon="-118.08182"/>
   <point lat="34.06267" lon="-118.0804"/>
   <point lat="34.06256" lon="-118.07739"/>
   <point lat="34.06257" lon="-118.07337"/>
   <point lat="34.0625799" lon="-118.07128"/>
   <point lat="34.0625799" lon="-118.06697"/>
  </path>
 </route>
</body>