<?xml version="1.0" encoding="utf-8"?>
<body copyright="All data copyright Los Angeles Metro 2022.">
 <route color="33cccc" latMax="34.0419899" latMin="34.0113699" lonMax="-118.48795" lonMin="-118.84339" oppositeColor="000000" tag="534" title="534 Malibu - Santa Monica">
  <stop lat="34.0365699" lon="-118.68744" stopId="00721" tag="721" title="Civic Center / Malibu Perf Arts Ctr"/>
  <stop lat="34.03594" lon="-118.6903499" stopId="00722" tag="722" title="Civic Center / Webb"/>
  <stop lat="34.0358699" lon="-118.6855799" stopId="00930" tag="930" title="3835 Cross Creek"/>
  <stop lat="34.03295" lon="-118.7432899" stopId="01226" tag="1226" title="Pacific Coast / Corral Canyon"/>
  <stop lat="34.0165999" lon="-118.81837" stopId="02342" tag="2342" title="Pacific Coast / Busch"/>
  <stop lat="34.0139899" lon="-118.48795" tag="2969_ar" title="Olympic / 7th"/>
  <stop lat="34.0384999" lon="-118.70227" stopId="03125" tag="3125" title="Malibu Canyon / Civic Center"/>
  <stop lat="34.0354699" lon="-118.70327" stopId="03126" tag="3126" title="Malibu Canyon / Pacific Coast"/>
  <stop lat="34.01468" lon="-118.49136" stopId="03383" tag="3383" title="5th / Colorado"/>
  <stop lat="34.0113699" lon="-118.49461" stopId="04092" tag="4092" title="Ocean / Colorado"/>
  <stop lat="34.01404" lon="-118.4977299" stopId="04096" tag="4096" title="Ocean / Santa Monica"/>
  <stop lat="34.0382699" lon="-118.5408899" stopId="04224" tag="4224" title="16321 Pacific Coast"/>
  <stop lat="34.03931" lon="-118.67025" stopId="04225" tag="4225" title="22726 Pacific Coast"/>
  <stop lat="34.03741" lon="-118.6079799" stopId="04227" tag="4227" title="Pacific Coast / Big Rock"/>
  <stop lat="34.04174" lon="-118.56783" stopId="04229" tag="4229" title="Pacific Coast / Getty Villa"/>
  <stop lat="34.03327" lon="-118.7337099" stopId="04230" tag="4230" title="Pacific Coast / Corral Creek Bridge"/>
  <stop lat="34.03951" lon="-118.66515" stopId="04231" tag="4231" title="22506 Pacific Coast"/>
  <stop lat="34.0220499" lon="-118.80847" stopId="04232" tag="4232" title="Pacific Coast / Heathercliff"/>
  <stop lat="34.03415" lon="-118.7097299" stopId="04233" tag="4233" title="Pacific Coast / John Tyler"/>
  <stop lat="34.02137" lon="-118.80242" stopId="04234" tag="4234" title="Pacific Coast / Kanan Dume"/>
  <stop lat="34.02569" lon="-118.7654599" stopId="04236" tag="4236" title="Pacific Coast / Malibu Cove Colony"/>
  <stop lat="34.03773" lon="-118.6758699" stopId="04237" tag="4237" title="Pacific Coast / Malibu Pier"/>
  <stop lat="34.03765" lon="-118.61948" stopId="04238" tag="4238" title="Pacific Coast / Moonshadows Rest"/>
  <stop lat="34.0200599" lon="-118.8278599" stopId="04239" tag="4239" title="Pacific Coast / Morning View"/>
  <stop lat="34.0238999" lon="-118.78686" stopId="04241" tag="4241" title="Pacific Coast / Paradise Cove"/>
  <stop lat="34.0399799" lon="-118.5605299" stopId="04242" tag="4242" title="Pacific Coast / Porto Marina"/>
  <stop lat="34.0369" lon="-118.63702" stopId="04243" tag="4243" title="Pacific Coast / Rambla Pacifico"/>
  <stop lat="34.0381899" lon="-118.64798" stopId="04244" tag="4244" title="Pacific Coast / Rambla Vista"/>
  <stop lat="34.03582" lon="-118.53596" stopId="04246" tag="4246" title="Pacific Coast / Temescal Canyon"/>
  <stop lat="34.0399899" lon="-118.57941" stopId="04247" tag="4247" title="Pacific Coast / Topanga Canyon"/>
  <stop lat="34.03933" lon="-118.58932" stopId="04248" tag="4248" title="Pacific Coast / Tuna Canyon"/>
  <stop lat="34.02044" lon="-118.7957499" stopId="04251" tag="4251" title="Pacific Coast / Zumirez"/>
  <stop lat="34.0383999" lon="-118.55596" stopId="06390" tag="6390" title="Pacific Coast / Sunset"/>
  <stop lat="34.0315199" lon="-118.84339" stopId="06605" tag="6605" title="Trancas Canyon / Pacific Coast"/>
  <stop lat="34.0368699" lon="-118.6994599" stopId="09284" tag="9284" title="Civic Center / Winter Canyon"/>
  <stop lat="34.03947" lon="-118.5460599" stopId="12725" tag="12725" title="Pacific Coast / Bel Air Bay Club"/>
  <stop lat="34.01665" lon="-118.4946799" stopId="14360" tag="14360" title="Santa Monica / 4th"/>
  <stop lat="34.0159" lon="-118.4956099" stopId="14372" tag="14372" title="Santa Monica / 3rd St Promenade"/>
  <stop lat="34.03932" lon="-118.6694199" stopId="70500004" tag="70500004" title="22718 Pacific Coast"/>
  <stop lat="34.0221499" lon="-118.80904" stopId="00470" tag="470" title="Pacific Coast / Heathercliff"/>
  <stop lat="34.0370399" lon="-118.6993399" stopId="00723" tag="723" title="Civic Center / Winter Canyon"/>
  <stop lat="34.03318" lon="-118.7434899" stopId="01227" tag="1227" title="Pacific Coast / Corral Canyon"/>
  <stop lat="34.0139899" lon="-118.48795" stopId="02969" tag="2969" title="Olympic / 7th"/>
  <stop lat="34.0147399" lon="-118.4911699" stopId="03033" tag="3033" title="5th / Colorado"/>
  <stop lat="34.0397899" lon="-118.5463899" stopId="04226" tag="4226" title="Pacific Coast / Bel Air Bay Club"/>
  <stop lat="34.0419899" lon="-118.56778" stopId="04245" tag="4245" title="Pacific Coast / Getty Villa"/>
  <stop lat="34.0204799" lon="-118.8278999" stopId="04908" tag="4908" title="Pacific Coast / Morning View"/>
  <stop lat="34.0315199" lon="-118.84339" tag="6605_ar" title="Trancas Canyon / Pacific Coast"/>
  <stop lat="34.0361999" lon="-118.69046" stopId="09283" tag="9283" title="Civic Center / Stuart Ranch"/>
  <stop lat="34.0366599" lon="-118.68822" stopId="09285" tag="9285" title="Civic Center / Malibu Library"/>
  <stop lat="34.03604" lon="-118.68526" stopId="09479" tag="9479" title="Cross Creek / Malibu Theatre"/>
  <stop lat="34.0384299" lon="-118.7028" stopId="11612" tag="11612" title="Malibu Canyon / Civic Center"/>
  <stop lat="34.0349899" lon="-118.7035299" stopId="11613" tag="11613" title="Malibu Canyon / Pacific Coast"/>
  <stop lat="34.03728" lon="-118.63786" stopId="12716" tag="12716" title="Pacific Coast / Rambla Vista"/>
  <stop lat="34.03954" lon="-118.6706199" stopId="12717" tag="12717" title="22729 Pacific Coast"/>
  <stop lat="34.0372699" lon="-118.67745" stopId="12718" tag="12718" title="23017 Pacific Coast"/>
  <stop lat="34.02379" lon="-118.7878899" stopId="12719" tag="12719" title="Pacific Coast / Paradise Cove"/>
  <stop lat="34.0335899" lon="-118.7335799" stopId="12720" tag="12720" title="Pacific Coast / Corral Creek Bridge"/>
  <stop lat="34.0344099" lon="-118.70966" stopId="12721" tag="12721" title="Pacific Coast / John Tyler"/>
  <stop lat="34.02171" lon="-118.8027" stopId="12722" tag="12722" title="Pacific Coast / Kanan Dume"/>
  <stop lat="34.0259599" lon="-118.7654899" stopId="12723" tag="12723" title="Pacific Coast / Sycamore Park"/>
  <stop lat="34.0385999" lon="-118.5408599" stopId="12724" tag="12724" title="16321 Pacific Coast"/>
  <stop lat="34.0375299" lon="-118.60827" stopId="12726" tag="12726" title="Pacific Coast / Big Rock"/>
  <stop lat="34.01684" lon="-118.8184499" stopId="12728" tag="12728" title="Pacific Coast / Busch"/>
  <stop lat="34.0398099" lon="-118.66567" stopId="12730" tag="12730" title="22523 Pacific Coast"/>
  <stop lat="34.03789" lon="-118.61869" stopId="12733" tag="12733" title="Pacific Coast / Moonshadows Rest"/>
  <stop lat="34.0402" lon="-118.56039" stopId="12736" tag="12736" title="Pacific Coast / Porto Marina"/>
  <stop lat="34.03837" lon="-118.6481999" stopId="12737" tag="12737" title="Pacific Coast / Rambla Vista"/>
  <stop lat="34.03588" lon="-118.53552" stopId="12739" tag="12739" title="Pacific Coast / Temescal Canyon"/>
  <stop lat="34.0402399" lon="-118.5795199" stopId="12740" tag="12740" title="Pacific Coast / Topanga Canyon"/>
  <stop lat="34.0395899" lon="-118.5891799" stopId="12741" tag="12741" title="Pacific Coast / Tuna Canyon"/>
  <stop lat="34.0207199" lon="-118.7959499" stopId="12743" tag="12743" title="Pacific Coast / Zumirez"/>
  <stop lat="34.01416" lon="-118.4948499" stopId="14382" tag="14382" title="Broadway / 3rd St Promenade"/>
  <stop lat="34.0387199" lon="-118.55632" stopId="14763" tag="14763" title="Pacific Coast / Sunset"/>
  <stop lat="34.0117099" lon="-118.49545" stopId="140715" tag="140715" title="Ocean / Colorado"/>
  <direction name="East" tag="534_152_0" title="East to Downtown Santa Monica-E Line (expo) Sta" useForUI="true">
   <stop tag="6605"/>
   <stop tag="4239"/>
   <stop tag="2342"/>
   <stop tag="4232"/>
   <stop tag="4234"/>
   <stop tag="4251"/>
   <stop tag="4241"/>
   <stop tag="4236"/>
   <stop tag="1226"/>
   <stop tag="4230"/>
   <stop tag="4233"/>
   <stop tag="3126"/>
   <stop tag="3125"/>
   <stop tag="9284"/>
   <stop tag="722"/>
   <stop tag="721"/>
   <stop tag="930"/>
   <stop tag="4237"/>
   <stop tag="4225"/>
   <stop tag="70500004"/>
   <stop tag="4231"/>
   <stop tag="4244"/>
   <stop tag="4243"/>
   <stop tag="4238"/>
   <stop tag="4227"/>
   <stop tag="4248"/>
   <stop tag="4247"/>
   <stop tag="4229"/>
   <stop tag="4242"/>
   <stop tag="6390"/>
   <stop tag="12725"/>
   <stop tag="4224"/>
   <stop tag="4246"/>
   <stop tag="4092"/>
   <stop tag="4096"/>
   <stop tag="14372"/>
   <stop tag="14360"/>
   <stop tag="3383"/>
   <stop tag="2969_ar"/>
  </direction>
  <direction name="West" tag="534_155_1" title="West to Malibu - Pch-Trancas" useForUI="true">
   <stop tag="2969"/>
   <stop tag="3033"/>
   <stop tag="14382"/>
   <stop tag="140715"/>
   <stop tag="12739"/>
   <stop tag="12724"/>
   <stop tag="4226"/>
   <stop tag="14763"/>
   <stop tag="12736"/>
   <stop tag="4245"/>
   <stop tag="12740"/>
   <stop tag="12741"/>
   <stop tag="12726"/>
   <stop tag="12733"/>
   <stop tag="12716"/>
   <stop tag="12737"/>
   <stop tag="12730"/>
   <stop tag="12717"/>
   <stop tag="12718"/>
   <stop tag="9479"/>
   <stop tag="9285"/>
   <stop tag="9283"/>
   <stop tag="723"/>
   <stop tag="11612"/>
   <stop tag="11613"/>
   <stop tag="12721"/>
   <stop tag="12720"/>
   <stop tag="1227"/>
   <stop tag="12723"/>
   <stop tag="12719"/>
   <stop tag="12743"/>
   <stop tag="12722"/>
   <stop tag="470"/>
   <stop tag="12728"/>
   <stop tag="4908"/>
   <stop tag="6605_ar"/>
  </direction>
  <path>
   <point lat="34.02215" lon="-118.80904"/>
   <point lat="34.02199" lon="-118.80915"/>
   <point lat="34.02183" lon="-118.80959"/>
   <point lat="34.02164" lon="-118.81006"/>
   <point lat="34.02161" lon="-118.81017"/>
   <point lat="34.02154" lon="-118.81034"/>
   <point lat="34.02136" lon="-118.81072"/>
   <point lat="34.02115" lon="-118.81111"/>
   <point lat="34.0210099" lon="-118.81133"/>
   <point lat="34.0209" lon="-118.81147"/>
   <point lat="34.02073" lon="-118.81167"/>
   <point lat="34.0203599" lon="-118.81216"/>
   <point lat="34.0189" lon="-118.81395"/>
   <point lat="34.01853" lon="-118.81444"/>
   <point lat="34.01834" lon="-118.81472"/>
   <point lat="34.01803" lon="-118.81511"/>
   <point lat="34.01784" lon="-118.81538"/>
   <point lat="34.01767" lon="-118.81567"/>
   <point lat="34.0175" lon="-118.81605"/>
   <point lat="34.01732" lon="-118.81639"/>
   <point lat="34.01724" lon="-118.81659"/>
   <point lat="34.0171599" lon="-118.8168"/>
   <point lat="34.01711" lon="-118.81694"/>
   <point lat="34.01701" lon="-118.81726"/>
   <point lat="34.01696" lon="-118.81741"/>
   <point lat="34.01684" lon="-118.81845"/>
   <point lat="34.01662" lon="-118.81884"/>
   <point lat="34.01659" lon="-118.819"/>
   <point lat="34.01658" lon="-118.81912"/>
   <point lat="34.01656" lon="-118.81918"/>
   <point lat="34.01655" lon="-118.81927"/>
   <point lat="34.01655" lon="-118.81934"/>
   <point lat="34.01645" lon="-118.82005"/>
   <point lat="34.01645" lon="-118.8203"/>
   <point lat="34.01647" lon="-118.82052"/>
   <point lat="34.01646" lon="-118.82111"/>
   <point lat="34.01649" lon="-118.82151"/>
   <point lat="34.01663" lon="-118.82228"/>
   <point lat="34.01666" lon="-118.82237"/>
   <point lat="34.01676" lon="-118.82274"/>
   <point lat="34.01683" lon="-118.82297"/>
   <point lat="34.01709" lon="-118.82369"/>
   <point lat="34.01729" lon="-118.82407"/>
   <point lat="34.01739" lon="-118.82425"/>
   <point lat="34.0175" lon="-118.82447"/>
   <point lat="34.01765" lon="-118.8247"/>
   <point lat="34.01778" lon="-118.82488"/>
   <point lat="34.01787" lon="-118.82499"/>
   <point lat="34.01816" lon="-118.82529"/>
   <point lat="34.01846" lon="-118.82563"/>
   <point lat="34.01872" lon="-118.82596"/>
   <point lat="34.0189" lon="-118.82622"/>
   <point lat="34.01932" lon="-118.82673"/>
   <point lat="34.01958" lon="-118.82707"/>
   <point lat="34.02017" lon="-118.82778"/>
   <point lat="34.02048" lon="-118.8279"/>
   <point lat="34.02075" lon="-118.82841"/>
   <point lat="34.02437" lon="-118.83386"/>
   <point lat="34.02446" lon="-118.83403"/>
   <point lat="34.02487" lon="-118.83477"/>
   <point lat="34.02504" lon="-118.83504"/>
   <point lat="34.0252" lon="-118.83532"/>
   <point lat="34.02543" lon="-118.83569"/>
   <point lat="34.0257099" lon="-118.83617"/>
   <point lat="34.02576" lon="-118.83627"/>
   <point lat="34.02583" lon="-118.83639"/>
   <point lat="34.02609" lon="-118.83675"/>
   <point lat="34.02617" lon="-118.83685"/>
   <point lat="34.02625" lon="-118.83693"/>
   <point lat="34.02628" lon="-118.83698"/>
   <point lat="34.02635" lon="-118.83702"/>
   <point lat="34.02638" lon="-118.83705"/>
   <point lat="34.02642" lon="-118.83707"/>
   <point lat="34.0264499" lon="-118.8371"/>
   <point lat="34.0266" lon="-118.83723"/>
   <point lat="34.02684" lon="-118.8375"/>
   <point lat="34.02696" lon="-118.83766"/>
   <point lat="34.02708" lon="-118.83781"/>
   <point lat="34.02763" lon="-118.83842"/>
   <point lat="34.0277" lon="-118.83854"/>
   <point lat="34.02779" lon="-118.83867"/>
   <point lat="34.02799" lon="-118.83899"/>
   <point lat="34.0281499" lon="-118.83921"/>
   <point lat="34.02823" lon="-118.83933"/>
   <point lat="34.02828" lon="-118.83939"/>
   <point lat="34.02832" lon="-118.83945"/>
   <point lat="34.02837" lon="-118.83951"/>
   <point lat="34.02865" lon="-118.83997"/>
   <point lat="34.0287999" lon="-118.84023"/>
   <point lat="34.02897" lon="-118.84051"/>
   <point lat="34.02928" lon="-118.84099"/>
   <point lat="34.02934" lon="-118.84109"/>
   <point lat="34.03004" lon="-118.84212"/>
   <point lat="34.03028" lon="-118.84244"/>
   <point lat="34.03039" lon="-118.8426"/>
   <point lat="34.0305" lon="-118.84273"/>
   <point lat="34.0305899" lon="-118.84286"/>
   <point lat="34.0309" lon="-118.84325"/>
   <point lat="34.03113" lon="-118.84357"/>
   <point lat="34.03152" lon="-118.84339"/>
  </path>
  <path>
   <point lat="34.01171" lon="-118.49545"/>
   <point lat="34.01152" lon="-118.49502"/>
   <point lat="34.01141" lon="-118.49491"/>
   <point lat="34.0112" lon="-118.49462"/>
   <point lat="34.0109" lon="-118.49426"/>
   <point lat="34.01084" lon="-118.4942"/>
   <point lat="34.01081" lon="-118.49429"/>
   <point lat="34.0107799" lon="-118.49441"/>
   <point lat="34.01077" lon="-118.49448"/>
   <point lat="34.01076" lon="-118.49456"/>
   <point lat="34.01077" lon="-118.49474"/>
   <point lat="34.0108" lon="-118.49492"/>
   <point lat="34.01084" lon="-118.49504"/>
   <point lat="34.01095" lon="-118.49523"/>
   <point lat="34.01105" lon="-118.49537"/>
   <point lat="34.0115" lon="-118.49585"/>
   <point lat="34.01157" lon="-118.49591"/>
   <point lat="34.0116" lon="-118.49595"/>
   <point lat="34.01164" lon="-118.49598"/>
   <point lat="34.01171" lon="-118.49606"/>
   <point lat="34.01177" lon="-118.49616"/>
   <point lat="34.01189" lon="-118.49641"/>
   <point lat="34.01202" lon="-118.49662"/>
   <point lat="34.0120999" lon="-118.49677"/>
   <point lat="34.0122" lon="-118.49699"/>
   <point lat="34.01258" lon="-118.49736"/>
   <point lat="34.01493" lon="-118.49994"/>
   <point lat="34.01591" lon="-118.50101"/>
   <point lat="34.01661" lon="-118.50191"/>
   <point lat="34.01727" lon="-118.50272"/>
   <point lat="34.01831" lon="-118.50407"/>
   <point lat="34.0192" lon="-118.50518"/>
   <point lat="34.02084" lon="-118.50731"/>
   <point lat="34.0229799" lon="-118.51002"/>
   <point lat="34.02306" lon="-118.51011"/>
   <point lat="34.0238299" lon="-118.51115"/>
   <point lat="34.02414" lon="-118.51161"/>
   <point lat="34.02432" lon="-118.51192"/>
   <point lat="34.02457" lon="-118.51239"/>
   <point lat="34.0251" lon="-118.51334"/>
   <point lat="34.02526" lon="-118.51364"/>
   <point lat="34.02541" lon="-118.51397"/>
   <point lat="34.02569" lon="-118.51452"/>
   <point lat="34.02597" lon="-118.51502"/>
   <point lat="34.02659" lon="-118.5163"/>
   <point lat="34.02711" lon="-118.51735"/>
   <point lat="34.02742" lon="-118.51796"/>
   <point lat="34.02742" lon="-118.51809"/>
   <point lat="34.0275" lon="-118.5182"/>
   <point lat="34.02765" lon="-118.51847"/>
   <point lat="34.02773" lon="-118.51864"/>
   <point lat="34.02785" lon="-118.5188"/>
   <point lat="34.02799" lon="-118.519"/>
   <point lat="34.02821" lon="-118.51935"/>
   <point lat="34.02826" lon="-118.51945"/>
   <point lat="34.02844" lon="-118.51979"/>
   <point lat="34.02854" lon="-118.52002"/>
   <point lat="34.02868" lon="-118.52038"/>
   <point lat="34.02875" lon="-118.52053"/>
   <point lat="34.02895" lon="-118.52084"/>
   <point lat="34.02954" lon="-118.52181"/>
   <point lat="34.02985" lon="-118.52235"/>
   <point lat="34.03054" lon="-118.52363"/>
   <point lat="34.03084" lon="-118.52413"/>
   <point lat="34.03094" lon="-118.52431"/>
   <point lat="34.03125" lon="-118.52493"/>
   <point lat="34.0314" lon="-118.52526"/>
   <point lat="34.03201" lon="-118.52673"/>
   <point lat="34.03206" lon="-118.52691"/>
   <point lat="34.03211" lon="-118.52712"/>
   <point lat="34.03225" lon="-118.52777"/>
   <point lat="34.03241" lon="-118.52842"/>
   <point lat="34.03243" lon="-118.52852"/>
   <point lat="34.03254" lon="-118.52883"/>
   <point lat="34.0326" lon="-118.52896"/>
   <point lat="34.03272" lon="-118.52918"/>
   <point lat="34.03352" lon="-118.53113"/>
   <point lat="34.03528" lon="-118.53494"/>
   <point lat="34.03588" lon="-118.53552"/>
   <point lat="34.03694" lon="-118.53791"/>
   <point lat="34.03799" lon="-118.53998"/>
   <point lat="34.0386" lon="-118.54086"/>
   <point lat="34.03897" lon="-118.54263"/>
   <point lat="34.03979" lon="-118.54639"/>
   <point lat="34.03942" lon="-118.54851"/>
   <point lat="34.03945" lon="-118.54873"/>
   <point lat="34.03949" lon="-118.54922"/>
   <point lat="34.03951" lon="-118.54969"/>
   <point lat="34.03951" lon="-118.54987"/>
   <point lat="34.0394999" lon="-118.5501"/>
   <point lat="34.03948" lon="-118.55043"/>
   <point lat="34.03946" lon="-118.55065"/>
   <point lat="34.0394099" lon="-118.55084"/>
   <point lat="34.03934" lon="-118.55113"/>
   <point lat="34.03869" lon="-118.55379"/>
   <point lat="34.0386" lon="-118.55421"/>
   <point lat="34.03857" lon="-118.55443"/>
   <point lat="34.0385599" lon="-118.55457"/>
   <point lat="34.03855" lon="-118.55484"/>
   <point lat="34.03854" lon="-118.55561"/>
   <point lat="34.03872" lon="-118.55632"/>
  </path>
  <path>
   <point lat="34.03152" lon="-118.84339"/>
   <point lat="34.0309" lon="-118.84325"/>
   <point lat="34.0305899" lon="-118.84286"/>
   <point lat="34.0305" lon="-118.84273"/>
   <point lat="34.03039" lon="-118.8426"/>
   <point lat="34.03028" lon="-118.84244"/>
   <point lat="34.03004" lon="-118.84212"/>
   <point lat="34.02952" lon="-118.84136"/>
   <point lat="34.02934" lon="-118.84109"/>
   <point lat="34.02928" lon="-118.84099"/>
   <point lat="34.02897" lon="-118.84051"/>
   <point lat="34.0287999" lon="-118.84023"/>
   <point lat="34.02865" lon="-118.83997"/>
   <point lat="34.02837" lon="-118.83951"/>
   <point lat="34.02832" lon="-118.83945"/>
   <point lat="34.02828" lon="-118.83939"/>
   <point lat="34.02823" lon="-118.83933"/>
   <point lat="34.0281499" lon="-118.83921"/>
   <point lat="34.02799" lon="-118.83899"/>
   <point lat="34.02779" lon="-118.83867"/>
   <point lat="34.0277" lon="-118.83854"/>
   <point lat="34.02763" lon="-118.83842"/>
   <point lat="34.02708" lon="-118.83781"/>
   <point lat="34.02696" lon="-118.83766"/>
   <point lat="34.02684" lon="-118.8375"/>
   <point lat="34.0266" lon="-118.83723"/>
   <point lat="34.0264499" lon="-118.8371"/>
   <point lat="34.02642" lon="-118.83707"/>
   <point lat="34.02638" lon="-118.83705"/>
   <point lat="34.02635" lon="-118.83702"/>
   <point lat="34.02628" lon="-118.83698"/>
   <point lat="34.02625" lon="-118.83693"/>
   <point lat="34.02617" lon="-118.83685"/>
   <point lat="34.02609" lon="-118.83675"/>
   <point lat="34.02583" lon="-118.83639"/>
   <point lat="34.02576" lon="-118.83627"/>
   <point lat="34.0257099" lon="-118.83617"/>
   <point lat="34.02543" lon="-118.83569"/>
   <point lat="34.0252" lon="-118.83532"/>
   <point lat="34.02504" lon="-118.83504"/>
   <point lat="34.02487" lon="-118.83477"/>
   <point lat="34.02446" lon="-118.83403"/>
   <point lat="34.02437" lon="-118.83386"/>
   <point lat="34.0242999" lon="-118.83374"/>
   <point lat="34.02424" lon="-118.83362"/>
   <point lat="34.02415" lon="-118.83348"/>
   <point lat="34.02385" lon="-118.83295"/>
   <point lat="34.02366" lon="-118.8326"/>
   <point lat="34.0233" lon="-118.8319"/>
   <point lat="34.02321" lon="-118.83172"/>
   <point lat="34.02313" lon="-118.83157"/>
   <point lat="34.02284" lon="-118.83107"/>
   <point lat="34.02256" lon="-118.83063"/>
   <point lat="34.0223299" lon="-118.83033"/>
   <point lat="34.02159" lon="-118.82947"/>
   <point lat="34.02135" lon="-118.82916"/>
   <point lat="34.02088" lon="-118.82858"/>
   <point lat="34.02075" lon="-118.82841"/>
   <point lat="34.02046" lon="-118.82809"/>
   <point lat="34.02032" lon="-118.82793"/>
   <point lat="34.02017" lon="-118.82778"/>
   <point lat="34.02006" lon="-118.82786"/>
   <point lat="34.01932" lon="-118.82673"/>
   <point lat="34.0189" lon="-118.82622"/>
   <point lat="34.01872" lon="-118.82596"/>
   <point lat="34.01846" lon="-118.82563"/>
   <point lat="34.01816" lon="-118.82529"/>
   <point lat="34.01787" lon="-118.82499"/>
   <point lat="34.01778" lon="-118.82488"/>
   <point lat="34.01765" lon="-118.8247"/>
   <point lat="34.0175" lon="-118.82447"/>
   <point lat="34.01739" lon="-118.82425"/>
   <point lat="34.01729" lon="-118.82407"/>
   <point lat="34.01709" lon="-118.82369"/>
   <point lat="34.01683" lon="-118.82297"/>
   <point lat="34.01676" lon="-118.82274"/>
   <point lat="34.01666" lon="-118.82237"/>
   <point lat="34.01663" lon="-118.82228"/>
   <point lat="34.01649" lon="-118.82151"/>
   <point lat="34.01646" lon="-118.82111"/>
   <point lat="34.01647" lon="-118.82052"/>
   <point lat="34.01645" lon="-118.8203"/>
   <point lat="34.01645" lon="-118.82005"/>
   <point lat="34.01655" lon="-118.81934"/>
   <point lat="34.01655" lon="-118.81927"/>
   <point lat="34.01656" lon="-118.81918"/>
   <point lat="34.01658" lon="-118.81912"/>
   <point lat="34.01659" lon="-118.819"/>
   <point lat="34.0165999" lon="-118.81837"/>
   <point lat="34.01711" lon="-118.81694"/>
   <point lat="34.01724" lon="-118.81659"/>
   <point lat="34.01732" lon="-118.81639"/>
   <point lat="34.0175" lon="-118.81605"/>
   <point lat="34.01767" lon="-118.81567"/>
   <point lat="34.01784" lon="-118.81538"/>
   <point lat="34.01803" lon="-118.81511"/>
   <point lat="34.01834" lon="-118.81472"/>
   <point lat="34.0203599" lon="-118.81216"/>
   <point lat="34.02073" lon="-118.81167"/>
   <point lat="34.0209" lon="-118.81147"/>
   <point lat="34.0210099" lon="-118.81133"/>
   <point lat="34.02115" lon="-118.81111"/>
   <point lat="34.02136" lon="-118.81072"/>
   <point lat="34.02154" lon="-118.81034"/>
   <point lat="34.02161" lon="-118.81017"/>
   <point lat="34.02164" lon="-118.81006"/>
   <point lat="34.02183" lon="-118.80959"/>
   <point lat="34.02199" lon="-118.80915"/>
   <point lat="34.02208" lon="-118.80886"/>
   <point lat="34.02205" lon="-118.80847"/>
  </path>
  <path>
   <point lat="34.0384" lon="-118.55596"/>
   <point lat="34.03857" lon="-118.55443"/>
   <point lat="34.03934" lon="-118.55113"/>
   <point lat="34.0394099" lon="-118.55084"/>
   <point lat="34.03946" lon="-118.55065"/>
   <point lat="34.03948" lon="-118.55043"/>
   <point lat="34.0394999" lon="-118.5501"/>
   <point lat="34.03951" lon="-118.54987"/>
   <point lat="34.03951" lon="-118.54969"/>
   <point lat="34.03949" lon="-118.54922"/>
   <point lat="34.03945" lon="-118.54873"/>
   <point lat="34.03942" lon="-118.54851"/>
   <point lat="34.03947" lon="-118.54606"/>
   <point lat="34.03962" lon="-118.54553"/>
   <point lat="34.0395899" lon="-118.54517"/>
   <point lat="34.03956" lon="-118.54492"/>
   <point lat="34.03951" lon="-118.54465"/>
   <point lat="34.03939" lon="-118.54419"/>
   <point lat="34.03914" lon="-118.54346"/>
   <point lat="34.03907" lon="-118.54322"/>
   <point lat="34.03899" lon="-118.54277"/>
   <point lat="34.03897" lon="-118.54263"/>
   <point lat="34.03873" lon="-118.54171"/>
   <point lat="34.03827" lon="-118.54089"/>
   <point lat="34.03799" lon="-118.53998"/>
   <point lat="34.03582" lon="-118.53596"/>
   <point lat="34.03528" lon="-118.53494"/>
   <point lat="34.03352" lon="-118.53113"/>
   <point lat="34.03272" lon="-118.52918"/>
   <point lat="34.0326" lon="-118.52896"/>
   <point lat="34.03254" lon="-118.52883"/>
   <point lat="34.03243" lon="-118.52852"/>
   <point lat="34.03241" lon="-118.52842"/>
   <point lat="34.03225" lon="-118.52777"/>
   <point lat="34.03211" lon="-118.52712"/>
   <point lat="34.03206" lon="-118.52691"/>
   <point lat="34.03201" lon="-118.52673"/>
   <point lat="34.0314" lon="-118.52526"/>
   <point lat="34.03125" lon="-118.52493"/>
   <point lat="34.03094" lon="-118.52431"/>
   <point lat="34.03084" lon="-118.52413"/>
   <point lat="34.03054" lon="-118.52363"/>
   <point lat="34.02985" lon="-118.52235"/>
   <point lat="34.02954" lon="-118.52181"/>
   <point lat="34.02895" lon="-118.52084"/>
   <point lat="34.02875" lon="-118.52053"/>
   <point lat="34.02868" lon="-118.52038"/>
   <point lat="34.02854" lon="-118.52002"/>
   <point lat="34.02844" lon="-118.51979"/>
   <point lat="34.02826" lon="-118.51945"/>
   <point lat="34.02821" lon="-118.51935"/>
   <point lat="34.02799" lon="-118.519"/>
   <point lat="34.02785" lon="-118.5188"/>
   <point lat="34.02773" lon="-118.51864"/>
   <point lat="34.02765" lon="-118.51847"/>
   <point lat="34.0275" lon="-118.5182"/>
   <point lat="34.02742" lon="-118.51809"/>
   <point lat="34.02732" lon="-118.51805"/>
   <point lat="34.02719" lon="-118.51778"/>
   <point lat="34.0269" lon="-118.51715"/>
   <point lat="34.02638" lon="-118.51618"/>
   <point lat="34.02633" lon="-118.51608"/>
   <point lat="34.02595" lon="-118.51527"/>
   <point lat="34.02554" lon="-118.51447"/>
   <point lat="34.02517" lon="-118.5137"/>
   <point lat="34.02491" lon="-118.51321"/>
   <point lat="34.02454" lon="-118.51255"/>
   <point lat="34.02431" lon="-118.51216"/>
   <point lat="34.02381" lon="-118.51138"/>
   <point lat="34.02314" lon="-118.51043"/>
   <point lat="34.02041" lon="-118.50694"/>
   <point lat="34.02023" lon="-118.50669"/>
   <point lat="34.0199" lon="-118.50626"/>
   <point lat="34.01958" lon="-118.50587"/>
   <point lat="34.01937" lon="-118.50563"/>
   <point lat="34.01929" lon="-118.50553"/>
   <point lat="34.01665" lon="-118.50215"/>
   <point lat="34.01559" lon="-118.50082"/>
   <point lat="34.01545" lon="-118.50067"/>
   <point lat="34.0151899" lon="-118.50038"/>
   <point lat="34.01495" lon="-118.50015"/>
   <point lat="34.01284" lon="-118.49785"/>
   <point lat="34.01222" lon="-118.49717"/>
   <point lat="34.01203" lon="-118.49694"/>
   <point lat="34.01191" lon="-118.49678"/>
   <point lat="34.01171" lon="-118.49659"/>
   <point lat="34.01162" lon="-118.49648"/>
   <point lat="34.01144" lon="-118.49623"/>
   <point lat="34.01129" lon="-118.49596"/>
   <point lat="34.01095" lon="-118.4955"/>
   <point lat="34.01083" lon="-118.49532"/>
   <point lat="34.01072" lon="-118.49513"/>
   <point lat="34.0107" lon="-118.49508"/>
   <point lat="34.01066" lon="-118.49496"/>
   <point lat="34.01064" lon="-118.49485"/>
   <point lat="34.01063" lon="-118.49475"/>
   <point lat="34.01062" lon="-118.49455"/>
   <point lat="34.01063" lon="-118.49437"/>
   <point lat="34.01064" lon="-118.49429"/>
   <point lat="34.01067" lon="-118.49421"/>
   <point lat="34.01071" lon="-118.49413"/>
   <point lat="34.01075" lon="-118.49409"/>
   <point lat="34.01084" lon="-118.4942"/>
   <point lat="34.0109" lon="-118.49426"/>
   <point lat="34.01137" lon="-118.49461"/>
  </path>
  <path>
   <point lat="34.03872" lon="-118.55632"/>
   <point lat="34.0387" lon="-118.55699"/>
   <point lat="34.0402" lon="-118.56039"/>
   <point lat="34.04063" lon="-118.56217"/>
   <point lat="34.04087" lon="-118.56263"/>
   <point lat="34.04101" lon="-118.56296"/>
   <point lat="34.04113" lon="-118.56322"/>
   <point lat="34.04119" lon="-118.56337"/>
   <point lat="34.04121" lon="-118.56346"/>
   <point lat="34.04126" lon="-118.56365"/>
   <point lat="34.0413" lon="-118.56382"/>
   <point lat="34.04133" lon="-118.56401"/>
   <point lat="34.0413799" lon="-118.56446"/>
   <point lat="34.04199" lon="-118.56778"/>
   <point lat="34.04192" lon="-118.56813"/>
   <point lat="34.04207" lon="-118.56936"/>
   <point lat="34.0421" lon="-118.5698"/>
   <point lat="34.04211" lon="-118.57069"/>
   <point lat="34.04209" lon="-118.571"/>
   <point lat="34.04205" lon="-118.57127"/>
   <point lat="34.04198" lon="-118.57157"/>
   <point lat="34.04165" lon="-118.57268"/>
   <point lat="34.04152" lon="-118.57302"/>
   <point lat="34.04143" lon="-118.57327"/>
   <point lat="34.0413" lon="-118.57353"/>
   <point lat="34.04064" lon="-118.57464"/>
   <point lat="34.04046" lon="-118.57497"/>
   <point lat="34.04029" lon="-118.57523"/>
   <point lat="34.04021" lon="-118.57539"/>
   <point lat="34.04011" lon="-118.57567"/>
   <point lat="34.04003" lon="-118.57601"/>
   <point lat="34.04" lon="-118.57616"/>
   <point lat="34.03999" lon="-118.57629"/>
   <point lat="34.03998" lon="-118.57658"/>
   <point lat="34.03999" lon="-118.57679"/>
   <point lat="34.04002" lon="-118.57717"/>
   <point lat="34.0401" lon="-118.57763"/>
   <point lat="34.04011" lon="-118.57776"/>
   <point lat="34.04013" lon="-118.57791"/>
   <point lat="34.04013" lon="-118.5783"/>
   <point lat="34.04014" lon="-118.57892"/>
   <point lat="34.04024" lon="-118.57952"/>
   <point lat="34.0398799" lon="-118.58074"/>
   <point lat="34.03977" lon="-118.58114"/>
   <point lat="34.03958" lon="-118.58169"/>
   <point lat="34.03951" lon="-118.58193"/>
   <point lat="34.03938" lon="-118.58245"/>
   <point lat="34.03925" lon="-118.58284"/>
   <point lat="34.03907" lon="-118.58347"/>
   <point lat="34.03895" lon="-118.58382"/>
   <point lat="34.03886" lon="-118.5842"/>
   <point lat="34.03879" lon="-118.58463"/>
   <point lat="34.03879" lon="-118.58472"/>
   <point lat="34.03878" lon="-118.58482"/>
   <point lat="34.03878" lon="-118.58513"/>
   <point lat="34.03876" lon="-118.58534"/>
   <point lat="34.03876" lon="-118.58541"/>
   <point lat="34.03877" lon="-118.58547"/>
   <point lat="34.03879" lon="-118.58558"/>
   <point lat="34.0388499" lon="-118.58577"/>
   <point lat="34.03891" lon="-118.58601"/>
   <point lat="34.03895" lon="-118.58615"/>
   <point lat="34.03902" lon="-118.58647"/>
   <point lat="34.03908" lon="-118.58668"/>
   <point lat="34.0391" lon="-118.58678"/>
   <point lat="34.03916" lon="-118.587"/>
   <point lat="34.03927" lon="-118.58737"/>
   <point lat="34.0393" lon="-118.58757"/>
   <point lat="34.0393199" lon="-118.58765"/>
   <point lat="34.0394099" lon="-118.58818"/>
   <point lat="34.0395899" lon="-118.58918"/>
   <point lat="34.03952" lon="-118.58979"/>
   <point lat="34.03961" lon="-118.59016"/>
   <point lat="34.0399" lon="-118.59154"/>
   <point lat="34.03994" lon="-118.59196"/>
   <point lat="34.03996" lon="-118.59227"/>
   <point lat="34.03995" lon="-118.59272"/>
   <point lat="34.03991" lon="-118.59344"/>
   <point lat="34.03994" lon="-118.59375"/>
   <point lat="34.03996" lon="-118.59414"/>
   <point lat="34.04" lon="-118.59466"/>
   <point lat="34.04" lon="-118.59496"/>
   <point lat="34.03996" lon="-118.59527"/>
   <point lat="34.0398799" lon="-118.59568"/>
   <point lat="34.0398" lon="-118.59596"/>
   <point lat="34.03961" lon="-118.59671"/>
   <point lat="34.03958" lon="-118.59709"/>
   <point lat="34.03955" lon="-118.5974"/>
   <point lat="34.03953" lon="-118.59822"/>
   <point lat="34.0394999" lon="-118.59893"/>
   <point lat="34.03944" lon="-118.59971"/>
   <point lat="34.0394099" lon="-118.6005"/>
   <point lat="34.0394" lon="-118.60102"/>
   <point lat="34.0394" lon="-118.60156"/>
   <point lat="34.03945" lon="-118.60255"/>
   <point lat="34.03946" lon="-118.60296"/>
   <point lat="34.03945" lon="-118.60335"/>
   <point lat="34.03938" lon="-118.60379"/>
   <point lat="34.03927" lon="-118.60426"/>
   <point lat="34.03914" lon="-118.60466"/>
   <point lat="34.03899" lon="-118.60502"/>
   <point lat="34.03879" lon="-118.60562"/>
   <point lat="34.03858" lon="-118.60621"/>
   <point lat="34.03837" lon="-118.60673"/>
   <point lat="34.03812" lon="-118.60729"/>
   <point lat="34.03789" lon="-118.60756"/>
   <point lat="34.0375299" lon="-118.60827"/>
   <point lat="34.03714" lon="-118.60866"/>
   <point lat="34.0369699" lon="-118.60917"/>
   <point lat="34.0368799" lon="-118.60981"/>
   <point lat="34.03685" lon="-118.61012"/>
   <point lat="34.03686" lon="-118.61071"/>
   <point lat="34.0369" lon="-118.61094"/>
   <point lat="34.03699" lon="-118.6113"/>
   <point lat="34.03713" lon="-118.61195"/>
   <point lat="34.03719" lon="-118.61236"/>
   <point lat="34.03719" lon="-118.61277"/>
   <point lat="34.03723" lon="-118.614"/>
   <point lat="34.0373" lon="-118.61465"/>
   <point lat="34.03738" lon="-118.61526"/>
   <point lat="34.03754" lon="-118.617"/>
   <point lat="34.03767" lon="-118.61794"/>
   <point lat="34.03789" lon="-118.61869"/>
   <point lat="34.03792" lon="-118.6204"/>
   <point lat="34.03814" lon="-118.62207"/>
   <point lat="34.03819" lon="-118.62284"/>
   <point lat="34.03817" lon="-118.62371"/>
   <point lat="34.03813" lon="-118.62426"/>
   <point lat="34.03803" lon="-118.62486"/>
   <point lat="34.03769" lon="-118.62582"/>
   <point lat="34.03743" lon="-118.62909"/>
   <point lat="34.03759" lon="-118.6304"/>
   <point lat="34.03763" lon="-118.63096"/>
   <point lat="34.0376199" lon="-118.63151"/>
   <point lat="34.03757" lon="-118.63196"/>
   <point lat="34.03747" lon="-118.6327"/>
   <point lat="34.0374" lon="-118.63344"/>
   <point lat="34.03732" lon="-118.6339"/>
   <point lat="34.03705" lon="-118.63513"/>
   <point lat="34.0369699" lon="-118.63554"/>
   <point lat="34.03695" lon="-118.63568"/>
   <point lat="34.03695" lon="-118.63584"/>
   <point lat="34.03694" lon="-118.63593"/>
   <point lat="34.03695" lon="-118.63598"/>
   <point lat="34.03694" lon="-118.63623"/>
   <point lat="34.03695" lon="-118.6365"/>
   <point lat="34.03701" lon="-118.63684"/>
   <point lat="34.03703" lon="-118.63694"/>
   <point lat="34.03705" lon="-118.63731"/>
   <point lat="34.03728" lon="-118.63786"/>
   <point lat="34.0373" lon="-118.63858"/>
   <point lat="34.03738" lon="-118.6389"/>
   <point lat="34.03741" lon="-118.63903"/>
   <point lat="34.03747" lon="-118.63926"/>
   <point lat="34.03748" lon="-118.63935"/>
   <point lat="34.03756" lon="-118.63967"/>
   <point lat="34.0376" lon="-118.63981"/>
   <point lat="34.03775" lon="-118.6405"/>
   <point lat="34.03778" lon="-118.64066"/>
   <point lat="34.03782" lon="-118.64081"/>
   <point lat="34.03811" lon="-118.64226"/>
   <point lat="34.03813" lon="-118.64238"/>
   <point lat="34.03823" lon="-118.64289"/>
   <point lat="34.03826" lon="-118.643"/>
   <point lat="34.03827" lon="-118.6431"/>
   <point lat="34.03831" lon="-118.64325"/>
   <point lat="34.03841" lon="-118.64383"/>
   <point lat="34.03844" lon="-118.64395"/>
   <point lat="34.03846" lon="-118.64408"/>
   <point lat="34.03849" lon="-118.64419"/>
   <point lat="34.0385" lon="-118.64431"/>
   <point lat="34.03855" lon="-118.64456"/>
   <point lat="34.03861" lon="-118.645"/>
   <point lat="34.03864" lon="-118.64537"/>
   <point lat="34.0386499" lon="-118.64568"/>
   <point lat="34.0386499" lon="-118.6458"/>
   <point lat="34.03866" lon="-118.64613"/>
   <point lat="34.0386499" lon="-118.64637"/>
   <point lat="34.0386" lon="-118.64668"/>
   <point lat="34.0386" lon="-118.64682"/>
   <point lat="34.03855" lon="-118.64713"/>
   <point lat="34.03853" lon="-118.64724"/>
   <point lat="34.03848" lon="-118.64742"/>
   <point lat="34.03837" lon="-118.6482"/>
   <point lat="34.03813" lon="-118.64856"/>
   <point lat="34.03808" lon="-118.64878"/>
   <point lat="34.03804" lon="-118.64916"/>
   <point lat="34.03802" lon="-118.64926"/>
   <point lat="34.03802" lon="-118.64941"/>
   <point lat="34.03803" lon="-118.6496"/>
   <point lat="34.03805" lon="-118.64982"/>
   <point lat="34.0380899" lon="-118.65009"/>
   <point lat="34.03821" lon="-118.65076"/>
   <point lat="34.03822" lon="-118.65085"/>
   <point lat="34.03851" lon="-118.65266"/>
   <point lat="34.03949" lon="-118.66151"/>
   <point lat="34.03954" lon="-118.66212"/>
   <point lat="34.0395899" lon="-118.66253"/>
   <point lat="34.03966" lon="-118.66347"/>
   <point lat="34.03981" lon="-118.66567"/>
   <point lat="34.03963" lon="-118.66599"/>
   <point lat="34.03954" lon="-118.67062"/>
   <point lat="34.03902" lon="-118.67278"/>
   <point lat="34.03727" lon="-118.67745"/>
   <point lat="34.03691" lon="-118.6777"/>
   <point lat="34.03681" lon="-118.67785"/>
   <point lat="34.03671" lon="-118.67798"/>
   <point lat="34.03626" lon="-118.67848"/>
   <point lat="34.03602" lon="-118.67876"/>
   <point lat="34.03595" lon="-118.67887"/>
   <point lat="34.03585" lon="-118.679"/>
   <point lat="34.03566" lon="-118.67927"/>
   <point lat="34.03539" lon="-118.67968"/>
   <point lat="34.03527" lon="-118.6799"/>
   <point lat="34.03515" lon="-118.68017"/>
   <point lat="34.0351" lon="-118.68032"/>
   <point lat="34.03505" lon="-118.68044"/>
   <point lat="34.0349999" lon="-118.68058"/>
   <point lat="34.03488" lon="-118.68089"/>
   <point lat="34.03483" lon="-118.68111"/>
   <point lat="34.03478" lon="-118.68136"/>
   <point lat="34.03472" lon="-118.68174"/>
   <point lat="34.0347099" lon="-118.68183"/>
   <point lat="34.03446" lon="-118.6846"/>
   <point lat="34.03438" lon="-118.68515"/>
   <point lat="34.03498" lon="-118.68526"/>
   <point lat="34.03555" lon="-118.68538"/>
   <point lat="34.0357399" lon="-118.68541"/>
   <point lat="34.03604" lon="-118.68526"/>
   <point lat="34.03634" lon="-118.68543"/>
   <point lat="34.03644" lon="-118.68544"/>
   <point lat="34.03655" lon="-118.68546"/>
   <point lat="34.03669" lon="-118.6855"/>
   <point lat="34.03678" lon="-118.68555"/>
   <point lat="34.03683" lon="-118.68561"/>
   <point lat="34.03686" lon="-118.68574"/>
   <point lat="34.03686" lon="-118.68596"/>
   <point lat="34.03682" lon="-118.68659"/>
   <point lat="34.0368" lon="-118.68682"/>
   <point lat="34.03677" lon="-118.68704"/>
   <point lat="34.03673" lon="-118.68726"/>
   <point lat="34.03666" lon="-118.6876"/>
   <point lat="34.03666" lon="-118.68822"/>
   <point lat="34.0362" lon="-118.69046"/>
   <point lat="34.03586" lon="-118.69128"/>
   <point lat="34.0358" lon="-118.69155"/>
   <point lat="34.03575" lon="-118.69183"/>
   <point lat="34.03569" lon="-118.69207"/>
   <point lat="34.03563" lon="-118.69227"/>
   <point lat="34.03557" lon="-118.69241"/>
   <point lat="34.03527" lon="-118.69304"/>
   <point lat="34.03519" lon="-118.69328"/>
   <point lat="34.0351799" lon="-118.69336"/>
   <point lat="34.0351799" lon="-118.69343"/>
   <point lat="34.03522" lon="-118.69377"/>
   <point lat="34.03532" lon="-118.69482"/>
   <point lat="34.03535" lon="-118.69508"/>
   <point lat="34.03537" lon="-118.69518"/>
   <point lat="34.03538" lon="-118.69537"/>
   <point lat="34.03545" lon="-118.69604"/>
   <point lat="34.03551" lon="-118.69644"/>
   <point lat="34.03553" lon="-118.69651"/>
   <point lat="34.03554" lon="-118.69658"/>
   <point lat="34.0356" lon="-118.69681"/>
   <point lat="34.0356499" lon="-118.69693"/>
   <point lat="34.03569" lon="-118.69702"/>
   <point lat="34.0357399" lon="-118.6971"/>
   <point lat="34.03585" lon="-118.69724"/>
   <point lat="34.03595" lon="-118.6974"/>
   <point lat="34.03629" lon="-118.69805"/>
   <point lat="34.03643" lon="-118.69834"/>
   <point lat="34.03648" lon="-118.69846"/>
   <point lat="34.03652" lon="-118.69853"/>
   <point lat="34.03704" lon="-118.69934"/>
   <point lat="34.0371499" lon="-118.69989"/>
   <point lat="34.03832" lon="-118.70147"/>
   <point lat="34.03839" lon="-118.70149"/>
   <point lat="34.0384699" lon="-118.70152"/>
   <point lat="34.03861" lon="-118.70156"/>
   <point lat="34.03869" lon="-118.70157"/>
   <point lat="34.03883" lon="-118.7016"/>
   <point lat="34.03895" lon="-118.70167"/>
   <point lat="34.039" lon="-118.70171"/>
   <point lat="34.0391" lon="-118.70182"/>
   <point lat="34.03907" lon="-118.70187"/>
   <point lat="34.03897" lon="-118.702"/>
   <point lat="34.03876" lon="-118.70225"/>
   <point lat="34.03843" lon="-118.7028"/>
  </path>
  <path>
   <point lat="34.02205" lon="-118.80847"/>
   <point lat="34.02228" lon="-118.80788"/>
   <point lat="34.02232" lon="-118.80751"/>
   <point lat="34.02236" lon="-118.80671"/>
   <point lat="34.02236" lon="-118.8064"/>
   <point lat="34.02235" lon="-118.80631"/>
   <point lat="34.02231" lon="-118.80579"/>
   <point lat="34.02226" lon="-118.80546"/>
   <point lat="34.02211" lon="-118.80471"/>
   <point lat="34.02203" lon="-118.80445"/>
   <point lat="34.02179" lon="-118.80355"/>
   <point lat="34.02175" lon="-118.80335"/>
   <point lat="34.0217" lon="-118.80318"/>
   <point lat="34.02137" lon="-118.80242"/>
   <point lat="34.02117" lon="-118.80133"/>
   <point lat="34.02061" lon="-118.7992"/>
   <point lat="34.0205399" lon="-118.79883"/>
   <point lat="34.0205" lon="-118.79855"/>
   <point lat="34.02049" lon="-118.79822"/>
   <point lat="34.0204499" lon="-118.79776"/>
   <point lat="34.02043" lon="-118.7974"/>
   <point lat="34.02044" lon="-118.79575"/>
   <point lat="34.02093" lon="-118.79426"/>
   <point lat="34.0239" lon="-118.78686"/>
   <point lat="34.02431" lon="-118.78611"/>
   <point lat="34.02487" lon="-118.78407"/>
   <point lat="34.02517" lon="-118.78283"/>
   <point lat="34.02523" lon="-118.78264"/>
   <point lat="34.02534" lon="-118.78216"/>
   <point lat="34.0254" lon="-118.78197"/>
   <point lat="34.0256" lon="-118.7811"/>
   <point lat="34.02566" lon="-118.78089"/>
   <point lat="34.02583" lon="-118.78003"/>
   <point lat="34.02584" lon="-118.7799"/>
   <point lat="34.02586" lon="-118.77975"/>
   <point lat="34.02592" lon="-118.7792"/>
   <point lat="34.02594" lon="-118.77905"/>
   <point lat="34.0259799" lon="-118.7781"/>
   <point lat="34.0259799" lon="-118.77783"/>
   <point lat="34.02596" lon="-118.7775"/>
   <point lat="34.02595" lon="-118.77719"/>
   <point lat="34.02593" lon="-118.77698"/>
   <point lat="34.02593" lon="-118.77687"/>
   <point lat="34.0258899" lon="-118.7764"/>
   <point lat="34.02586" lon="-118.77614"/>
   <point lat="34.02568" lon="-118.7734"/>
   <point lat="34.02566" lon="-118.77301"/>
   <point lat="34.02566" lon="-118.77286"/>
   <point lat="34.02564" lon="-118.77269"/>
   <point lat="34.02563" lon="-118.77251"/>
   <point lat="34.0256" lon="-118.77214"/>
   <point lat="34.0256" lon="-118.77082"/>
   <point lat="34.02564" lon="-118.77007"/>
   <point lat="34.02564" lon="-118.76991"/>
   <point lat="34.02566" lon="-118.7692"/>
   <point lat="34.02569" lon="-118.7687"/>
   <point lat="34.02573" lon="-118.76782"/>
   <point lat="34.02569" lon="-118.76546"/>
   <point lat="34.02613" lon="-118.76331"/>
   <point lat="34.02623" lon="-118.76288"/>
   <point lat="34.0264499" lon="-118.76219"/>
   <point lat="34.02652" lon="-118.76192"/>
   <point lat="34.02662" lon="-118.76157"/>
   <point lat="34.0268299" lon="-118.76099"/>
   <point lat="34.02727" lon="-118.75996"/>
   <point lat="34.02858" lon="-118.75756"/>
   <point lat="34.02933" lon="-118.75628"/>
   <point lat="34.02952" lon="-118.75589"/>
   <point lat="34.03005" lon="-118.75463"/>
   <point lat="34.03014" lon="-118.75443"/>
   <point lat="34.03026" lon="-118.75405"/>
   <point lat="34.03048" lon="-118.75318"/>
   <point lat="34.03052" lon="-118.75306"/>
   <point lat="34.03066" lon="-118.75256"/>
   <point lat="34.03078" lon="-118.75199"/>
   <point lat="34.0308599" lon="-118.75155"/>
   <point lat="34.03094" lon="-118.75121"/>
   <point lat="34.03101" lon="-118.75086"/>
   <point lat="34.0310599" lon="-118.75069"/>
   <point lat="34.03117" lon="-118.75023"/>
   <point lat="34.03126" lon="-118.74977"/>
   <point lat="34.03131" lon="-118.7496"/>
   <point lat="34.03138" lon="-118.74934"/>
   <point lat="34.03193" lon="-118.74784"/>
   <point lat="34.03208" lon="-118.74735"/>
   <point lat="34.03243" lon="-118.74614"/>
   <point lat="34.03278" lon="-118.74476"/>
   <point lat="34.03285" lon="-118.74441"/>
   <point lat="34.03295" lon="-118.74329"/>
   <point lat="34.03326" lon="-118.74226"/>
   <point lat="34.03329" lon="-118.7419"/>
   <point lat="34.03329" lon="-118.74183"/>
   <point lat="34.03334" lon="-118.74102"/>
   <point lat="34.03334" lon="-118.74087"/>
   <point lat="34.03336" lon="-118.74073"/>
   <point lat="34.03343" lon="-118.73932"/>
   <point lat="34.03345" lon="-118.73913"/>
   <point lat="34.0334999" lon="-118.73817"/>
   <point lat="34.03351" lon="-118.73788"/>
   <point lat="34.03352" lon="-118.73698"/>
   <point lat="34.0334999" lon="-118.7361"/>
   <point lat="34.03348" lon="-118.7356"/>
   <point lat="34.03347" lon="-118.73548"/>
   <point lat="34.03327" lon="-118.73371"/>
   <point lat="34.03344" lon="-118.7319"/>
   <point lat="34.0337" lon="-118.72989"/>
   <point lat="34.03379" lon="-118.72919"/>
   <point lat="34.03381" lon="-118.7289"/>
   <point lat="34.03389" lon="-118.72824"/>
   <point lat="34.03396" lon="-118.72778"/>
   <point lat="34.03413" lon="-118.72635"/>
   <point lat="34.03416" lon="-118.72595"/>
   <point lat="34.03416" lon="-118.72528"/>
   <point lat="34.0341499" lon="-118.72497"/>
   <point lat="34.03414" lon="-118.72485"/>
   <point lat="34.0341" lon="-118.72378"/>
   <point lat="34.0341" lon="-118.72328"/>
   <point lat="34.034" lon="-118.7204"/>
   <point lat="34.0341499" lon="-118.70973"/>
   <point lat="34.03452" lon="-118.70637"/>
   <point lat="34.0346" lon="-118.70474"/>
   <point lat="34.03474" lon="-118.70335"/>
   <point lat="34.0354699" lon="-118.70327"/>
   <point lat="34.03616" lon="-118.70351"/>
   <point lat="34.0363" lon="-118.70351"/>
   <point lat="34.03657" lon="-118.70349"/>
   <point lat="34.03677" lon="-118.70345"/>
   <point lat="34.03723" lon="-118.70333"/>
   <point lat="34.0375" lon="-118.70322"/>
   <point lat="34.03779" lon="-118.70308"/>
   <point lat="34.03798" lon="-118.70297"/>
   <point lat="34.03816" lon="-118.70285"/>
   <point lat="34.03824" lon="-118.70277"/>
   <point lat="34.0385" lon="-118.70227"/>
  </path>
  <path>
   <point lat="34.0385" lon="-118.70227"/>
   <point lat="34.03897" lon="-118.702"/>
   <point lat="34.03907" lon="-118.70187"/>
   <point lat="34.0391" lon="-118.70182"/>
   <point lat="34.039" lon="-118.70171"/>
   <point lat="34.03895" lon="-118.70167"/>
   <point lat="34.03883" lon="-118.7016"/>
   <point lat="34.03869" lon="-118.70157"/>
   <point lat="34.03861" lon="-118.70156"/>
   <point lat="34.0384699" lon="-118.70152"/>
   <point lat="34.03839" lon="-118.70149"/>
   <point lat="34.03832" lon="-118.70147"/>
   <point lat="34.03687" lon="-118.69946"/>
   <point lat="34.03648" lon="-118.69846"/>
   <point lat="34.03643" lon="-118.69834"/>
   <point lat="34.03629" lon="-118.69805"/>
   <point lat="34.03595" lon="-118.6974"/>
   <point lat="34.03585" lon="-118.69724"/>
   <point lat="34.0357399" lon="-118.6971"/>
   <point lat="34.03569" lon="-118.69702"/>
   <point lat="34.0356499" lon="-118.69693"/>
   <point lat="34.0356" lon="-118.69681"/>
   <point lat="34.03554" lon="-118.69658"/>
   <point lat="34.03553" lon="-118.69651"/>
   <point lat="34.03551" lon="-118.69644"/>
   <point lat="34.03545" lon="-118.69604"/>
   <point lat="34.03538" lon="-118.69537"/>
   <point lat="34.03537" lon="-118.69518"/>
   <point lat="34.03535" lon="-118.69508"/>
   <point lat="34.03532" lon="-118.69482"/>
   <point lat="34.03522" lon="-118.69377"/>
   <point lat="34.0351799" lon="-118.69343"/>
   <point lat="34.0351799" lon="-118.69336"/>
   <point lat="34.03519" lon="-118.69328"/>
   <point lat="34.03527" lon="-118.69304"/>
   <point lat="34.03557" lon="-118.69241"/>
   <point lat="34.03563" lon="-118.69227"/>
   <point lat="34.03569" lon="-118.69207"/>
   <point lat="34.03575" lon="-118.69183"/>
   <point lat="34.0358" lon="-118.69155"/>
   <point lat="34.0359399" lon="-118.69035"/>
   <point lat="34.03657" lon="-118.68744"/>
   <point lat="34.03677" lon="-118.68704"/>
   <point lat="34.0368" lon="-118.68682"/>
   <point lat="34.03682" lon="-118.68659"/>
   <point lat="34.03686" lon="-118.68596"/>
   <point lat="34.03686" lon="-118.68574"/>
   <point lat="34.03684" lon="-118.68564"/>
   <point lat="34.0368" lon="-118.68557"/>
   <point lat="34.03669" lon="-118.6855"/>
   <point lat="34.03655" lon="-118.68546"/>
   <point lat="34.03644" lon="-118.68544"/>
   <point lat="34.03634" lon="-118.68543"/>
   <point lat="34.03587" lon="-118.68558"/>
   <point lat="34.03555" lon="-118.68538"/>
   <point lat="34.03498" lon="-118.68526"/>
   <point lat="34.03438" lon="-118.68515"/>
   <point lat="34.03446" lon="-118.6846"/>
   <point lat="34.0347099" lon="-118.68183"/>
   <point lat="34.03472" lon="-118.68174"/>
   <point lat="34.03478" lon="-118.68136"/>
   <point lat="34.03483" lon="-118.68111"/>
   <point lat="34.03488" lon="-118.68089"/>
   <point lat="34.0349999" lon="-118.68058"/>
   <point lat="34.03505" lon="-118.68044"/>
   <point lat="34.0351" lon="-118.68032"/>
   <point lat="34.03515" lon="-118.68017"/>
   <point lat="34.03527" lon="-118.6799"/>
   <point lat="34.03539" lon="-118.67968"/>
   <point lat="34.03566" lon="-118.67927"/>
   <point lat="34.03585" lon="-118.679"/>
   <point lat="34.03595" lon="-118.67887"/>
   <point lat="34.03602" lon="-118.67876"/>
   <point lat="34.03626" lon="-118.67848"/>
   <point lat="34.03671" lon="-118.67798"/>
   <point lat="34.03681" lon="-118.67785"/>
   <point lat="34.03691" lon="-118.6777"/>
   <point lat="34.03699" lon="-118.67759"/>
   <point lat="34.03714" lon="-118.67736"/>
   <point lat="34.03736" lon="-118.67704"/>
   <point lat="34.03773" lon="-118.67587"/>
   <point lat="34.0383799" lon="-118.67458"/>
   <point lat="34.03859" lon="-118.67403"/>
   <point lat="34.0387" lon="-118.67375"/>
   <point lat="34.03881" lon="-118.67351"/>
   <point lat="34.0389" lon="-118.67324"/>
   <point lat="34.03902" lon="-118.67278"/>
   <point lat="34.03904" lon="-118.67265"/>
   <point lat="34.03914" lon="-118.67222"/>
   <point lat="34.03918" lon="-118.67202"/>
   <point lat="34.03929" lon="-118.67133"/>
   <point lat="34.03935" lon="-118.67103"/>
   <point lat="34.03931" lon="-118.67025"/>
   <point lat="34.0393199" lon="-118.66942"/>
   <point lat="34.03963" lon="-118.66599"/>
   <point lat="34.03951" lon="-118.66515"/>
   <point lat="34.03966" lon="-118.66347"/>
   <point lat="34.0395899" lon="-118.66253"/>
   <point lat="34.03954" lon="-118.66212"/>
   <point lat="34.03949" lon="-118.66151"/>
   <point lat="34.0380899" lon="-118.65009"/>
   <point lat="34.03805" lon="-118.64982"/>
   <point lat="34.03803" lon="-118.6496"/>
   <point lat="34.03802" lon="-118.64941"/>
   <point lat="34.03802" lon="-118.64926"/>
   <point lat="34.03804" lon="-118.64916"/>
   <point lat="34.03819" lon="-118.64798"/>
   <point lat="34.03848" lon="-118.64742"/>
   <point lat="34.03853" lon="-118.64724"/>
   <point lat="34.03855" lon="-118.64713"/>
   <point lat="34.0386" lon="-118.64682"/>
   <point lat="34.0386" lon="-118.64668"/>
   <point lat="34.0386499" lon="-118.64637"/>
   <point lat="34.03866" lon="-118.64613"/>
   <point lat="34.0386499" lon="-118.6458"/>
   <point lat="34.0386499" lon="-118.64568"/>
   <point lat="34.03864" lon="-118.64537"/>
   <point lat="34.03861" lon="-118.645"/>
   <point lat="34.03855" lon="-118.64456"/>
   <point lat="34.0385" lon="-118.64431"/>
   <point lat="34.03849" lon="-118.64419"/>
   <point lat="34.03846" lon="-118.64408"/>
   <point lat="34.03844" lon="-118.64395"/>
   <point lat="34.03841" lon="-118.64383"/>
   <point lat="34.03831" lon="-118.64325"/>
   <point lat="34.03827" lon="-118.6431"/>
   <point lat="34.03826" lon="-118.643"/>
   <point lat="34.03823" lon="-118.64289"/>
   <point lat="34.03813" lon="-118.64238"/>
   <point lat="34.03811" lon="-118.64226"/>
   <point lat="34.03782" lon="-118.64081"/>
   <point lat="34.03778" lon="-118.64066"/>
   <point lat="34.03775" lon="-118.6405"/>
   <point lat="34.0376" lon="-118.63981"/>
   <point lat="34.03756" lon="-118.63967"/>
   <point lat="34.03748" lon="-118.63935"/>
   <point lat="34.03747" lon="-118.63926"/>
   <point lat="34.03741" lon="-118.63903"/>
   <point lat="34.03738" lon="-118.6389"/>
   <point lat="34.0369" lon="-118.63702"/>
   <point lat="34.03694" lon="-118.636"/>
   <point lat="34.03732" lon="-118.6339"/>
   <point lat="34.0374" lon="-118.63344"/>
   <point lat="34.03747" lon="-118.6327"/>
   <point lat="34.03757" lon="-118.63196"/>
   <point lat="34.0376199" lon="-118.63151"/>
   <point lat="34.03763" lon="-118.63096"/>
   <point lat="34.03759" lon="-118.6304"/>
   <point lat="34.03743" lon="-118.62909"/>
   <point lat="34.03769" lon="-118.62582"/>
   <point lat="34.03803" lon="-118.62486"/>
   <point lat="34.03813" lon="-118.62426"/>
   <point lat="34.03817" lon="-118.62371"/>
   <point lat="34.03819" lon="-118.62284"/>
   <point lat="34.03814" lon="-118.62207"/>
   <point lat="34.03792" lon="-118.6204"/>
   <point lat="34.03765" lon="-118.61948"/>
   <point lat="34.03767" lon="-118.61794"/>
   <point lat="34.03723" lon="-118.614"/>
   <point lat="34.03719" lon="-118.61277"/>
   <point lat="34.03719" lon="-118.61236"/>
   <point lat="34.03713" lon="-118.61195"/>
   <point lat="34.03699" lon="-118.6113"/>
   <point lat="34.0369" lon="-118.61094"/>
   <point lat="34.03686" lon="-118.61071"/>
   <point lat="34.03685" lon="-118.61012"/>
   <point lat="34.0368799" lon="-118.60981"/>
   <point lat="34.0369699" lon="-118.60917"/>
   <point lat="34.03714" lon="-118.60866"/>
   <point lat="34.03741" lon="-118.60798"/>
   <point lat="34.03789" lon="-118.60756"/>
   <point lat="34.03812" lon="-118.60729"/>
   <point lat="34.03837" lon="-118.60673"/>
   <point lat="34.03858" lon="-118.60621"/>
   <point lat="34.03879" lon="-118.60562"/>
   <point lat="34.03899" lon="-118.60502"/>
   <point lat="34.03914" lon="-118.60466"/>
   <point lat="34.03927" lon="-118.60426"/>
   <point lat="34.03938" lon="-118.60379"/>
   <point lat="34.03945" lon="-118.60335"/>
   <point lat="34.03946" lon="-118.60296"/>
   <point lat="34.03945" lon="-118.60255"/>
   <point lat="34.0394" lon="-118.60156"/>
   <point lat="34.0394" lon="-118.60102"/>
   <point lat="34.0394099" lon="-118.6005"/>
   <point lat="34.03944" lon="-118.59971"/>
   <point lat="34.0394999" lon="-118.59893"/>
   <point lat="34.03953" lon="-118.59822"/>
   <point lat="34.03955" lon="-118.5974"/>
   <point lat="34.03958" lon="-118.59709"/>
   <point lat="34.03961" lon="-118.59671"/>
   <point lat="34.0398" lon="-118.59596"/>
   <point lat="34.0398799" lon="-118.59568"/>
   <point lat="34.03996" lon="-118.59527"/>
   <point lat="34.04" lon="-118.59496"/>
   <point lat="34.04" lon="-118.59466"/>
   <point lat="34.03996" lon="-118.59414"/>
   <point lat="34.03994" lon="-118.59375"/>
   <point lat="34.03991" lon="-118.59344"/>
   <point lat="34.03995" lon="-118.59272"/>
   <point lat="34.03996" lon="-118.59227"/>
   <point lat="34.03994" lon="-118.59196"/>
   <point lat="34.0399" lon="-118.59154"/>
   <point lat="34.03961" lon="-118.59016"/>
   <point lat="34.03952" lon="-118.58979"/>
   <point lat="34.03933" lon="-118.58932"/>
   <point lat="34.0394099" lon="-118.58818"/>
   <point lat="34.03916" lon="-118.587"/>
   <point lat="34.0391" lon="-118.58678"/>
   <point lat="34.03908" lon="-118.58668"/>
   <point lat="34.03902" lon="-118.58647"/>
   <point lat="34.03895" lon="-118.58615"/>
   <point lat="34.03891" lon="-118.58601"/>
   <point lat="34.0388499" lon="-118.58577"/>
   <point lat="34.03879" lon="-118.58558"/>
   <point lat="34.03877" lon="-118.58547"/>
   <point lat="34.03876" lon="-118.58541"/>
   <point lat="34.03876" lon="-118.58534"/>
   <point lat="34.03878" lon="-118.58513"/>
   <point lat="34.03878" lon="-118.58482"/>
   <point lat="34.03879" lon="-118.58472"/>
   <point lat="34.03879" lon="-118.58463"/>
   <point lat="34.03886" lon="-118.5842"/>
   <point lat="34.03895" lon="-118.58382"/>
   <point lat="34.03907" lon="-118.58347"/>
   <point lat="34.03925" lon="-118.58284"/>
   <point lat="34.03938" lon="-118.58245"/>
   <point lat="34.03951" lon="-118.58193"/>
   <point lat="34.03958" lon="-118.58169"/>
   <point lat="34.03999" lon="-118.57941"/>
  </path>
  <path>
   <point lat="34.03843" lon="-118.7028"/>
   <point lat="34.0375" lon="-118.70322"/>
   <point lat="34.03499" lon="-118.70353"/>
   <point lat="34.03474" lon="-118.70335"/>
   <point lat="34.0346" lon="-118.70474"/>
   <point lat="34.0345299" lon="-118.70611"/>
   <point lat="34.03441" lon="-118.70966"/>
   <point lat="34.03404" lon="-118.7125"/>
   <point lat="34.03404" lon="-118.71266"/>
   <point lat="34.034" lon="-118.71321"/>
   <point lat="34.03396" lon="-118.71361"/>
   <point lat="34.03396" lon="-118.71366"/>
   <point lat="34.03395" lon="-118.7137"/>
   <point lat="34.03395" lon="-118.71374"/>
   <point lat="34.0339" lon="-118.7143"/>
   <point lat="34.03389" lon="-118.71444"/>
   <point lat="34.03386" lon="-118.71475"/>
   <point lat="34.03384" lon="-118.71525"/>
   <point lat="34.03384" lon="-118.71567"/>
   <point lat="34.03385" lon="-118.71582"/>
   <point lat="34.03386" lon="-118.71634"/>
   <point lat="34.0339" lon="-118.7172"/>
   <point lat="34.034" lon="-118.7204"/>
   <point lat="34.0341" lon="-118.72328"/>
   <point lat="34.0341" lon="-118.72378"/>
   <point lat="34.03414" lon="-118.72485"/>
   <point lat="34.0341499" lon="-118.72497"/>
   <point lat="34.03416" lon="-118.72528"/>
   <point lat="34.03416" lon="-118.72595"/>
   <point lat="34.03413" lon="-118.72635"/>
   <point lat="34.03396" lon="-118.72778"/>
   <point lat="34.03389" lon="-118.72824"/>
   <point lat="34.03381" lon="-118.7289"/>
   <point lat="34.03379" lon="-118.72919"/>
   <point lat="34.03344" lon="-118.7319"/>
   <point lat="34.0335899" lon="-118.73358"/>
   <point lat="34.03347" lon="-118.73548"/>
   <point lat="34.03348" lon="-118.7356"/>
   <point lat="34.0334999" lon="-118.7361"/>
   <point lat="34.03352" lon="-118.73698"/>
   <point lat="34.03351" lon="-118.73788"/>
   <point lat="34.0334999" lon="-118.73817"/>
   <point lat="34.03345" lon="-118.73913"/>
   <point lat="34.03343" lon="-118.73932"/>
   <point lat="34.03336" lon="-118.74073"/>
   <point lat="34.03334" lon="-118.74087"/>
   <point lat="34.03334" lon="-118.74102"/>
   <point lat="34.03329" lon="-118.74183"/>
   <point lat="34.03329" lon="-118.7419"/>
   <point lat="34.03326" lon="-118.74226"/>
   <point lat="34.03318" lon="-118.74349"/>
   <point lat="34.03285" lon="-118.74441"/>
   <point lat="34.03278" lon="-118.74476"/>
   <point lat="34.03243" lon="-118.74614"/>
   <point lat="34.03208" lon="-118.74735"/>
   <point lat="34.03193" lon="-118.74784"/>
   <point lat="34.03138" lon="-118.74934"/>
   <point lat="34.03131" lon="-118.7496"/>
   <point lat="34.03126" lon="-118.74977"/>
   <point lat="34.03117" lon="-118.75023"/>
   <point lat="34.0310599" lon="-118.75069"/>
   <point lat="34.03101" lon="-118.75086"/>
   <point lat="34.03094" lon="-118.75121"/>
   <point lat="34.0308599" lon="-118.75155"/>
   <point lat="34.03078" lon="-118.75199"/>
   <point lat="34.03066" lon="-118.75256"/>
   <point lat="34.03052" lon="-118.75306"/>
   <point lat="34.03048" lon="-118.75318"/>
   <point lat="34.03026" lon="-118.75405"/>
   <point lat="34.03014" lon="-118.75443"/>
   <point lat="34.03005" lon="-118.75463"/>
   <point lat="34.02952" lon="-118.75589"/>
   <point lat="34.02933" lon="-118.75628"/>
   <point lat="34.02858" lon="-118.75756"/>
   <point lat="34.0275899" lon="-118.75933"/>
   <point lat="34.02744" lon="-118.75961"/>
   <point lat="34.02737" lon="-118.75977"/>
   <point lat="34.02727" lon="-118.75996"/>
   <point lat="34.0268299" lon="-118.76099"/>
   <point lat="34.02662" lon="-118.76157"/>
   <point lat="34.02652" lon="-118.76192"/>
   <point lat="34.0264499" lon="-118.76219"/>
   <point lat="34.02623" lon="-118.76288"/>
   <point lat="34.02613" lon="-118.76331"/>
   <point lat="34.0259799" lon="-118.76426"/>
   <point lat="34.02593" lon="-118.76449"/>
   <point lat="34.02586" lon="-118.76486"/>
   <point lat="34.02584" lon="-118.76519"/>
   <point lat="34.02596" lon="-118.76549"/>
   <point lat="34.02575" lon="-118.76676"/>
   <point lat="34.02573" lon="-118.76782"/>
   <point lat="34.02569" lon="-118.7687"/>
   <point lat="34.02566" lon="-118.7692"/>
   <point lat="34.02564" lon="-118.76991"/>
   <point lat="34.02564" lon="-118.77007"/>
   <point lat="34.0256" lon="-118.77082"/>
   <point lat="34.0256" lon="-118.77214"/>
   <point lat="34.02563" lon="-118.77251"/>
   <point lat="34.02564" lon="-118.77269"/>
   <point lat="34.02566" lon="-118.77286"/>
   <point lat="34.02566" lon="-118.77301"/>
   <point lat="34.02568" lon="-118.7734"/>
   <point lat="34.02577" lon="-118.77463"/>
   <point lat="34.02586" lon="-118.77614"/>
   <point lat="34.0258899" lon="-118.7764"/>
   <point lat="34.02593" lon="-118.77687"/>
   <point lat="34.02593" lon="-118.77698"/>
   <point lat="34.02595" lon="-118.77719"/>
   <point lat="34.02596" lon="-118.7775"/>
   <point lat="34.0259799" lon="-118.77783"/>
   <point lat="34.0259799" lon="-118.7781"/>
   <point lat="34.02594" lon="-118.77905"/>
   <point lat="34.02592" lon="-118.7792"/>
   <point lat="34.02586" lon="-118.77975"/>
   <point lat="34.02584" lon="-118.7799"/>
   <point lat="34.02583" lon="-118.78003"/>
   <point lat="34.02566" lon="-118.78089"/>
   <point lat="34.0256" lon="-118.7811"/>
   <point lat="34.02541" lon="-118.78194"/>
   <point lat="34.02534" lon="-118.78216"/>
   <point lat="34.02523" lon="-118.78264"/>
   <point lat="34.02517" lon="-118.78283"/>
   <point lat="34.02487" lon="-118.78407"/>
   <point lat="34.02431" lon="-118.78611"/>
   <point lat="34.02413" lon="-118.78667"/>
   <point lat="34.02379" lon="-118.78789"/>
   <point lat="34.02226" lon="-118.79111"/>
   <point lat="34.02175" lon="-118.79231"/>
   <point lat="34.02164" lon="-118.79254"/>
   <point lat="34.02156" lon="-118.79275"/>
   <point lat="34.02133" lon="-118.7933"/>
   <point lat="34.02121" lon="-118.7936"/>
   <point lat="34.02093" lon="-118.79426"/>
   <point lat="34.02085" lon="-118.79452"/>
   <point lat="34.02077" lon="-118.79482"/>
   <point lat="34.02063" lon="-118.7954"/>
   <point lat="34.02072" lon="-118.79595"/>
   <point lat="34.02047" lon="-118.79659"/>
   <point lat="34.02046" lon="-118.79666"/>
   <point lat="34.02043" lon="-118.79722"/>
   <point lat="34.02043" lon="-118.7974"/>
   <point lat="34.0204499" lon="-118.79776"/>
   <point lat="34.02049" lon="-118.79822"/>
   <point lat="34.0205" lon="-118.79855"/>
   <point lat="34.0205399" lon="-118.79883"/>
   <point lat="34.02061" lon="-118.7992"/>
   <point lat="34.02082" lon="-118.80014"/>
   <point lat="34.02102" lon="-118.80083"/>
   <point lat="34.02108" lon="-118.801"/>
   <point lat="34.02112" lon="-118.80114"/>
   <point lat="34.02117" lon="-118.80133"/>
   <point lat="34.02137" lon="-118.80204"/>
   <point lat="34.02171" lon="-118.8027"/>
   <point lat="34.02203" lon="-118.80445"/>
   <point lat="34.02226" lon="-118.80546"/>
   <point lat="34.02231" lon="-118.80579"/>
   <point lat="34.02235" lon="-118.80631"/>
   <point lat="34.02236" lon="-118.8064"/>
   <point lat="34.02236" lon="-118.80671"/>
   <point lat="34.02232" lon="-118.80751"/>
   <point lat="34.02228" lon="-118.80788"/>
   <point lat="34.02215" lon="-118.80904"/>
  </path>
  <path>
   <point lat="34.03999" lon="-118.57941"/>
   <point lat="34.0401" lon="-118.57763"/>
   <point lat="34.04002" lon="-118.57717"/>
   <point lat="34.03999" lon="-118.57679"/>
   <point lat="34.03998" lon="-118.57658"/>
   <point lat="34.03999" lon="-118.57629"/>
   <point lat="34.04" lon="-118.57616"/>
   <point lat="34.04003" lon="-118.57601"/>
   <point lat="34.04011" lon="-118.57567"/>
   <point lat="34.04021" lon="-118.57539"/>
   <point lat="34.04029" lon="-118.57523"/>
   <point lat="34.04046" lon="-118.57497"/>
   <point lat="34.0413" lon="-118.57353"/>
   <point lat="34.04143" lon="-118.57327"/>
   <point lat="34.04152" lon="-118.57302"/>
   <point lat="34.04165" lon="-118.57268"/>
   <point lat="34.04198" lon="-118.57157"/>
   <point lat="34.04205" lon="-118.57127"/>
   <point lat="34.04209" lon="-118.571"/>
   <point lat="34.04211" lon="-118.57069"/>
   <point lat="34.0421" lon="-118.5698"/>
   <point lat="34.04207" lon="-118.56936"/>
   <point lat="34.04192" lon="-118.56813"/>
   <point lat="34.04174" lon="-118.56783"/>
   <point lat="34.04171" lon="-118.56678"/>
   <point lat="34.0413799" lon="-118.56446"/>
   <point lat="34.04133" lon="-118.56401"/>
   <point lat="34.0413" lon="-118.56382"/>
   <point lat="34.04126" lon="-118.56365"/>
   <point lat="34.04121" lon="-118.56346"/>
   <point lat="34.04119" lon="-118.56337"/>
   <point lat="34.04113" lon="-118.56322"/>
   <point lat="34.04101" lon="-118.56296"/>
   <point lat="34.04087" lon="-118.56263"/>
   <point lat="34.04063" lon="-118.56217"/>
   <point lat="34.03998" lon="-118.56053"/>
   <point lat="34.03943" lon="-118.55863"/>
   <point lat="34.0384" lon="-118.55596"/>
  </path>
  <path>
   <point lat="34.01399" lon="-118.48795"/>
   <point lat="34.01358" lon="-118.48838"/>
   <point lat="34.01319" lon="-118.48922"/>
   <point lat="34.0131" lon="-118.48957"/>
   <point lat="34.01361" lon="-118.49004"/>
   <point lat="34.014" lon="-118.49043"/>
   <point lat="34.01423" lon="-118.49068"/>
   <point lat="34.01474" lon="-118.49117"/>
   <point lat="34.01588" lon="-118.49265"/>
   <point lat="34.01549" lon="-118.49312"/>
   <point lat="34.01476" lon="-118.49394"/>
   <point lat="34.01428" lon="-118.49452"/>
   <point lat="34.0141599" lon="-118.49485"/>
   <point lat="34.01355" lon="-118.49547"/>
   <point lat="34.01323" lon="-118.49589"/>
   <point lat="34.01277" lon="-118.49646"/>
   <point lat="34.01235" lon="-118.49596"/>
   <point lat="34.01171" lon="-118.49545"/>
  </path>
  <path>
   <point lat="34.01137" lon="-118.49461"/>
   <point lat="34.01404" lon="-118.49773"/>
   <point lat="34.01476" lon="-118.49721"/>
   <point lat="34.0159" lon="-118.49561"/>
   <point lat="34.01665" lon="-118.49468"/>
   <point lat="34.0172" lon="-118.49421"/>
   <point lat="34.01468" lon="-118.49136"/>
   <point lat="34.0145399" lon="-118.49106"/>
   <point lat="34.01607" lon="-118.48921"/>
   <point lat="34.01443" lon="-118.48735"/>
   <point lat="34.01426" lon="-118.48748"/>
   <point lat="34.01415" lon="-118.48757"/>
   <point lat="34.01399" lon="-118.48795"/>
  </path>
 </route>
</body>