<?xml version="1.0" encoding="utf-8"?>
<body copyright="All data copyright Los Angeles Metro 2022.">
 <route color="33cccc" latMax="34.1980499" latMin="34.14028" lonMax="-118.13135" lonMin="-118.1598699" oppositeColor="000000" tag="662" title="662 Altadena-Pasadena Via Lake - Los Rob">
  <stop lat="34.1413299" lon="-118.1489299" stopId="00501" tag="501" title="Raymond / Del Mar"/>
  <stop lat="34.1461399" lon="-118.13218" stopId="00760" tag="760" title="Lake / Colorado"/>
  <stop lat="34.19284" lon="-118.1415" stopId="01275" tag="1275" title="Altadena / Marengo"/>
  <stop lat="34.1883099" lon="-118.1328799" stopId="01565" tag="1565" title="Mariposa / El Molino"/>
  <stop lat="34.19022" lon="-118.1388" stopId="01566" tag="1566" title="Mariposa / Santa Anita"/>
  <stop lat="34.18997" lon="-118.13804" stopId="01568" tag="1568" title="Mariposa / Saint James"/>
  <stop lat="34.16877" lon="-118.14582" stopId="01725" tag="1725" title="Washington / Marengo"/>
  <stop lat="34.18222" lon="-118.1314999" stopId="02797" tag="2797" title="Lake / Boston"/>
  <stop lat="34.1691499" lon="-118.13209" stopId="02800" tag="2800" title="Lake / Washington"/>
  <stop lat="34.1786699" lon="-118.1597899" stopId="02967" tag="2967" title="Lincoln / Wyoming"/>
  <stop lat="34.1696699" lon="-118.1592399" stopId="02978" tag="2978" title="Washington / Lincoln"/>
  <stop lat="34.1443699" lon="-118.1489599" stopId="03490" tag="3490" title="Raymond / Green"/>
  <stop lat="34.1640299" lon="-118.13233" stopId="03660" tag="3660" title="Lake / Belvidere"/>
  <stop lat="34.1836399" lon="-118.13144" stopId="03662" tag="3662" title="Lake / Calaveras"/>
  <stop lat="34.16709" lon="-118.1321899" stopId="03663" tag="3663" title="Lake / Claremont"/>
  <stop lat="34.15221" lon="-118.1322" stopId="03667" tag="3667" title="Lake Station"/>
  <stop lat="34.18562" lon="-118.13135" stopId="03668" tag="3668" title="Lake / Mendocino"/>
  <stop lat="34.1612999" lon="-118.13233" stopId="03669" tag="3669" title="Lake / Mountain"/>
  <stop lat="34.15796" lon="-118.13233" stopId="03670" tag="3670" title="Lake / Orange Grove"/>
  <stop lat="34.14793" lon="-118.13218" stopId="03671" tag="3671" title="Lake / Union"/>
  <stop lat="34.1541399" lon="-118.1322399" stopId="03672" tag="3672" title="Lake / Villa"/>
  <stop lat="34.14977" lon="-118.13219" stopId="03673" tag="3673" title="Lake / Walnut"/>
  <stop lat="34.17731" lon="-118.1317199" stopId="03675" tag="3675" title="Lake / Woodbury"/>
  <stop lat="34.1734799" lon="-118.13189" stopId="03676" tag="3676" title="Lake / Elizabeth"/>
  <stop lat="34.1801199" lon="-118.1316" stopId="03677" tag="3677" title="Lake / Morada"/>
  <stop lat="34.1708" lon="-118.1320199" stopId="03679" tag="3679" title="Lake / Rio Grande"/>
  <stop lat="34.1427" lon="-118.13217" stopId="05230" tag="5230" title="Lake / Cordova"/>
  <stop lat="34.14084" lon="-118.13216" stopId="05232" tag="5232" title="Lake / Del Mar"/>
  <stop lat="34.1447299" lon="-118.1321799" stopId="05233" tag="5233" title="Lake / Green"/>
  <stop lat="34.19583" lon="-118.15091" stopId="07501" tag="7501" title="Altadena / Glenrose"/>
  <stop lat="34.1690299" lon="-118.1561199" stopId="08167" tag="8167" title="Washington / Glen"/>
  <stop lat="34.1687399" lon="-118.15091" stopId="08170" tag="8170" title="Washington / Fair Oaks"/>
  <stop lat="34.16873" lon="-118.1533699" stopId="08171" tag="8171" title="Washington / Navarro"/>
  <stop lat="34.1899099" lon="-118.13226" stopId="09794" tag="9794" title="Altadena / Lake"/>
  <stop lat="34.1459299" lon="-118.14779" stopId="09843" tag="9843" title="Colorado / Arroyo Pkwy"/>
  <stop lat="34.1459499" lon="-118.1444499" stopId="09850" tag="9850" title="Colorado / Garfield"/>
  <stop lat="34.14597" lon="-118.1416999" stopId="09859" tag="9859" title="Colorado / Los Robles"/>
  <stop lat="34.1402999" lon="-118.13651" stopId="09905" tag="9905" title="Del Mar / El Molino"/>
  <stop lat="34.14031" lon="-118.1339699" stopId="09907" tag="9907" title="Del Mar / Hudson"/>
  <stop lat="34.19118" lon="-118.1417399" stopId="10112" tag="10112" title="Mariposa / Marengo"/>
  <stop lat="34.1893699" lon="-118.1361699" stopId="10114" tag="10114" title="Mariposa / Santa Rosa"/>
  <stop lat="34.1770699" lon="-118.1597799" stopId="11459" tag="11459" title="Lincoln / Idaho"/>
  <stop lat="34.1980099" lon="-118.15914" stopId="11462" tag="11462" title="Lincoln / Altadena"/>
  <stop lat="34.1931799" lon="-118.1589299" stopId="11464" tag="11464" title="Lincoln / Harriet"/>
  <stop lat="34.1732499" lon="-118.1597399" stopId="11465" tag="11465" title="Lincoln / Howard"/>
  <stop lat="34.19598" lon="-118.15903" stopId="11466" tag="11466" title="Lincoln / Mariposa"/>
  <stop lat="34.1826699" lon="-118.1598299" stopId="11467" tag="11467" title="Lincoln / Woodbury"/>
  <stop lat="34.1521099" lon="-118.1415999" stopId="11543" tag="11543" title="Los Robles / Maple"/>
  <stop lat="34.18795" lon="-118.13156" stopId="12160" tag="12160" title="Lake / Mariposa"/>
  <stop lat="34.1851499" lon="-118.1598499" stopId="12175" tag="12175" title="Lincoln / Crosby"/>
  <stop lat="34.18764" lon="-118.1598699" stopId="12176" tag="12176" title="Lincoln / Figueroa"/>
  <stop lat="34.18949" lon="-118.1593099" stopId="12177" tag="12177" title="Lincoln / Mountain View"/>
  <stop lat="34.19121" lon="-118.1588" stopId="12178" tag="12178" title="Lincoln / Ventura"/>
  <stop lat="34.1593399" lon="-118.1416899" stopId="12245" tag="12245" title="Los Robles / Buckeye"/>
  <stop lat="34.1665899" lon="-118.1417499" stopId="12246" tag="12246" title="Los Robles / Claremont"/>
  <stop lat="34.16126" lon="-118.1417" stopId="12251" tag="12251" title="Los Robles / Mountain"/>
  <stop lat="34.1575399" lon="-118.1416699" stopId="12253" tag="12253" title="Los Robles / Orange Grove"/>
  <stop lat="34.1469499" lon="-118.14157" stopId="12254" tag="12254" title="Los Robles / Union"/>
  <stop lat="34.1539199" lon="-118.1416299" stopId="12255" tag="12255" title="Los Robles / Villa"/>
  <stop lat="34.1488999" lon="-118.1415899" stopId="12256" tag="12256" title="Los Robles / Walnut"/>
  <stop lat="34.1686299" lon="-118.1417599" stopId="12257" tag="12257" title="Los Robles / Washington"/>
  <stop lat="34.16348" lon="-118.1417199" stopId="12260" tag="12260" title="Los Robles / Jackson"/>
  <stop lat="34.14028" lon="-118.14103" stopId="13695" tag="13695" title="Del Mar / Los Robles"/>
  <stop lat="34.1968999" lon="-118.1542299" stopId="15853" tag="15853" title="Altadena / Olive"/>
  <stop lat="34.1805699" lon="-118.1598099" stopId="16127" tag="16127" title="Lincoln / Montana"/>
  <stop lat="34.1892999" lon="-118.1314999" stopId="142114" tag="142114" title="Lake / Fontanet"/>
  <stop lat="34.1945899" lon="-118.1470599" stopId="142132" tag="142132" title="Altadena / Fair Oaks"/>
  <stop lat="34.1456799" lon="-118.14733" stopId="01316" tag="1316" title="Colorado / Arroyo Pkwy"/>
  <stop lat="34.1457" lon="-118.1440199" stopId="01324" tag="1324" title="Colorado / Garfield"/>
  <stop lat="34.1456699" lon="-118.14866" stopId="01348" tag="1348" title="Colorado / Raymond"/>
  <stop lat="34.1404999" lon="-118.1371699" stopId="01378" tag="1378" title="Del Mar / El Molino"/>
  <stop lat="34.1404999" lon="-118.1341499" stopId="01381" tag="1381" title="Del Mar / Hudson"/>
  <stop lat="34.1406999" lon="-118.1326599" stopId="01383" tag="1383" title="Del Mar / Lake"/>
  <stop lat="34.1900299" lon="-118.13151" stopId="02798" tag="2798" title="Altadena / Lake"/>
  <stop lat="34.1980499" lon="-118.15883" stopId="02971" tag="2971" title="Lincoln / Altadena"/>
  <stop lat="34.19321" lon="-118.15861" stopId="02973" tag="2973" title="Lincoln / Harriet"/>
  <stop lat="34.1733899" lon="-118.15944" stopId="02974" tag="2974" title="Lincoln / Howard"/>
  <stop lat="34.19572" lon="-118.15871" stopId="02975" tag="2975" title="Lincoln / Mariposa"/>
  <stop lat="34.18112" lon="-118.15951" stopId="02976" tag="2976" title="Lincoln / Montana"/>
  <stop lat="34.17922" lon="-118.15949" stopId="02979" tag="2979" title="Lincoln / Wyoming"/>
  <stop lat="34.1523" lon="-118.14129" stopId="03056" tag="3056" title="Los Robles / Maple"/>
  <stop lat="34.14048" lon="-118.1410299" stopId="03509" tag="3509" title="Del Mar / Los Robles"/>
  <stop lat="34.1456499" lon="-118.13248" stopId="03665" tag="3665" title="Lake / Colorado"/>
  <stop lat="34.1858099" lon="-118.1595499" stopId="03681" tag="3681" title="Lincoln / Alberta"/>
  <stop lat="34.1873599" lon="-118.1595599" stopId="03682" tag="3682" title="Lincoln / Figueroa"/>
  <stop lat="34.18955" lon="-118.1589799" stopId="03683" tag="3683" title="Lincoln / Mountain View"/>
  <stop lat="34.19086" lon="-118.15856" stopId="03684" tag="3684" title="Lincoln / Ventura"/>
  <stop lat="34.18281" lon="-118.15952" stopId="03685" tag="3685" title="Lincoln / Woodbury"/>
  <stop lat="34.1600199" lon="-118.1413899" stopId="03748" tag="3748" title="Los Robles / Buckeye"/>
  <stop lat="34.16714" lon="-118.14145" stopId="03750" tag="3750" title="Los Robles / Claremont"/>
  <stop lat="34.14611" lon="-118.14127" stopId="03752" tag="3752" title="Los Robles / Colorado"/>
  <stop lat="34.1618099" lon="-118.1413999" stopId="03756" tag="3756" title="Los Robles / Mountain"/>
  <stop lat="34.15407" lon="-118.14133" stopId="03757" tag="3757" title="Los Robles / Villa"/>
  <stop lat="34.15809" lon="-118.14138" stopId="03758" tag="3758" title="Los Robles / Orange Grove"/>
  <stop lat="34.1475" lon="-118.14127" stopId="03759" tag="3759" title="Los Robles / Union"/>
  <stop lat="34.14981" lon="-118.14128" stopId="03760" tag="3760" title="Los Robles / Walnut"/>
  <stop lat="34.1638899" lon="-118.14143" stopId="03764" tag="3764" title="Los Robles / Jackson"/>
  <stop lat="34.1415799" lon="-118.14875" stopId="04673" tag="4673" title="Raymond / Del Mar"/>
  <stop lat="34.1966099" lon="-118.1541899" stopId="07503" tag="7503" title="Altadena / Olive"/>
  <stop lat="34.19257" lon="-118.14153" stopId="09799" tag="9799" title="Altadena / Marengo"/>
  <stop lat="34.14437" lon="-118.1487899" stopId="09800" tag="9800" title="Raymond / Green"/>
  <stop lat="34.1689999" lon="-118.14195" stopId="10278" tag="10278" title="Washington / Los Robles"/>
  <stop lat="34.1689599" lon="-118.1464799" stopId="10280" tag="10280" title="Washington / Marengo"/>
  <stop lat="34.1687599" lon="-118.13242" stopId="11290" tag="11290" title="Lake / Washington"/>
  <stop lat="34.1767999" lon="-118.1594699" stopId="11458" tag="11458" title="Lincoln / Idaho"/>
  <stop lat="34.1700899" lon="-118.1594" stopId="11468" tag="11468" title="Lincoln / Washington"/>
  <stop lat="34.18178" lon="-118.1318199" stopId="12152" tag="12152" title="Lake / Alameda"/>
  <stop lat="34.1640099" lon="-118.13264" stopId="12154" tag="12154" title="Lake / Belvidere"/>
  <stop lat="34.18393" lon="-118.1317299" stopId="12156" tag="12156" title="Lake / Calaveras"/>
  <stop lat="34.1667499" lon="-118.13251" stopId="12157" tag="12157" title="Lake / Claremont"/>
  <stop lat="34.1514" lon="-118.13251" stopId="12159" tag="12159" title="Lake Station"/>
  <stop lat="34.1855399" lon="-118.13166" stopId="12161" tag="12161" title="Lake / Mendocino"/>
  <stop lat="34.16138" lon="-118.1326599" stopId="12162" tag="12162" title="Lake / Mountain"/>
  <stop lat="34.15758" lon="-118.13263" stopId="12164" tag="12164" title="Lake / Orange Grove"/>
  <stop lat="34.14758" lon="-118.13249" stopId="12165" tag="12165" title="Lake / Union"/>
  <stop lat="34.1541" lon="-118.13255" stopId="12166" tag="12166" title="Lake / Villa"/>
  <stop lat="34.1494199" lon="-118.1324999" stopId="12167" tag="12167" title="Lake / Walnut"/>
  <stop lat="34.17676" lon="-118.1320499" stopId="12169" tag="12169" title="Lake / Woodbury"/>
  <stop lat="34.1734" lon="-118.1322099" stopId="12170" tag="12170" title="Lake / Elizabeth"/>
  <stop lat="34.18065" lon="-118.1318699" stopId="12171" tag="12171" title="Lake / Morada"/>
  <stop lat="34.1704499" lon="-118.13234" stopId="12173" tag="12173" title="Lake / Rio Grande"/>
  <stop lat="34.1423199" lon="-118.1324799" stopId="13677" tag="13677" title="Lake / Cordova"/>
  <stop lat="34.14434" lon="-118.13248" stopId="13680" tag="13680" title="Lake / Green"/>
  <stop lat="34.19555" lon="-118.15087" stopId="15852" tag="15852" title="Altadena / Glenrose"/>
  <stop lat="34.16927" lon="-118.15616" stopId="16445" tag="16445" title="Washington / Glen"/>
  <stop lat="34.1689499" lon="-118.15099" stopId="16447" tag="16447" title="Washington / Fair Oaks"/>
  <stop lat="34.16892" lon="-118.1540299" stopId="16519" tag="16519" title="Washington / Navarro"/>
  <stop lat="34.1944999" lon="-118.1476299" stopId="142131" tag="142131" title="Altadena / Fair Oaks"/>
  <stop lat="34.1660299" lon="-118.1414399" stopId="142141" tag="142141" title="Los Robles / Douglas"/>
  <direction name="South" tag="662_8_1" title="South to Nb Lake - Sb Lincoln Via Del Mar Sta" useForUI="true">
   <stop tag="2798"/>
   <stop tag="12160"/>
   <stop tag="12161"/>
   <stop tag="12156"/>
   <stop tag="12152"/>
   <stop tag="12171"/>
   <stop tag="12169"/>
   <stop tag="12170"/>
   <stop tag="12173"/>
   <stop tag="11290"/>
   <stop tag="12157"/>
   <stop tag="12154"/>
   <stop tag="12162"/>
   <stop tag="12164"/>
   <stop tag="12166"/>
   <stop tag="12159"/>
   <stop tag="12167"/>
   <stop tag="12165"/>
   <stop tag="3665"/>
   <stop tag="13680"/>
   <stop tag="13677"/>
   <stop tag="1383"/>
   <stop tag="1381"/>
   <stop tag="1378"/>
   <stop tag="3509"/>
   <stop tag="4673"/>
   <stop tag="9800"/>
   <stop tag="1348"/>
   <stop tag="1316"/>
   <stop tag="1324"/>
   <stop tag="3752"/>
   <stop tag="3759"/>
   <stop tag="3760"/>
   <stop tag="3056"/>
   <stop tag="3757"/>
   <stop tag="3758"/>
   <stop tag="3748"/>
   <stop tag="3756"/>
   <stop tag="3764"/>
   <stop tag="142141"/>
   <stop tag="3750"/>
   <stop tag="10278"/>
   <stop tag="10280"/>
   <stop tag="16447"/>
   <stop tag="16519"/>
   <stop tag="16445"/>
   <stop tag="11468"/>
   <stop tag="2974"/>
   <stop tag="11458"/>
   <stop tag="2979"/>
   <stop tag="2976"/>
   <stop tag="3685"/>
   <stop tag="3681"/>
   <stop tag="3682"/>
   <stop tag="3683"/>
   <stop tag="3684"/>
   <stop tag="2973"/>
   <stop tag="2975"/>
   <stop tag="2971"/>
   <stop tag="7503"/>
   <stop tag="15852"/>
   <stop tag="142131"/>
   <stop tag="9799"/>
  </direction>
  <direction name="North" tag="662_7_0" title="North to Nb Lincoln - Sb Lake Via Del Mar Sta" useForUI="true">
   <stop tag="9794"/>
   <stop tag="142114"/>
   <stop tag="12160"/>
   <stop tag="1565"/>
   <stop tag="10114"/>
   <stop tag="1568"/>
   <stop tag="1566"/>
   <stop tag="10112"/>
   <stop tag="1275"/>
   <stop tag="142132"/>
   <stop tag="7501"/>
   <stop tag="15853"/>
   <stop tag="11462"/>
   <stop tag="11466"/>
   <stop tag="11464"/>
   <stop tag="12178"/>
   <stop tag="12177"/>
   <stop tag="12176"/>
   <stop tag="12175"/>
   <stop tag="11467"/>
   <stop tag="16127"/>
   <stop tag="2967"/>
   <stop tag="11459"/>
   <stop tag="11465"/>
   <stop tag="2978"/>
   <stop tag="8167"/>
   <stop tag="8171"/>
   <stop tag="8170"/>
   <stop tag="1725"/>
   <stop tag="12257"/>
   <stop tag="12246"/>
   <stop tag="12260"/>
   <stop tag="12251"/>
   <stop tag="12245"/>
   <stop tag="12253"/>
   <stop tag="12255"/>
   <stop tag="11543"/>
   <stop tag="12256"/>
   <stop tag="12254"/>
   <stop tag="9859"/>
   <stop tag="9850"/>
   <stop tag="9843"/>
   <stop tag="3490"/>
   <stop tag="501"/>
   <stop tag="13695"/>
   <stop tag="9905"/>
   <stop tag="9907"/>
   <stop tag="5232"/>
   <stop tag="5230"/>
   <stop tag="5233"/>
   <stop tag="760"/>
   <stop tag="3671"/>
   <stop tag="3673"/>
   <stop tag="3667"/>
   <stop tag="3672"/>
   <stop tag="3670"/>
   <stop tag="3669"/>
   <stop tag="3660"/>
   <stop tag="3663"/>
   <stop tag="2800"/>
   <stop tag="3679"/>
   <stop tag="3676"/>
   <stop tag="3675"/>
   <stop tag="3677"/>
   <stop tag="2797"/>
   <stop tag="3662"/>
   <stop tag="3668"/>
  </direction>
  <path>
   <point lat="34.14614" lon="-118.13218"/>
   <point lat="34.14793" lon="-118.13218"/>
   <point lat="34.1497699" lon="-118.13219"/>
   <point lat="34.1522099" lon="-118.1322"/>
   <point lat="34.15414" lon="-118.13224"/>
   <point lat="34.15796" lon="-118.13233"/>
   <point lat="34.1613" lon="-118.13233"/>
   <point lat="34.1640299" lon="-118.13233"/>
   <point lat="34.16709" lon="-118.13219"/>
   <point lat="34.16915" lon="-118.13209"/>
  </path>
  <path>
   <point lat="34.14158" lon="-118.14875"/>
   <point lat="34.14352" lon="-118.14886"/>
   <point lat="34.14437" lon="-118.14879"/>
   <point lat="34.14567" lon="-118.14866"/>
   <point lat="34.14568" lon="-118.14733"/>
   <point lat="34.1457" lon="-118.14402"/>
   <point lat="34.14584" lon="-118.14144"/>
   <point lat="34.14611" lon="-118.14127"/>
   <point lat="34.1475" lon="-118.14127"/>
   <point lat="34.14981" lon="-118.14128"/>
   <point lat="34.15157" lon="-118.14143"/>
   <point lat="34.1522999" lon="-118.14129"/>
   <point lat="34.15407" lon="-118.14133"/>
   <point lat="34.15809" lon="-118.14138"/>
   <point lat="34.16002" lon="-118.14139"/>
   <point lat="34.16181" lon="-118.1414"/>
   <point lat="34.16376" lon="-118.14158"/>
   <point lat="34.16389" lon="-118.14143"/>
   <point lat="34.16603" lon="-118.14144"/>
   <point lat="34.16714" lon="-118.14145"/>
   <point lat="34.1689" lon="-118.14162"/>
   <point lat="34.1689999" lon="-118.14195"/>
   <point lat="34.16886" lon="-118.14615"/>
   <point lat="34.16896" lon="-118.14648"/>
   <point lat="34.16895" lon="-118.15099"/>
  </path>
  <path>
   <point lat="34.19805" lon="-118.15883"/>
   <point lat="34.19829" lon="-118.159"/>
   <point lat="34.19661" lon="-118.15419"/>
   <point lat="34.19555" lon="-118.15087"/>
   <point lat="34.1945" lon="-118.14763"/>
   <point lat="34.19257" lon="-118.14153"/>
   <point lat="34.19034" lon="-118.13421"/>
   <point lat="34.19025" lon="-118.13393"/>
   <point lat="34.19017" lon="-118.13366"/>
   <point lat="34.19007" lon="-118.13323"/>
   <point lat="34.19004" lon="-118.13302"/>
   <point lat="34.1900199" lon="-118.13292"/>
   <point lat="34.19001" lon="-118.13271"/>
   <point lat="34.1900199" lon="-118.13251"/>
   <point lat="34.19003" lon="-118.13151"/>
  </path>
  <path>
   <point lat="34.16874" lon="-118.15091"/>
   <point lat="34.16886" lon="-118.14615"/>
   <point lat="34.16877" lon="-118.14582"/>
   <point lat="34.16889" lon="-118.14291"/>
   <point lat="34.1689" lon="-118.14162"/>
   <point lat="34.16863" lon="-118.14176"/>
   <point lat="34.16766" lon="-118.1416"/>
   <point lat="34.16659" lon="-118.14175"/>
   <point lat="34.16376" lon="-118.14158"/>
   <point lat="34.16348" lon="-118.14172"/>
   <point lat="34.16126" lon="-118.1417"/>
   <point lat="34.15934" lon="-118.14169"/>
   <point lat="34.15754" lon="-118.14167"/>
   <point lat="34.15392" lon="-118.14163"/>
   <point lat="34.15211" lon="-118.1416"/>
   <point lat="34.1489" lon="-118.14159"/>
   <point lat="34.1469499" lon="-118.14157"/>
   <point lat="34.14597" lon="-118.1417"/>
   <point lat="34.1458299" lon="-118.14291"/>
   <point lat="34.14595" lon="-118.14445"/>
   <point lat="34.14593" lon="-118.14779"/>
   <point lat="34.14579" lon="-118.14888"/>
   <point lat="34.14437" lon="-118.14896"/>
   <point lat="34.14133" lon="-118.14893"/>
   <point lat="34.14058" lon="-118.14883"/>
   <point lat="34.14056" lon="-118.1483"/>
   <point lat="34.14055" lon="-118.14816"/>
   <point lat="34.14052" lon="-118.14796"/>
   <point lat="34.1405" lon="-118.14763"/>
   <point lat="34.1405" lon="-118.14645"/>
   <point lat="34.1404" lon="-118.14552"/>
   <point lat="34.1403899" lon="-118.14534"/>
   <point lat="34.14038" lon="-118.14509"/>
   <point lat="34.14037" lon="-118.14473"/>
   <point lat="34.14037" lon="-118.14286"/>
   <point lat="34.14028" lon="-118.14103"/>
   <point lat="34.1403" lon="-118.13651"/>
   <point lat="34.14031" lon="-118.13397"/>
   <point lat="34.14061" lon="-118.13254"/>
   <point lat="34.14084" lon="-118.13216"/>
   <point lat="34.1427" lon="-118.13217"/>
   <point lat="34.14473" lon="-118.13218"/>
   <point lat="34.14614" lon="-118.13218"/>
  </path>
  <path>
   <point lat="34.1980099" lon="-118.15914"/>
   <point lat="34.19598" lon="-118.15903"/>
   <point lat="34.19318" lon="-118.15893"/>
   <point lat="34.19121" lon="-118.1588"/>
   <point lat="34.18972" lon="-118.15908"/>
   <point lat="34.18949" lon="-118.15931"/>
   <point lat="34.18764" lon="-118.15987"/>
   <point lat="34.18515" lon="-118.15985"/>
   <point lat="34.18267" lon="-118.15983"/>
   <point lat="34.18057" lon="-118.15981"/>
   <point lat="34.1786699" lon="-118.15979"/>
   <point lat="34.17707" lon="-118.15978"/>
   <point lat="34.17325" lon="-118.15974"/>
   <point lat="34.16981" lon="-118.15955"/>
   <point lat="34.16967" lon="-118.15924"/>
   <point lat="34.16903" lon="-118.15612"/>
   <point lat="34.16889" lon="-118.15539"/>
   <point lat="34.1687299" lon="-118.15337"/>
   <point lat="34.16874" lon="-118.15091"/>
  </path>
  <path>
   <point lat="34.16874" lon="-118.15091"/>
   <point lat="34.16886" lon="-118.14615"/>
   <point lat="34.16877" lon="-118.14582"/>
   <point lat="34.16889" lon="-118.14291"/>
   <point lat="34.1689" lon="-118.14162"/>
   <point lat="34.16863" lon="-118.14176"/>
   <point lat="34.16766" lon="-118.1416"/>
   <point lat="34.16659" lon="-118.14175"/>
   <point lat="34.16376" lon="-118.14158"/>
   <point lat="34.16348" lon="-118.14172"/>
   <point lat="34.16126" lon="-118.1417"/>
   <point lat="34.15934" lon="-118.14169"/>
   <point lat="34.15754" lon="-118.14167"/>
   <point lat="34.15392" lon="-118.14163"/>
   <point lat="34.15211" lon="-118.1416"/>
   <point lat="34.15157" lon="-118.14143"/>
   <point lat="34.1489" lon="-118.14159"/>
   <point lat="34.1469499" lon="-118.14157"/>
   <point lat="34.14597" lon="-118.1417"/>
   <point lat="34.1458299" lon="-118.14291"/>
   <point lat="34.14595" lon="-118.14445"/>
   <point lat="34.14593" lon="-118.14779"/>
   <point lat="34.14579" lon="-118.14888"/>
   <point lat="34.14437" lon="-118.14896"/>
   <point lat="34.14352" lon="-118.14886"/>
   <point lat="34.14133" lon="-118.14893"/>
  </path>
  <path>
   <point lat="34.19003" lon="-118.13151"/>
   <point lat="34.1885" lon="-118.13138"/>
   <point lat="34.18795" lon="-118.13156"/>
   <point lat="34.18554" lon="-118.13166"/>
   <point lat="34.1839299" lon="-118.13173"/>
   <point lat="34.18178" lon="-118.13182"/>
   <point lat="34.18065" lon="-118.13187"/>
   <point lat="34.17676" lon="-118.13205"/>
   <point lat="34.1734" lon="-118.13221"/>
   <point lat="34.17045" lon="-118.13234"/>
   <point lat="34.16876" lon="-118.13242"/>
  </path>
  <path>
   <point lat="34.16876" lon="-118.13242"/>
   <point lat="34.16675" lon="-118.13251"/>
   <point lat="34.16401" lon="-118.13264"/>
   <point lat="34.16138" lon="-118.13266"/>
   <point lat="34.15758" lon="-118.13263"/>
   <point lat="34.1541" lon="-118.13255"/>
   <point lat="34.1514" lon="-118.13251"/>
   <point lat="34.14942" lon="-118.1325"/>
   <point lat="34.14758" lon="-118.13249"/>
   <point lat="34.14565" lon="-118.13248"/>
   <point lat="34.14434" lon="-118.13248"/>
   <point lat="34.14232" lon="-118.13248"/>
   <point lat="34.1406599" lon="-118.13232"/>
   <point lat="34.1407" lon="-118.13266"/>
   <point lat="34.14049" lon="-118.13321"/>
   <point lat="34.1405" lon="-118.13415"/>
   <point lat="34.14038" lon="-118.13515"/>
   <point lat="34.1405" lon="-118.13717"/>
   <point lat="34.1404799" lon="-118.14103"/>
   <point lat="34.14037" lon="-118.14286"/>
   <point lat="34.14037" lon="-118.14473"/>
   <point lat="34.1403899" lon="-118.14506"/>
   <point lat="34.1403899" lon="-118.14534"/>
   <point lat="34.1404" lon="-118.14552"/>
   <point lat="34.1405" lon="-118.14645"/>
   <point lat="34.1405" lon="-118.14763"/>
   <point lat="34.14052" lon="-118.14796"/>
   <point lat="34.14055" lon="-118.14816"/>
   <point lat="34.14056" lon="-118.1483"/>
   <point lat="34.14058" lon="-118.14883"/>
   <point lat="34.14158" lon="-118.14875"/>
  </path>
  <path>
   <point lat="34.18991" lon="-118.13226"/>
   <point lat="34.19011" lon="-118.13174"/>
   <point lat="34.19021" lon="-118.13131"/>
   <point lat="34.1893" lon="-118.1315"/>
   <point lat="34.1885" lon="-118.13138"/>
   <point lat="34.18795" lon="-118.13156"/>
   <point lat="34.18831" lon="-118.13288"/>
   <point lat="34.1888099" lon="-118.13468"/>
   <point lat="34.1893699" lon="-118.13617"/>
   <point lat="34.18997" lon="-118.13804"/>
   <point lat="34.1902199" lon="-118.1388"/>
   <point lat="34.19118" lon="-118.14174"/>
   <point lat="34.1926" lon="-118.14126"/>
   <point lat="34.1928399" lon="-118.1415"/>
   <point lat="34.19459" lon="-118.14706"/>
   <point lat="34.19583" lon="-118.15091"/>
   <point lat="34.1969" lon="-118.15423"/>
   <point lat="34.19829" lon="-118.159"/>
   <point lat="34.1980099" lon="-118.15914"/>
  </path>
  <path>
   <point lat="34.16915" lon="-118.13209"/>
   <point lat="34.1708" lon="-118.13202"/>
   <point lat="34.17348" lon="-118.13189"/>
   <point lat="34.17731" lon="-118.13172"/>
   <point lat="34.18012" lon="-118.1316"/>
   <point lat="34.18222" lon="-118.1315"/>
   <point lat="34.1836399" lon="-118.13144"/>
   <point lat="34.18562" lon="-118.13135"/>
   <point lat="34.18674" lon="-118.13146"/>
   <point lat="34.18733" lon="-118.13143"/>
   <point lat="34.1874899" lon="-118.13143"/>
   <point lat="34.18777" lon="-118.13141"/>
   <point lat="34.18831" lon="-118.13288"/>
   <point lat="34.1888099" lon="-118.13468"/>
   <point lat="34.1893699" lon="-118.13617"/>
   <point lat="34.19083" lon="-118.13568"/>
   <point lat="34.19025" lon="-118.13393"/>
   <point lat="34.19017" lon="-118.13366"/>
   <point lat="34.19007" lon="-118.13323"/>
   <point lat="34.19004" lon="-118.13302"/>
   <point lat="34.18991" lon="-118.13226"/>
  </path>
  <path>
   <point lat="34.1786699" lon="-118.15979"/>
   <point lat="34.17707" lon="-118.15978"/>
   <point lat="34.17325" lon="-118.15974"/>
   <point lat="34.16981" lon="-118.15955"/>
   <point lat="34.16967" lon="-118.15924"/>
   <point lat="34.16903" lon="-118.15612"/>
   <point lat="34.16889" lon="-118.15539"/>
   <point lat="34.1687299" lon="-118.15337"/>
   <point lat="34.16874" lon="-118.15091"/>
  </path>
  <path>
   <point lat="34.16895" lon="-118.15099"/>
   <point lat="34.16892" lon="-118.15403"/>
   <point lat="34.16899" lon="-118.15575"/>
   <point lat="34.16927" lon="-118.15616"/>
   <point lat="34.16935" lon="-118.15659"/>
   <point lat="34.16981" lon="-118.15955"/>
   <point lat="34.17009" lon="-118.1594"/>
   <point lat="34.17077" lon="-118.15957"/>
   <point lat="34.17339" lon="-118.15944"/>
   <point lat="34.1768" lon="-118.15947"/>
   <point lat="34.17922" lon="-118.15949"/>
   <point lat="34.18112" lon="-118.15951"/>
   <point lat="34.18281" lon="-118.15952"/>
   <point lat="34.1858099" lon="-118.15955"/>
   <point lat="34.18736" lon="-118.15956"/>
   <point lat="34.18854" lon="-118.15946"/>
   <point lat="34.1895499" lon="-118.15898"/>
   <point lat="34.19086" lon="-118.15856"/>
   <point lat="34.19321" lon="-118.15861"/>
   <point lat="34.19572" lon="-118.15871"/>
   <point lat="34.19805" lon="-118.15883"/>
  </path>
 </route>
</body>