<?xml version="1.0" encoding="utf-8"?>
<body copyright="All data copyright Los Angeles Metro 2022.">
 <route color="df4600" latMax="34.2573699" latMin="34.1666699" lonMax="-118.58426" lonMin="-118.59881" oppositeColor="ffffff" tag="244" title="244 Chatsworth Sta-Woodland Hills Via De">
  <stop lat="34.2537199" lon="-118.59881" tag="152_ar" title="Chatsworth Station"/>
  <stop lat="34.23811" lon="-118.58833" stopId="01818" tag="1818" title="De Soto / Knapp"/>
  <stop lat="34.2569599" lon="-118.5974199" stopId="09166" tag="9166" title="Canoga / Devonshire"/>
  <stop lat="34.17183" lon="-118.58803" stopId="09519" tag="9519" title="De Soto / Burbank"/>
  <stop lat="34.2248399" lon="-118.58836" stopId="09520" tag="9520" title="De Soto / Chase"/>
  <stop lat="34.18498" lon="-118.5883999" stopId="09521" tag="9521" title="De Soto / El Rancho"/>
  <stop lat="34.1824999" lon="-118.59022" stopId="09522" tag="9522" title="De Soto / Erwin"/>
  <stop lat="34.1976799" lon="-118.5882899" stopId="09523" tag="9523" title="De Soto / Hart"/>
  <stop lat="34.2122299" lon="-118.5883399" stopId="09524" tag="9524" title="De Soto / Ingomar"/>
  <stop lat="34.19105" lon="-118.58827" stopId="09525" tag="9525" title="De Soto / Kittridge"/>
  <stop lat="34.25027" lon="-118.5884" stopId="09526" tag="9526" title="De Soto / Lassen"/>
  <stop lat="34.23574" lon="-118.5883799" stopId="09527" tag="9527" title="De Soto / Nordhoff"/>
  <stop lat="34.23332" lon="-118.58838" stopId="09528" tag="9528" title="De Soto / Osborne"/>
  <stop lat="34.17954" lon="-118.59031" stopId="09529" tag="9529" title="De Soto / Oxnard"/>
  <stop lat="34.22849" lon="-118.58837" stopId="09530" tag="9530" title="De Soto / Parthenia"/>
  <stop lat="34.2202199" lon="-118.58836" stopId="09532" tag="9532" title="De Soto / Roscoe"/>
  <stop lat="34.2085799" lon="-118.5883299" stopId="09533" tag="9533" title="De Soto / Saticoy"/>
  <stop lat="34.20081" lon="-118.58831" stopId="09534" tag="9534" title="De Soto / Sherman Way"/>
  <stop lat="34.2158399" lon="-118.5883499" stopId="09535" tag="9535" title="De Soto / Strathern"/>
  <stop lat="34.24623" lon="-118.58839" stopId="09536" tag="9536" title="De Soto / Superior"/>
  <stop lat="34.20497" lon="-118.58831" stopId="09537" tag="9537" title="De Soto / Valerio"/>
  <stop lat="34.1940599" lon="-118.58828" stopId="09538" tag="9538" title="De Soto / Vanowen"/>
  <stop lat="34.1666699" lon="-118.58805" stopId="09539" tag="9539" title="De Soto / Ventura"/>
  <stop lat="34.2573699" lon="-118.58887" stopId="09563" tag="9563" title="Devonshire / De Soto"/>
  <stop lat="34.2573699" lon="-118.59325" stopId="09587" tag="9587" title="Devonshire / Variel"/>
  <stop lat="34.2500799" lon="-118.59762" stopId="11349" tag="11349" title="Lassen / Canoga"/>
  <stop lat="34.18819" lon="-118.5882799" stopId="15473" tag="15473" title="De Soto / Victory"/>
  <stop lat="34.2430099" lon="-118.5883899" stopId="17413" tag="17413" title="De Soto / Plummer"/>
  <stop lat="34.1736099" lon="-118.5881" stopId="20246" tag="20246" title="De Soto / Burbank"/>
  <stop lat="34.2537199" lon="-118.59881" stopId="00152" tag="152" title="Chatsworth Station"/>
  <stop lat="34.2519499" lon="-118.58426" stopId="00698" tag="698" title="Lurline / Vintage"/>
  <stop lat="34.1717499" lon="-118.5883599" stopId="00973" tag="973" title="De Soto / Burbank"/>
  <stop lat="34.1735799" lon="-118.58841" stopId="00974" tag="974" title="De Soto / Burbank"/>
  <stop lat="34.22429" lon="-118.58867" stopId="00975" tag="975" title="De Soto / Chase"/>
  <stop lat="34.1849199" lon="-118.58874" stopId="00976" tag="976" title="De Soto / El Rancho"/>
  <stop lat="34.18283" lon="-118.5904099" stopId="00977" tag="977" title="De Soto / Erwin"/>
  <stop lat="34.19713" lon="-118.58859" stopId="00978" tag="978" title="De Soto / Hart"/>
  <stop lat="34.21209" lon="-118.58864" stopId="00979" tag="979" title="De Soto / Ingomar"/>
  <stop lat="34.1909" lon="-118.58858" stopId="00980" tag="980" title="De Soto / Kittridge"/>
  <stop lat="34.24972" lon="-118.5886999" stopId="00981" tag="981" title="De Soto / Lassen"/>
  <stop lat="34.2351899" lon="-118.58868" stopId="00982" tag="982" title="De Soto / Nordhoff"/>
  <stop lat="34.2327699" lon="-118.5886899" stopId="00983" tag="983" title="De Soto / Osborne"/>
  <stop lat="34.1793999" lon="-118.5906099" stopId="00984" tag="984" title="De Soto / Oxnard"/>
  <stop lat="34.22835" lon="-118.58867" stopId="00985" tag="985" title="De Soto / Parthenia"/>
  <stop lat="34.24287" lon="-118.5887" stopId="00986" tag="986" title="De Soto / Plummer"/>
  <stop lat="34.2196699" lon="-118.58866" stopId="00987" tag="987" title="De Soto / Roscoe"/>
  <stop lat="34.2080299" lon="-118.5886299" stopId="00988" tag="988" title="De Soto / Saticoy"/>
  <stop lat="34.20071" lon="-118.58861" stopId="00989" tag="989" title="De Soto / Sherman Way"/>
  <stop lat="34.2152899" lon="-118.5886499" stopId="00990" tag="990" title="De Soto / Strathern"/>
  <stop lat="34.2465" lon="-118.5887" stopId="00991" tag="991" title="De Soto / Superior"/>
  <stop lat="34.2044199" lon="-118.5886199" stopId="00992" tag="992" title="De Soto / Valerio"/>
  <stop lat="34.1935099" lon="-118.58859" stopId="00993" tag="993" title="De Soto / Vanowen"/>
  <stop lat="34.1880799" lon="-118.58859" stopId="00998" tag="998" title="De Soto / Victory"/>
  <stop lat="34.25711" lon="-118.5974699" stopId="01016" tag="1016" title="Devonshire / Canoga"/>
  <stop lat="34.2571099" lon="-118.58874" stopId="01018" tag="1018" title="Devonshire / De Soto"/>
  <stop lat="34.25712" lon="-118.59259" stopId="01043" tag="1043" title="Devonshire / Variel"/>
  <stop lat="34.2378999" lon="-118.5887899" stopId="01819" tag="1819" title="De Soto / Knapp"/>
  <stop lat="34.16685" lon="-118.59295" stopId="06992" tag="6992" title="Ventura / Alhama"/>
  <stop lat="34.1666699" lon="-118.58805" tag="9539_ar" title="De Soto / Ventura"/>
  <stop lat="34.16768" lon="-118.59712" stopId="20252" tag="20252" title="Ventura / Canoga"/>
  <direction name="South" tag="244_2_1" title="South to Woodland Hills" useForUI="true">
   <stop tag="152"/>
   <stop tag="1016"/>
   <stop tag="1043"/>
   <stop tag="1018"/>
   <stop tag="981"/>
   <stop tag="991"/>
   <stop tag="986"/>
   <stop tag="1819"/>
   <stop tag="982"/>
   <stop tag="983"/>
   <stop tag="985"/>
   <stop tag="975"/>
   <stop tag="987"/>
   <stop tag="990"/>
   <stop tag="979"/>
   <stop tag="988"/>
   <stop tag="992"/>
   <stop tag="989"/>
   <stop tag="978"/>
   <stop tag="993"/>
   <stop tag="980"/>
   <stop tag="998"/>
   <stop tag="976"/>
   <stop tag="977"/>
   <stop tag="984"/>
   <stop tag="974"/>
   <stop tag="973"/>
   <stop tag="20252"/>
   <stop tag="6992"/>
   <stop tag="9539_ar"/>
  </direction>
  <direction name="North" tag="244_1_0" title="North to Chatsworth Station" useForUI="true">
   <stop tag="9539"/>
   <stop tag="9519"/>
   <stop tag="20246"/>
   <stop tag="9529"/>
   <stop tag="9522"/>
   <stop tag="9521"/>
   <stop tag="15473"/>
   <stop tag="9525"/>
   <stop tag="9538"/>
   <stop tag="9523"/>
   <stop tag="9534"/>
   <stop tag="9537"/>
   <stop tag="9533"/>
   <stop tag="9524"/>
   <stop tag="9535"/>
   <stop tag="9532"/>
   <stop tag="9520"/>
   <stop tag="9530"/>
   <stop tag="9528"/>
   <stop tag="9527"/>
   <stop tag="1818"/>
   <stop tag="17413"/>
   <stop tag="9536"/>
   <stop tag="9526"/>
   <stop tag="9563"/>
   <stop tag="9587"/>
   <stop tag="9166"/>
   <stop tag="11349"/>
   <stop tag="152_ar"/>
  </direction>
  <path>
   <point lat="34.25737" lon="-118.58887"/>
   <point lat="34.25737" lon="-118.59325"/>
   <point lat="34.25724" lon="-118.5973"/>
   <point lat="34.25696" lon="-118.59742"/>
   <point lat="34.24998" lon="-118.59729"/>
   <point lat="34.2500799" lon="-118.59762"/>
   <point lat="34.24998" lon="-118.59889"/>
   <point lat="34.2508" lon="-118.59879"/>
   <point lat="34.25372" lon="-118.59881"/>
  </path>
  <path>
   <point lat="34.25711" lon="-118.58874"/>
   <point lat="34.25656" lon="-118.58853"/>
   <point lat="34.24972" lon="-118.5887"/>
   <point lat="34.2465" lon="-118.5887"/>
   <point lat="34.24287" lon="-118.5887"/>
   <point lat="34.2379" lon="-118.58879"/>
   <point lat="34.23519" lon="-118.58868"/>
   <point lat="34.23277" lon="-118.58869"/>
   <point lat="34.22835" lon="-118.58867"/>
   <point lat="34.22429" lon="-118.58867"/>
   <point lat="34.21967" lon="-118.58866"/>
  </path>
  <path>
   <point lat="34.16667" lon="-118.58805"/>
   <point lat="34.17183" lon="-118.58803"/>
   <point lat="34.17319" lon="-118.58818"/>
   <point lat="34.1736099" lon="-118.5881"/>
  </path>
  <path>
   <point lat="34.17358" lon="-118.58841"/>
   <point lat="34.17319" lon="-118.58818"/>
   <point lat="34.17175" lon="-118.58836"/>
   <point lat="34.1703199" lon="-118.58817"/>
   <point lat="34.16932" lon="-118.58817"/>
   <point lat="34.16889" lon="-118.58816"/>
   <point lat="34.16848" lon="-118.58814"/>
   <point lat="34.16849" lon="-118.59035"/>
   <point lat="34.16862" lon="-118.59113"/>
   <point lat="34.16869" lon="-118.59171"/>
   <point lat="34.16897" lon="-118.59351"/>
   <point lat="34.16902" lon="-118.5939"/>
   <point lat="34.16927" lon="-118.59566"/>
   <point lat="34.1698499" lon="-118.59739"/>
   <point lat="34.16955" lon="-118.5974"/>
   <point lat="34.1693799" lon="-118.5974"/>
   <point lat="34.16909" lon="-118.59742"/>
   <point lat="34.16786" lon="-118.59741"/>
   <point lat="34.16768" lon="-118.59712"/>
   <point lat="34.1668499" lon="-118.59295"/>
   <point lat="34.16666" lon="-118.5908"/>
   <point lat="34.16641" lon="-118.58827"/>
   <point lat="34.16667" lon="-118.58805"/>
  </path>
  <path>
   <point lat="34.22022" lon="-118.58836"/>
   <point lat="34.22484" lon="-118.58836"/>
   <point lat="34.22849" lon="-118.58837"/>
   <point lat="34.23332" lon="-118.58838"/>
   <point lat="34.23574" lon="-118.58838"/>
   <point lat="34.23811" lon="-118.58833"/>
   <point lat="34.24301" lon="-118.58839"/>
   <point lat="34.24623" lon="-118.58839"/>
   <point lat="34.25027" lon="-118.5884"/>
   <point lat="34.25724" lon="-118.58854"/>
   <point lat="34.25737" lon="-118.58887"/>
  </path>
  <path>
   <point lat="34.25195" lon="-118.58426"/>
   <point lat="34.25112" lon="-118.58417"/>
   <point lat="34.2499899" lon="-118.58417"/>
   <point lat="34.2499899" lon="-118.58855"/>
   <point lat="34.24972" lon="-118.5887"/>
   <point lat="34.2465" lon="-118.5887"/>
   <point lat="34.24287" lon="-118.5887"/>
   <point lat="34.2379" lon="-118.58879"/>
   <point lat="34.23519" lon="-118.58868"/>
   <point lat="34.23277" lon="-118.58869"/>
   <point lat="34.22835" lon="-118.58867"/>
   <point lat="34.22429" lon="-118.58867"/>
   <point lat="34.21967" lon="-118.58866"/>
  </path>
  <path>
   <point lat="34.21967" lon="-118.58866"/>
   <point lat="34.21529" lon="-118.58865"/>
   <point lat="34.21209" lon="-118.58864"/>
   <point lat="34.20803" lon="-118.58863"/>
   <point lat="34.20442" lon="-118.58862"/>
   <point lat="34.20071" lon="-118.58861"/>
   <point lat="34.19713" lon="-118.58859"/>
   <point lat="34.19351" lon="-118.58859"/>
  </path>
  <path>
   <point lat="34.25372" lon="-118.59881"/>
   <point lat="34.25512" lon="-118.59883"/>
   <point lat="34.25626" lon="-118.59853"/>
   <point lat="34.25724" lon="-118.59853"/>
   <point lat="34.25711" lon="-118.59747"/>
   <point lat="34.25725" lon="-118.59512"/>
   <point lat="34.25712" lon="-118.59259"/>
   <point lat="34.25711" lon="-118.58874"/>
  </path>
  <path>
   <point lat="34.17358" lon="-118.58841"/>
   <point lat="34.17319" lon="-118.58818"/>
   <point lat="34.17175" lon="-118.58836"/>
   <point lat="34.1703199" lon="-118.58817"/>
   <point lat="34.16932" lon="-118.58817"/>
   <point lat="34.16889" lon="-118.58816"/>
   <point lat="34.16848" lon="-118.58814"/>
   <point lat="34.16849" lon="-118.59035"/>
   <point lat="34.16862" lon="-118.59113"/>
   <point lat="34.16869" lon="-118.59171"/>
   <point lat="34.16897" lon="-118.59351"/>
   <point lat="34.16902" lon="-118.5939"/>
   <point lat="34.16927" lon="-118.59566"/>
   <point lat="34.1698499" lon="-118.59739"/>
   <point lat="34.16955" lon="-118.5974"/>
   <point lat="34.1693799" lon="-118.5974"/>
   <point lat="34.16909" lon="-118.59742"/>
   <point lat="34.16786" lon="-118.59741"/>
   <point lat="34.16768" lon="-118.59712"/>
   <point lat="34.1668499" lon="-118.59295"/>
   <point lat="34.16666" lon="-118.5908"/>
   <point lat="34.16642" lon="-118.58828"/>
   <point lat="34.16667" lon="-118.58805"/>
  </path>
  <path>
   <point lat="34.19406" lon="-118.58828"/>
   <point lat="34.19768" lon="-118.58829"/>
   <point lat="34.20081" lon="-118.58831"/>
   <point lat="34.20497" lon="-118.58831"/>
   <point lat="34.20858" lon="-118.58833"/>
   <point lat="34.21223" lon="-118.58834"/>
   <point lat="34.21584" lon="-118.58835"/>
   <point lat="34.22022" lon="-118.58836"/>
  </path>
  <path>
   <point lat="34.1736099" lon="-118.5881"/>
   <point lat="34.17474" lon="-118.5886"/>
   <point lat="34.17823" lon="-118.59026"/>
   <point lat="34.17843" lon="-118.59035"/>
   <point lat="34.17863" lon="-118.5904"/>
   <point lat="34.17879" lon="-118.59043"/>
   <point lat="34.17892" lon="-118.59045"/>
   <point lat="34.17926" lon="-118.59046"/>
   <point lat="34.17954" lon="-118.59031"/>
   <point lat="34.18085" lon="-118.59047"/>
   <point lat="34.1825" lon="-118.59022"/>
   <point lat="34.183" lon="-118.59018"/>
   <point lat="34.18498" lon="-118.5884"/>
   <point lat="34.18819" lon="-118.58828"/>
   <point lat="34.19105" lon="-118.58827"/>
   <point lat="34.19406" lon="-118.58828"/>
  </path>
  <path>
   <point lat="34.19351" lon="-118.58859"/>
   <point lat="34.1909" lon="-118.58858"/>
   <point lat="34.18808" lon="-118.58859"/>
   <point lat="34.18492" lon="-118.58874"/>
   <point lat="34.1844899" lon="-118.5888"/>
   <point lat="34.18283" lon="-118.59041"/>
   <point lat="34.182" lon="-118.59047"/>
   <point lat="34.1794" lon="-118.59061"/>
   <point lat="34.17926" lon="-118.59046"/>
   <point lat="34.17892" lon="-118.59045"/>
   <point lat="34.17879" lon="-118.59043"/>
   <point lat="34.17863" lon="-118.5904"/>
   <point lat="34.17843" lon="-118.59035"/>
   <point lat="34.17474" lon="-118.5886"/>
   <point lat="34.17358" lon="-118.58841"/>
  </path>
 </route>
</body>