<?xml version="1.0" encoding="utf-8"?>
<body copyright="All data copyright Los Angeles Metro 2022.">
 <route color="df4600" latMax="34.14429" latMin="34.0717699" lonMax="-118.36125" lonMin="-118.3953199" oppositeColor="ffffff" tag="218" title="218 Studio Cty-Cedars Sinai Med Via Laur">
  <stop lat="34.14429" lon="-118.39428" stopId="00639" tag="639" title="Ventura Pl / Ventura"/>
  <stop lat="34.0748999" lon="-118.37877" stopId="01428" tag="1428" title="San Vicente / Gracie Allen"/>
  <stop lat="34.0875099" lon="-118.36129" stopId="01859" tag="1859" title="Fairfax / Willoughby"/>
  <stop lat="34.0763499" lon="-118.3612999" stopId="03491" tag="3491" title="Fairfax / Beverly"/>
  <stop lat="34.0836399" lon="-118.36129" stopId="03494" tag="3494" title="Fairfax / Melrose"/>
  <stop lat="34.07849" lon="-118.36128" stopId="03495" tag="3495" title="Fairfax / Oakwood"/>
  <stop lat="34.08046" lon="-118.36129" stopId="03496" tag="3496" title="Fairfax / Rosewood"/>
  <stop lat="34.0741799" lon="-118.3612599" stopId="03498" tag="3498" title="Fairfax / 1st"/>
  <stop lat="34.0718199" lon="-118.36125" stopId="04973" tag="4973" title="Fairfax / 3rd"/>
  <stop lat="34.0942699" lon="-118.36581" stopId="05980" tag="5980" title="Crescent Heights / Fountain"/>
  <stop lat="34.0978399" lon="-118.36557" stopId="05989" tag="5989" title="Crescent Heights / Sunset"/>
  <stop lat="34.0733" lon="-118.3767" stopId="07268" tag="7268" title="3rd / La Cienega"/>
  <stop lat="34.0720299" lon="-118.3660099" stopId="07277" tag="7277" title="3rd / Crescent Heights"/>
  <stop lat="34.07286" lon="-118.37283" stopId="07293" tag="7293" title="3rd / Orlando"/>
  <stop lat="34.07252" lon="-118.3697" stopId="07299" tag="7299" title="3rd / Sweetzer"/>
  <stop lat="34.1438799" lon="-118.39522" tag="11416_ar" title="Laurel Canyon / Ventura"/>
  <stop lat="34.0909599" lon="-118.3618" stopId="11987" tag="11987" title="Santa Monica / Fairfax"/>
  <stop lat="34.09091" lon="-118.36575" stopId="14387" tag="14387" title="Santa Monica / Crescent Heights"/>
  <stop lat="34.1238799" lon="-118.37541" stopId="17716" tag="17716" title="Laurel Canyon / Mulholland"/>
  <stop lat="34.1021599" lon="-118.3653" stopId="32158" tag="32158" title="Laurel Canyon / Hollywood"/>
  <stop lat="34.11541" lon="-118.37423" stopId="32159" tag="32159" title="Laurel Canyon / Willow Glen"/>
  <stop lat="34.13168" lon="-118.38119" stopId="32160" tag="32160" title="Laurel Canyon / Dona Pegita"/>
  <stop lat="34.1336799" lon="-118.3912599" stopId="32161" tag="32161" title="Laurel Canyon / Fryman"/>
  <stop lat="34.13708" lon="-118.3927" stopId="32162" tag="32162" title="Laurel Canyon / Sunshine"/>
  <stop lat="34.14089" lon="-118.3941" stopId="32163" tag="32163" title="Laurel Canyon / Maxwellton"/>
  <stop lat="34.1440699" lon="-118.39379" tag="32164_ar" title="Ventura Pl / Ventura"/>
  <stop lat="34.0748999" lon="-118.37877" tag="1428_ar" title="San Vicente / Gracie Allen"/>
  <stop lat="34.09066" lon="-118.36559" stopId="06009" tag="6009" title="Santa Monica / Crescent Heights"/>
  <stop lat="34.0906999" lon="-118.36172" stopId="06014" tag="6014" title="Santa Monica / Fairfax"/>
  <stop lat="34.0869599" lon="-118.36159" stopId="10409" tag="10409" title="Fairfax / Willoughby"/>
  <stop lat="34.1438799" lon="-118.39522" stopId="11416" tag="11416" title="Laurel Canyon / Ventura"/>
  <stop lat="34.07624" lon="-118.36157" stopId="11981" tag="11981" title="Fairfax / Beverly"/>
  <stop lat="34.08356" lon="-118.36159" stopId="11984" tag="11984" title="Fairfax / Melrose"/>
  <stop lat="34.07794" lon="-118.36158" stopId="11985" tag="11985" title="Fairfax / Oakwood"/>
  <stop lat="34.0799099" lon="-118.3615899" stopId="11986" tag="11986" title="Fairfax / Rosewood"/>
  <stop lat="34.07411" lon="-118.36156" stopId="11991" tag="11991" title="Fairfax / 1st"/>
  <stop lat="34.0717699" lon="-118.36156" stopId="13416" tag="13416" title="Fairfax / 3rd"/>
  <stop lat="34.0735699" lon="-118.3767899" stopId="13668" tag="13668" title="3rd / La Cienega"/>
  <stop lat="34.09414" lon="-118.3660399" stopId="14353" tag="14353" title="Crescent Heights / Fountain"/>
  <stop lat="34.14295" lon="-118.39103" stopId="15349" tag="15349" title="Ventura / Carpenter"/>
  <stop lat="34.14153" lon="-118.38793" stopId="15353" tag="15353" title="Ventura / Colfax"/>
  <stop lat="34.07224" lon="-118.36564" stopId="15633" tag="15633" title="3rd / Crescent Heights"/>
  <stop lat="34.07319" lon="-118.37345" stopId="15650" tag="15650" title="3rd / Orlando"/>
  <stop lat="34.0737199" lon="-118.37986" stopId="15654" tag="15654" title="3rd / Sherbourne"/>
  <stop lat="34.0727899" lon="-118.3698199" stopId="15656" tag="15656" title="3rd / Sweetzer"/>
  <stop lat="34.1236499" lon="-118.37555" stopId="17715" tag="17715" title="Laurel Canyon / Mulholland"/>
  <stop lat="34.14328" lon="-118.3953199" stopId="17717" tag="17717" title="Laurel Canyon / Ventura"/>
  <stop lat="34.1440699" lon="-118.39379" stopId="32164" tag="32164" title="Ventura Pl / Ventura"/>
  <stop lat="34.1410799" lon="-118.3944899" stopId="32165" tag="32165" title="Laurel Canyon / Maxwellton"/>
  <stop lat="34.1373999" lon="-118.3931399" stopId="32166" tag="32166" title="Laurel Canyon / Laurel Terrace"/>
  <stop lat="34.1337599" lon="-118.3916899" stopId="32167" tag="32167" title="Laurel Canyon / Fryman"/>
  <stop lat="34.1311999" lon="-118.3811199" stopId="32168" tag="32168" title="Laurel Canyon / Dona Pegita"/>
  <stop lat="34.11497" lon="-118.37435" stopId="32169" tag="32169" title="Laurel Canyon / Lookout Mountain"/>
  <stop lat="34.1015999" lon="-118.3655599" stopId="32170" tag="32170" title="Laurel Canyon / Hollywood"/>
  <stop lat="34.0981499" lon="-118.36579" stopId="32171" tag="32171" title="Crescent Heights / Sunset"/>
  <direction name="South" tag="218_32_1" title="South to Cedars-Sinai Medical Ctr" useForUI="true">
   <stop tag="11416"/>
   <stop tag="15353"/>
   <stop tag="15349"/>
   <stop tag="17717"/>
   <stop tag="32165"/>
   <stop tag="32166"/>
   <stop tag="32167"/>
   <stop tag="32168"/>
   <stop tag="17715"/>
   <stop tag="32169"/>
   <stop tag="32170"/>
   <stop tag="32171"/>
   <stop tag="14353"/>
   <stop tag="6009"/>
   <stop tag="6014"/>
   <stop tag="10409"/>
   <stop tag="11984"/>
   <stop tag="11986"/>
   <stop tag="11985"/>
   <stop tag="11981"/>
   <stop tag="11991"/>
   <stop tag="13416"/>
   <stop tag="15633"/>
   <stop tag="15656"/>
   <stop tag="15650"/>
   <stop tag="13668"/>
   <stop tag="15654"/>
   <stop tag="1428_ar"/>
  </direction>
  <direction name="North" tag="218_38_0" title="North to Studio City" useForUI="true">
   <stop tag="1428"/>
   <stop tag="7268"/>
   <stop tag="7293"/>
   <stop tag="7299"/>
   <stop tag="7277"/>
   <stop tag="4973"/>
   <stop tag="3498"/>
   <stop tag="3491"/>
   <stop tag="3495"/>
   <stop tag="3496"/>
   <stop tag="3494"/>
   <stop tag="1859"/>
   <stop tag="11987"/>
   <stop tag="14387"/>
   <stop tag="5980"/>
   <stop tag="5989"/>
   <stop tag="32158"/>
   <stop tag="32159"/>
   <stop tag="17716"/>
   <stop tag="32160"/>
   <stop tag="32161"/>
   <stop tag="32162"/>
   <stop tag="32163"/>
   <stop tag="11416"/>
   <stop tag="639"/>
   <stop tag="32164_ar"/>
  </direction>
  <path>
   <point lat="34.0749" lon="-118.37877"/>
   <point lat="34.07378" lon="-118.3779"/>
   <point lat="34.07353" lon="-118.37774"/>
   <point lat="34.07352" lon="-118.3776"/>
   <point lat="34.0733" lon="-118.3767"/>
   <point lat="34.07286" lon="-118.37283"/>
   <point lat="34.07252" lon="-118.3697"/>
   <point lat="34.07203" lon="-118.36601"/>
   <point lat="34.07155" lon="-118.36141"/>
   <point lat="34.07182" lon="-118.36125"/>
  </path>
  <path>
   <point lat="34.09784" lon="-118.36557"/>
   <point lat="34.10033" lon="-118.36544"/>
   <point lat="34.10111" lon="-118.36541"/>
   <point lat="34.10216" lon="-118.3653"/>
   <point lat="34.1034099" lon="-118.36575"/>
   <point lat="34.10361" lon="-118.36581"/>
   <point lat="34.10377" lon="-118.36587"/>
   <point lat="34.10401" lon="-118.36595"/>
   <point lat="34.1041" lon="-118.36601"/>
   <point lat="34.1043" lon="-118.36611"/>
   <point lat="34.10438" lon="-118.36617"/>
   <point lat="34.1044399" lon="-118.36623"/>
   <point lat="34.10463" lon="-118.36643"/>
   <point lat="34.10486" lon="-118.36671"/>
   <point lat="34.10499" lon="-118.36686"/>
   <point lat="34.1050899" lon="-118.36695"/>
   <point lat="34.10513" lon="-118.36697"/>
   <point lat="34.10518" lon="-118.36698"/>
   <point lat="34.1054" lon="-118.36699"/>
   <point lat="34.10551" lon="-118.36698"/>
   <point lat="34.10566" lon="-118.36695"/>
   <point lat="34.1058" lon="-118.36695"/>
   <point lat="34.10592" lon="-118.36698"/>
   <point lat="34.1060299" lon="-118.36703"/>
   <point lat="34.10616" lon="-118.36711"/>
   <point lat="34.10621" lon="-118.36715"/>
   <point lat="34.1063199" lon="-118.36725"/>
   <point lat="34.10659" lon="-118.36752"/>
   <point lat="34.10672" lon="-118.3676"/>
   <point lat="34.10692" lon="-118.36764"/>
   <point lat="34.10713" lon="-118.36766"/>
   <point lat="34.10719" lon="-118.36767"/>
   <point lat="34.1073499" lon="-118.36772"/>
   <point lat="34.1076" lon="-118.36788"/>
   <point lat="34.10766" lon="-118.3679"/>
   <point lat="34.10774" lon="-118.36791"/>
   <point lat="34.10803" lon="-118.36791"/>
   <point lat="34.10814" lon="-118.36792"/>
   <point lat="34.1081999" lon="-118.36795"/>
   <point lat="34.10825" lon="-118.36799"/>
   <point lat="34.1082899" lon="-118.36803"/>
   <point lat="34.10831" lon="-118.36807"/>
   <point lat="34.10834" lon="-118.36817"/>
   <point lat="34.10843" lon="-118.36852"/>
   <point lat="34.10859" lon="-118.36903"/>
   <point lat="34.10872" lon="-118.36939"/>
   <point lat="34.10886" lon="-118.3697"/>
   <point lat="34.10888" lon="-118.36973"/>
   <point lat="34.10891" lon="-118.36977"/>
   <point lat="34.10907" lon="-118.3699"/>
   <point lat="34.10928" lon="-118.37002"/>
   <point lat="34.10935" lon="-118.37007"/>
   <point lat="34.10949" lon="-118.37018"/>
   <point lat="34.10952" lon="-118.3702"/>
   <point lat="34.10956" lon="-118.37024"/>
   <point lat="34.10962" lon="-118.37037"/>
   <point lat="34.10964" lon="-118.37042"/>
   <point lat="34.10961" lon="-118.37079"/>
   <point lat="34.10957" lon="-118.37095"/>
   <point lat="34.10954" lon="-118.37108"/>
   <point lat="34.10956" lon="-118.37114"/>
   <point lat="34.10959" lon="-118.37124"/>
   <point lat="34.10964" lon="-118.3713"/>
   <point lat="34.10969" lon="-118.37132"/>
   <point lat="34.10983" lon="-118.37137"/>
   <point lat="34.1098799" lon="-118.3714"/>
   <point lat="34.10991" lon="-118.37143"/>
   <point lat="34.1099699" lon="-118.37152"/>
   <point lat="34.10999" lon="-118.37158"/>
   <point lat="34.11001" lon="-118.37167"/>
   <point lat="34.11002" lon="-118.37174"/>
   <point lat="34.11002" lon="-118.37211"/>
   <point lat="34.11003" lon="-118.37217"/>
   <point lat="34.11006" lon="-118.37221"/>
   <point lat="34.11016" lon="-118.3723"/>
   <point lat="34.11021" lon="-118.37239"/>
   <point lat="34.11025" lon="-118.37247"/>
   <point lat="34.1102599" lon="-118.37256"/>
   <point lat="34.11024" lon="-118.37278"/>
   <point lat="34.11025" lon="-118.37295"/>
   <point lat="34.11027" lon="-118.37303"/>
   <point lat="34.1103" lon="-118.37308"/>
   <point lat="34.11039" lon="-118.37315"/>
   <point lat="34.1106399" lon="-118.37324"/>
   <point lat="34.11075" lon="-118.37326"/>
   <point lat="34.11099" lon="-118.37327"/>
   <point lat="34.11122" lon="-118.37329"/>
   <point lat="34.11169" lon="-118.37331"/>
   <point lat="34.11184" lon="-118.37333"/>
   <point lat="34.11193" lon="-118.37335"/>
   <point lat="34.11201" lon="-118.37338"/>
   <point lat="34.11207" lon="-118.37341"/>
   <point lat="34.11254" lon="-118.37367"/>
   <point lat="34.11262" lon="-118.3737"/>
   <point lat="34.11271" lon="-118.37373"/>
   <point lat="34.11286" lon="-118.37374"/>
   <point lat="34.11297" lon="-118.37374"/>
   <point lat="34.11303" lon="-118.37373"/>
   <point lat="34.11318" lon="-118.37366"/>
   <point lat="34.11333" lon="-118.37358"/>
   <point lat="34.11358" lon="-118.37341"/>
   <point lat="34.11365" lon="-118.37337"/>
   <point lat="34.11541" lon="-118.37423"/>
   <point lat="34.11572" lon="-118.3746"/>
   <point lat="34.11583" lon="-118.37468"/>
   <point lat="34.11601" lon="-118.37477"/>
   <point lat="34.1160799" lon="-118.3748"/>
   <point lat="34.11634" lon="-118.37483"/>
   <point lat="34.11656" lon="-118.37487"/>
   <point lat="34.11669" lon="-118.37492"/>
   <point lat="34.1169" lon="-118.37504"/>
   <point lat="34.11703" lon="-118.37509"/>
   <point lat="34.11737" lon="-118.37532"/>
   <point lat="34.11745" lon="-118.37538"/>
   <point lat="34.1176" lon="-118.37546"/>
   <point lat="34.11785" lon="-118.37556"/>
   <point lat="34.118" lon="-118.3756"/>
   <point lat="34.11807" lon="-118.37564"/>
   <point lat="34.1181" lon="-118.37567"/>
   <point lat="34.1181399" lon="-118.37569"/>
   <point lat="34.11825" lon="-118.37573"/>
   <point lat="34.11838" lon="-118.37575"/>
   <point lat="34.11848" lon="-118.37574"/>
   <point lat="34.11863" lon="-118.37566"/>
   <point lat="34.11871" lon="-118.37564"/>
   <point lat="34.11884" lon="-118.37564"/>
   <point lat="34.11903" lon="-118.37567"/>
   <point lat="34.11911" lon="-118.3757"/>
   <point lat="34.11916" lon="-118.37572"/>
   <point lat="34.11931" lon="-118.37571"/>
   <point lat="34.1194" lon="-118.3757"/>
   <point lat="34.11949" lon="-118.37566"/>
   <point lat="34.11956" lon="-118.37561"/>
   <point lat="34.11962" lon="-118.37553"/>
   <point lat="34.11965" lon="-118.3755"/>
   <point lat="34.11997" lon="-118.37527"/>
   <point lat="34.12005" lon="-118.3752"/>
   <point lat="34.12016" lon="-118.37511"/>
   <point lat="34.12031" lon="-118.37488"/>
   <point lat="34.12036" lon="-118.37477"/>
   <point lat="34.1203999" lon="-118.37463"/>
   <point lat="34.12042" lon="-118.37453"/>
   <point lat="34.12042" lon="-118.37394"/>
   <point lat="34.12044" lon="-118.37386"/>
   <point lat="34.12053" lon="-118.37362"/>
   <point lat="34.12057" lon="-118.37358"/>
   <point lat="34.12074" lon="-118.37318"/>
   <point lat="34.12085" lon="-118.37299"/>
   <point lat="34.12088" lon="-118.37296"/>
   <point lat="34.1209599" lon="-118.37289"/>
   <point lat="34.1210499" lon="-118.37284"/>
   <point lat="34.12111" lon="-118.37282"/>
   <point lat="34.12117" lon="-118.37282"/>
   <point lat="34.12125" lon="-118.37283"/>
   <point lat="34.12133" lon="-118.37285"/>
   <point lat="34.12139" lon="-118.37289"/>
   <point lat="34.12144" lon="-118.37293"/>
   <point lat="34.1215" lon="-118.373"/>
   <point lat="34.12155" lon="-118.37308"/>
   <point lat="34.12156" lon="-118.37312"/>
   <point lat="34.12158" lon="-118.37322"/>
   <point lat="34.12159" lon="-118.37339"/>
   <point lat="34.12159" lon="-118.37353"/>
   <point lat="34.1216" lon="-118.37362"/>
   <point lat="34.12162" lon="-118.37371"/>
   <point lat="34.12168" lon="-118.37388"/>
   <point lat="34.12173" lon="-118.37397"/>
   <point lat="34.12177" lon="-118.37403"/>
   <point lat="34.12186" lon="-118.37415"/>
   <point lat="34.12189" lon="-118.37418"/>
   <point lat="34.12192" lon="-118.37422"/>
   <point lat="34.12196" lon="-118.37424"/>
   <point lat="34.12202" lon="-118.37426"/>
   <point lat="34.12213" lon="-118.37427"/>
   <point lat="34.12235" lon="-118.37424"/>
   <point lat="34.12244" lon="-118.37424"/>
   <point lat="34.1225" lon="-118.37428"/>
   <point lat="34.12254" lon="-118.37432"/>
   <point lat="34.1226399" lon="-118.37446"/>
   <point lat="34.12269" lon="-118.37452"/>
   <point lat="34.12289" lon="-118.37471"/>
   <point lat="34.12296" lon="-118.3748"/>
   <point lat="34.12298" lon="-118.37483"/>
   <point lat="34.12301" lon="-118.37491"/>
   <point lat="34.1230199" lon="-118.37496"/>
   <point lat="34.1231" lon="-118.37507"/>
   <point lat="34.12317" lon="-118.37513"/>
   <point lat="34.12388" lon="-118.37541"/>
  </path>
  <path>
   <point lat="34.12388" lon="-118.37541"/>
   <point lat="34.12418" lon="-118.37604"/>
   <point lat="34.12435" lon="-118.37623"/>
   <point lat="34.12439" lon="-118.3763"/>
   <point lat="34.1244299" lon="-118.37638"/>
   <point lat="34.1245" lon="-118.37657"/>
   <point lat="34.12531" lon="-118.37845"/>
   <point lat="34.12543" lon="-118.37865"/>
   <point lat="34.12549" lon="-118.37873"/>
   <point lat="34.1256" lon="-118.37883"/>
   <point lat="34.12567" lon="-118.37889"/>
   <point lat="34.1257499" lon="-118.37893"/>
   <point lat="34.12595" lon="-118.37904"/>
   <point lat="34.12608" lon="-118.37909"/>
   <point lat="34.12637" lon="-118.37921"/>
   <point lat="34.12646" lon="-118.37924"/>
   <point lat="34.12655" lon="-118.37924"/>
   <point lat="34.12669" lon="-118.37923"/>
   <point lat="34.1269" lon="-118.37923"/>
   <point lat="34.12721" lon="-118.37919"/>
   <point lat="34.1274299" lon="-118.37909"/>
   <point lat="34.12753" lon="-118.37902"/>
   <point lat="34.12773" lon="-118.37882"/>
   <point lat="34.1278099" lon="-118.37875"/>
   <point lat="34.12795" lon="-118.37867"/>
   <point lat="34.12842" lon="-118.37871"/>
   <point lat="34.1301599" lon="-118.37978"/>
   <point lat="34.13023" lon="-118.37983"/>
   <point lat="34.13035" lon="-118.37995"/>
   <point lat="34.1304" lon="-118.38001"/>
   <point lat="34.13053" lon="-118.38018"/>
   <point lat="34.13094" lon="-118.3807"/>
   <point lat="34.13168" lon="-118.38119"/>
   <point lat="34.13219" lon="-118.38296"/>
   <point lat="34.13215" lon="-118.38519"/>
   <point lat="34.13216" lon="-118.38545"/>
   <point lat="34.13217" lon="-118.38554"/>
   <point lat="34.13247" lon="-118.38921"/>
   <point lat="34.13251" lon="-118.3895"/>
   <point lat="34.13263" lon="-118.38991"/>
   <point lat="34.1327" lon="-118.39011"/>
   <point lat="34.13279" lon="-118.39031"/>
   <point lat="34.1328699" lon="-118.39047"/>
   <point lat="34.133" lon="-118.39069"/>
   <point lat="34.1332499" lon="-118.39104"/>
   <point lat="34.13368" lon="-118.39126"/>
   <point lat="34.13387" lon="-118.3916"/>
   <point lat="34.13708" lon="-118.3927"/>
   <point lat="34.14089" lon="-118.3941"/>
   <point lat="34.14388" lon="-118.39522"/>
   <point lat="34.14459" lon="-118.39565"/>
   <point lat="34.14508" lon="-118.39583"/>
   <point lat="34.14429" lon="-118.39428"/>
   <point lat="34.14407" lon="-118.39379"/>
  </path>
  <path>
   <point lat="34.12388" lon="-118.37541"/>
   <point lat="34.12418" lon="-118.37604"/>
   <point lat="34.12435" lon="-118.37623"/>
   <point lat="34.12439" lon="-118.3763"/>
   <point lat="34.1244299" lon="-118.37638"/>
   <point lat="34.1245" lon="-118.37657"/>
   <point lat="34.12531" lon="-118.37845"/>
   <point lat="34.12543" lon="-118.37865"/>
   <point lat="34.12549" lon="-118.37873"/>
   <point lat="34.1256" lon="-118.37883"/>
   <point lat="34.12567" lon="-118.37889"/>
   <point lat="34.1257499" lon="-118.37893"/>
   <point lat="34.12595" lon="-118.37904"/>
   <point lat="34.12608" lon="-118.37909"/>
   <point lat="34.12637" lon="-118.37921"/>
   <point lat="34.12646" lon="-118.37924"/>
   <point lat="34.12655" lon="-118.37924"/>
   <point lat="34.12669" lon="-118.37923"/>
   <point lat="34.1269" lon="-118.37923"/>
   <point lat="34.12721" lon="-118.37919"/>
   <point lat="34.1274299" lon="-118.37909"/>
   <point lat="34.12753" lon="-118.37902"/>
   <point lat="34.12773" lon="-118.37882"/>
   <point lat="34.1278099" lon="-118.37875"/>
   <point lat="34.12795" lon="-118.37867"/>
   <point lat="34.12842" lon="-118.37871"/>
   <point lat="34.1301599" lon="-118.37978"/>
   <point lat="34.13023" lon="-118.37983"/>
   <point lat="34.13035" lon="-118.37995"/>
   <point lat="34.1304" lon="-118.38001"/>
   <point lat="34.13053" lon="-118.38018"/>
   <point lat="34.13094" lon="-118.3807"/>
   <point lat="34.13168" lon="-118.38119"/>
   <point lat="34.13219" lon="-118.38296"/>
   <point lat="34.13215" lon="-118.38519"/>
   <point lat="34.13216" lon="-118.38545"/>
   <point lat="34.13217" lon="-118.38554"/>
   <point lat="34.13247" lon="-118.38921"/>
   <point lat="34.13251" lon="-118.3895"/>
   <point lat="34.13263" lon="-118.38991"/>
   <point lat="34.1327" lon="-118.39011"/>
   <point lat="34.13279" lon="-118.39031"/>
   <point lat="34.1328699" lon="-118.39047"/>
   <point lat="34.133" lon="-118.39069"/>
   <point lat="34.1332499" lon="-118.39104"/>
   <point lat="34.13368" lon="-118.39126"/>
   <point lat="34.13387" lon="-118.3916"/>
   <point lat="34.13708" lon="-118.3927"/>
   <point lat="34.14089" lon="-118.3941"/>
   <point lat="34.14388" lon="-118.39522"/>
  </path>
  <path>
   <point lat="34.0981499" lon="-118.36579"/>
   <point lat="34.09748" lon="-118.36585"/>
   <point lat="34.09414" lon="-118.36604"/>
   <point lat="34.09078" lon="-118.36592"/>
   <point lat="34.09066" lon="-118.36559"/>
   <point lat="34.0907" lon="-118.36172"/>
  </path>
  <path>
   <point lat="34.07177" lon="-118.36156"/>
   <point lat="34.07185" lon="-118.36368"/>
   <point lat="34.07224" lon="-118.36564"/>
   <point lat="34.07279" lon="-118.36982"/>
   <point lat="34.0731899" lon="-118.37345"/>
   <point lat="34.0735699" lon="-118.37679"/>
   <point lat="34.07359" lon="-118.37845"/>
   <point lat="34.07372" lon="-118.37986"/>
   <point lat="34.0736" lon="-118.38164"/>
   <point lat="34.0755" lon="-118.38163"/>
   <point lat="34.07559" lon="-118.38164"/>
   <point lat="34.07581" lon="-118.38164"/>
   <point lat="34.07613" lon="-118.38167"/>
   <point lat="34.07639" lon="-118.38172"/>
   <point lat="34.0765" lon="-118.38173"/>
   <point lat="34.07687" lon="-118.38172"/>
   <point lat="34.07687" lon="-118.38063"/>
   <point lat="34.07686" lon="-118.38047"/>
   <point lat="34.07684" lon="-118.38029"/>
   <point lat="34.07684" lon="-118.38022"/>
   <point lat="34.07681" lon="-118.3801"/>
   <point lat="34.07678" lon="-118.37995"/>
   <point lat="34.0767" lon="-118.37965"/>
   <point lat="34.07665" lon="-118.37953"/>
   <point lat="34.07644" lon="-118.37948"/>
   <point lat="34.07635" lon="-118.37945"/>
   <point lat="34.07626" lon="-118.3794"/>
   <point lat="34.07613" lon="-118.37932"/>
   <point lat="34.07582" lon="-118.37914"/>
   <point lat="34.0754" lon="-118.37888"/>
   <point lat="34.0749" lon="-118.37877"/>
  </path>
  <path>
   <point lat="34.07182" lon="-118.36125"/>
   <point lat="34.07418" lon="-118.36126"/>
   <point lat="34.07635" lon="-118.3613"/>
   <point lat="34.07849" lon="-118.36128"/>
   <point lat="34.08046" lon="-118.36129"/>
   <point lat="34.08364" lon="-118.36129"/>
   <point lat="34.08751" lon="-118.36129"/>
   <point lat="34.0908299" lon="-118.36147"/>
   <point lat="34.09096" lon="-118.3618"/>
  </path>
  <path>
   <point lat="34.14388" lon="-118.39522"/>
   <point lat="34.14459" lon="-118.39565"/>
   <point lat="34.14559" lon="-118.39602"/>
   <point lat="34.1458" lon="-118.39609"/>
   <point lat="34.14637" lon="-118.39631"/>
   <point lat="34.14673" lon="-118.39643"/>
   <point lat="34.14682" lon="-118.39644"/>
   <point lat="34.14687" lon="-118.39645"/>
   <point lat="34.1472" lon="-118.39646"/>
   <point lat="34.15037" lon="-118.39647"/>
   <point lat="34.15038" lon="-118.39426"/>
   <point lat="34.15036" lon="-118.39373"/>
   <point lat="34.15035" lon="-118.39365"/>
   <point lat="34.15035" lon="-118.39333"/>
   <point lat="34.15036" lon="-118.39313"/>
   <point lat="34.15036" lon="-118.39301"/>
   <point lat="34.1504" lon="-118.39243"/>
   <point lat="34.1504" lon="-118.39208"/>
   <point lat="34.15039" lon="-118.39194"/>
   <point lat="34.15038" lon="-118.39176"/>
   <point lat="34.15038" lon="-118.38772"/>
   <point lat="34.1454" lon="-118.38771"/>
   <point lat="34.14512" lon="-118.38767"/>
   <point lat="34.14454" lon="-118.38756"/>
   <point lat="34.14443" lon="-118.38755"/>
   <point lat="34.14426" lon="-118.38754"/>
   <point lat="34.14416" lon="-118.38753"/>
   <point lat="34.14376" lon="-118.38752"/>
   <point lat="34.14305" lon="-118.38756"/>
   <point lat="34.14205" lon="-118.38768"/>
   <point lat="34.14129" lon="-118.38771"/>
   <point lat="34.14153" lon="-118.38793"/>
   <point lat="34.14295" lon="-118.39103"/>
   <point lat="34.1435699" lon="-118.3927"/>
   <point lat="34.14364" lon="-118.39288"/>
   <point lat="34.14367" lon="-118.393"/>
   <point lat="34.1437" lon="-118.39318"/>
   <point lat="34.14372" lon="-118.39334"/>
   <point lat="34.14372" lon="-118.3936"/>
   <point lat="34.14358" lon="-118.39527"/>
   <point lat="34.14328" lon="-118.39532"/>
   <point lat="34.14108" lon="-118.39449"/>
   <point lat="34.1374" lon="-118.39314"/>
   <point lat="34.1343" lon="-118.39182"/>
   <point lat="34.13376" lon="-118.39169"/>
   <point lat="34.1332499" lon="-118.39104"/>
   <point lat="34.133" lon="-118.39069"/>
   <point lat="34.1328699" lon="-118.39047"/>
   <point lat="34.13279" lon="-118.39031"/>
   <point lat="34.1327" lon="-118.39011"/>
   <point lat="34.13263" lon="-118.38991"/>
   <point lat="34.13251" lon="-118.3895"/>
   <point lat="34.13247" lon="-118.38921"/>
   <point lat="34.13225" lon="-118.38652"/>
   <point lat="34.13221" lon="-118.38373"/>
   <point lat="34.13223" lon="-118.38362"/>
   <point lat="34.13225" lon="-118.38335"/>
   <point lat="34.13223" lon="-118.38314"/>
   <point lat="34.13219" lon="-118.38296"/>
   <point lat="34.13177" lon="-118.38158"/>
   <point lat="34.13173" lon="-118.38151"/>
   <point lat="34.13162" lon="-118.38133"/>
   <point lat="34.1312" lon="-118.38112"/>
   <point lat="34.13094" lon="-118.3807"/>
   <point lat="34.13053" lon="-118.38018"/>
   <point lat="34.1304" lon="-118.38001"/>
   <point lat="34.13035" lon="-118.37995"/>
   <point lat="34.13023" lon="-118.37983"/>
   <point lat="34.1301599" lon="-118.37978"/>
   <point lat="34.12842" lon="-118.37871"/>
   <point lat="34.12753" lon="-118.37902"/>
   <point lat="34.1274299" lon="-118.37909"/>
   <point lat="34.12721" lon="-118.37919"/>
   <point lat="34.1269" lon="-118.37923"/>
   <point lat="34.12669" lon="-118.37923"/>
   <point lat="34.12655" lon="-118.37924"/>
   <point lat="34.12646" lon="-118.37924"/>
   <point lat="34.12637" lon="-118.37921"/>
   <point lat="34.12608" lon="-118.37909"/>
   <point lat="34.12595" lon="-118.37904"/>
   <point lat="34.1257499" lon="-118.37893"/>
   <point lat="34.12567" lon="-118.37889"/>
   <point lat="34.1256" lon="-118.37883"/>
   <point lat="34.12549" lon="-118.37873"/>
   <point lat="34.12543" lon="-118.37865"/>
   <point lat="34.12531" lon="-118.37845"/>
   <point lat="34.1245" lon="-118.37657"/>
   <point lat="34.1244299" lon="-118.37638"/>
   <point lat="34.12365" lon="-118.37555"/>
  </path>
  <path>
   <point lat="34.0907" lon="-118.36172"/>
   <point lat="34.08878" lon="-118.36146"/>
   <point lat="34.08696" lon="-118.36159"/>
   <point lat="34.08356" lon="-118.36159"/>
   <point lat="34.07991" lon="-118.36159"/>
   <point lat="34.07794" lon="-118.36158"/>
   <point lat="34.07624" lon="-118.36157"/>
   <point lat="34.07411" lon="-118.36156"/>
   <point lat="34.07177" lon="-118.36156"/>
  </path>
  <path>
   <point lat="34.09096" lon="-118.3618"/>
   <point lat="34.0908" lon="-118.36485"/>
   <point lat="34.09091" lon="-118.36575"/>
   <point lat="34.09153" lon="-118.36592"/>
   <point lat="34.09427" lon="-118.36581"/>
   <point lat="34.09748" lon="-118.36585"/>
   <point lat="34.09784" lon="-118.36557"/>
  </path>
  <path>
   <point lat="34.14407" lon="-118.39379"/>
   <point lat="34.14372" lon="-118.39334"/>
   <point lat="34.14372" lon="-118.3936"/>
   <point lat="34.14358" lon="-118.39527"/>
   <point lat="34.14328" lon="-118.39532"/>
   <point lat="34.14108" lon="-118.39449"/>
   <point lat="34.1374" lon="-118.39314"/>
   <point lat="34.1343" lon="-118.39182"/>
   <point lat="34.13376" lon="-118.39169"/>
   <point lat="34.1332499" lon="-118.39104"/>
   <point lat="34.133" lon="-118.39069"/>
   <point lat="34.1328699" lon="-118.39047"/>
   <point lat="34.13279" lon="-118.39031"/>
   <point lat="34.1327" lon="-118.39011"/>
   <point lat="34.13263" lon="-118.38991"/>
   <point lat="34.13251" lon="-118.3895"/>
   <point lat="34.13247" lon="-118.38921"/>
   <point lat="34.13225" lon="-118.38652"/>
   <point lat="34.13221" lon="-118.38373"/>
   <point lat="34.13223" lon="-118.38362"/>
   <point lat="34.13225" lon="-118.38335"/>
   <point lat="34.13223" lon="-118.38314"/>
   <point lat="34.13219" lon="-118.38296"/>
   <point lat="34.13177" lon="-118.38158"/>
   <point lat="34.13173" lon="-118.38151"/>
   <point lat="34.13162" lon="-118.38133"/>
   <point lat="34.1312" lon="-118.38112"/>
   <point lat="34.13094" lon="-118.3807"/>
   <point lat="34.13053" lon="-118.38018"/>
   <point lat="34.1304" lon="-118.38001"/>
   <point lat="34.13035" lon="-118.37995"/>
   <point lat="34.13023" lon="-118.37983"/>
   <point lat="34.1301599" lon="-118.37978"/>
   <point lat="34.12842" lon="-118.37871"/>
   <point lat="34.12753" lon="-118.37902"/>
   <point lat="34.1274299" lon="-118.37909"/>
   <point lat="34.12721" lon="-118.37919"/>
   <point lat="34.1269" lon="-118.37923"/>
   <point lat="34.12669" lon="-118.37923"/>
   <point lat="34.12655" lon="-118.37924"/>
   <point lat="34.12646" lon="-118.37924"/>
   <point lat="34.12637" lon="-118.37921"/>
   <point lat="34.12608" lon="-118.37909"/>
   <point lat="34.12595" lon="-118.37904"/>
   <point lat="34.1257499" lon="-118.37893"/>
   <point lat="34.12567" lon="-118.37889"/>
   <point lat="34.1256" lon="-118.37883"/>
   <point lat="34.12549" lon="-118.37873"/>
   <point lat="34.12543" lon="-118.37865"/>
   <point lat="34.12531" lon="-118.37845"/>
   <point lat="34.1245" lon="-118.37657"/>
   <point lat="34.1244299" lon="-118.37638"/>
   <point lat="34.12365" lon="-118.37555"/>
  </path>
  <path>
   <point lat="34.12365" lon="-118.37555"/>
   <point lat="34.12317" lon="-118.37513"/>
   <point lat="34.1231" lon="-118.37507"/>
   <point lat="34.1230199" lon="-118.37496"/>
   <point lat="34.12301" lon="-118.37491"/>
   <point lat="34.12298" lon="-118.37483"/>
   <point lat="34.12296" lon="-118.3748"/>
   <point lat="34.12289" lon="-118.37471"/>
   <point lat="34.12269" lon="-118.37452"/>
   <point lat="34.1226399" lon="-118.37446"/>
   <point lat="34.12254" lon="-118.37432"/>
   <point lat="34.1225" lon="-118.37428"/>
   <point lat="34.12244" lon="-118.37424"/>
   <point lat="34.12235" lon="-118.37424"/>
   <point lat="34.12213" lon="-118.37427"/>
   <point lat="34.12202" lon="-118.37426"/>
   <point lat="34.12196" lon="-118.37424"/>
   <point lat="34.12192" lon="-118.37422"/>
   <point lat="34.12189" lon="-118.37418"/>
   <point lat="34.12186" lon="-118.37415"/>
   <point lat="34.12177" lon="-118.37403"/>
   <point lat="34.12173" lon="-118.37397"/>
   <point lat="34.12168" lon="-118.37388"/>
   <point lat="34.12162" lon="-118.37371"/>
   <point lat="34.1216" lon="-118.37362"/>
   <point lat="34.12159" lon="-118.37353"/>
   <point lat="34.12159" lon="-118.37339"/>
   <point lat="34.12158" lon="-118.37322"/>
   <point lat="34.12156" lon="-118.37312"/>
   <point lat="34.12155" lon="-118.37308"/>
   <point lat="34.1215" lon="-118.373"/>
   <point lat="34.12144" lon="-118.37293"/>
   <point lat="34.12139" lon="-118.37289"/>
   <point lat="34.12133" lon="-118.37285"/>
   <point lat="34.12125" lon="-118.37283"/>
   <point lat="34.12117" lon="-118.37282"/>
   <point lat="34.12111" lon="-118.37282"/>
   <point lat="34.1210499" lon="-118.37284"/>
   <point lat="34.1209599" lon="-118.37289"/>
   <point lat="34.12088" lon="-118.37296"/>
   <point lat="34.12085" lon="-118.37299"/>
   <point lat="34.12074" lon="-118.37318"/>
   <point lat="34.12057" lon="-118.37358"/>
   <point lat="34.12053" lon="-118.37362"/>
   <point lat="34.12044" lon="-118.37386"/>
   <point lat="34.12042" lon="-118.37394"/>
   <point lat="34.12042" lon="-118.37453"/>
   <point lat="34.1203999" lon="-118.37463"/>
   <point lat="34.12036" lon="-118.37477"/>
   <point lat="34.12031" lon="-118.37488"/>
   <point lat="34.11965" lon="-118.3755"/>
   <point lat="34.11962" lon="-118.37553"/>
   <point lat="34.11958" lon="-118.3756"/>
   <point lat="34.11949" lon="-118.37566"/>
   <point lat="34.1194" lon="-118.3757"/>
   <point lat="34.11931" lon="-118.37571"/>
   <point lat="34.11916" lon="-118.37572"/>
   <point lat="34.11911" lon="-118.3757"/>
   <point lat="34.11903" lon="-118.37567"/>
   <point lat="34.11884" lon="-118.37564"/>
   <point lat="34.11871" lon="-118.37564"/>
   <point lat="34.11863" lon="-118.37566"/>
   <point lat="34.11848" lon="-118.37574"/>
   <point lat="34.11838" lon="-118.37575"/>
   <point lat="34.11825" lon="-118.37573"/>
   <point lat="34.1181399" lon="-118.37569"/>
   <point lat="34.1181" lon="-118.37567"/>
   <point lat="34.11807" lon="-118.37564"/>
   <point lat="34.118" lon="-118.3756"/>
   <point lat="34.11785" lon="-118.37556"/>
   <point lat="34.1176" lon="-118.37546"/>
   <point lat="34.11745" lon="-118.37538"/>
   <point lat="34.11737" lon="-118.37532"/>
   <point lat="34.11703" lon="-118.37509"/>
   <point lat="34.1169" lon="-118.37504"/>
   <point lat="34.11669" lon="-118.37492"/>
   <point lat="34.11656" lon="-118.37487"/>
   <point lat="34.11497" lon="-118.37435"/>
   <point lat="34.11318" lon="-118.37366"/>
   <point lat="34.11303" lon="-118.37373"/>
   <point lat="34.11297" lon="-118.37374"/>
   <point lat="34.11286" lon="-118.37374"/>
   <point lat="34.11271" lon="-118.37373"/>
   <point lat="34.11262" lon="-118.3737"/>
   <point lat="34.11254" lon="-118.37367"/>
   <point lat="34.11207" lon="-118.37341"/>
   <point lat="34.11201" lon="-118.37338"/>
   <point lat="34.11193" lon="-118.37335"/>
   <point lat="34.11184" lon="-118.37333"/>
   <point lat="34.11169" lon="-118.37331"/>
   <point lat="34.11122" lon="-118.37329"/>
   <point lat="34.11099" lon="-118.37327"/>
   <point lat="34.11075" lon="-118.37326"/>
   <point lat="34.1106399" lon="-118.37324"/>
   <point lat="34.11039" lon="-118.37315"/>
   <point lat="34.1103" lon="-118.37308"/>
   <point lat="34.11028" lon="-118.37305"/>
   <point lat="34.11025" lon="-118.37295"/>
   <point lat="34.11024" lon="-118.37278"/>
   <point lat="34.1102599" lon="-118.37256"/>
   <point lat="34.11025" lon="-118.37247"/>
   <point lat="34.11021" lon="-118.37239"/>
   <point lat="34.11016" lon="-118.3723"/>
   <point lat="34.11006" lon="-118.37221"/>
   <point lat="34.11003" lon="-118.37217"/>
   <point lat="34.11002" lon="-118.37211"/>
   <point lat="34.11002" lon="-118.37174"/>
   <point lat="34.11001" lon="-118.37167"/>
   <point lat="34.10999" lon="-118.37158"/>
   <point lat="34.1099699" lon="-118.37152"/>
   <point lat="34.10991" lon="-118.37143"/>
   <point lat="34.1098799" lon="-118.3714"/>
   <point lat="34.10983" lon="-118.37137"/>
   <point lat="34.10969" lon="-118.37132"/>
   <point lat="34.10964" lon="-118.3713"/>
   <point lat="34.10959" lon="-118.37124"/>
   <point lat="34.10956" lon="-118.37114"/>
   <point lat="34.10964" lon="-118.37042"/>
   <point lat="34.10962" lon="-118.37037"/>
   <point lat="34.10956" lon="-118.37024"/>
   <point lat="34.10952" lon="-118.3702"/>
   <point lat="34.10949" lon="-118.37018"/>
   <point lat="34.10935" lon="-118.37007"/>
   <point lat="34.10928" lon="-118.37002"/>
   <point lat="34.10907" lon="-118.3699"/>
   <point lat="34.10891" lon="-118.36977"/>
   <point lat="34.10888" lon="-118.36973"/>
   <point lat="34.10886" lon="-118.3697"/>
   <point lat="34.10872" lon="-118.36939"/>
   <point lat="34.10859" lon="-118.36903"/>
   <point lat="34.10843" lon="-118.36852"/>
   <point lat="34.10834" lon="-118.36817"/>
   <point lat="34.10831" lon="-118.36807"/>
   <point lat="34.1082899" lon="-118.36803"/>
   <point lat="34.10825" lon="-118.36799"/>
   <point lat="34.1081999" lon="-118.36795"/>
   <point lat="34.10814" lon="-118.36792"/>
   <point lat="34.10803" lon="-118.36791"/>
   <point lat="34.10774" lon="-118.36791"/>
   <point lat="34.10766" lon="-118.3679"/>
   <point lat="34.1076" lon="-118.36788"/>
   <point lat="34.1073499" lon="-118.36772"/>
   <point lat="34.10719" lon="-118.36767"/>
   <point lat="34.10713" lon="-118.36766"/>
   <point lat="34.10692" lon="-118.36764"/>
   <point lat="34.10672" lon="-118.3676"/>
   <point lat="34.10659" lon="-118.36752"/>
   <point lat="34.1063199" lon="-118.36725"/>
   <point lat="34.10621" lon="-118.36715"/>
   <point lat="34.10616" lon="-118.36711"/>
   <point lat="34.1060299" lon="-118.36703"/>
   <point lat="34.10592" lon="-118.36698"/>
   <point lat="34.1058" lon="-118.36695"/>
   <point lat="34.10566" lon="-118.36695"/>
   <point lat="34.10551" lon="-118.36698"/>
   <point lat="34.1054" lon="-118.36699"/>
   <point lat="34.1052" lon="-118.36698"/>
   <point lat="34.10513" lon="-118.36697"/>
   <point lat="34.1050899" lon="-118.36695"/>
   <point lat="34.10499" lon="-118.36686"/>
   <point lat="34.10486" lon="-118.36671"/>
   <point lat="34.10463" lon="-118.36643"/>
   <point lat="34.10448" lon="-118.36633"/>
   <point lat="34.10441" lon="-118.36629"/>
   <point lat="34.10428" lon="-118.36623"/>
   <point lat="34.1040599" lon="-118.36614"/>
   <point lat="34.10373" lon="-118.36603"/>
   <point lat="34.10299" lon="-118.36583"/>
   <point lat="34.10269" lon="-118.36573"/>
   <point lat="34.10212" lon="-118.36552"/>
   <point lat="34.10199" lon="-118.36546"/>
   <point lat="34.10195" lon="-118.36542"/>
   <point lat="34.1016" lon="-118.36556"/>
   <point lat="34.10111" lon="-118.36541"/>
   <point lat="34.0981499" lon="-118.36579"/>
  </path>
 </route>
</body>