<?xml version="1.0" encoding="utf-8"?>
<body copyright="All data copyright Los Angeles Metro 2022.">
 <route color="df4600" latMax="34.1503099" latMin="33.8472399" lonMax="-118.06408" lonMin="-118.1431099" oppositeColor="ffffff" tag="266" title="266 S Madre Villa Sta-Lakewood Ctr Mall">
  <stop lat="34.1503099" lon="-118.0737" stopId="01441" tag="1441" title="Foothill / Rosemead"/>
  <stop lat="33.9357999" lon="-118.12368" stopId="01913" tag="1913" title="Lakewood / Firestone"/>
  <stop lat="34.1038999" lon="-118.07337" stopId="02381" tag="2381" title="Rosemead / Las Tunas"/>
  <stop lat="34.01092" lon="-118.0806399" stopId="02386" tag="2386" title="Rosemead / Beverly Bl"/>
  <stop lat="33.8472399" lon="-118.14297" stopId="02510" tag="2510" title="Del Amo / Lakewood"/>
  <stop lat="33.9132199" lon="-118.14043" stopId="02804" tag="2804" title="Lakewood Blvd Station"/>
  <stop lat="33.91672" lon="-118.1377299" stopId="02805" tag="2805" title="Lakewood / Imperial"/>
  <stop lat="34.11987" lon="-118.07266" stopId="03846" tag="3846" title="Rosemead / Ardendale"/>
  <stop lat="34.1465699" lon="-118.0732199" stopId="03848" tag="3848" title="Rosemead / Colorado"/>
  <stop lat="34.12286" lon="-118.07276" stopId="03849" tag="3849" title="Rosemead / Duarte"/>
  <stop lat="34.12758" lon="-118.07296" stopId="03850" tag="3850" title="Rosemead / Fairview"/>
  <stop lat="34.1248399" lon="-118.0728999" stopId="03851" tag="3851" title="Rosemead / Greenwood"/>
  <stop lat="34.1138199" lon="-118.0734699" stopId="03855" tag="3855" title="Rosemead / Longden"/>
  <stop lat="34.0959799" lon="-118.0732599" stopId="04604" tag="4604" title="Rosemead / Sereno"/>
  <stop lat="34.09931" lon="-118.0733" stopId="04605" tag="4605" title="Rosemead / Broadway"/>
  <stop lat="34.11716" lon="-118.0729899" stopId="04607" tag="4607" title="Rosemead / Emperor"/>
  <stop lat="34.1092" lon="-118.07345" stopId="04608" tag="4608" title="Rosemead / Garibaldi"/>
  <stop lat="34.10619" lon="-118.0734" stopId="04609" tag="4609" title="Rosemead / Hermosa"/>
  <stop lat="34.0874499" lon="-118.07318" stopId="04611" tag="4611" title="Rosemead / Lower Azusa"/>
  <stop lat="34.08413" lon="-118.07311" stopId="04614" tag="4614" title="Rosemead / Mission"/>
  <stop lat="34.09365" lon="-118.07322" stopId="04615" tag="4615" title="Rosemead / Pentland"/>
  <stop lat="34.1425999" lon="-118.0731799" stopId="05443" tag="5443" title="Rosemead / Del Mar"/>
  <stop lat="34.1349299" lon="-118.0730799" stopId="05444" tag="5444" title="Rosemead / California"/>
  <stop lat="34.1307799" lon="-118.0729999" stopId="05445" tag="5445" title="Rosemead / Huntington"/>
  <stop lat="34.13728" lon="-118.07311" stopId="05446" tag="5446" title="Rosemead / Laurita"/>
  <stop lat="33.9607199" lon="-118.11007" stopId="06474" tag="6474" title="Lakewood / Telegraph"/>
  <stop lat="34.0016899" lon="-118.08361" stopId="08307" tag="8307" title="Rosemead / Whittier"/>
  <stop lat="33.8968" lon="-118.14256" stopId="09338" tag="9338" title="Lakewood / Somerset"/>
  <stop lat="33.9472599" lon="-118.11712" stopId="10527" tag="10527" title="Lakewood / Florence"/>
  <stop lat="34.07594" lon="-118.07289" stopId="11670" tag="11670" title="Rosemead / Marshall"/>
  <stop lat="34.0593599" lon="-118.06415" stopId="12331" tag="12331" title="Rosemead / Fern"/>
  <stop lat="34.05572" lon="-118.06414" stopId="12334" tag="12334" title="Rosemead / Klingerman"/>
  <stop lat="34.0520299" lon="-118.0641199" stopId="12336" tag="12336" title="Rosemead / Rush"/>
  <stop lat="34.0624899" lon="-118.06513" stopId="13062" tag="13062" title="Rosemead / Garvey"/>
  <stop lat="34.0781099" lon="-118.07294" stopId="13071" tag="13071" title="Rosemead / Ralph"/>
  <stop lat="34.0811199" lon="-118.0730299" stopId="13076" tag="13076" title="Rosemead / Valley"/>
  <stop lat="34.0656099" lon="-118.0678799" stopId="14010" tag="14010" title="Rosemead / Whitmore"/>
  <stop lat="33.8750399" lon="-118.1424" stopId="17024" tag="17024" title="Lakewood / Artesia"/>
  <stop lat="33.9040699" lon="-118.14272" stopId="17026" tag="17026" title="Lakewood / Rosecrans"/>
  <stop lat="33.8499599" lon="-118.14267" stopId="17786" tag="17786" title="Lakewood / Hardwick"/>
  <stop lat="33.85416" lon="-118.14229" stopId="17787" tag="17787" title="Lakewood / Candlewood"/>
  <stop lat="33.8575199" lon="-118.1422999" stopId="17789" tag="17789" title="Lakewood / Michelson"/>
  <stop lat="33.8605499" lon="-118.1423199" stopId="17791" tag="17791" title="Lakewood / South"/>
  <stop lat="33.8639899" lon="-118.1423399" stopId="17793" tag="17793" title="Lakewood / Hedda"/>
  <stop lat="33.86804" lon="-118.14237" stopId="17795" tag="17795" title="Lakewood / Ashworth"/>
  <stop lat="33.8710099" lon="-118.1423799" stopId="17797" tag="17797" title="Lakewood / Cedar"/>
  <stop lat="33.87865" lon="-118.14246" stopId="17799" tag="17799" title="Lakewood / Park"/>
  <stop lat="33.8818699" lon="-118.1424799" stopId="17811" tag="17811" title="Lakewood / Flower"/>
  <stop lat="33.88717" lon="-118.14251" stopId="17813" tag="17813" title="Lakewood / Los Angeles"/>
  <stop lat="33.8895599" lon="-118.1425199" stopId="17815" tag="17815" title="Lakewood / Alondra"/>
  <stop lat="33.8922999" lon="-118.1425299" stopId="17817" tag="17817" title="Lakewood / Hegel"/>
  <stop lat="33.89457" lon="-118.14255" stopId="17819" tag="17819" title="Lakewood / Paseo"/>
  <stop lat="33.90147" lon="-118.14266" stopId="17822" tag="17822" title="Lakewood / Paramount"/>
  <stop lat="33.90778" lon="-118.1428" stopId="17824" tag="17824" title="Lakewood / Pepperwood"/>
  <stop lat="33.9102899" lon="-118.14242" stopId="17826" tag="17826" title="Lakewood / Gardendale"/>
  <stop lat="33.9200299" lon="-118.13519" stopId="17828" tag="17828" title="Lakewood / Rose"/>
  <stop lat="33.92337" lon="-118.1327599" stopId="17830" tag="17830" title="Lakewood / Alameda"/>
  <stop lat="33.9279499" lon="-118.12938" stopId="17832" tag="17832" title="Lakewood / Stewart And Gray"/>
  <stop lat="33.93028" lon="-118.1276899" stopId="17834" tag="17834" title="Lakewood / Buckles"/>
  <stop lat="33.93301" lon="-118.1256599" stopId="17836" tag="17836" title="Lakewood / Bellflower"/>
  <stop lat="33.93888" lon="-118.1218299" stopId="17838" tag="17838" title="Lakewood / Cecilia"/>
  <stop lat="33.9430199" lon="-118.11936" stopId="17840" tag="17840" title="Lakewood / Cherokee"/>
  <stop lat="33.95072" lon="-118.1153199" stopId="17843" tag="17843" title="Lakewood / Lubec"/>
  <stop lat="33.95454" lon="-118.1133299" stopId="17845" tag="17845" title="Lakewood / Gallatin"/>
  <stop lat="33.96385" lon="-118.1084199" stopId="17847" tag="17847" title="Rosemead / Terradell"/>
  <stop lat="33.96809" lon="-118.1061899" stopId="17849" tag="17849" title="Rosemead / Aero"/>
  <stop lat="33.9704599" lon="-118.10507" stopId="17851" tag="17851" title="Rosemead / Slauson"/>
  <stop lat="33.9776299" lon="-118.10097" stopId="17853" tag="17853" title="Rosemead / Rex"/>
  <stop lat="33.98" lon="-118.0992299" stopId="17855" tag="17855" title="Rosemead / Danbridge"/>
  <stop lat="33.9833599" lon="-118.09678" stopId="17857" tag="17857" title="Rosemead / Washington"/>
  <stop lat="33.9868799" lon="-118.09413" stopId="17859" tag="17859" title="Rosemead / Coffman Pico"/>
  <stop lat="33.99189" lon="-118.0900399" stopId="17861" tag="17861" title="Rosemead / Mines"/>
  <stop lat="33.9957799" lon="-118.0856" stopId="17863" tag="17863" title="Rosemead / Havenwood"/>
  <stop lat="34.0077599" lon="-118.08166" stopId="17865" tag="17865" title="Rosemead / Beverly Rd"/>
  <stop lat="34.0137499" lon="-118.07974" stopId="17869" tag="17869" title="Rosemead / Las Posas"/>
  <stop lat="34.01682" lon="-118.0787799" stopId="17871" tag="17871" title="Rosemead / Gallatin"/>
  <stop lat="34.0287199" lon="-118.0677" stopId="17873" tag="17873" title="Rosemead / San Gabriel"/>
  <stop lat="34.04749" lon="-118.06408" stopId="17877" tag="17877" title="1601 Rosemead"/>
  <stop lat="34.1484499" lon="-118.08092" tag="140940_ar" title="Sierra Madre Villa Station"/>
  <stop lat="34.13074" lon="-118.07332" stopId="00739" tag="739" title="Rosemead / Huntington"/>
  <stop lat="34.09862" lon="-118.0736" stopId="02392" tag="2392" title="Rosemead / Broadway"/>
  <stop lat="33.9167299" lon="-118.13807" stopId="02639" tag="2639" title="Lakewood / Imperial"/>
  <stop lat="34.15001" lon="-118.0790599" stopId="03589" tag="3589" title="Foothill / Halstead"/>
  <stop lat="34.0592" lon="-118.0644399" stopId="03852" tag="3852" title="Rosemead / Fern"/>
  <stop lat="34.05558" lon="-118.0644399" stopId="03854" tag="3854" title="Rosemead / Klingerman"/>
  <stop lat="34.0628999" lon="-118.06567" stopId="04606" tag="4606" title="Rosemead / Garvey"/>
  <stop lat="34.07536" lon="-118.0732" stopId="04612" tag="4612" title="Rosemead / Marshall"/>
  <stop lat="34.07743" lon="-118.07323" stopId="04616" tag="4616" title="Rosemead / Ralph"/>
  <stop lat="34.0003099" lon="-118.08418" stopId="08308" tag="8308" title="Rosemead / Whittier"/>
  <stop lat="34.13438" lon="-118.07338" stopId="09828" tag="9828" title="Rosemead / California"/>
  <stop lat="33.9358299" lon="-118.124" stopId="11293" tag="11293" title="Lakewood / Firestone"/>
  <stop lat="33.9130799" lon="-118.14089" stopId="11294" tag="11294" title="Lakewood Blvd Station"/>
  <stop lat="34.1201599" lon="-118.0729499" stopId="12324" tag="12324" title="Rosemead / Ardendale"/>
  <stop lat="34.14602" lon="-118.0735299" stopId="12325" tag="12325" title="Rosemead / Colorado"/>
  <stop lat="34.12271" lon="-118.07306" stopId="12326" tag="12326" title="Rosemead / Duarte"/>
  <stop lat="34.12744" lon="-118.07326" stopId="12327" tag="12327" title="Rosemead / Fairview"/>
  <stop lat="34.1497899" lon="-118.0735199" stopId="12328" tag="12328" title="Rosemead / Foothill"/>
  <stop lat="34.1246899" lon="-118.0731999" stopId="12330" tag="12330" title="Rosemead / Greenwood"/>
  <stop lat="34.1132799" lon="-118.0737999" stopId="12335" tag="12335" title="Rosemead / Longden"/>
  <stop lat="34.0935099" lon="-118.0735299" stopId="13059" tag="13059" title="Rosemead / Pentland"/>
  <stop lat="34.0966699" lon="-118.0735799" stopId="13060" tag="13060" title="5343 Rosemead"/>
  <stop lat="34.0805599" lon="-118.0733199" stopId="13063" tag="13063" title="Rosemead / Valley"/>
  <stop lat="34.1170599" lon="-118.07331" stopId="13064" tag="13064" title="Rosemead / Emperor"/>
  <stop lat="34.1094699" lon="-118.0737599" stopId="13065" tag="13065" title="Rosemead / Garibaldi"/>
  <stop lat="34.10646" lon="-118.07371" stopId="13066" tag="13066" title="Rosemead / Hermosa"/>
  <stop lat="34.1033399" lon="-118.07367" stopId="13067" tag="13067" title="Rosemead / Las Tunas"/>
  <stop lat="34.0868999" lon="-118.0734699" stopId="13068" tag="13068" title="Rosemead / Lower Azusa"/>
  <stop lat="34.0840699" lon="-118.0734099" stopId="13070" tag="13070" title="Rosemead / Mission"/>
  <stop lat="34.138" lon="-118.07341" stopId="13072" tag="13072" title="Rosemead / San Pasqual"/>
  <stop lat="34.14246" lon="-118.07348" stopId="13844" tag="13844" title="Rosemead / Del Mar"/>
  <stop lat="34.06549" lon="-118.06816" stopId="13979" tag="13979" title="Rosemead / Whitmore"/>
  <stop lat="33.8749499" lon="-118.14271" stopId="17025" tag="17025" title="Lakewood / Artesia"/>
  <stop lat="33.9035099" lon="-118.14301" stopId="17027" tag="17027" title="Lakewood / Rosecrans"/>
  <stop lat="33.9608299" lon="-118.11035" stopId="17029" tag="17029" title="Lakewood / Telegraph"/>
  <stop lat="33.8499599" lon="-118.14267" tag="17786_ar" title="Lakewood / Hardwick"/>
  <stop lat="33.85322" lon="-118.1426099" stopId="17788" tag="17788" title="Lakewood / Candlewood"/>
  <stop lat="33.8570499" lon="-118.1426" stopId="17790" tag="17790" title="Lakewood / Michelson"/>
  <stop lat="33.86041" lon="-118.14263" stopId="17792" tag="17792" title="Lakewood / South"/>
  <stop lat="33.8638499" lon="-118.1426499" stopId="17794" tag="17794" title="Lakewood / Hedda"/>
  <stop lat="33.86799" lon="-118.14267" stopId="17796" tag="17796" title="Lakewood / Ashworth"/>
  <stop lat="33.87128" lon="-118.14269" stopId="17798" tag="17798" title="Lakewood / Cedar"/>
  <stop lat="33.8785099" lon="-118.1427599" stopId="17810" tag="17810" title="Lakewood / Park"/>
  <stop lat="33.88173" lon="-118.14278" stopId="17812" tag="17812" title="Lakewood / Flower"/>
  <stop lat="33.8865699" lon="-118.1428099" stopId="17814" tag="17814" title="Lakewood / Olive"/>
  <stop lat="33.8890099" lon="-118.1428199" stopId="17816" tag="17816" title="Lakewood / Alondra"/>
  <stop lat="33.8920799" lon="-118.1428399" stopId="17818" tag="17818" title="Lakewood / Vans"/>
  <stop lat="33.8947999" lon="-118.14284" stopId="17820" tag="17820" title="Lakewood / Paseo"/>
  <stop lat="33.8962499" lon="-118.1428599" stopId="17821" tag="17821" title="Lakewood / Somerset"/>
  <stop lat="33.9013199" lon="-118.1429599" stopId="17823" tag="17823" title="Lakewood / Paramount"/>
  <stop lat="33.9076599" lon="-118.1431099" stopId="17825" tag="17825" title="Lakewood / Deming"/>
  <stop lat="33.9106999" lon="-118.14254" stopId="17827" tag="17827" title="Lakewood / Gardendale"/>
  <stop lat="33.9204" lon="-118.1353299" stopId="17829" tag="17829" title="Lakewood / Donovan"/>
  <stop lat="33.92339" lon="-118.1330999" stopId="17831" tag="17831" title="Lakewood / Alameda"/>
  <stop lat="33.92796" lon="-118.1297299" stopId="17833" tag="17833" title="Lakewood / Stewart And Gray"/>
  <stop lat="33.93096" lon="-118.1275399" stopId="17835" tag="17835" title="Lakewood / Cleta"/>
  <stop lat="33.9332099" lon="-118.12587" stopId="17837" tag="17837" title="Lakewood / Bellflower"/>
  <stop lat="33.93924" lon="-118.1219299" stopId="17839" tag="17839" title="Lakewood / 5th"/>
  <stop lat="33.94338" lon="-118.1194999" stopId="17841" tag="17841" title="Lakewood / Cherokee"/>
  <stop lat="33.9472999" lon="-118.11743" stopId="17842" tag="17842" title="Lakewood / Florence"/>
  <stop lat="33.9511699" lon="-118.11542" stopId="17844" tag="17844" title="Lakewood / Lubec"/>
  <stop lat="33.95457" lon="-118.1136499" stopId="17846" tag="17846" title="Lakewood / Gallatin"/>
  <stop lat="33.9635199" lon="-118.10892" stopId="17848" tag="17848" title="Rosemead / Terradell"/>
  <stop lat="33.9677599" lon="-118.10669" stopId="17850" tag="17850" title="Rosemead / Aero"/>
  <stop lat="33.9711999" lon="-118.10507" stopId="17852" tag="17852" title="Rosemead / Slauson"/>
  <stop lat="33.9775799" lon="-118.10136" stopId="17854" tag="17854" title="Rosemead / Rex"/>
  <stop lat="33.9803699" lon="-118.09931" stopId="17856" tag="17856" title="Rosemead / Danbridge"/>
  <stop lat="33.9830299" lon="-118.09739" stopId="17858" tag="17858" title="Rosemead / Washington"/>
  <stop lat="33.9868899" lon="-118.09447" stopId="17860" tag="17860" title="Rosemead / Coffman Pico"/>
  <stop lat="33.9922599" lon="-118.08998" stopId="17862" tag="17862" title="Rosemead / Mines"/>
  <stop lat="33.9961499" lon="-118.0857" stopId="17864" tag="17864" title="Rosemead / Manzanar"/>
  <stop lat="34.0076999" lon="-118.082" stopId="17866" tag="17866" title="Rosemead / Beverly Rd"/>
  <stop lat="34.01032" lon="-118.0811499" stopId="17868" tag="17868" title="Rosemead / Beverly Bl"/>
  <stop lat="34.01368" lon="-118.0800799" stopId="17870" tag="17870" title="Rosemead / Las Posas"/>
  <stop lat="34.0167699" lon="-118.07912" stopId="17872" tag="17872" title="Rosemead / Gallatin"/>
  <stop lat="34.02876" lon="-118.0680199" stopId="17874" tag="17874" title="Rosemead / San Gabriel"/>
  <stop lat="34.0474799" lon="-118.0643999" stopId="17878" tag="17878" title="1601 Rosemead"/>
  <stop lat="34.05153" lon="-118.06444" stopId="17879" tag="17879" title="Rosemead / Rush"/>
  <stop lat="34.1499799" lon="-118.08218" stopId="125460" tag="125460" title="Foothill / Sierra Madre Villa"/>
  <stop lat="34.1484499" lon="-118.08092" stopId="140940" tag="140940" title="Sierra Madre Villa Station"/>
  <direction name="South" tag="266_26_1" title="South to Lakewood Center" useForUI="true">
   <stop tag="140940"/>
   <stop tag="125460"/>
   <stop tag="3589"/>
   <stop tag="12328"/>
   <stop tag="12325"/>
   <stop tag="13844"/>
   <stop tag="13072"/>
   <stop tag="9828"/>
   <stop tag="739"/>
   <stop tag="12327"/>
   <stop tag="12330"/>
   <stop tag="12326"/>
   <stop tag="12324"/>
   <stop tag="13064"/>
   <stop tag="12335"/>
   <stop tag="13065"/>
   <stop tag="13066"/>
   <stop tag="13067"/>
   <stop tag="2392"/>
   <stop tag="13060"/>
   <stop tag="13059"/>
   <stop tag="13068"/>
   <stop tag="13070"/>
   <stop tag="13063"/>
   <stop tag="4616"/>
   <stop tag="4612"/>
   <stop tag="13979"/>
   <stop tag="4606"/>
   <stop tag="3852"/>
   <stop tag="3854"/>
   <stop tag="17879"/>
   <stop tag="17878"/>
   <stop tag="17874"/>
   <stop tag="17872"/>
   <stop tag="17870"/>
   <stop tag="17868"/>
   <stop tag="17866"/>
   <stop tag="8308"/>
   <stop tag="17864"/>
   <stop tag="17862"/>
   <stop tag="17860"/>
   <stop tag="17858"/>
   <stop tag="17856"/>
   <stop tag="17854"/>
   <stop tag="17852"/>
   <stop tag="17850"/>
   <stop tag="17848"/>
   <stop tag="17029"/>
   <stop tag="17846"/>
   <stop tag="17844"/>
   <stop tag="17842"/>
   <stop tag="17841"/>
   <stop tag="17839"/>
   <stop tag="11293"/>
   <stop tag="17837"/>
   <stop tag="17835"/>
   <stop tag="17833"/>
   <stop tag="17831"/>
   <stop tag="17829"/>
   <stop tag="2639"/>
   <stop tag="11294"/>
   <stop tag="17827"/>
   <stop tag="17825"/>
   <stop tag="17027"/>
   <stop tag="17823"/>
   <stop tag="17821"/>
   <stop tag="17820"/>
   <stop tag="17818"/>
   <stop tag="17816"/>
   <stop tag="17814"/>
   <stop tag="17812"/>
   <stop tag="17810"/>
   <stop tag="17025"/>
   <stop tag="17798"/>
   <stop tag="17796"/>
   <stop tag="17794"/>
   <stop tag="17792"/>
   <stop tag="17790"/>
   <stop tag="17788"/>
   <stop tag="17786_ar"/>
  </direction>
  <direction name="North" tag="266_27_0" title="North to Sierra Madre Villa Station" useForUI="true">
   <stop tag="17786"/>
   <stop tag="2510"/>
   <stop tag="17787"/>
   <stop tag="17789"/>
   <stop tag="17791"/>
   <stop tag="17793"/>
   <stop tag="17795"/>
   <stop tag="17797"/>
   <stop tag="17024"/>
   <stop tag="17799"/>
   <stop tag="17811"/>
   <stop tag="17813"/>
   <stop tag="17815"/>
   <stop tag="17817"/>
   <stop tag="17819"/>
   <stop tag="9338"/>
   <stop tag="17822"/>
   <stop tag="17026"/>
   <stop tag="17824"/>
   <stop tag="17826"/>
   <stop tag="2804"/>
   <stop tag="2805"/>
   <stop tag="17828"/>
   <stop tag="17830"/>
   <stop tag="17832"/>
   <stop tag="17834"/>
   <stop tag="17836"/>
   <stop tag="1913"/>
   <stop tag="17838"/>
   <stop tag="17840"/>
   <stop tag="10527"/>
   <stop tag="17843"/>
   <stop tag="17845"/>
   <stop tag="6474"/>
   <stop tag="17847"/>
   <stop tag="17849"/>
   <stop tag="17851"/>
   <stop tag="17853"/>
   <stop tag="17855"/>
   <stop tag="17857"/>
   <stop tag="17859"/>
   <stop tag="17861"/>
   <stop tag="17863"/>
   <stop tag="8307"/>
   <stop tag="17865"/>
   <stop tag="2386"/>
   <stop tag="17869"/>
   <stop tag="17871"/>
   <stop tag="17873"/>
   <stop tag="17877"/>
   <stop tag="12336"/>
   <stop tag="12334"/>
   <stop tag="12331"/>
   <stop tag="13062"/>
   <stop tag="14010"/>
   <stop tag="11670"/>
   <stop tag="13071"/>
   <stop tag="13076"/>
   <stop tag="4614"/>
   <stop tag="4611"/>
   <stop tag="4615"/>
   <stop tag="4604"/>
   <stop tag="4605"/>
   <stop tag="2381"/>
   <stop tag="4609"/>
   <stop tag="4608"/>
   <stop tag="3855"/>
   <stop tag="4607"/>
   <stop tag="3846"/>
   <stop tag="3849"/>
   <stop tag="3851"/>
   <stop tag="3850"/>
   <stop tag="5445"/>
   <stop tag="5444"/>
   <stop tag="5446"/>
   <stop tag="5443"/>
   <stop tag="3848"/>
   <stop tag="1441"/>
   <stop tag="140940_ar"/>
  </direction>
  <path>
   <point lat="34.1039" lon="-118.07337"/>
   <point lat="34.10619" lon="-118.0734"/>
   <point lat="34.1092" lon="-118.07345"/>
   <point lat="34.1138199" lon="-118.07347"/>
   <point lat="34.11691" lon="-118.07318"/>
   <point lat="34.11716" lon="-118.07299"/>
   <point lat="34.11859" lon="-118.07292"/>
   <point lat="34.11987" lon="-118.07266"/>
   <point lat="34.12286" lon="-118.07276"/>
   <point lat="34.12484" lon="-118.0729"/>
   <point lat="34.12758" lon="-118.07296"/>
   <point lat="34.13078" lon="-118.073"/>
   <point lat="34.13493" lon="-118.07308"/>
   <point lat="34.1372799" lon="-118.07311"/>
   <point lat="34.1426" lon="-118.07318"/>
   <point lat="34.1465699" lon="-118.07322"/>
   <point lat="34.15002" lon="-118.07336"/>
   <point lat="34.15022" lon="-118.07337"/>
   <point lat="34.15031" lon="-118.0737"/>
  </path>
  <path>
   <point lat="33.90351" lon="-118.14301"/>
   <point lat="33.90132" lon="-118.14296"/>
   <point lat="33.89625" lon="-118.14286"/>
   <point lat="33.8947999" lon="-118.14284"/>
   <point lat="33.89208" lon="-118.14284"/>
   <point lat="33.88901" lon="-118.14282"/>
   <point lat="33.88657" lon="-118.14281"/>
   <point lat="33.88173" lon="-118.14278"/>
   <point lat="33.87851" lon="-118.14276"/>
   <point lat="33.87495" lon="-118.14271"/>
  </path>
  <path>
   <point lat="33.87495" lon="-118.14271"/>
   <point lat="33.87128" lon="-118.14269"/>
   <point lat="33.86799" lon="-118.14267"/>
   <point lat="33.86385" lon="-118.14265"/>
   <point lat="33.86041" lon="-118.14263"/>
   <point lat="33.85705" lon="-118.1426"/>
   <point lat="33.85322" lon="-118.14261"/>
   <point lat="33.84996" lon="-118.14267"/>
  </path>
  <path>
   <point lat="33.91308" lon="-118.14089"/>
   <point lat="33.9107" lon="-118.14254"/>
   <point lat="33.90951" lon="-118.14283"/>
   <point lat="33.90766" lon="-118.14311"/>
   <point lat="33.90351" lon="-118.14301"/>
  </path>
  <path>
   <point lat="33.91322" lon="-118.14043"/>
   <point lat="33.9148" lon="-118.13933"/>
   <point lat="33.91672" lon="-118.13773"/>
   <point lat="33.9200299" lon="-118.13519"/>
   <point lat="33.92337" lon="-118.13276"/>
   <point lat="33.92795" lon="-118.12938"/>
   <point lat="33.93028" lon="-118.12769"/>
   <point lat="33.93301" lon="-118.12566"/>
   <point lat="33.93493" lon="-118.12438"/>
   <point lat="33.9358" lon="-118.12368"/>
  </path>
  <path>
   <point lat="34.0624899" lon="-118.06513"/>
   <point lat="34.06335" lon="-118.06579"/>
   <point lat="34.06561" lon="-118.06788"/>
   <point lat="34.06686" lon="-118.06941"/>
   <point lat="34.06955" lon="-118.07219"/>
   <point lat="34.06961" lon="-118.07225"/>
   <point lat="34.06984" lon="-118.07238"/>
   <point lat="34.07003" lon="-118.07251"/>
   <point lat="34.0702" lon="-118.07261"/>
   <point lat="34.07038" lon="-118.07271"/>
   <point lat="34.0705" lon="-118.07276"/>
   <point lat="34.07065" lon="-118.07281"/>
   <point lat="34.07079" lon="-118.07286"/>
   <point lat="34.07116" lon="-118.07294"/>
   <point lat="34.07158" lon="-118.073"/>
   <point lat="34.07162" lon="-118.07299"/>
   <point lat="34.07177" lon="-118.073"/>
   <point lat="34.07567" lon="-118.07303"/>
   <point lat="34.07594" lon="-118.07289"/>
   <point lat="34.07672" lon="-118.07306"/>
   <point lat="34.07811" lon="-118.07294"/>
   <point lat="34.08112" lon="-118.07303"/>
   <point lat="34.08413" lon="-118.07311"/>
   <point lat="34.0871799" lon="-118.07333"/>
   <point lat="34.0874499" lon="-118.07318"/>
   <point lat="34.09338" lon="-118.07337"/>
   <point lat="34.0936499" lon="-118.07322"/>
   <point lat="34.09598" lon="-118.07326"/>
   <point lat="34.09931" lon="-118.0733"/>
   <point lat="34.1039" lon="-118.07337"/>
  </path>
  <path>
   <point lat="34.15031" lon="-118.0737"/>
   <point lat="34.15017" lon="-118.07625"/>
   <point lat="34.15017" lon="-118.07644"/>
   <point lat="34.15011" lon="-118.07965"/>
   <point lat="34.1484" lon="-118.0796"/>
   <point lat="34.1484499" lon="-118.08092"/>
  </path>
  <path>
   <point lat="33.87504" lon="-118.1424"/>
   <point lat="33.87865" lon="-118.14246"/>
   <point lat="33.88187" lon="-118.14248"/>
   <point lat="33.88717" lon="-118.14251"/>
   <point lat="33.88956" lon="-118.14252"/>
   <point lat="33.8923" lon="-118.14253"/>
   <point lat="33.89457" lon="-118.14255"/>
   <point lat="33.8968" lon="-118.14256"/>
   <point lat="33.90147" lon="-118.14266"/>
   <point lat="33.90407" lon="-118.14272"/>
  </path>
  <path>
   <point lat="33.90407" lon="-118.14272"/>
   <point lat="33.90778" lon="-118.1428"/>
   <point lat="33.90951" lon="-118.14283"/>
   <point lat="33.91029" lon="-118.14242"/>
   <point lat="33.91089" lon="-118.14226"/>
   <point lat="33.91322" lon="-118.14043"/>
  </path>
  <path>
   <point lat="33.96083" lon="-118.11035"/>
   <point lat="33.9545699" lon="-118.11365"/>
   <point lat="33.95117" lon="-118.11542"/>
   <point lat="33.9473" lon="-118.11743"/>
   <point lat="33.94338" lon="-118.1195"/>
   <point lat="33.93974" lon="-118.12143"/>
   <point lat="33.93924" lon="-118.12193"/>
   <point lat="33.9377" lon="-118.12285"/>
   <point lat="33.93583" lon="-118.124"/>
  </path>
  <path>
   <point lat="33.9358" lon="-118.12368"/>
   <point lat="33.937" lon="-118.12332"/>
   <point lat="33.93732" lon="-118.12312"/>
   <point lat="33.9387" lon="-118.12213"/>
   <point lat="33.93888" lon="-118.12183"/>
   <point lat="33.93974" lon="-118.12143"/>
   <point lat="33.94302" lon="-118.11936"/>
   <point lat="33.94726" lon="-118.11712"/>
   <point lat="33.9507199" lon="-118.11532"/>
   <point lat="33.95454" lon="-118.11333"/>
   <point lat="33.96072" lon="-118.11007"/>
  </path>
  <path>
   <point lat="33.93583" lon="-118.124"/>
   <point lat="33.93349" lon="-118.12548"/>
   <point lat="33.93321" lon="-118.12587"/>
   <point lat="33.93096" lon="-118.12754"/>
   <point lat="33.92796" lon="-118.12973"/>
   <point lat="33.92339" lon="-118.1331"/>
   <point lat="33.9204" lon="-118.13533"/>
   <point lat="33.91673" lon="-118.13807"/>
   <point lat="33.91308" lon="-118.14089"/>
  </path>
  <path>
   <point lat="34.00031" lon="-118.08418"/>
   <point lat="33.99968" lon="-118.08407"/>
   <point lat="33.99945" lon="-118.08409"/>
   <point lat="33.99899" lon="-118.08416"/>
   <point lat="33.99864" lon="-118.08425"/>
   <point lat="33.99837" lon="-118.08433"/>
   <point lat="33.99801" lon="-118.08446"/>
   <point lat="33.99759" lon="-118.08464"/>
   <point lat="33.99756" lon="-118.08467"/>
   <point lat="33.99747" lon="-118.0847"/>
   <point lat="33.99731" lon="-118.08479"/>
   <point lat="33.99679" lon="-118.0851"/>
   <point lat="33.99615" lon="-118.0857"/>
   <point lat="33.99515" lon="-118.08624"/>
   <point lat="33.99441" lon="-118.08681"/>
   <point lat="33.99334" lon="-118.0882"/>
   <point lat="33.99317" lon="-118.08845"/>
   <point lat="33.9925799" lon="-118.08928"/>
   <point lat="33.99226" lon="-118.08998"/>
   <point lat="33.9914599" lon="-118.09089"/>
   <point lat="33.99049" lon="-118.09193"/>
   <point lat="33.99031" lon="-118.09211"/>
   <point lat="33.98909" lon="-118.09292"/>
   <point lat="33.98689" lon="-118.09447"/>
   <point lat="33.98303" lon="-118.09739"/>
   <point lat="33.98037" lon="-118.09931"/>
   <point lat="33.97758" lon="-118.10136"/>
   <point lat="33.9754" lon="-118.10276"/>
   <point lat="33.9712" lon="-118.10507"/>
   <point lat="33.96776" lon="-118.10669"/>
   <point lat="33.96373" lon="-118.10865"/>
   <point lat="33.96352" lon="-118.10892"/>
   <point lat="33.96083" lon="-118.11035"/>
  </path>
  <path>
   <point lat="34.1484499" lon="-118.08092"/>
   <point lat="34.14842" lon="-118.08223"/>
   <point lat="34.14887" lon="-118.08236"/>
   <point lat="34.14906" lon="-118.08243"/>
   <point lat="34.14923" lon="-118.08246"/>
   <point lat="34.14943" lon="-118.08249"/>
   <point lat="34.14966" lon="-118.08251"/>
   <point lat="34.14985" lon="-118.08252"/>
   <point lat="34.15007" lon="-118.08252"/>
   <point lat="34.14998" lon="-118.08218"/>
  </path>
  <path>
   <point lat="34.00169" lon="-118.08361"/>
   <point lat="34.0042" lon="-118.08314"/>
   <point lat="34.00466" lon="-118.08297"/>
   <point lat="34.00776" lon="-118.08166"/>
   <point lat="34.01092" lon="-118.08064"/>
   <point lat="34.01375" lon="-118.07974"/>
   <point lat="34.01682" lon="-118.07878"/>
   <point lat="34.0174499" lon="-118.07866"/>
   <point lat="34.01767" lon="-118.07853"/>
   <point lat="34.01797" lon="-118.0783"/>
   <point lat="34.0183" lon="-118.07801"/>
   <point lat="34.0188599" lon="-118.07749"/>
   <point lat="34.01924" lon="-118.07702"/>
   <point lat="34.01944" lon="-118.07674"/>
   <point lat="34.02002" lon="-118.07577"/>
   <point lat="34.02131" lon="-118.07346"/>
   <point lat="34.02159" lon="-118.07294"/>
   <point lat="34.02168" lon="-118.07279"/>
   <point lat="34.0218599" lon="-118.07252"/>
   <point lat="34.0219499" lon="-118.0724"/>
   <point lat="34.02216" lon="-118.07216"/>
   <point lat="34.02235" lon="-118.07196"/>
   <point lat="34.02254" lon="-118.07177"/>
   <point lat="34.02278" lon="-118.07157"/>
   <point lat="34.02311" lon="-118.07131"/>
   <point lat="34.02337" lon="-118.07112"/>
   <point lat="34.02356" lon="-118.071"/>
   <point lat="34.0240099" lon="-118.07074"/>
   <point lat="34.02472" lon="-118.07031"/>
   <point lat="34.02504" lon="-118.07009"/>
   <point lat="34.0262699" lon="-118.06933"/>
   <point lat="34.0272099" lon="-118.06879"/>
   <point lat="34.02872" lon="-118.0677"/>
   <point lat="34.03082" lon="-118.06659"/>
   <point lat="34.03231" lon="-118.06568"/>
   <point lat="34.03323" lon="-118.06518"/>
   <point lat="34.03376" lon="-118.06492"/>
   <point lat="34.03414" lon="-118.06477"/>
   <point lat="34.03434" lon="-118.0647"/>
   <point lat="34.03474" lon="-118.06458"/>
   <point lat="34.03514" lon="-118.06447"/>
   <point lat="34.0355" lon="-118.06438"/>
   <point lat="34.03583" lon="-118.06431"/>
   <point lat="34.0361" lon="-118.06427"/>
   <point lat="34.03643" lon="-118.06423"/>
   <point lat="34.03675" lon="-118.06421"/>
   <point lat="34.03704" lon="-118.06421"/>
   <point lat="34.0379999" lon="-118.06426"/>
   <point lat="34.03948" lon="-118.06425"/>
   <point lat="34.0398799" lon="-118.06424"/>
   <point lat="34.04097" lon="-118.06424"/>
   <point lat="34.04121" lon="-118.06425"/>
   <point lat="34.0461" lon="-118.06426"/>
   <point lat="34.04749" lon="-118.06408"/>
   <point lat="34.05203" lon="-118.06412"/>
   <point lat="34.05572" lon="-118.06414"/>
   <point lat="34.0581" lon="-118.06429"/>
   <point lat="34.05936" lon="-118.06415"/>
   <point lat="34.05994" lon="-118.06436"/>
   <point lat="34.06028" lon="-118.06442"/>
   <point lat="34.06056" lon="-118.0645"/>
   <point lat="34.06088" lon="-118.0646"/>
   <point lat="34.06112" lon="-118.06469"/>
   <point lat="34.06235" lon="-118.06522"/>
   <point lat="34.0624899" lon="-118.06513"/>
  </path>
  <path>
   <point lat="34.0629" lon="-118.06567"/>
   <point lat="34.06235" lon="-118.06522"/>
   <point lat="34.06112" lon="-118.06469"/>
   <point lat="34.06088" lon="-118.0646"/>
   <point lat="34.06056" lon="-118.0645"/>
   <point lat="34.06028" lon="-118.06442"/>
   <point lat="34.05994" lon="-118.06436"/>
   <point lat="34.0592" lon="-118.06444"/>
   <point lat="34.0581" lon="-118.06429"/>
   <point lat="34.05558" lon="-118.06444"/>
   <point lat="34.05153" lon="-118.06444"/>
   <point lat="34.04748" lon="-118.0644"/>
   <point lat="34.0461" lon="-118.06426"/>
   <point lat="34.04282" lon="-118.06424"/>
   <point lat="34.04121" lon="-118.06425"/>
   <point lat="34.04097" lon="-118.06424"/>
   <point lat="34.0379999" lon="-118.06426"/>
   <point lat="34.03704" lon="-118.06421"/>
   <point lat="34.03675" lon="-118.06421"/>
   <point lat="34.03643" lon="-118.06423"/>
   <point lat="34.0361" lon="-118.06427"/>
   <point lat="34.03583" lon="-118.06431"/>
   <point lat="34.0355" lon="-118.06438"/>
   <point lat="34.03514" lon="-118.06447"/>
   <point lat="34.03474" lon="-118.06458"/>
   <point lat="34.03434" lon="-118.0647"/>
   <point lat="34.03414" lon="-118.06477"/>
   <point lat="34.03376" lon="-118.06492"/>
   <point lat="34.03323" lon="-118.06518"/>
   <point lat="34.03231" lon="-118.06568"/>
   <point lat="34.02876" lon="-118.06802"/>
   <point lat="34.0272099" lon="-118.06879"/>
   <point lat="34.0262699" lon="-118.06933"/>
   <point lat="34.02504" lon="-118.07009"/>
   <point lat="34.02472" lon="-118.07031"/>
   <point lat="34.0240099" lon="-118.07074"/>
   <point lat="34.02356" lon="-118.071"/>
   <point lat="34.02337" lon="-118.07112"/>
   <point lat="34.02311" lon="-118.07131"/>
   <point lat="34.02278" lon="-118.07157"/>
   <point lat="34.02254" lon="-118.07177"/>
   <point lat="34.02235" lon="-118.07196"/>
   <point lat="34.02216" lon="-118.07216"/>
   <point lat="34.0219499" lon="-118.0724"/>
   <point lat="34.0218599" lon="-118.07252"/>
   <point lat="34.02168" lon="-118.07279"/>
   <point lat="34.02159" lon="-118.07294"/>
   <point lat="34.02131" lon="-118.07346"/>
   <point lat="34.02002" lon="-118.07577"/>
   <point lat="34.01677" lon="-118.07912"/>
   <point lat="34.01368" lon="-118.08008"/>
   <point lat="34.01032" lon="-118.08115"/>
   <point lat="34.0077" lon="-118.082"/>
   <point lat="34.00382" lon="-118.08325"/>
   <point lat="34.00031" lon="-118.08418"/>
  </path>
  <path>
   <point lat="34.14998" lon="-118.08218"/>
   <point lat="34.15011" lon="-118.07965"/>
   <point lat="34.15001" lon="-118.07906"/>
   <point lat="34.15017" lon="-118.07644"/>
   <point lat="34.15019" lon="-118.07456"/>
   <point lat="34.15021" lon="-118.07399"/>
   <point lat="34.15022" lon="-118.07337"/>
   <point lat="34.14979" lon="-118.07352"/>
   <point lat="34.14884" lon="-118.07337"/>
   <point lat="34.14602" lon="-118.07353"/>
   <point lat="34.14246" lon="-118.07348"/>
   <point lat="34.138" lon="-118.07341"/>
   <point lat="34.13438" lon="-118.07338"/>
   <point lat="34.13074" lon="-118.07332"/>
   <point lat="34.12744" lon="-118.07326"/>
   <point lat="34.12469" lon="-118.0732"/>
   <point lat="34.12271" lon="-118.07306"/>
   <point lat="34.12016" lon="-118.07295"/>
   <point lat="34.11859" lon="-118.07292"/>
   <point lat="34.11706" lon="-118.07331"/>
   <point lat="34.11356" lon="-118.07365"/>
   <point lat="34.11328" lon="-118.0738"/>
   <point lat="34.10947" lon="-118.07376"/>
   <point lat="34.10646" lon="-118.07371"/>
   <point lat="34.10334" lon="-118.07367"/>
  </path>
  <path>
   <point lat="33.96072" lon="-118.11007"/>
   <point lat="33.96373" lon="-118.10865"/>
   <point lat="33.96385" lon="-118.10842"/>
   <point lat="33.9680899" lon="-118.10619"/>
   <point lat="33.97046" lon="-118.10507"/>
   <point lat="33.9719399" lon="-118.1046"/>
   <point lat="33.97338" lon="-118.10393"/>
   <point lat="33.97416" lon="-118.10351"/>
   <point lat="33.97426" lon="-118.10346"/>
   <point lat="33.97457" lon="-118.10328"/>
   <point lat="33.9754" lon="-118.10276"/>
   <point lat="33.97671" lon="-118.10182"/>
   <point lat="33.97763" lon="-118.10097"/>
   <point lat="33.9799999" lon="-118.09923"/>
   <point lat="33.98336" lon="-118.09678"/>
   <point lat="33.98657" lon="-118.09451"/>
   <point lat="33.98688" lon="-118.09413"/>
   <point lat="33.9887299" lon="-118.09314"/>
   <point lat="33.9888199" lon="-118.09308"/>
   <point lat="33.98906" lon="-118.09293"/>
   <point lat="33.98909" lon="-118.09292"/>
   <point lat="33.99031" lon="-118.09211"/>
   <point lat="33.9910799" lon="-118.09134"/>
   <point lat="33.99127" lon="-118.09113"/>
   <point lat="33.9914599" lon="-118.09089"/>
   <point lat="33.99171" lon="-118.09056"/>
   <point lat="33.99189" lon="-118.09004"/>
   <point lat="33.9925799" lon="-118.08928"/>
   <point lat="33.99578" lon="-118.0856"/>
   <point lat="33.99747" lon="-118.0847"/>
   <point lat="33.99756" lon="-118.08467"/>
   <point lat="33.99759" lon="-118.08464"/>
   <point lat="33.99801" lon="-118.08446"/>
   <point lat="33.99837" lon="-118.08433"/>
   <point lat="33.99864" lon="-118.08425"/>
   <point lat="33.99899" lon="-118.08416"/>
   <point lat="33.99945" lon="-118.08409"/>
   <point lat="34.00169" lon="-118.08361"/>
  </path>
  <path>
   <point lat="34.10334" lon="-118.07367"/>
   <point lat="34.0986199" lon="-118.0736"/>
   <point lat="34.09667" lon="-118.07358"/>
   <point lat="34.09351" lon="-118.07353"/>
   <point lat="34.0871799" lon="-118.07333"/>
   <point lat="34.0869" lon="-118.07347"/>
   <point lat="34.0840699" lon="-118.07341"/>
   <point lat="34.08056" lon="-118.07332"/>
   <point lat="34.07743" lon="-118.07323"/>
   <point lat="34.07536" lon="-118.0732"/>
   <point lat="34.07408" lon="-118.07301"/>
   <point lat="34.07177" lon="-118.073"/>
   <point lat="34.07162" lon="-118.07299"/>
   <point lat="34.07158" lon="-118.073"/>
   <point lat="34.07116" lon="-118.07294"/>
   <point lat="34.07079" lon="-118.07286"/>
   <point lat="34.07065" lon="-118.07281"/>
   <point lat="34.0705" lon="-118.07276"/>
   <point lat="34.07038" lon="-118.07271"/>
   <point lat="34.0702" lon="-118.07261"/>
   <point lat="34.07003" lon="-118.07251"/>
   <point lat="34.06984" lon="-118.07238"/>
   <point lat="34.06961" lon="-118.07225"/>
   <point lat="34.06686" lon="-118.06941"/>
   <point lat="34.0654899" lon="-118.06816"/>
   <point lat="34.0629" lon="-118.06567"/>
  </path>
  <path>
   <point lat="33.84996" lon="-118.14267"/>
   <point lat="33.84801" lon="-118.14248"/>
   <point lat="33.84711" lon="-118.14247"/>
   <point lat="33.84724" lon="-118.14297"/>
   <point lat="33.8471199" lon="-118.14402"/>
   <point lat="33.84715" lon="-118.14991"/>
   <point lat="33.84716" lon="-118.15039"/>
   <point lat="33.84716" lon="-118.15056"/>
   <point lat="33.84714" lon="-118.15117"/>
   <point lat="33.84761" lon="-118.15118"/>
   <point lat="33.85385" lon="-118.15115"/>
   <point lat="33.85384" lon="-118.15055"/>
   <point lat="33.85385" lon="-118.15034"/>
   <point lat="33.85384" lon="-118.14989"/>
   <point lat="33.85384" lon="-118.14825"/>
   <point lat="33.8537899" lon="-118.14709"/>
   <point lat="33.85381" lon="-118.14244"/>
   <point lat="33.85416" lon="-118.14229"/>
   <point lat="33.85752" lon="-118.1423"/>
   <point lat="33.86055" lon="-118.14232"/>
   <point lat="33.86399" lon="-118.14234"/>
   <point lat="33.86804" lon="-118.14237"/>
   <point lat="33.87101" lon="-118.14238"/>
   <point lat="33.87504" lon="-118.1424"/>
  </path>
 </route>
</body>