<?xml version="1.0" encoding="utf-8"?>
<body copyright="All data copyright Los Angeles Metro 2022.">
 <route color="e74d00" latMax="34.1830699" latMin="34.0584299" lonMax="-118.23156" lonMin="-118.31283" oppositeColor="ffffff" tag="96" title="96 Dtwn LA- Burbank Sta Via Griffith Pk">
  <stop lat="34.1169299" lon="-118.27149" stopId="00016" tag="16" title="Riverside / Los Feliz"/>
  <stop lat="34.1830699" lon="-118.30654" stopId="01573" tag="1573" title="Olive / Glenoaks"/>
  <stop lat="34.1807299" lon="-118.30903" stopId="01574" tag="1574" title="Olive / San Fernando"/>
  <stop lat="34.1772199" lon="-118.30742" stopId="01682" tag="1682" title="Verdugo / Ikea"/>
  <stop lat="34.10706" lon="-118.26288" stopId="02194" tag="2194" title="Glendale / Locksley"/>
  <stop lat="34.1083199" lon="-118.2635999" stopId="02213" tag="2213" title="Glendale / Waverly"/>
  <stop lat="34.0584299" lon="-118.23747" stopId="03106" tag="3106" title="Main / Cesar E Chavez"/>
  <stop lat="34.0625399" lon="-118.23951" stopId="03611" tag="3611" title="Hill / Alpine"/>
  <stop lat="34.0609699" lon="-118.24025" stopId="03612" tag="3612" title="Hill / Ord"/>
  <stop lat="34.0642699" lon="-118.23864" stopId="03616" tag="3616" title="Hill / College"/>
  <stop lat="34.06034" lon="-118.23906" stopId="04135" tag="4135" title="Ord / Broadway"/>
  <stop lat="34.10433" lon="-118.25323" stopId="04504" tag="4504" title="Riverside / Gilroy"/>
  <stop lat="34.1022699" lon="-118.2512499" stopId="04510" tag="4510" title="Riverside / Gleneden"/>
  <stop lat="34.1000799" lon="-118.25013" stopId="04589" tag="4589" title="Riverside / Allesandro"/>
  <stop lat="34.17869" lon="-118.30874" stopId="04639" tag="4639" title="Ikea / Angeleno"/>
  <stop lat="34.17714" lon="-118.29745" stopId="05101" tag="5101" title="Glenoaks / Alameda"/>
  <stop lat="34.17962" lon="-118.30104" stopId="05102" tag="5102" title="Glenoaks / Providencia"/>
  <stop lat="34.1058599" lon="-118.2569" stopId="10499" tag="10499" title="Fletcher / Riverside"/>
  <stop lat="34.1051799" lon="-118.2596299" stopId="10733" tag="10733" title="Glendale / Farwell"/>
  <stop lat="34.1794799" lon="-118.3098099" stopId="11813" tag="11813" title="1st / Olive"/>
  <stop lat="34.1471199" lon="-118.28431" stopId="12591" tag="12591" title="La Zoo"/>
  <stop lat="34.18172" lon="-118.30397" stopId="13547" tag="13547" title="Glenoaks / Tujunga"/>
  <stop lat="34.08634" lon="-118.23156" stopId="18097" tag="18097" title="Riverside / Elmgrove"/>
  <stop lat="34.0877499" lon="-118.2341299" stopId="18098" tag="18098" title="Riverside / Harwood"/>
  <stop lat="34.08919" lon="-118.23658" stopId="18099" tag="18099" title="Riverside / Riverdale"/>
  <stop lat="34.09035" lon="-118.23803" stopId="18100" tag="18100" title="Riverside / Dorris"/>
  <stop lat="34.0917899" lon="-118.2394499" stopId="18101" tag="18101" title="Riverside / Birkdale"/>
  <stop lat="34.0937799" lon="-118.2409599" stopId="18102" tag="18102" title="Riverside / Eads"/>
  <stop lat="34.09582" lon="-118.24494" stopId="18103" tag="18103" title="Riverside / Stadium"/>
  <stop lat="34.09845" lon="-118.24808" stopId="18104" tag="18104" title="Riverside / Newell"/>
  <stop lat="34.11392" lon="-118.269" stopId="18106" tag="18106" title="3201 Riverside"/>
  <stop lat="34.1177399" lon="-118.2721399" stopId="18107" tag="18107" title="Griffith Park / Los Feliz"/>
  <stop lat="34.1206499" lon="-118.2737199" stopId="18108" tag="18108" title="Crystal Springs / Pony Rides"/>
  <stop lat="34.13278" lon="-118.28078" stopId="18109" tag="18109" title="Griffith Park / Park Ranger Office"/>
  <stop lat="34.1485199" lon="-118.2821" stopId="18112" tag="18112" title="Autry National Center"/>
  <stop lat="34.1548999" lon="-118.2937099" stopId="18113" tag="18113" title="Zoo / Riverside"/>
  <stop lat="34.1588699" lon="-118.2968199" stopId="18114" tag="18114" title="Victory / Sonora"/>
  <stop lat="34.1614099" lon="-118.3003299" stopId="18115" tag="18115" title="Victory / Western"/>
  <stop lat="34.16255" lon="-118.30188" stopId="18116" tag="18116" title="Victory / Thompson"/>
  <stop lat="34.1642399" lon="-118.3042099" stopId="18117" tag="18117" title="Victory / Allen"/>
  <stop lat="34.1667599" lon="-118.30765" stopId="18118" tag="18118" title="Victory / Alameda"/>
  <stop lat="34.1688999" lon="-118.3055" stopId="18119" tag="18119" title="Alameda / Lake"/>
  <stop lat="34.17455" lon="-118.2995499" stopId="18121" tag="18121" title="Alameda / San Fernando"/>
  <stop lat="34.1114099" lon="-118.2654199" stopId="18306" tag="18306" title="Riverside / Glendale"/>
  <stop lat="34.1792899" lon="-118.31283" tag="30003_ar" title="Burbank Station"/>
  <stop lat="34.10693" lon="-118.26314" stopId="02193" tag="2193" title="Glendale / Locksley"/>
  <stop lat="34.0584299" lon="-118.23747" tag="3106_ar" title="Main / Cesar E Chavez"/>
  <stop lat="34.0996999" lon="-118.25023" stopId="04499" tag="4499" title="Riverside / Allesandro"/>
  <stop lat="34.17963" lon="-118.3097699" stopId="04642" tag="4642" title="1st / Olive"/>
  <stop lat="34.1787899" lon="-118.3086299" stopId="06614" tag="6614" title="Ikea / Angeleno"/>
  <stop lat="34.1806199" lon="-118.30873" stopId="08611" tag="8611" title="Olive / San Fernando"/>
  <stop lat="34.1165699" lon="-118.27158" stopId="09119" tag="9119" title="Riverside / Los Feliz"/>
  <stop lat="34.1829699" lon="-118.3062499" stopId="10122" tag="10122" title="Olive / Glenoaks"/>
  <stop lat="34.10819" lon="-118.2638" stopId="10755" tag="10755" title="Glendale / Waverly"/>
  <stop lat="34.0629199" lon="-118.23958" stopId="12098" tag="12098" title="Hill / Alpine"/>
  <stop lat="34.0645999" lon="-118.23874" stopId="12103" tag="12103" title="Hill / College"/>
  <stop lat="34.06035" lon="-118.23955" stopId="12616" tag="12616" title="Ord / Broadway"/>
  <stop lat="34.1056899" lon="-118.2564299" stopId="12960" tag="12960" title="Riverside / Fletcher"/>
  <stop lat="34.1041" lon="-118.2533" stopId="12962" tag="12962" title="Riverside / Gilroy"/>
  <stop lat="34.17781" lon="-118.30727" stopId="13101" tag="13101" title="Ikea / Verdugo"/>
  <stop lat="34.17667" lon="-118.29781" stopId="13545" tag="13545" title="Glenoaks / Alameda"/>
  <stop lat="34.1792699" lon="-118.3012099" stopId="13546" tag="13546" title="Glenoaks / Providencia"/>
  <stop lat="34.18104" lon="-118.30348" stopId="13548" tag="13548" title="Glenoaks / Verdugo"/>
  <stop lat="34.1742899" lon="-118.30024" stopId="18009" tag="18009" title="Alameda / San Fernando"/>
  <stop lat="34.16898" lon="-118.3058099" stopId="18075" tag="18075" title="Alameda / Lake"/>
  <stop lat="34.1665199" lon="-118.30778" stopId="18076" tag="18076" title="Victory / Alameda"/>
  <stop lat="34.1636899" lon="-118.3039099" stopId="18077" tag="18077" title="Victory / Allen"/>
  <stop lat="34.1622799" lon="-118.3019799" stopId="18078" tag="18078" title="Victory / Thompson"/>
  <stop lat="34.16117" lon="-118.3005" stopId="18079" tag="18079" title="Victory / Western"/>
  <stop lat="34.15871" lon="-118.29707" stopId="18080" tag="18080" title="Victory / Riverside"/>
  <stop lat="34.1546699" lon="-118.2936499" stopId="18081" tag="18081" title="Zoo / Riverside"/>
  <stop lat="34.1350299" lon="-118.2819899" stopId="18083" tag="18083" title="Griffith Park / Crystal Springs"/>
  <stop lat="34.13226" lon="-118.28084" stopId="18084" tag="18084" title="Griffith Park / Park Ranger Office"/>
  <stop lat="34.12062" lon="-118.27436" stopId="18085" tag="18085" title="Griffith Park / Pony Rides"/>
  <stop lat="34.11713" lon="-118.272" stopId="18086" tag="18086" title="Griffith Park / Los Feliz"/>
  <stop lat="34.11382" lon="-118.26928" stopId="18087" tag="18087" title="3160 Riverside"/>
  <stop lat="34.1109699" lon="-118.2651999" stopId="18088" tag="18088" title="Riverside / Glendale"/>
  <stop lat="34.09848" lon="-118.24849" stopId="18089" tag="18089" title="Riverside / Newell"/>
  <stop lat="34.09561" lon="-118.24486" stopId="18090" tag="18090" title="Riverside / Stadium"/>
  <stop lat="34.0939399" lon="-118.2413799" stopId="18091" tag="18091" title="Riverside / Eads"/>
  <stop lat="34.0919099" lon="-118.2398299" stopId="18092" tag="18092" title="Riverside / Birkdale"/>
  <stop lat="34.09042" lon="-118.23844" stopId="18093" tag="18093" title="Riverside / Dorris"/>
  <stop lat="34.08924" lon="-118.23701" stopId="18094" tag="18094" title="Riverside / Riverdale"/>
  <stop lat="34.0877499" lon="-118.2345599" stopId="18095" tag="18095" title="Riverside / Harwood"/>
  <stop lat="34.08633" lon="-118.23197" stopId="18096" tag="18096" title="Riverside / Elmgrove"/>
  <stop lat="34.1792899" lon="-118.31283" stopId="30003" tag="30003" title="Burbank Station"/>
  <direction name="South" tag="96_251_1" title="South to Cesar Chavez &amp; Main" useForUI="true">
   <stop tag="30003"/>
   <stop tag="13101"/>
   <stop tag="6614"/>
   <stop tag="4642"/>
   <stop tag="8611"/>
   <stop tag="10122"/>
   <stop tag="13548"/>
   <stop tag="13546"/>
   <stop tag="13545"/>
   <stop tag="18009"/>
   <stop tag="18075"/>
   <stop tag="18076"/>
   <stop tag="18077"/>
   <stop tag="18078"/>
   <stop tag="18079"/>
   <stop tag="18080"/>
   <stop tag="18081"/>
   <stop tag="12591"/>
   <stop tag="18083"/>
   <stop tag="18084"/>
   <stop tag="18085"/>
   <stop tag="18086"/>
   <stop tag="9119"/>
   <stop tag="18087"/>
   <stop tag="18088"/>
   <stop tag="10755"/>
   <stop tag="2193"/>
   <stop tag="12960"/>
   <stop tag="12962"/>
   <stop tag="4499"/>
   <stop tag="18089"/>
   <stop tag="18090"/>
   <stop tag="18091"/>
   <stop tag="18092"/>
   <stop tag="18093"/>
   <stop tag="18094"/>
   <stop tag="18095"/>
   <stop tag="18096"/>
   <stop tag="12103"/>
   <stop tag="12098"/>
   <stop tag="12616"/>
   <stop tag="3106_ar"/>
  </direction>
  <direction name="North" tag="96_250_0" title="North to Burbank Station" useForUI="true">
   <stop tag="3106"/>
   <stop tag="4135"/>
   <stop tag="3612"/>
   <stop tag="3611"/>
   <stop tag="3616"/>
   <stop tag="18097"/>
   <stop tag="18098"/>
   <stop tag="18099"/>
   <stop tag="18100"/>
   <stop tag="18101"/>
   <stop tag="18102"/>
   <stop tag="18103"/>
   <stop tag="18104"/>
   <stop tag="4589"/>
   <stop tag="4510"/>
   <stop tag="4504"/>
   <stop tag="10499"/>
   <stop tag="10733"/>
   <stop tag="2194"/>
   <stop tag="2213"/>
   <stop tag="18306"/>
   <stop tag="18106"/>
   <stop tag="16"/>
   <stop tag="18107"/>
   <stop tag="18108"/>
   <stop tag="18109"/>
   <stop tag="12591"/>
   <stop tag="18112"/>
   <stop tag="18113"/>
   <stop tag="18114"/>
   <stop tag="18115"/>
   <stop tag="18116"/>
   <stop tag="18117"/>
   <stop tag="18118"/>
   <stop tag="18119"/>
   <stop tag="18121"/>
   <stop tag="5101"/>
   <stop tag="5102"/>
   <stop tag="13547"/>
   <stop tag="1573"/>
   <stop tag="1574"/>
   <stop tag="11813"/>
   <stop tag="4639"/>
   <stop tag="1682"/>
   <stop tag="30003_ar"/>
  </direction>
  <path>
   <point lat="34.14712" lon="-118.28431"/>
   <point lat="34.1468599" lon="-118.28459"/>
   <point lat="34.14655" lon="-118.28457"/>
   <point lat="34.14653" lon="-118.28461"/>
   <point lat="34.14647" lon="-118.28468"/>
   <point lat="34.14641" lon="-118.28474"/>
   <point lat="34.14633" lon="-118.28476"/>
   <point lat="34.14544" lon="-118.28502"/>
   <point lat="34.14517" lon="-118.28509"/>
   <point lat="34.14501" lon="-118.28512"/>
   <point lat="34.1449" lon="-118.28513"/>
   <point lat="34.14477" lon="-118.28513"/>
   <point lat="34.14462" lon="-118.28511"/>
   <point lat="34.14437" lon="-118.28505"/>
   <point lat="34.14415" lon="-118.28498"/>
   <point lat="34.14381" lon="-118.28486"/>
   <point lat="34.14323" lon="-118.28461"/>
   <point lat="34.14173" lon="-118.284"/>
   <point lat="34.14131" lon="-118.28384"/>
   <point lat="34.1409" lon="-118.28367"/>
   <point lat="34.14045" lon="-118.28345"/>
   <point lat="34.14012" lon="-118.28327"/>
   <point lat="34.13503" lon="-118.28199"/>
   <point lat="34.13254" lon="-118.28096"/>
   <point lat="34.13226" lon="-118.28084"/>
   <point lat="34.13206" lon="-118.28031"/>
   <point lat="34.13195" lon="-118.2801"/>
   <point lat="34.13192" lon="-118.28003"/>
   <point lat="34.13187" lon="-118.27988"/>
   <point lat="34.13178" lon="-118.27958"/>
   <point lat="34.1317" lon="-118.27933"/>
   <point lat="34.13167" lon="-118.27921"/>
   <point lat="34.1316599" lon="-118.27909"/>
   <point lat="34.13165" lon="-118.27894"/>
   <point lat="34.1316599" lon="-118.27866"/>
   <point lat="34.1316599" lon="-118.27853"/>
   <point lat="34.13163" lon="-118.27835"/>
   <point lat="34.13156" lon="-118.27785"/>
   <point lat="34.13152" lon="-118.27767"/>
   <point lat="34.13143" lon="-118.27736"/>
   <point lat="34.1314" lon="-118.27727"/>
   <point lat="34.13133" lon="-118.2771"/>
   <point lat="34.13127" lon="-118.27698"/>
   <point lat="34.1311" lon="-118.27674"/>
   <point lat="34.13083" lon="-118.2763"/>
   <point lat="34.13058" lon="-118.27596"/>
   <point lat="34.13028" lon="-118.27558"/>
   <point lat="34.12999" lon="-118.27525"/>
   <point lat="34.12979" lon="-118.27505"/>
   <point lat="34.1296899" lon="-118.27496"/>
   <point lat="34.12955" lon="-118.27488"/>
   <point lat="34.12936" lon="-118.2748"/>
   <point lat="34.12877" lon="-118.27468"/>
   <point lat="34.1285" lon="-118.27465"/>
   <point lat="34.12832" lon="-118.27464"/>
   <point lat="34.1279899" lon="-118.27467"/>
   <point lat="34.12775" lon="-118.27468"/>
   <point lat="34.12748" lon="-118.27468"/>
   <point lat="34.12716" lon="-118.27466"/>
   <point lat="34.1268699" lon="-118.27463"/>
   <point lat="34.12639" lon="-118.27454"/>
   <point lat="34.12568" lon="-118.27437"/>
   <point lat="34.12549" lon="-118.27432"/>
   <point lat="34.1253699" lon="-118.27427"/>
   <point lat="34.12503" lon="-118.27412"/>
   <point lat="34.12496" lon="-118.27413"/>
   <point lat="34.12479" lon="-118.2741"/>
   <point lat="34.12473" lon="-118.27411"/>
   <point lat="34.12468" lon="-118.27411"/>
   <point lat="34.12454" lon="-118.27414"/>
   <point lat="34.12372" lon="-118.27422"/>
   <point lat="34.12338" lon="-118.27429"/>
   <point lat="34.12317" lon="-118.27436"/>
   <point lat="34.12304" lon="-118.27441"/>
   <point lat="34.12281" lon="-118.27452"/>
   <point lat="34.12263" lon="-118.2746"/>
   <point lat="34.12254" lon="-118.27465"/>
   <point lat="34.12233" lon="-118.27469"/>
   <point lat="34.12224" lon="-118.2747"/>
   <point lat="34.12216" lon="-118.2747"/>
   <point lat="34.12203" lon="-118.27469"/>
   <point lat="34.12147" lon="-118.27459"/>
   <point lat="34.12062" lon="-118.27436"/>
   <point lat="34.11961" lon="-118.27384"/>
   <point lat="34.11875" lon="-118.27346"/>
   <point lat="34.11853" lon="-118.2733"/>
   <point lat="34.11713" lon="-118.272"/>
   <point lat="34.11657" lon="-118.27158"/>
  </path>
  <path>
   <point lat="34.11657" lon="-118.27158"/>
   <point lat="34.11499" lon="-118.27021"/>
   <point lat="34.11444" lon="-118.2697"/>
   <point lat="34.1138199" lon="-118.26928"/>
   <point lat="34.11334" lon="-118.26861"/>
   <point lat="34.11285" lon="-118.26811"/>
   <point lat="34.11255" lon="-118.26771"/>
   <point lat="34.11243" lon="-118.26753"/>
   <point lat="34.11229" lon="-118.26731"/>
   <point lat="34.11206" lon="-118.26689"/>
   <point lat="34.1117" lon="-118.2662"/>
   <point lat="34.11097" lon="-118.2652"/>
   <point lat="34.11039" lon="-118.26466"/>
   <point lat="34.10819" lon="-118.2638"/>
   <point lat="34.10725" lon="-118.26341"/>
   <point lat="34.10693" lon="-118.26314"/>
   <point lat="34.10635" lon="-118.26153"/>
   <point lat="34.10624" lon="-118.26128"/>
   <point lat="34.10607" lon="-118.26091"/>
   <point lat="34.1059399" lon="-118.26069"/>
   <point lat="34.10537" lon="-118.26"/>
   <point lat="34.10521" lon="-118.25984"/>
   <point lat="34.10498" lon="-118.25959"/>
   <point lat="34.1048" lon="-118.25938"/>
   <point lat="34.10474" lon="-118.25933"/>
   <point lat="34.10462" lon="-118.25926"/>
   <point lat="34.1045" lon="-118.25922"/>
   <point lat="34.10474" lon="-118.25864"/>
   <point lat="34.10488" lon="-118.25838"/>
   <point lat="34.10528" lon="-118.25745"/>
   <point lat="34.1054" lon="-118.25726"/>
   <point lat="34.10546" lon="-118.25716"/>
   <point lat="34.10596" lon="-118.25656"/>
   <point lat="34.10569" lon="-118.25643"/>
   <point lat="34.10559" lon="-118.25608"/>
   <point lat="34.10471" lon="-118.25384"/>
   <point lat="34.10467" lon="-118.25379"/>
   <point lat="34.10456" lon="-118.25362"/>
   <point lat="34.1041" lon="-118.2533"/>
   <point lat="34.10338" lon="-118.2524"/>
   <point lat="34.10262" lon="-118.25162"/>
   <point lat="34.10251" lon="-118.25153"/>
   <point lat="34.10235" lon="-118.25142"/>
   <point lat="34.10227" lon="-118.25138"/>
   <point lat="34.10214" lon="-118.25132"/>
   <point lat="34.1009" lon="-118.25069"/>
   <point lat="34.10057" lon="-118.25053"/>
   <point lat="34.0997" lon="-118.25023"/>
  </path>
  <path>
   <point lat="34.11693" lon="-118.27149"/>
   <point lat="34.11774" lon="-118.27214"/>
   <point lat="34.1184299" lon="-118.27288"/>
   <point lat="34.11886" lon="-118.27315"/>
   <point lat="34.11905" lon="-118.27325"/>
   <point lat="34.11921" lon="-118.27333"/>
   <point lat="34.11953" lon="-118.27345"/>
   <point lat="34.12065" lon="-118.27372"/>
   <point lat="34.12142" lon="-118.27401"/>
   <point lat="34.12211" lon="-118.27417"/>
   <point lat="34.1223" lon="-118.27419"/>
   <point lat="34.12242" lon="-118.2742"/>
   <point lat="34.12266" lon="-118.27418"/>
   <point lat="34.123" lon="-118.27402"/>
   <point lat="34.12312" lon="-118.27398"/>
   <point lat="34.12321" lon="-118.27396"/>
   <point lat="34.1234899" lon="-118.27393"/>
   <point lat="34.12365" lon="-118.27392"/>
   <point lat="34.12383" lon="-118.27392"/>
   <point lat="34.12393" lon="-118.27393"/>
   <point lat="34.12424" lon="-118.27399"/>
   <point lat="34.12473" lon="-118.27411"/>
   <point lat="34.12479" lon="-118.2741"/>
   <point lat="34.12496" lon="-118.27413"/>
   <point lat="34.1251" lon="-118.27411"/>
   <point lat="34.12552" lon="-118.27419"/>
   <point lat="34.12605" lon="-118.27425"/>
   <point lat="34.12625" lon="-118.27428"/>
   <point lat="34.12654" lon="-118.27434"/>
   <point lat="34.12672" lon="-118.27435"/>
   <point lat="34.12682" lon="-118.27434"/>
   <point lat="34.12689" lon="-118.27432"/>
   <point lat="34.12754" lon="-118.27425"/>
   <point lat="34.12764" lon="-118.27425"/>
   <point lat="34.1278099" lon="-118.27423"/>
   <point lat="34.12798" lon="-118.27422"/>
   <point lat="34.1281899" lon="-118.27423"/>
   <point lat="34.12848" lon="-118.27428"/>
   <point lat="34.12881" lon="-118.27435"/>
   <point lat="34.12906" lon="-118.27442"/>
   <point lat="34.12932" lon="-118.27451"/>
   <point lat="34.12974" lon="-118.27471"/>
   <point lat="34.1299599" lon="-118.27487"/>
   <point lat="34.13007" lon="-118.27497"/>
   <point lat="34.13036" lon="-118.27526"/>
   <point lat="34.13059" lon="-118.27554"/>
   <point lat="34.13068" lon="-118.27568"/>
   <point lat="34.13087" lon="-118.27599"/>
   <point lat="34.13106" lon="-118.27627"/>
   <point lat="34.13123" lon="-118.27654"/>
   <point lat="34.13136" lon="-118.27678"/>
   <point lat="34.13151" lon="-118.27707"/>
   <point lat="34.13157" lon="-118.27722"/>
   <point lat="34.13161" lon="-118.27734"/>
   <point lat="34.1317499" lon="-118.27786"/>
   <point lat="34.13177" lon="-118.27796"/>
   <point lat="34.13179" lon="-118.27807"/>
   <point lat="34.13181" lon="-118.2785"/>
   <point lat="34.13182" lon="-118.27862"/>
   <point lat="34.1318399" lon="-118.27873"/>
   <point lat="34.13189" lon="-118.2789"/>
   <point lat="34.13204" lon="-118.27931"/>
   <point lat="34.13208" lon="-118.27947"/>
   <point lat="34.1321" lon="-118.27953"/>
   <point lat="34.13212" lon="-118.27957"/>
   <point lat="34.13223" lon="-118.27995"/>
   <point lat="34.13226" lon="-118.28006"/>
   <point lat="34.13235" lon="-118.28028"/>
   <point lat="34.1327799" lon="-118.28078"/>
   <point lat="34.13441" lon="-118.28158"/>
   <point lat="34.13496" lon="-118.28179"/>
   <point lat="34.13511" lon="-118.28186"/>
   <point lat="34.13542" lon="-118.28202"/>
   <point lat="34.1355999" lon="-118.28208"/>
   <point lat="34.13568" lon="-118.28209"/>
   <point lat="34.13583" lon="-118.28212"/>
   <point lat="34.13605" lon="-118.28215"/>
   <point lat="34.13641" lon="-118.28222"/>
   <point lat="34.13698" lon="-118.28225"/>
   <point lat="34.13751" lon="-118.28229"/>
   <point lat="34.13767" lon="-118.28231"/>
   <point lat="34.13787" lon="-118.28235"/>
   <point lat="34.1380399" lon="-118.2824"/>
   <point lat="34.13858" lon="-118.28262"/>
   <point lat="34.13932" lon="-118.28288"/>
   <point lat="34.14012" lon="-118.28327"/>
   <point lat="34.14045" lon="-118.28345"/>
   <point lat="34.1409" lon="-118.28367"/>
   <point lat="34.14131" lon="-118.28384"/>
   <point lat="34.14173" lon="-118.284"/>
   <point lat="34.14323" lon="-118.28461"/>
   <point lat="34.14381" lon="-118.28486"/>
   <point lat="34.14415" lon="-118.28498"/>
   <point lat="34.14437" lon="-118.28505"/>
   <point lat="34.14462" lon="-118.28511"/>
   <point lat="34.14477" lon="-118.28513"/>
   <point lat="34.1449" lon="-118.28513"/>
   <point lat="34.14501" lon="-118.28512"/>
   <point lat="34.14517" lon="-118.28509"/>
   <point lat="34.14544" lon="-118.28502"/>
   <point lat="34.14633" lon="-118.28476"/>
   <point lat="34.14641" lon="-118.28474"/>
   <point lat="34.14647" lon="-118.28468"/>
   <point lat="34.14653" lon="-118.28461"/>
   <point lat="34.14655" lon="-118.28457"/>
   <point lat="34.14662" lon="-118.28444"/>
   <point lat="34.14712" lon="-118.28431"/>
  </path>
  <path>
   <point lat="34.1667599" lon="-118.30765"/>
   <point lat="34.16791" lon="-118.30676"/>
   <point lat="34.1689" lon="-118.3055"/>
   <point lat="34.17178" lon="-118.30253"/>
   <point lat="34.17455" lon="-118.29955"/>
   <point lat="34.17686" lon="-118.2973"/>
   <point lat="34.17714" lon="-118.29745"/>
   <point lat="34.17931" lon="-118.30067"/>
   <point lat="34.17962" lon="-118.30104"/>
   <point lat="34.18172" lon="-118.30397"/>
   <point lat="34.1832" lon="-118.30621"/>
   <point lat="34.18307" lon="-118.30654"/>
   <point lat="34.1807299" lon="-118.30903"/>
  </path>
  <path>
   <point lat="34.0997" lon="-118.25023"/>
   <point lat="34.09945" lon="-118.2499"/>
   <point lat="34.09848" lon="-118.24849"/>
   <point lat="34.0967399" lon="-118.24603"/>
   <point lat="34.09561" lon="-118.24486"/>
   <point lat="34.09558" lon="-118.24377"/>
   <point lat="34.09546" lon="-118.24304"/>
   <point lat="34.09539" lon="-118.24285"/>
   <point lat="34.09532" lon="-118.24272"/>
   <point lat="34.09528" lon="-118.24264"/>
   <point lat="34.09516" lon="-118.24243"/>
   <point lat="34.09508" lon="-118.24234"/>
   <point lat="34.09487" lon="-118.24212"/>
   <point lat="34.09475" lon="-118.24201"/>
   <point lat="34.09394" lon="-118.24138"/>
   <point lat="34.09371" lon="-118.24105"/>
   <point lat="34.0927999" lon="-118.24042"/>
   <point lat="34.09191" lon="-118.23983"/>
   <point lat="34.09084" lon="-118.23875"/>
   <point lat="34.09042" lon="-118.23844"/>
   <point lat="34.08981" lon="-118.23756"/>
   <point lat="34.0892399" lon="-118.23701"/>
   <point lat="34.08775" lon="-118.23456"/>
   <point lat="34.0863299" lon="-118.23197"/>
   <point lat="34.08598" lon="-118.23112"/>
   <point lat="34.08589" lon="-118.23097"/>
   <point lat="34.08565" lon="-118.23123"/>
   <point lat="34.08562" lon="-118.23125"/>
   <point lat="34.0855" lon="-118.23139"/>
   <point lat="34.0854" lon="-118.23149"/>
   <point lat="34.08529" lon="-118.23161"/>
   <point lat="34.08522" lon="-118.23165"/>
   <point lat="34.08516" lon="-118.23166"/>
   <point lat="34.08513" lon="-118.23166"/>
   <point lat="34.08507" lon="-118.2316"/>
   <point lat="34.08487" lon="-118.23132"/>
   <point lat="34.0848" lon="-118.23124"/>
   <point lat="34.08402" lon="-118.23022"/>
   <point lat="34.08363" lon="-118.22976"/>
   <point lat="34.08315" lon="-118.22924"/>
   <point lat="34.08293" lon="-118.22897"/>
   <point lat="34.08266" lon="-118.22867"/>
   <point lat="34.08241" lon="-118.22845"/>
   <point lat="34.08226" lon="-118.22835"/>
   <point lat="34.08213" lon="-118.2283"/>
   <point lat="34.08168" lon="-118.22819"/>
   <point lat="34.08128" lon="-118.22806"/>
   <point lat="34.08102" lon="-118.22795"/>
   <point lat="34.0808" lon="-118.22782"/>
   <point lat="34.08037" lon="-118.22755"/>
   <point lat="34.08011" lon="-118.22741"/>
   <point lat="34.07987" lon="-118.22733"/>
   <point lat="34.07977" lon="-118.22731"/>
   <point lat="34.07972" lon="-118.22731"/>
   <point lat="34.07967" lon="-118.22732"/>
   <point lat="34.07963" lon="-118.22734"/>
   <point lat="34.07956" lon="-118.22738"/>
   <point lat="34.0794" lon="-118.22749"/>
   <point lat="34.07932" lon="-118.22756"/>
   <point lat="34.07921" lon="-118.22769"/>
   <point lat="34.07906" lon="-118.22788"/>
   <point lat="34.07852" lon="-118.2285"/>
   <point lat="34.07831" lon="-118.22884"/>
   <point lat="34.07812" lon="-118.22909"/>
   <point lat="34.07729" lon="-118.2301"/>
   <point lat="34.07676" lon="-118.23079"/>
   <point lat="34.0764799" lon="-118.2311"/>
   <point lat="34.07639" lon="-118.23121"/>
   <point lat="34.076" lon="-118.2316"/>
   <point lat="34.07564" lon="-118.23194"/>
   <point lat="34.07541" lon="-118.23217"/>
   <point lat="34.07503" lon="-118.23258"/>
   <point lat="34.07408" lon="-118.23355"/>
   <point lat="34.07342" lon="-118.23417"/>
   <point lat="34.07305" lon="-118.23448"/>
   <point lat="34.07271" lon="-118.23474"/>
   <point lat="34.07255" lon="-118.23484"/>
   <point lat="34.0719" lon="-118.23519"/>
   <point lat="34.07166" lon="-118.2353"/>
   <point lat="34.07149" lon="-118.23534"/>
   <point lat="34.07135" lon="-118.2354"/>
   <point lat="34.07124" lon="-118.23546"/>
   <point lat="34.07079" lon="-118.23566"/>
   <point lat="34.07058" lon="-118.23576"/>
   <point lat="34.06982" lon="-118.23607"/>
   <point lat="34.06955" lon="-118.23619"/>
   <point lat="34.06896" lon="-118.23652"/>
   <point lat="34.0686899" lon="-118.23665"/>
   <point lat="34.06847" lon="-118.23675"/>
   <point lat="34.0677499" lon="-118.23705"/>
   <point lat="34.06668" lon="-118.23755"/>
   <point lat="34.06594" lon="-118.23794"/>
   <point lat="34.06583" lon="-118.23799"/>
   <point lat="34.06504" lon="-118.23838"/>
   <point lat="34.0646" lon="-118.23874"/>
  </path>
  <path>
   <point lat="34.18062" lon="-118.30873"/>
   <point lat="34.18297" lon="-118.30625"/>
   <point lat="34.18246" lon="-118.3052"/>
   <point lat="34.18104" lon="-118.30348"/>
   <point lat="34.17927" lon="-118.30121"/>
   <point lat="34.17667" lon="-118.29781"/>
   <point lat="34.17443" lon="-118.29988"/>
   <point lat="34.17429" lon="-118.30024"/>
   <point lat="34.17178" lon="-118.30253"/>
   <point lat="34.16898" lon="-118.30581"/>
   <point lat="34.1668" lon="-118.30793"/>
   <point lat="34.16652" lon="-118.30778"/>
  </path>
  <path>
   <point lat="34.05843" lon="-118.23747"/>
   <point lat="34.05892" lon="-118.23723"/>
   <point lat="34.05899" lon="-118.23707"/>
   <point lat="34.05897" lon="-118.23686"/>
   <point lat="34.0581" lon="-118.23705"/>
   <point lat="34.05824" lon="-118.23782"/>
   <point lat="34.05825" lon="-118.238"/>
   <point lat="34.05823" lon="-118.23865"/>
   <point lat="34.05985" lon="-118.23789"/>
   <point lat="34.0603399" lon="-118.23906"/>
   <point lat="34.06074" lon="-118.24046"/>
   <point lat="34.06097" lon="-118.24025"/>
   <point lat="34.06133" lon="-118.24024"/>
   <point lat="34.06254" lon="-118.23951"/>
   <point lat="34.06427" lon="-118.23864"/>
  </path>
  <path>
   <point lat="34.14712" lon="-118.28431"/>
   <point lat="34.1468599" lon="-118.28459"/>
   <point lat="34.14655" lon="-118.28457"/>
   <point lat="34.14662" lon="-118.28444"/>
   <point lat="34.14666" lon="-118.28431"/>
   <point lat="34.14667" lon="-118.28425"/>
   <point lat="34.14668" lon="-118.28405"/>
   <point lat="34.1467" lon="-118.28266"/>
   <point lat="34.14671" lon="-118.28233"/>
   <point lat="34.14672" lon="-118.28228"/>
   <point lat="34.14674" lon="-118.28224"/>
   <point lat="34.14678" lon="-118.28221"/>
   <point lat="34.14681" lon="-118.2822"/>
   <point lat="34.14691" lon="-118.28221"/>
   <point lat="34.14852" lon="-118.2821"/>
   <point lat="34.14919" lon="-118.28222"/>
   <point lat="34.14944" lon="-118.28219"/>
   <point lat="34.15048" lon="-118.28223"/>
   <point lat="34.15059" lon="-118.28223"/>
   <point lat="34.15065" lon="-118.28225"/>
   <point lat="34.15078" lon="-118.28231"/>
   <point lat="34.15085" lon="-118.28236"/>
   <point lat="34.1508899" lon="-118.28238"/>
   <point lat="34.15093" lon="-118.28242"/>
   <point lat="34.151" lon="-118.2825"/>
   <point lat="34.15105" lon="-118.28258"/>
   <point lat="34.1511" lon="-118.28268"/>
   <point lat="34.15117" lon="-118.28288"/>
   <point lat="34.1512" lon="-118.28299"/>
   <point lat="34.15148" lon="-118.28444"/>
   <point lat="34.15162" lon="-118.28499"/>
   <point lat="34.15173" lon="-118.28561"/>
   <point lat="34.15175" lon="-118.28569"/>
   <point lat="34.15184" lon="-118.28591"/>
   <point lat="34.1519" lon="-118.28604"/>
   <point lat="34.15204" lon="-118.28626"/>
   <point lat="34.1521199" lon="-118.28644"/>
   <point lat="34.1522" lon="-118.28654"/>
   <point lat="34.15283" lon="-118.28756"/>
   <point lat="34.15313" lon="-118.28795"/>
   <point lat="34.15326" lon="-118.28816"/>
   <point lat="34.15338" lon="-118.2884"/>
   <point lat="34.15357" lon="-118.2888"/>
   <point lat="34.15368" lon="-118.28905"/>
   <point lat="34.15373" lon="-118.2892"/>
   <point lat="34.15379" lon="-118.28942"/>
   <point lat="34.15388" lon="-118.28986"/>
   <point lat="34.15406" lon="-118.2912"/>
   <point lat="34.15419" lon="-118.29175"/>
   <point lat="34.1546499" lon="-118.2932"/>
   <point lat="34.1549" lon="-118.29371"/>
   <point lat="34.15511" lon="-118.29392"/>
   <point lat="34.15565" lon="-118.29391"/>
   <point lat="34.1557" lon="-118.29393"/>
   <point lat="34.15673" lon="-118.29469"/>
   <point lat="34.15717" lon="-118.29499"/>
   <point lat="34.15726" lon="-118.29507"/>
   <point lat="34.15737" lon="-118.29516"/>
   <point lat="34.15768" lon="-118.29547"/>
   <point lat="34.15786" lon="-118.29568"/>
   <point lat="34.15887" lon="-118.29682"/>
   <point lat="34.1614099" lon="-118.30033"/>
   <point lat="34.16255" lon="-118.30188"/>
   <point lat="34.16424" lon="-118.30421"/>
   <point lat="34.1667599" lon="-118.30765"/>
  </path>
  <path>
   <point lat="34.06427" lon="-118.23864"/>
   <point lat="34.06798" lon="-118.23683"/>
   <point lat="34.06809" lon="-118.23677"/>
   <point lat="34.06835" lon="-118.23666"/>
   <point lat="34.06856" lon="-118.23654"/>
   <point lat="34.0686899" lon="-118.23644"/>
   <point lat="34.06884" lon="-118.23627"/>
   <point lat="34.06898" lon="-118.23609"/>
   <point lat="34.0691" lon="-118.23591"/>
   <point lat="34.0692499" lon="-118.2358"/>
   <point lat="34.06938" lon="-118.23573"/>
   <point lat="34.06948" lon="-118.23563"/>
   <point lat="34.0696299" lon="-118.23552"/>
   <point lat="34.06976" lon="-118.23544"/>
   <point lat="34.06988" lon="-118.23538"/>
   <point lat="34.06999" lon="-118.23535"/>
   <point lat="34.07011" lon="-118.23532"/>
   <point lat="34.07039" lon="-118.23527"/>
   <point lat="34.07079" lon="-118.23516"/>
   <point lat="34.07104" lon="-118.2351"/>
   <point lat="34.07158" lon="-118.23494"/>
   <point lat="34.07203" lon="-118.23475"/>
   <point lat="34.07219" lon="-118.23467"/>
   <point lat="34.07241" lon="-118.23452"/>
   <point lat="34.07265" lon="-118.23433"/>
   <point lat="34.07298" lon="-118.23404"/>
   <point lat="34.07305" lon="-118.23399"/>
   <point lat="34.07459" lon="-118.23251"/>
   <point lat="34.07468" lon="-118.23242"/>
   <point lat="34.07479" lon="-118.23233"/>
   <point lat="34.07489" lon="-118.23224"/>
   <point lat="34.07494" lon="-118.23219"/>
   <point lat="34.0750699" lon="-118.23207"/>
   <point lat="34.07543" lon="-118.23165"/>
   <point lat="34.07561" lon="-118.23147"/>
   <point lat="34.07573" lon="-118.23134"/>
   <point lat="34.07658" lon="-118.23035"/>
   <point lat="34.07668" lon="-118.23022"/>
   <point lat="34.07712" lon="-118.22968"/>
   <point lat="34.07741" lon="-118.22937"/>
   <point lat="34.07894" lon="-118.22746"/>
   <point lat="34.0792" lon="-118.22732"/>
   <point lat="34.0793" lon="-118.22726"/>
   <point lat="34.07942" lon="-118.22722"/>
   <point lat="34.07958" lon="-118.22721"/>
   <point lat="34.07972" lon="-118.22721"/>
   <point lat="34.07996" lon="-118.22725"/>
   <point lat="34.08009" lon="-118.22728"/>
   <point lat="34.08028" lon="-118.22735"/>
   <point lat="34.08053" lon="-118.22749"/>
   <point lat="34.08079" lon="-118.22766"/>
   <point lat="34.08101" lon="-118.22783"/>
   <point lat="34.08118" lon="-118.22792"/>
   <point lat="34.08134" lon="-118.22798"/>
   <point lat="34.0816299" lon="-118.22806"/>
   <point lat="34.0818" lon="-118.2281"/>
   <point lat="34.0822" lon="-118.22818"/>
   <point lat="34.08264" lon="-118.22823"/>
   <point lat="34.08288" lon="-118.22829"/>
   <point lat="34.08307" lon="-118.22835"/>
   <point lat="34.08327" lon="-118.22844"/>
   <point lat="34.08335" lon="-118.22848"/>
   <point lat="34.0835" lon="-118.22852"/>
   <point lat="34.08373" lon="-118.22861"/>
   <point lat="34.08388" lon="-118.22869"/>
   <point lat="34.08394" lon="-118.22872"/>
   <point lat="34.08406" lon="-118.22881"/>
   <point lat="34.08431" lon="-118.22899"/>
   <point lat="34.08459" lon="-118.22922"/>
   <point lat="34.08467" lon="-118.22927"/>
   <point lat="34.08475" lon="-118.22928"/>
   <point lat="34.08482" lon="-118.22927"/>
   <point lat="34.08485" lon="-118.22926"/>
   <point lat="34.08502" lon="-118.22908"/>
   <point lat="34.08505" lon="-118.22913"/>
   <point lat="34.08511" lon="-118.2292"/>
   <point lat="34.08528" lon="-118.22953"/>
   <point lat="34.08542" lon="-118.22989"/>
   <point lat="34.08545" lon="-118.22996"/>
   <point lat="34.08572" lon="-118.23067"/>
   <point lat="34.0858" lon="-118.23082"/>
   <point lat="34.08598" lon="-118.23112"/>
   <point lat="34.08634" lon="-118.23156"/>
   <point lat="34.08775" lon="-118.23413"/>
   <point lat="34.08919" lon="-118.23658"/>
   <point lat="34.08981" lon="-118.23756"/>
   <point lat="34.09035" lon="-118.23803"/>
   <point lat="34.09179" lon="-118.23945"/>
   <point lat="34.0927999" lon="-118.24042"/>
   <point lat="34.09378" lon="-118.24096"/>
   <point lat="34.09475" lon="-118.24201"/>
   <point lat="34.09487" lon="-118.24212"/>
   <point lat="34.09508" lon="-118.24234"/>
   <point lat="34.09516" lon="-118.24243"/>
   <point lat="34.09528" lon="-118.24264"/>
   <point lat="34.09532" lon="-118.24272"/>
   <point lat="34.09539" lon="-118.24285"/>
   <point lat="34.09546" lon="-118.24304"/>
   <point lat="34.09558" lon="-118.24377"/>
   <point lat="34.09564" lon="-118.24441"/>
   <point lat="34.09582" lon="-118.24494"/>
   <point lat="34.09624" lon="-118.24567"/>
   <point lat="34.09845" lon="-118.24808"/>
   <point lat="34.09901" lon="-118.24908"/>
   <point lat="34.09923" lon="-118.24952"/>
   <point lat="34.0994" lon="-118.24982"/>
   <point lat="34.09945" lon="-118.2499"/>
   <point lat="34.0995599" lon="-118.25002"/>
   <point lat="34.0996499" lon="-118.25006"/>
   <point lat="34.10008" lon="-118.25013"/>
  </path>
  <path>
   <point lat="34.10008" lon="-118.25013"/>
   <point lat="34.10057" lon="-118.25053"/>
   <point lat="34.10227" lon="-118.25125"/>
   <point lat="34.10433" lon="-118.25323"/>
   <point lat="34.10471" lon="-118.25384"/>
   <point lat="34.10586" lon="-118.2569"/>
   <point lat="34.10546" lon="-118.25716"/>
   <point lat="34.1054" lon="-118.25726"/>
   <point lat="34.10528" lon="-118.25745"/>
   <point lat="34.10488" lon="-118.25835"/>
   <point lat="34.10474" lon="-118.25864"/>
   <point lat="34.1045" lon="-118.25922"/>
   <point lat="34.10462" lon="-118.25926"/>
   <point lat="34.10474" lon="-118.25933"/>
   <point lat="34.1048" lon="-118.25938"/>
   <point lat="34.10518" lon="-118.25963"/>
   <point lat="34.10537" lon="-118.26"/>
   <point lat="34.10706" lon="-118.26288"/>
   <point lat="34.10717" lon="-118.26338"/>
   <point lat="34.10725" lon="-118.26341"/>
   <point lat="34.10758" lon="-118.26349"/>
   <point lat="34.10832" lon="-118.2636"/>
   <point lat="34.10966" lon="-118.26435"/>
   <point lat="34.11141" lon="-118.26542"/>
   <point lat="34.1117" lon="-118.26618"/>
   <point lat="34.11206" lon="-118.26689"/>
   <point lat="34.11228" lon="-118.26729"/>
   <point lat="34.11243" lon="-118.26753"/>
   <point lat="34.11255" lon="-118.26771"/>
   <point lat="34.11285" lon="-118.26811"/>
   <point lat="34.11334" lon="-118.26861"/>
   <point lat="34.11392" lon="-118.269"/>
   <point lat="34.11444" lon="-118.2697"/>
   <point lat="34.11693" lon="-118.27149"/>
  </path>
  <path>
   <point lat="34.17929" lon="-118.31283"/>
   <point lat="34.17864" lon="-118.3119"/>
   <point lat="34.17862" lon="-118.31182"/>
   <point lat="34.17863" lon="-118.31173"/>
   <point lat="34.1786699" lon="-118.31166"/>
   <point lat="34.17873" lon="-118.31155"/>
   <point lat="34.17851" lon="-118.31127"/>
   <point lat="34.17806" lon="-118.31063"/>
   <point lat="34.17643" lon="-118.30843"/>
   <point lat="34.17639" lon="-118.30834"/>
   <point lat="34.17638" lon="-118.3082"/>
   <point lat="34.17648" lon="-118.3079"/>
   <point lat="34.17663" lon="-118.30774"/>
   <point lat="34.17744" lon="-118.30692"/>
   <point lat="34.17781" lon="-118.30727"/>
   <point lat="34.17879" lon="-118.30863"/>
   <point lat="34.17963" lon="-118.30977"/>
   <point lat="34.18062" lon="-118.30873"/>
  </path>
  <path>
   <point lat="34.16652" lon="-118.30778"/>
   <point lat="34.16369" lon="-118.30391"/>
   <point lat="34.16228" lon="-118.30198"/>
   <point lat="34.16117" lon="-118.3005"/>
   <point lat="34.15871" lon="-118.29707"/>
   <point lat="34.15839" lon="-118.29639"/>
   <point lat="34.15809" lon="-118.29596"/>
   <point lat="34.15797" lon="-118.2958"/>
   <point lat="34.15786" lon="-118.29568"/>
   <point lat="34.15768" lon="-118.29547"/>
   <point lat="34.15737" lon="-118.29516"/>
   <point lat="34.15726" lon="-118.29507"/>
   <point lat="34.15717" lon="-118.29499"/>
   <point lat="34.15673" lon="-118.29469"/>
   <point lat="34.1557" lon="-118.29393"/>
   <point lat="34.15565" lon="-118.29391"/>
   <point lat="34.1556" lon="-118.2939"/>
   <point lat="34.15544" lon="-118.2939"/>
   <point lat="34.15511" lon="-118.29392"/>
   <point lat="34.15467" lon="-118.29365"/>
   <point lat="34.15419" lon="-118.29175"/>
   <point lat="34.15406" lon="-118.2912"/>
   <point lat="34.15388" lon="-118.28986"/>
   <point lat="34.15379" lon="-118.28942"/>
   <point lat="34.15373" lon="-118.2892"/>
   <point lat="34.15368" lon="-118.28905"/>
   <point lat="34.15357" lon="-118.2888"/>
   <point lat="34.15338" lon="-118.2884"/>
   <point lat="34.15326" lon="-118.28816"/>
   <point lat="34.15313" lon="-118.28795"/>
   <point lat="34.15283" lon="-118.28756"/>
   <point lat="34.1522" lon="-118.28654"/>
   <point lat="34.1521199" lon="-118.28644"/>
   <point lat="34.15204" lon="-118.28626"/>
   <point lat="34.1519" lon="-118.28604"/>
   <point lat="34.15184" lon="-118.28591"/>
   <point lat="34.15175" lon="-118.28569"/>
   <point lat="34.15173" lon="-118.28561"/>
   <point lat="34.15162" lon="-118.28499"/>
   <point lat="34.15148" lon="-118.28444"/>
   <point lat="34.1512" lon="-118.28299"/>
   <point lat="34.15117" lon="-118.28288"/>
   <point lat="34.1511" lon="-118.28268"/>
   <point lat="34.15105" lon="-118.28258"/>
   <point lat="34.151" lon="-118.2825"/>
   <point lat="34.15093" lon="-118.28242"/>
   <point lat="34.1508899" lon="-118.28238"/>
   <point lat="34.15085" lon="-118.28236"/>
   <point lat="34.15078" lon="-118.28231"/>
   <point lat="34.15065" lon="-118.28225"/>
   <point lat="34.15059" lon="-118.28223"/>
   <point lat="34.15048" lon="-118.28223"/>
   <point lat="34.14944" lon="-118.28219"/>
   <point lat="34.14919" lon="-118.28222"/>
   <point lat="34.14691" lon="-118.28221"/>
   <point lat="34.14681" lon="-118.2822"/>
   <point lat="34.14678" lon="-118.28221"/>
   <point lat="34.14674" lon="-118.28224"/>
   <point lat="34.14672" lon="-118.28228"/>
   <point lat="34.14671" lon="-118.28233"/>
   <point lat="34.1467" lon="-118.28266"/>
   <point lat="34.14668" lon="-118.28405"/>
   <point lat="34.14667" lon="-118.28425"/>
   <point lat="34.14666" lon="-118.28431"/>
   <point lat="34.14712" lon="-118.28431"/>
  </path>
  <path>
   <point lat="34.1807299" lon="-118.30903"/>
   <point lat="34.17971" lon="-118.31"/>
   <point lat="34.17948" lon="-118.30981"/>
   <point lat="34.17869" lon="-118.30874"/>
   <point lat="34.17744" lon="-118.30692"/>
   <point lat="34.17722" lon="-118.30742"/>
   <point lat="34.17663" lon="-118.30774"/>
   <point lat="34.17648" lon="-118.3079"/>
   <point lat="34.17638" lon="-118.3082"/>
   <point lat="34.17639" lon="-118.30834"/>
   <point lat="34.17643" lon="-118.30843"/>
   <point lat="34.17806" lon="-118.31063"/>
   <point lat="34.17851" lon="-118.31127"/>
   <point lat="34.1799899" lon="-118.31323"/>
   <point lat="34.17991" lon="-118.31336"/>
   <point lat="34.17988" lon="-118.31339"/>
   <point lat="34.17984" lon="-118.3134"/>
   <point lat="34.17981" lon="-118.31339"/>
   <point lat="34.17976" lon="-118.31338"/>
   <point lat="34.17929" lon="-118.31283"/>
  </path>
  <path>
   <point lat="34.0646" lon="-118.23874"/>
   <point lat="34.06292" lon="-118.23958"/>
   <point lat="34.06162" lon="-118.24011"/>
   <point lat="34.06133" lon="-118.24024"/>
   <point lat="34.06074" lon="-118.24046"/>
   <point lat="34.06035" lon="-118.23955"/>
   <point lat="34.05985" lon="-118.23789"/>
   <point lat="34.05945" lon="-118.23676"/>
   <point lat="34.05929" lon="-118.23679"/>
   <point lat="34.0581" lon="-118.23705"/>
   <point lat="34.05824" lon="-118.23782"/>
   <point lat="34.05843" lon="-118.23747"/>
  </path>
 </route>
</body>