<?xml version="1.0" encoding="utf-8"?>
<body copyright="All data copyright Los Angeles Metro 2022.">
 <route color="e74d00" latMax="34.0813799" latMin="34.0331899" lonMax="-118.04125" lonMin="-118.26635" oppositeColor="ffffff" tag="76" title="76 Downtown LA - El Monte Via Valley Bl">
  <stop lat="34.0578399" lon="-118.2366299" stopId="00656" tag="656" title="Cesar E Chavez / Alameda"/>
  <stop lat="34.06685" lon="-118.1769399" stopId="01349" tag="1349" title="Valley / Marianna"/>
  <stop lat="34.07878" lon="-118.1165599" stopId="01665" tag="1665" title="Valley / Almansor"/>
  <stop lat="34.0786299" lon="-118.11939" stopId="01666" tag="1666" title="Valley / Chapel"/>
  <stop lat="34.0796199" lon="-118.09891" stopId="01667" tag="1667" title="Valley / Del Mar"/>
  <stop lat="34.0784599" lon="-118.12266" stopId="01669" tag="1669" title="Valley / Garfield"/>
  <stop lat="34.07893" lon="-118.1137399" stopId="01670" tag="1670" title="Valley / Granada"/>
  <stop lat="34.0800599" lon="-118.09024" stopId="01673" tag="1673" title="Valley / San Gabriel"/>
  <stop lat="34.0790699" lon="-118.11096" stopId="01675" tag="1675" title="Valley / Vega"/>
  <stop lat="34.07984" lon="-118.0948199" stopId="01679" tag="1679" title="Valley / Walnut"/>
  <stop lat="34.0567999" lon="-118.23169" stopId="03234" tag="3234" title="Vignes / Cesar E Chavez"/>
  <stop lat="34.0612199" lon="-118.2347699" stopId="03241" tag="3241" title="Vignes / Main"/>
  <stop lat="34.06586" lon="-118.21509" stopId="03771" tag="3771" title="Main / Daly"/>
  <stop lat="34.06462" lon="-118.2313399" stopId="03773" tag="3773" title="Main / Ann"/>
  <stop lat="34.0658899" lon="-118.21122" stopId="03776" tag="3776" title="Main / Griffin"/>
  <stop lat="34.06697" lon="-118.22256" stopId="03778" tag="3778" title="Main / Lamar"/>
  <stop lat="34.06559" lon="-118.2296199" stopId="03779" tag="3779" title="Main / Leroy"/>
  <stop lat="34.0676399" lon="-118.2253199" stopId="03785" tag="3785" title="Main / Chavez"/>
  <stop lat="34.05751" lon="-118.2400799" stopId="03931" tag="3931" title="Spring / Cesar E Chavez"/>
  <stop lat="34.0546999" lon="-118.2427" stopId="03935" tag="3935" title="Spring / Temple"/>
  <stop lat="34.0530399" lon="-118.24936" stopId="04105" tag="4105" title="Olive / General Thaddeus Kosciuszko"/>
  <stop lat="34.0406499" lon="-118.26094" stopId="05370" tag="5370" title="Olive / 11th"/>
  <stop lat="34.03643" lon="-118.2642899" stopId="05372" tag="5372" title="Olive / 14th"/>
  <stop lat="34.0544199" lon="-118.2469599" stopId="05377" tag="5377" title="1st / Hill"/>
  <stop lat="34.0467699" lon="-118.25526" stopId="05382" tag="5382" title="Olive / 7th"/>
  <stop lat="34.0450099" lon="-118.25688" stopId="05383" tag="5383" title="Olive / 8th"/>
  <stop lat="34.03808" lon="-118.2632499" stopId="05388" tag="5388" title="Olive / Pico"/>
  <stop lat="34.06554" lon="-118.20749" stopId="06608" tag="6608" title="Main / Mission"/>
  <stop lat="34.07143" lon="-118.1726599" stopId="06674" tag="6674" title="Valley / Beatie"/>
  <stop lat="34.0731699" lon="-118.17053" stopId="06675" tag="6675" title="Valley / Block"/>
  <stop lat="34.0767999" lon="-118.15106" stopId="06677" tag="6677" title="Valley / Fremont"/>
  <stop lat="34.07652" lon="-118.1550899" stopId="06680" tag="6680" title="Valley / Grand View"/>
  <stop lat="34.08084" lon="-118.0697699" stopId="06681" tag="6681" title="Valley / Hart"/>
  <stop lat="34.06539" lon="-118.20236" stopId="06688" tag="6688" title="Valley / San Pablo"/>
  <stop lat="34.07651" lon="-118.04641" stopId="06699" tag="6699" title="Valley / Arden"/>
  <stop lat="34.07898" lon="-118.053" stopId="06700" tag="6700" title="Valley / Baldwin"/>
  <stop lat="34.06237" lon="-118.1861799" stopId="06701" tag="6701" title="Valley / Boca"/>
  <stop lat="34.06305" lon="-118.1822099" stopId="06704" tag="6704" title="Valley / Del Paso"/>
  <stop lat="34.08026" lon="-118.0865599" stopId="06705" tag="6705" title="Valley / Delta"/>
  <stop lat="34.08111" lon="-118.0612799" stopId="06707" tag="6707" title="Valley / Merwyn C Gill"/>
  <stop lat="34.07383" lon="-118.16467" stopId="06712" tag="6712" title="Valley / Lillyvale"/>
  <stop lat="34.08096" lon="-118.0657299" stopId="06714" tag="6714" title="Valley / Mission"/>
  <stop lat="34.0805599" lon="-118.07729" stopId="06717" tag="6717" title="Valley / Muscatel"/>
  <stop lat="34.0655799" lon="-118.1801" stopId="06718" tag="6718" title="Valley / Eastern"/>
  <stop lat="34.06428" lon="-118.19645" stopId="06720" tag="6720" title="Valley / Soto"/>
  <stop lat="34.0799499" lon="-118.0552599" stopId="06729" tag="6729" title="Valley / Rowland"/>
  <stop lat="34.0811199" lon="-118.05797" stopId="06733" tag="6733" title="Valley / Temple City"/>
  <stop lat="34.0631299" lon="-118.1902599" stopId="06736" tag="6736" title="Valley / Vineburn"/>
  <stop lat="34.08039" lon="-118.0821999" stopId="06737" tag="6737" title="Valley / Walnut Grove"/>
  <stop lat="34.0350599" lon="-118.2654" stopId="06952" tag="6952" title="Olive / Venice"/>
  <stop lat="34.07945" lon="-118.1022299" stopId="08107" tag="8107" title="Valley / Abbot"/>
  <stop lat="34.07697" lon="-118.1483299" stopId="08109" tag="8109" title="Valley / Edgewood"/>
  <stop lat="34.07922" lon="-118.1079299" stopId="08112" tag="8112" title="Valley / New"/>
  <stop lat="34.0782499" lon="-118.12645" stopId="08113" tag="8113" title="Valley / 4th"/>
  <stop lat="34.0781" lon="-118.1289699" stopId="08114" tag="8114" title="Valley / 6th"/>
  <stop lat="34.0779599" lon="-118.1314" stopId="08115" tag="8115" title="Valley / 8th"/>
  <stop lat="34.0778" lon="-118.1341599" stopId="08116" tag="8116" title="Valley / Atlantic"/>
  <stop lat="34.0773699" lon="-118.14152" stopId="08118" tag="8118" title="Valley / Marengo"/>
  <stop lat="34.0775399" lon="-118.13792" stopId="08119" tag="8119" title="Valley / Marguerita"/>
  <stop lat="34.0771599" lon="-118.14512" stopId="08120" tag="8120" title="Valley / Raymond"/>
  <stop lat="34.0754999" lon="-118.15961" stopId="08121" tag="8121" title="Valley / Westmont"/>
  <stop lat="34.0807199" lon="-118.07284" stopId="15085" tag="15085" title="Valley / Rosemead"/>
  <stop lat="34.07583" lon="-118.0415" stopId="15114" tag="15114" title="Main / Santa Anita"/>
  <stop lat="34.04925" lon="-118.2529599" stopId="15715" tag="15715" title="Olive / 5th"/>
  <stop lat="34.0425299" lon="-118.25919" stopId="16168" tag="16168" title="Olive / Olympic"/>
  <stop lat="34.0721999" lon="-118.04512" tag="30020_ar" title="El Monte Station - Lower Level"/>
  <stop lat="34.0626299" lon="-118.23396" stopId="142054" tag="142054" title="Main / College"/>
  <stop lat="34.06673" lon="-118.2273799" stopId="142057" tag="142057" title="Main / Power"/>
  <stop lat="34.06962" lon="-118.1747699" stopId="142059" tag="142059" title="5014 Valley"/>
  <stop lat="34.0781" lon="-118.05091" stopId="176670" tag="176670" title="Valley / Gibson"/>
  <stop lat="34.0669399" lon="-118.1780699" stopId="01347" tag="1347" title="Valley / Marianna"/>
  <stop lat="34.0543199" lon="-118.25021" stopId="02397" tag="2397" title="Grand / 2nd"/>
  <stop lat="34.07989" lon="-118.0992199" stopId="03098" tag="3098" title="Valley / Del Mar"/>
  <stop lat="34.061" lon="-118.23494" stopId="03242" tag="3242" title="Vignes / Main"/>
  <stop lat="34.05527" lon="-118.2423799" stopId="03934" tag="3934" title="Spring / Temple"/>
  <stop lat="34.0331899" lon="-118.26457" tag="6535_ar" title="Terminal 28 - East Lot"/>
  <stop lat="34.0809699" lon="-118.07302" stopId="06728" tag="6728" title="Valley / Rosemead"/>
  <stop lat="34.0813799" lon="-118.05798" stopId="06734" tag="6734" title="Valley / Temple City"/>
  <stop lat="34.05684" lon="-118.2319699" stopId="07179" tag="7179" title="Vignes / Cesar E Chavez"/>
  <stop lat="34.03355" lon="-118.26628" stopId="07256" tag="7256" title="18th / Olive"/>
  <stop lat="34.0536299" lon="-118.2452399" stopId="09061" tag="9061" title="1st / Broadway"/>
  <stop lat="34.05813" lon="-118.23668" stopId="09218" tag="9218" title="Cesar E Chavez / Alameda"/>
  <stop lat="34.079" lon="-118.1172399" stopId="10224" tag="10224" title="Valley / Almansor"/>
  <stop lat="34.0788499" lon="-118.12007" stopId="10225" tag="10225" title="Valley / Chapel"/>
  <stop lat="34.0804499" lon="-118.08674" stopId="10228" tag="10228" title="Valley / Delta"/>
  <stop lat="34.0786699" lon="-118.12334" stopId="10229" tag="10229" title="Valley / Garfield"/>
  <stop lat="34.07915" lon="-118.1144199" stopId="10230" tag="10230" title="Valley / Granada"/>
  <stop lat="34.0802799" lon="-118.09108" stopId="10233" tag="10233" title="Valley / San Gabriel"/>
  <stop lat="34.0792899" lon="-118.11164" stopId="10235" tag="10235" title="Valley / Vega"/>
  <stop lat="34.0801099" lon="-118.09451" stopId="10238" tag="10238" title="Valley / Walnut"/>
  <stop lat="34.03917" lon="-118.2643599" stopId="10802" tag="10802" title="Grand / Pico"/>
  <stop lat="34.06611" lon="-118.2152599" stopId="12267" tag="12267" title="Main / Daly"/>
  <stop lat="34.0649799" lon="-118.23126" stopId="12268" tag="12268" title="Main / Ann"/>
  <stop lat="34.0661399" lon="-118.21188" stopId="12270" tag="12270" title="Main / Griffin"/>
  <stop lat="34.0671299" lon="-118.2221499" stopId="12272" tag="12272" title="Main / Lamar"/>
  <stop lat="34.06609" lon="-118.2292299" stopId="12274" tag="12274" title="Main / Sotello"/>
  <stop lat="34.0678499" lon="-118.22582" stopId="12275" tag="12275" title="Main / Wilhardt"/>
  <stop lat="34.0359799" lon="-118.26635" stopId="13549" tag="13549" title="Grand / Venice"/>
  <stop lat="34.04177" lon="-118.2619699" stopId="13551" tag="13551" title="Grand / 11th"/>
  <stop lat="34.0373999" lon="-118.26544" stopId="13553" tag="13553" title="Grand / 14th"/>
  <stop lat="34.0528799" lon="-118.25157" stopId="13560" tag="13560" title="Grand / 3rd"/>
  <stop lat="34.0500699" lon="-118.25427" stopId="13561" tag="13561" title="Grand / 5th"/>
  <stop lat="34.0489299" lon="-118.25527" stopId="13562" tag="13562" title="Grand / 6th"/>
  <stop lat="34.04654" lon="-118.2574899" stopId="13567" tag="13567" title="Grand / 7th"/>
  <stop lat="34.04572" lon="-118.2582499" stopId="13568" tag="13568" title="Grand / 8th"/>
  <stop lat="34.0432599" lon="-118.26056" stopId="13572" tag="13572" title="Grand / Olympic"/>
  <stop lat="34.0573099" lon="-118.2405" stopId="14694" tag="14694" title="Spring / Cesar E Chavez"/>
  <stop lat="34.0718" lon="-118.1726399" stopId="15033" tag="15033" title="Valley / Beatie"/>
  <stop lat="34.07326" lon="-118.1708599" stopId="15034" tag="15034" title="Valley / Block"/>
  <stop lat="34.0767899" lon="-118.15495" stopId="15036" tag="15036" title="Valley / Grand View"/>
  <stop lat="34.08108" lon="-118.0695399" stopId="15037" tag="15037" title="Valley / Hart"/>
  <stop lat="34.06601" lon="-118.20565" stopId="15040" tag="15040" title="Main / Mission"/>
  <stop lat="34.0656699" lon="-118.2024799" stopId="15041" tag="15041" title="Valley / San Pablo"/>
  <stop lat="34.07669" lon="-118.04602" stopId="15057" tag="15057" title="Valley / Arden"/>
  <stop lat="34.07908" lon="-118.05257" stopId="15058" tag="15058" title="Valley / Baldwin"/>
  <stop lat="34.06259" lon="-118.18597" stopId="15060" tag="15060" title="Valley / Boca"/>
  <stop lat="34.0651399" lon="-118.18076" stopId="15063" tag="15063" title="Valley / Cyril"/>
  <stop lat="34.0632299" lon="-118.18249" stopId="15064" tag="15064" title="Valley / Del Paso"/>
  <stop lat="34.08137" lon="-118.0612999" stopId="15066" tag="15066" title="Valley / Merwyn C Gill"/>
  <stop lat="34.07417" lon="-118.16487" stopId="15072" tag="15072" title="Valley / Mariondale"/>
  <stop lat="34.0807899" lon="-118.07796" stopId="15075" tag="15075" title="Valley / Muscatel"/>
  <stop lat="34.0646299" lon="-118.1964799" stopId="15077" tag="15077" title="Valley / Soto"/>
  <stop lat="34.0812799" lon="-118.06447" stopId="15082" tag="15082" title="Valley / Rio Hondo"/>
  <stop lat="34.08005" lon="-118.05483" stopId="15086" tag="15086" title="Valley / Rowland"/>
  <stop lat="34.06341" lon="-118.19035" stopId="15092" tag="15092" title="Valley / Vineburn"/>
  <stop lat="34.0806499" lon="-118.08188" stopId="15093" tag="15093" title="Valley / Walnut Grove"/>
  <stop lat="34.05462" lon="-118.24678" stopId="15612" tag="15612" title="1st / Hill"/>
  <stop lat="34.0797699" lon="-118.1024" stopId="16389" tag="16389" title="Valley / Abbot"/>
  <stop lat="34.0771899" lon="-118.14901" stopId="16390" tag="16390" title="Valley / Edgewood"/>
  <stop lat="34.0794599" lon="-118.10812" stopId="16392" tag="16392" title="Valley / New"/>
  <stop lat="34.07846" lon="-118.1271299" stopId="16393" tag="16393" title="Valley / 4th"/>
  <stop lat="34.07832" lon="-118.1296499" stopId="16394" tag="16394" title="Valley / 6th"/>
  <stop lat="34.07818" lon="-118.1320799" stopId="16395" tag="16395" title="Valley / 8th"/>
  <stop lat="34.07802" lon="-118.1348399" stopId="16396" tag="16396" title="Valley / Atlantic"/>
  <stop lat="34.0769899" lon="-118.1522" stopId="16397" tag="16397" title="Valley / Fremont"/>
  <stop lat="34.0775799" lon="-118.1422" stopId="16398" tag="16398" title="Valley / Marengo"/>
  <stop lat="34.0777999" lon="-118.13851" stopId="16399" tag="16399" title="Valley / Marguerita"/>
  <stop lat="34.07737" lon="-118.1457999" stopId="16400" tag="16400" title="Valley / Raymond"/>
  <stop lat="34.07568" lon="-118.1598399" stopId="16401" tag="16401" title="Valley / Westmont"/>
  <stop lat="34.0721999" lon="-118.04512" stopId="30020" tag="30020" title="El Monte Station - Lower Level"/>
  <stop lat="34.06289" lon="-118.2341" stopId="142039" tag="142039" title="Main / College"/>
  <stop lat="34.0641699" lon="-118.1943499" stopId="142042" tag="142042" title="Valley / Vineburn"/>
  <stop lat="34.0633299" lon="-118.23606" stopId="142043" tag="142043" title="Alameda / College"/>
  <stop lat="34.0670499" lon="-118.22741" stopId="142058" tag="142058" title="Main / Power"/>
  <stop lat="34.07252" lon="-118.0420199" stopId="142127" tag="142127" title="Santa Anita / Ramona"/>
  <stop lat="34.0748599" lon="-118.04125" stopId="142128" tag="142128" title="Santa Anita / Main"/>
  <stop lat="34.0782399" lon="-118.0505299" stopId="176170" tag="176170" title="Valley / Gibson"/>
  <direction name="West" tag="76_187_1" title="West to Downtown LA - Grand-Venice" useForUI="true">
   <stop tag="30020"/>
   <stop tag="142127"/>
   <stop tag="142128"/>
   <stop tag="15057"/>
   <stop tag="176170"/>
   <stop tag="15058"/>
   <stop tag="15086"/>
   <stop tag="6734"/>
   <stop tag="15066"/>
   <stop tag="15082"/>
   <stop tag="15037"/>
   <stop tag="6728"/>
   <stop tag="15075"/>
   <stop tag="15093"/>
   <stop tag="10228"/>
   <stop tag="10233"/>
   <stop tag="10238"/>
   <stop tag="3098"/>
   <stop tag="16389"/>
   <stop tag="16392"/>
   <stop tag="10235"/>
   <stop tag="10230"/>
   <stop tag="10224"/>
   <stop tag="10225"/>
   <stop tag="10229"/>
   <stop tag="16393"/>
   <stop tag="16394"/>
   <stop tag="16395"/>
   <stop tag="16396"/>
   <stop tag="16399"/>
   <stop tag="16398"/>
   <stop tag="16400"/>
   <stop tag="16390"/>
   <stop tag="16397"/>
   <stop tag="15036"/>
   <stop tag="16401"/>
   <stop tag="15072"/>
   <stop tag="15034"/>
   <stop tag="15033"/>
   <stop tag="1347"/>
   <stop tag="15063"/>
   <stop tag="15064"/>
   <stop tag="15060"/>
   <stop tag="15092"/>
   <stop tag="142042"/>
   <stop tag="15077"/>
   <stop tag="15041"/>
   <stop tag="15040"/>
   <stop tag="12270"/>
   <stop tag="12267"/>
   <stop tag="12272"/>
   <stop tag="12275"/>
   <stop tag="142058"/>
   <stop tag="12274"/>
   <stop tag="12268"/>
   <stop tag="142039"/>
   <stop tag="142043"/>
   <stop tag="3242"/>
   <stop tag="7179"/>
   <stop tag="9218"/>
   <stop tag="14694"/>
   <stop tag="3934"/>
   <stop tag="9061"/>
   <stop tag="15612"/>
   <stop tag="2397"/>
   <stop tag="13560"/>
   <stop tag="13561"/>
   <stop tag="13562"/>
   <stop tag="13567"/>
   <stop tag="13568"/>
   <stop tag="13572"/>
   <stop tag="13551"/>
   <stop tag="10802"/>
   <stop tag="13553"/>
   <stop tag="13549"/>
   <stop tag="7256"/>
   <stop tag="6535_ar"/>
  </direction>
  <direction name="East" tag="76_186_0" title="East to El Monte Station" useForUI="true">
   <stop tag="6952"/>
   <stop tag="5372"/>
   <stop tag="5388"/>
   <stop tag="5370"/>
   <stop tag="16168"/>
   <stop tag="5383"/>
   <stop tag="5382"/>
   <stop tag="15715"/>
   <stop tag="4105"/>
   <stop tag="5377"/>
   <stop tag="3935"/>
   <stop tag="3931"/>
   <stop tag="656"/>
   <stop tag="3234"/>
   <stop tag="3241"/>
   <stop tag="142054"/>
   <stop tag="3773"/>
   <stop tag="3779"/>
   <stop tag="142057"/>
   <stop tag="3785"/>
   <stop tag="3778"/>
   <stop tag="3771"/>
   <stop tag="3776"/>
   <stop tag="6608"/>
   <stop tag="6688"/>
   <stop tag="6720"/>
   <stop tag="6736"/>
   <stop tag="6701"/>
   <stop tag="6704"/>
   <stop tag="6718"/>
   <stop tag="1349"/>
   <stop tag="142059"/>
   <stop tag="6674"/>
   <stop tag="6675"/>
   <stop tag="6712"/>
   <stop tag="8121"/>
   <stop tag="6680"/>
   <stop tag="6677"/>
   <stop tag="8109"/>
   <stop tag="8120"/>
   <stop tag="8118"/>
   <stop tag="8119"/>
   <stop tag="8116"/>
   <stop tag="8115"/>
   <stop tag="8114"/>
   <stop tag="8113"/>
   <stop tag="1669"/>
   <stop tag="1666"/>
   <stop tag="1665"/>
   <stop tag="1670"/>
   <stop tag="1675"/>
   <stop tag="8112"/>
   <stop tag="8107"/>
   <stop tag="1667"/>
   <stop tag="1679"/>
   <stop tag="1673"/>
   <stop tag="6705"/>
   <stop tag="6737"/>
   <stop tag="6717"/>
   <stop tag="15085"/>
   <stop tag="6681"/>
   <stop tag="6714"/>
   <stop tag="6707"/>
   <stop tag="6733"/>
   <stop tag="6729"/>
   <stop tag="6700"/>
   <stop tag="176670"/>
   <stop tag="6699"/>
   <stop tag="15114"/>
   <stop tag="30020_ar"/>
  </direction>
  <path>
   <point lat="34.06589" lon="-118.21122"/>
   <point lat="34.06606" lon="-118.2089"/>
   <point lat="34.06603" lon="-118.20844"/>
   <point lat="34.066" lon="-118.20826"/>
   <point lat="34.06594" lon="-118.20804"/>
   <point lat="34.06589" lon="-118.20789"/>
   <point lat="34.0657799" lon="-118.20764"/>
   <point lat="34.06554" lon="-118.20749"/>
   <point lat="34.06548" lon="-118.20711"/>
   <point lat="34.06539" lon="-118.20236"/>
   <point lat="34.06459" lon="-118.19719"/>
   <point lat="34.0642799" lon="-118.19645"/>
   <point lat="34.06313" lon="-118.19026"/>
   <point lat="34.06237" lon="-118.18618"/>
   <point lat="34.06243" lon="-118.18524"/>
   <point lat="34.0630499" lon="-118.18221"/>
   <point lat="34.06363" lon="-118.18157"/>
   <point lat="34.06558" lon="-118.1801"/>
   <point lat="34.0658699" lon="-118.18012"/>
   <point lat="34.06599" lon="-118.18004"/>
   <point lat="34.06614" lon="-118.17989"/>
   <point lat="34.06626" lon="-118.17979"/>
   <point lat="34.06638" lon="-118.17967"/>
   <point lat="34.06657" lon="-118.17945"/>
   <point lat="34.0667" lon="-118.17873"/>
   <point lat="34.06676" lon="-118.17812"/>
   <point lat="34.06686" lon="-118.17769"/>
   <point lat="34.06685" lon="-118.17694"/>
   <point lat="34.0688" lon="-118.17546"/>
   <point lat="34.06935" lon="-118.1754"/>
   <point lat="34.0694" lon="-118.17529"/>
   <point lat="34.06962" lon="-118.17477"/>
   <point lat="34.07031" lon="-118.17421"/>
   <point lat="34.07143" lon="-118.17266"/>
   <point lat="34.07317" lon="-118.17053"/>
   <point lat="34.07347" lon="-118.17031"/>
   <point lat="34.0742199" lon="-118.16874"/>
   <point lat="34.07432" lon="-118.16857"/>
   <point lat="34.07441" lon="-118.16839"/>
   <point lat="34.07445" lon="-118.1683"/>
   <point lat="34.07449" lon="-118.16819"/>
   <point lat="34.07453" lon="-118.16805"/>
   <point lat="34.07456" lon="-118.16787"/>
   <point lat="34.07458" lon="-118.16769"/>
   <point lat="34.07459" lon="-118.16751"/>
   <point lat="34.0745999" lon="-118.16725"/>
   <point lat="34.0745999" lon="-118.16713"/>
   <point lat="34.07458" lon="-118.16695"/>
   <point lat="34.07455" lon="-118.16652"/>
   <point lat="34.07454" lon="-118.16641"/>
   <point lat="34.07443" lon="-118.16595"/>
   <point lat="34.07438" lon="-118.1658"/>
   <point lat="34.0743" lon="-118.16562"/>
   <point lat="34.07411" lon="-118.16509"/>
   <point lat="34.07383" lon="-118.16467"/>
   <point lat="34.07382" lon="-118.16431"/>
   <point lat="34.07377" lon="-118.16396"/>
   <point lat="34.07378" lon="-118.16368"/>
   <point lat="34.0738" lon="-118.1635"/>
   <point lat="34.07387" lon="-118.16329"/>
   <point lat="34.0739" lon="-118.16322"/>
   <point lat="34.07395" lon="-118.16309"/>
   <point lat="34.07402" lon="-118.16297"/>
   <point lat="34.07408" lon="-118.16286"/>
   <point lat="34.07424" lon="-118.16265"/>
   <point lat="34.0755" lon="-118.15961"/>
   <point lat="34.07599" lon="-118.15904"/>
   <point lat="34.0762" lon="-118.15872"/>
   <point lat="34.07629" lon="-118.15855"/>
   <point lat="34.07633" lon="-118.15845"/>
   <point lat="34.07636" lon="-118.15839"/>
   <point lat="34.07638" lon="-118.15833"/>
   <point lat="34.07644" lon="-118.15795"/>
   <point lat="34.07652" lon="-118.15509"/>
   <point lat="34.07674" lon="-118.15389"/>
   <point lat="34.0768" lon="-118.15106"/>
  </path>
  <path>
   <point lat="34.08072" lon="-118.07284"/>
   <point lat="34.08084" lon="-118.06977"/>
   <point lat="34.08096" lon="-118.06573"/>
   <point lat="34.08111" lon="-118.06128"/>
   <point lat="34.08112" lon="-118.05797"/>
   <point lat="34.08095" lon="-118.05716"/>
   <point lat="34.0799499" lon="-118.05526"/>
   <point lat="34.07898" lon="-118.053"/>
   <point lat="34.0781" lon="-118.05091"/>
   <point lat="34.07716" lon="-118.0482"/>
   <point lat="34.0770399" lon="-118.04787"/>
   <point lat="34.07694" lon="-118.04757"/>
   <point lat="34.07651" lon="-118.04641"/>
   <point lat="34.07644" lon="-118.0453"/>
   <point lat="34.07635" lon="-118.04271"/>
   <point lat="34.07633" lon="-118.04194"/>
   <point lat="34.07632" lon="-118.04187"/>
   <point lat="34.07617" lon="-118.04175"/>
   <point lat="34.07607" lon="-118.04165"/>
   <point lat="34.07583" lon="-118.0415"/>
   <point lat="34.07559" lon="-118.04127"/>
   <point lat="34.07542" lon="-118.04131"/>
   <point lat="34.0746899" lon="-118.04144"/>
   <point lat="34.0742" lon="-118.04155"/>
   <point lat="34.07389" lon="-118.04165"/>
   <point lat="34.07382" lon="-118.04169"/>
   <point lat="34.0736" lon="-118.0418"/>
   <point lat="34.07322" lon="-118.04203"/>
   <point lat="34.073" lon="-118.04213"/>
   <point lat="34.0728" lon="-118.04218"/>
   <point lat="34.07247" lon="-118.04221"/>
   <point lat="34.07198" lon="-118.04218"/>
   <point lat="34.07117" lon="-118.04217"/>
   <point lat="34.07115" lon="-118.04288"/>
   <point lat="34.07115" lon="-118.04445"/>
   <point lat="34.07202" lon="-118.04445"/>
   <point lat="34.07201" lon="-118.04598"/>
   <point lat="34.07223" lon="-118.04598"/>
   <point lat="34.0723399" lon="-118.04597"/>
   <point lat="34.07243" lon="-118.04578"/>
   <point lat="34.07248" lon="-118.04568"/>
   <point lat="34.07247" lon="-118.04556"/>
   <point lat="34.0722" lon="-118.04512"/>
  </path>
  <path>
   <point lat="34.0722" lon="-118.04512"/>
   <point lat="34.07247" lon="-118.0451"/>
   <point lat="34.07247" lon="-118.04429"/>
   <point lat="34.07202" lon="-118.04429"/>
   <point lat="34.07202" lon="-118.04445"/>
   <point lat="34.07115" lon="-118.04445"/>
   <point lat="34.07115" lon="-118.04288"/>
   <point lat="34.07117" lon="-118.04217"/>
   <point lat="34.07198" lon="-118.04218"/>
   <point lat="34.07252" lon="-118.04202"/>
   <point lat="34.0742" lon="-118.04155"/>
   <point lat="34.07486" lon="-118.04125"/>
   <point lat="34.07542" lon="-118.04131"/>
   <point lat="34.07559" lon="-118.04127"/>
   <point lat="34.07583" lon="-118.0412"/>
   <point lat="34.07614" lon="-118.0411"/>
   <point lat="34.07653" lon="-118.04095"/>
   <point lat="34.07642" lon="-118.04133"/>
   <point lat="34.07639" lon="-118.04148"/>
   <point lat="34.07632" lon="-118.04187"/>
   <point lat="34.07633" lon="-118.04194"/>
   <point lat="34.07642" lon="-118.04488"/>
   <point lat="34.07669" lon="-118.04602"/>
   <point lat="34.07694" lon="-118.04757"/>
   <point lat="34.0770399" lon="-118.04787"/>
   <point lat="34.07716" lon="-118.0482"/>
   <point lat="34.07824" lon="-118.05053"/>
   <point lat="34.07908" lon="-118.05257"/>
   <point lat="34.08005" lon="-118.05483"/>
   <point lat="34.08095" lon="-118.05716"/>
   <point lat="34.08138" lon="-118.05798"/>
   <point lat="34.08137" lon="-118.0613"/>
   <point lat="34.08128" lon="-118.06447"/>
   <point lat="34.08108" lon="-118.06954"/>
   <point lat="34.08097" lon="-118.07302"/>
  </path>
  <path>
   <point lat="34.05731" lon="-118.2405"/>
   <point lat="34.05624" lon="-118.24137"/>
   <point lat="34.05615" lon="-118.24144"/>
   <point lat="34.05527" lon="-118.24238"/>
   <point lat="34.05296" lon="-118.24444"/>
   <point lat="34.05363" lon="-118.24524"/>
   <point lat="34.05435" lon="-118.24658"/>
   <point lat="34.05462" lon="-118.24678"/>
   <point lat="34.055" lon="-118.24766"/>
   <point lat="34.05569" lon="-118.24878"/>
   <point lat="34.05446" lon="-118.24989"/>
   <point lat="34.05432" lon="-118.25021"/>
   <point lat="34.05288" lon="-118.25157"/>
   <point lat="34.05022" lon="-118.25395"/>
   <point lat="34.05007" lon="-118.25427"/>
   <point lat="34.04893" lon="-118.25527"/>
   <point lat="34.04654" lon="-118.25749"/>
   <point lat="34.04572" lon="-118.25825"/>
   <point lat="34.0432599" lon="-118.26056"/>
   <point lat="34.04177" lon="-118.26197"/>
   <point lat="34.0394099" lon="-118.26401"/>
   <point lat="34.03917" lon="-118.26436"/>
   <point lat="34.0374" lon="-118.26544"/>
   <point lat="34.03598" lon="-118.26635"/>
  </path>
  <path>
   <point lat="34.04677" lon="-118.25526"/>
   <point lat="34.04925" lon="-118.25296"/>
   <point lat="34.05304" lon="-118.24936"/>
   <point lat="34.05377" lon="-118.24882"/>
   <point lat="34.05385" lon="-118.24875"/>
   <point lat="34.0539" lon="-118.24871"/>
   <point lat="34.05393" lon="-118.24867"/>
   <point lat="34.055" lon="-118.24766"/>
   <point lat="34.05442" lon="-118.24696"/>
   <point lat="34.05435" lon="-118.24658"/>
   <point lat="34.05364" lon="-118.24551"/>
   <point lat="34.05296" lon="-118.24444"/>
   <point lat="34.0546999" lon="-118.2427"/>
   <point lat="34.05615" lon="-118.24144"/>
   <point lat="34.05624" lon="-118.24137"/>
   <point lat="34.05751" lon="-118.24008"/>
   <point lat="34.05788" lon="-118.23984"/>
   <point lat="34.05807" lon="-118.23965"/>
   <point lat="34.05826" lon="-118.23949"/>
   <point lat="34.05824" lon="-118.23937"/>
   <point lat="34.05823" lon="-118.23926"/>
   <point lat="34.05822" lon="-118.2389"/>
   <point lat="34.05825" lon="-118.238"/>
   <point lat="34.05824" lon="-118.23782"/>
   <point lat="34.05824" lon="-118.23768"/>
   <point lat="34.0582" lon="-118.23743"/>
   <point lat="34.05818" lon="-118.23737"/>
   <point lat="34.0581" lon="-118.23705"/>
   <point lat="34.05784" lon="-118.23663"/>
   <point lat="34.0574299" lon="-118.23477"/>
   <point lat="34.0568" lon="-118.23169"/>
  </path>
  <path>
   <point lat="34.07867" lon="-118.12334"/>
   <point lat="34.07846" lon="-118.12713"/>
   <point lat="34.07832" lon="-118.12965"/>
   <point lat="34.07818" lon="-118.13208"/>
   <point lat="34.07802" lon="-118.13484"/>
   <point lat="34.0778" lon="-118.13851"/>
   <point lat="34.07758" lon="-118.1422"/>
   <point lat="34.07737" lon="-118.1458"/>
   <point lat="34.07719" lon="-118.14901"/>
   <point lat="34.07699" lon="-118.1522"/>
  </path>
  <path>
   <point lat="34.08072" lon="-118.07284"/>
   <point lat="34.08084" lon="-118.06977"/>
   <point lat="34.08096" lon="-118.06573"/>
   <point lat="34.08111" lon="-118.06128"/>
   <point lat="34.08112" lon="-118.05797"/>
   <point lat="34.08095" lon="-118.05716"/>
   <point lat="34.0799499" lon="-118.05526"/>
   <point lat="34.07898" lon="-118.053"/>
   <point lat="34.0781" lon="-118.05091"/>
   <point lat="34.0770399" lon="-118.04787"/>
   <point lat="34.07651" lon="-118.04641"/>
   <point lat="34.07644" lon="-118.0453"/>
   <point lat="34.07635" lon="-118.04271"/>
   <point lat="34.07633" lon="-118.04194"/>
   <point lat="34.07632" lon="-118.04187"/>
   <point lat="34.07617" lon="-118.04175"/>
   <point lat="34.07607" lon="-118.04165"/>
   <point lat="34.07583" lon="-118.0415"/>
   <point lat="34.07559" lon="-118.04127"/>
   <point lat="34.07542" lon="-118.04131"/>
   <point lat="34.0746899" lon="-118.04144"/>
   <point lat="34.0742" lon="-118.04155"/>
   <point lat="34.07389" lon="-118.04165"/>
   <point lat="34.07382" lon="-118.04169"/>
   <point lat="34.0736" lon="-118.0418"/>
   <point lat="34.07322" lon="-118.04203"/>
   <point lat="34.073" lon="-118.04213"/>
   <point lat="34.0728" lon="-118.04218"/>
   <point lat="34.07247" lon="-118.04221"/>
   <point lat="34.07198" lon="-118.04218"/>
   <point lat="34.07117" lon="-118.04217"/>
   <point lat="34.07115" lon="-118.04288"/>
   <point lat="34.07115" lon="-118.04445"/>
   <point lat="34.07202" lon="-118.04445"/>
   <point lat="34.07201" lon="-118.04598"/>
   <point lat="34.07223" lon="-118.04598"/>
   <point lat="34.0723399" lon="-118.04597"/>
   <point lat="34.07243" lon="-118.04578"/>
   <point lat="34.07248" lon="-118.04568"/>
   <point lat="34.07247" lon="-118.04556"/>
   <point lat="34.0722" lon="-118.04512"/>
  </path>
  <path>
   <point lat="34.07699" lon="-118.1522"/>
   <point lat="34.07674" lon="-118.15389"/>
   <point lat="34.07679" lon="-118.15495"/>
   <point lat="34.07646" lon="-118.15772"/>
   <point lat="34.07644" lon="-118.15795"/>
   <point lat="34.07638" lon="-118.15833"/>
   <point lat="34.07636" lon="-118.15839"/>
   <point lat="34.07633" lon="-118.15845"/>
   <point lat="34.07629" lon="-118.15855"/>
   <point lat="34.0762" lon="-118.15872"/>
   <point lat="34.07599" lon="-118.15904"/>
   <point lat="34.07568" lon="-118.15984"/>
   <point lat="34.07492" lon="-118.16147"/>
   <point lat="34.0748" lon="-118.16171"/>
   <point lat="34.07464" lon="-118.162"/>
   <point lat="34.0743099" lon="-118.16253"/>
   <point lat="34.07424" lon="-118.16265"/>
   <point lat="34.07408" lon="-118.16286"/>
   <point lat="34.07402" lon="-118.16297"/>
   <point lat="34.07395" lon="-118.16309"/>
   <point lat="34.0739" lon="-118.16322"/>
   <point lat="34.07387" lon="-118.16329"/>
   <point lat="34.0738" lon="-118.1635"/>
   <point lat="34.07378" lon="-118.16368"/>
   <point lat="34.07377" lon="-118.16396"/>
   <point lat="34.07379" lon="-118.16417"/>
   <point lat="34.07382" lon="-118.16431"/>
   <point lat="34.07385" lon="-118.1644"/>
   <point lat="34.07417" lon="-118.16487"/>
   <point lat="34.0743" lon="-118.16562"/>
   <point lat="34.07438" lon="-118.1658"/>
   <point lat="34.07443" lon="-118.16595"/>
   <point lat="34.07454" lon="-118.16641"/>
   <point lat="34.07455" lon="-118.16652"/>
   <point lat="34.07458" lon="-118.16695"/>
   <point lat="34.0745999" lon="-118.16713"/>
   <point lat="34.0745999" lon="-118.16725"/>
   <point lat="34.07459" lon="-118.16751"/>
   <point lat="34.07458" lon="-118.16769"/>
   <point lat="34.07456" lon="-118.16787"/>
   <point lat="34.07453" lon="-118.16805"/>
   <point lat="34.07449" lon="-118.16819"/>
   <point lat="34.07445" lon="-118.1683"/>
   <point lat="34.07441" lon="-118.16839"/>
   <point lat="34.07432" lon="-118.16857"/>
   <point lat="34.0742199" lon="-118.16874"/>
   <point lat="34.07347" lon="-118.17031"/>
   <point lat="34.07326" lon="-118.17086"/>
   <point lat="34.0718" lon="-118.17264"/>
   <point lat="34.0697" lon="-118.17495"/>
   <point lat="34.06892" lon="-118.17539"/>
   <point lat="34.0688" lon="-118.17546"/>
   <point lat="34.06861" lon="-118.17563"/>
   <point lat="34.06827" lon="-118.17601"/>
   <point lat="34.06802" lon="-118.17624"/>
   <point lat="34.06753" lon="-118.17665"/>
   <point lat="34.06745" lon="-118.17671"/>
   <point lat="34.06686" lon="-118.17718"/>
   <point lat="34.06686" lon="-118.17769"/>
   <point lat="34.06694" lon="-118.17807"/>
   <point lat="34.0667" lon="-118.17873"/>
   <point lat="34.06657" lon="-118.17945"/>
   <point lat="34.06638" lon="-118.17967"/>
   <point lat="34.06626" lon="-118.17979"/>
   <point lat="34.06614" lon="-118.17989"/>
   <point lat="34.06599" lon="-118.18004"/>
   <point lat="34.0658699" lon="-118.18012"/>
   <point lat="34.06514" lon="-118.18076"/>
   <point lat="34.06405" lon="-118.1813"/>
   <point lat="34.06377" lon="-118.18147"/>
   <point lat="34.06363" lon="-118.18157"/>
   <point lat="34.06354" lon="-118.18167"/>
   <point lat="34.06341" lon="-118.18182"/>
   <point lat="34.06331" lon="-118.18196"/>
   <point lat="34.0632499" lon="-118.18207"/>
   <point lat="34.06323" lon="-118.18214"/>
   <point lat="34.06323" lon="-118.18249"/>
   <point lat="34.06294" lon="-118.1829"/>
   <point lat="34.06274" lon="-118.18353"/>
   <point lat="34.06264" lon="-118.18389"/>
   <point lat="34.06255" lon="-118.18429"/>
   <point lat="34.06251" lon="-118.1845"/>
   <point lat="34.06246" lon="-118.18487"/>
   <point lat="34.06243" lon="-118.18524"/>
   <point lat="34.06243" lon="-118.18568"/>
   <point lat="34.06259" lon="-118.18597"/>
   <point lat="34.0626" lon="-118.18669"/>
   <point lat="34.06341" lon="-118.19035"/>
   <point lat="34.06417" lon="-118.19435"/>
   <point lat="34.06463" lon="-118.19648"/>
   <point lat="34.06459" lon="-118.19719"/>
   <point lat="34.06567" lon="-118.20248"/>
   <point lat="34.06562" lon="-118.20397"/>
   <point lat="34.0656" lon="-118.20432"/>
   <point lat="34.0656" lon="-118.20454"/>
   <point lat="34.06562" lon="-118.20466"/>
   <point lat="34.0656899" lon="-118.205"/>
   <point lat="34.06601" lon="-118.20565"/>
   <point lat="34.06609" lon="-118.20666"/>
   <point lat="34.06614" lon="-118.21188"/>
  </path>
  <path>
   <point lat="34.08097" lon="-118.07302"/>
   <point lat="34.08079" lon="-118.07796"/>
   <point lat="34.08065" lon="-118.08188"/>
   <point lat="34.08045" lon="-118.08361"/>
   <point lat="34.08045" lon="-118.08674"/>
   <point lat="34.08028" lon="-118.09108"/>
   <point lat="34.08011" lon="-118.09451"/>
   <point lat="34.07989" lon="-118.09922"/>
   <point lat="34.07977" lon="-118.1024"/>
   <point lat="34.07946" lon="-118.10812"/>
   <point lat="34.07929" lon="-118.11164"/>
   <point lat="34.07915" lon="-118.11442"/>
   <point lat="34.079" lon="-118.11724"/>
   <point lat="34.07885" lon="-118.12007"/>
   <point lat="34.07867" lon="-118.12334"/>
  </path>
  <path>
   <point lat="34.03598" lon="-118.26635"/>
   <point lat="34.03494" lon="-118.26685"/>
   <point lat="34.03473" lon="-118.26699"/>
   <point lat="34.03464" lon="-118.26704"/>
   <point lat="34.0345299" lon="-118.26712"/>
   <point lat="34.0344" lon="-118.2672"/>
   <point lat="34.03437" lon="-118.26722"/>
   <point lat="34.03426" lon="-118.2673"/>
   <point lat="34.03421" lon="-118.26733"/>
   <point lat="34.03376" lon="-118.26651"/>
   <point lat="34.03355" lon="-118.26628"/>
   <point lat="34.03287" lon="-118.26491"/>
   <point lat="34.03319" lon="-118.26457"/>
  </path>
  <path>
   <point lat="34.0568" lon="-118.23169"/>
   <point lat="34.05725" lon="-118.23175"/>
   <point lat="34.05747" lon="-118.23175"/>
   <point lat="34.05767" lon="-118.23178"/>
   <point lat="34.05781" lon="-118.23182"/>
   <point lat="34.05821" lon="-118.2319"/>
   <point lat="34.05839" lon="-118.23197"/>
   <point lat="34.05861" lon="-118.23209"/>
   <point lat="34.0588" lon="-118.23221"/>
   <point lat="34.0588399" lon="-118.23225"/>
   <point lat="34.05888" lon="-118.23227"/>
   <point lat="34.05894" lon="-118.23234"/>
   <point lat="34.05898" lon="-118.23238"/>
   <point lat="34.05922" lon="-118.23266"/>
   <point lat="34.06" lon="-118.23344"/>
   <point lat="34.0603" lon="-118.23376"/>
   <point lat="34.06048" lon="-118.23397"/>
   <point lat="34.0606" lon="-118.2341"/>
   <point lat="34.06073" lon="-118.23427"/>
   <point lat="34.06087" lon="-118.23447"/>
   <point lat="34.06122" lon="-118.23477"/>
   <point lat="34.06124" lon="-118.23513"/>
   <point lat="34.06126" lon="-118.23517"/>
   <point lat="34.0613" lon="-118.23524"/>
   <point lat="34.06206" lon="-118.2346"/>
   <point lat="34.06263" lon="-118.23396"/>
   <point lat="34.0633" lon="-118.23358"/>
   <point lat="34.0634299" lon="-118.23346"/>
   <point lat="34.06354" lon="-118.23333"/>
   <point lat="34.06396" lon="-118.23268"/>
   <point lat="34.06438" lon="-118.23199"/>
   <point lat="34.06462" lon="-118.23134"/>
   <point lat="34.06559" lon="-118.22962"/>
   <point lat="34.06673" lon="-118.22738"/>
   <point lat="34.06764" lon="-118.22532"/>
   <point lat="34.06748" lon="-118.22401"/>
   <point lat="34.06697" lon="-118.22256"/>
   <point lat="34.06667" lon="-118.22108"/>
   <point lat="34.06613" lon="-118.21944"/>
   <point lat="34.06603" lon="-118.21915"/>
   <point lat="34.06598" lon="-118.21894"/>
   <point lat="34.0659599" lon="-118.21887"/>
   <point lat="34.06594" lon="-118.21879"/>
   <point lat="34.06594" lon="-118.21853"/>
   <point lat="34.06597" lon="-118.21738"/>
   <point lat="34.06597" lon="-118.21637"/>
   <point lat="34.06598" lon="-118.21618"/>
   <point lat="34.06586" lon="-118.21509"/>
   <point lat="34.06589" lon="-118.21122"/>
  </path>
  <path>
   <point lat="34.06614" lon="-118.21188"/>
   <point lat="34.06611" lon="-118.21526"/>
   <point lat="34.06598" lon="-118.21618"/>
   <point lat="34.06597" lon="-118.21637"/>
   <point lat="34.06597" lon="-118.21738"/>
   <point lat="34.06594" lon="-118.21853"/>
   <point lat="34.06594" lon="-118.21879"/>
   <point lat="34.0659599" lon="-118.21887"/>
   <point lat="34.06598" lon="-118.21894"/>
   <point lat="34.06603" lon="-118.21915"/>
   <point lat="34.06667" lon="-118.22108"/>
   <point lat="34.06713" lon="-118.22215"/>
   <point lat="34.06734" lon="-118.22347"/>
   <point lat="34.06785" lon="-118.22582"/>
   <point lat="34.06705" lon="-118.22741"/>
   <point lat="34.06609" lon="-118.22923"/>
   <point lat="34.06498" lon="-118.23126"/>
   <point lat="34.06438" lon="-118.23199"/>
   <point lat="34.06396" lon="-118.23268"/>
   <point lat="34.06354" lon="-118.23333"/>
   <point lat="34.0634299" lon="-118.23346"/>
   <point lat="34.0633" lon="-118.23358"/>
   <point lat="34.06289" lon="-118.2341"/>
   <point lat="34.06314" lon="-118.23493"/>
   <point lat="34.06358" lon="-118.23584"/>
   <point lat="34.06333" lon="-118.23606"/>
   <point lat="34.0623" lon="-118.23614"/>
   <point lat="34.06183" lon="-118.23624"/>
   <point lat="34.06165" lon="-118.23629"/>
   <point lat="34.0614" lon="-118.2355"/>
   <point lat="34.06133" lon="-118.23532"/>
   <point lat="34.061" lon="-118.23494"/>
   <point lat="34.06087" lon="-118.23447"/>
   <point lat="34.06073" lon="-118.23427"/>
   <point lat="34.0606" lon="-118.2341"/>
   <point lat="34.06048" lon="-118.23397"/>
   <point lat="34.0603" lon="-118.23376"/>
   <point lat="34.06" lon="-118.23344"/>
   <point lat="34.05922" lon="-118.23266"/>
   <point lat="34.05898" lon="-118.23238"/>
   <point lat="34.05894" lon="-118.23234"/>
   <point lat="34.05888" lon="-118.23227"/>
   <point lat="34.0588399" lon="-118.23225"/>
   <point lat="34.0588" lon="-118.23221"/>
   <point lat="34.05861" lon="-118.23209"/>
   <point lat="34.05839" lon="-118.23197"/>
   <point lat="34.05821" lon="-118.2319"/>
   <point lat="34.05781" lon="-118.23182"/>
   <point lat="34.05767" lon="-118.23178"/>
   <point lat="34.05747" lon="-118.23175"/>
   <point lat="34.05725" lon="-118.23175"/>
   <point lat="34.05684" lon="-118.23197"/>
   <point lat="34.05698" lon="-118.23318"/>
   <point lat="34.05813" lon="-118.23668"/>
   <point lat="34.05824" lon="-118.23768"/>
   <point lat="34.05824" lon="-118.23782"/>
   <point lat="34.05825" lon="-118.238"/>
   <point lat="34.05822" lon="-118.2389"/>
   <point lat="34.05823" lon="-118.23926"/>
   <point lat="34.05824" lon="-118.23937"/>
   <point lat="34.05826" lon="-118.23949"/>
   <point lat="34.05807" lon="-118.23965"/>
   <point lat="34.05788" lon="-118.23984"/>
   <point lat="34.05731" lon="-118.2405"/>
  </path>
  <path>
   <point lat="34.0768" lon="-118.15106"/>
   <point lat="34.07697" lon="-118.14833"/>
   <point lat="34.07716" lon="-118.14512"/>
   <point lat="34.07737" lon="-118.14152"/>
   <point lat="34.07754" lon="-118.13792"/>
   <point lat="34.0778" lon="-118.13416"/>
   <point lat="34.07796" lon="-118.1314"/>
   <point lat="34.0781" lon="-118.12897"/>
   <point lat="34.07825" lon="-118.12645"/>
   <point lat="34.07846" lon="-118.12266"/>
  </path>
  <path>
   <point lat="34.03319" lon="-118.26457"/>
   <point lat="34.03357" lon="-118.26431"/>
   <point lat="34.03401" lon="-118.2651"/>
   <point lat="34.03422" lon="-118.26552"/>
   <point lat="34.03434" lon="-118.26574"/>
   <point lat="34.03448" lon="-118.26598"/>
   <point lat="34.03506" lon="-118.2654"/>
  </path>
  <path>
   <point lat="34.07846" lon="-118.12266"/>
   <point lat="34.0786299" lon="-118.11939"/>
   <point lat="34.07878" lon="-118.11656"/>
   <point lat="34.07893" lon="-118.11374"/>
   <point lat="34.07907" lon="-118.11096"/>
   <point lat="34.07922" lon="-118.10793"/>
   <point lat="34.07945" lon="-118.10223"/>
   <point lat="34.07962" lon="-118.09891"/>
   <point lat="34.07984" lon="-118.09482"/>
   <point lat="34.08006" lon="-118.09024"/>
   <point lat="34.08026" lon="-118.08656"/>
   <point lat="34.08045" lon="-118.08361"/>
   <point lat="34.08039" lon="-118.0822"/>
   <point lat="34.08056" lon="-118.07729"/>
   <point lat="34.08072" lon="-118.07284"/>
  </path>
  <path>
   <point lat="34.03506" lon="-118.2654"/>
   <point lat="34.03588" lon="-118.26484"/>
   <point lat="34.03643" lon="-118.26429"/>
   <point lat="34.03743" lon="-118.2636"/>
   <point lat="34.03808" lon="-118.26325"/>
   <point lat="34.03944" lon="-118.26221"/>
   <point lat="34.04065" lon="-118.26094"/>
   <point lat="34.04253" lon="-118.25919"/>
   <point lat="34.04501" lon="-118.25688"/>
   <point lat="34.04677" lon="-118.25526"/>
   <point lat="34.04925" lon="-118.25296"/>
   <point lat="34.05304" lon="-118.24936"/>
   <point lat="34.05377" lon="-118.24882"/>
   <point lat="34.05385" lon="-118.24875"/>
   <point lat="34.0539" lon="-118.24871"/>
   <point lat="34.05393" lon="-118.24867"/>
   <point lat="34.055" lon="-118.24766"/>
   <point lat="34.05442" lon="-118.24696"/>
   <point lat="34.05435" lon="-118.24658"/>
   <point lat="34.05364" lon="-118.24551"/>
   <point lat="34.05296" lon="-118.24444"/>
   <point lat="34.0546999" lon="-118.2427"/>
   <point lat="34.05615" lon="-118.24144"/>
   <point lat="34.05751" lon="-118.24008"/>
   <point lat="34.05788" lon="-118.23984"/>
   <point lat="34.05807" lon="-118.23965"/>
   <point lat="34.05826" lon="-118.23949"/>
   <point lat="34.05824" lon="-118.23937"/>
   <point lat="34.05823" lon="-118.23926"/>
   <point lat="34.05822" lon="-118.2389"/>
   <point lat="34.05825" lon="-118.238"/>
   <point lat="34.05824" lon="-118.23782"/>
   <point lat="34.05824" lon="-118.23768"/>
   <point lat="34.0582" lon="-118.23743"/>
   <point lat="34.05818" lon="-118.23737"/>
   <point lat="34.0581" lon="-118.23705"/>
   <point lat="34.05784" lon="-118.23663"/>
   <point lat="34.0574299" lon="-118.23477"/>
   <point lat="34.0568" lon="-118.23169"/>
  </path>
  <path>
   <point lat="34.03319" lon="-118.26457"/>
   <point lat="34.03357" lon="-118.26431"/>
   <point lat="34.03401" lon="-118.2651"/>
   <point lat="34.03422" lon="-118.26552"/>
   <point lat="34.03434" lon="-118.26574"/>
   <point lat="34.03448" lon="-118.26598"/>
   <point lat="34.03506" lon="-118.2654"/>
   <point lat="34.03588" lon="-118.26484"/>
   <point lat="34.03643" lon="-118.26429"/>
   <point lat="34.03743" lon="-118.2636"/>
   <point lat="34.03808" lon="-118.26325"/>
   <point lat="34.03944" lon="-118.26221"/>
   <point lat="34.04065" lon="-118.26094"/>
   <point lat="34.04253" lon="-118.25919"/>
   <point lat="34.04501" lon="-118.25688"/>
   <point lat="34.04677" lon="-118.25526"/>
  </path>
  <path>
   <point lat="34.06589" lon="-118.21122"/>
   <point lat="34.06606" lon="-118.2089"/>
   <point lat="34.06603" lon="-118.20844"/>
   <point lat="34.066" lon="-118.20826"/>
   <point lat="34.06594" lon="-118.20804"/>
   <point lat="34.06589" lon="-118.20789"/>
   <point lat="34.0657799" lon="-118.20764"/>
   <point lat="34.06554" lon="-118.20749"/>
   <point lat="34.06548" lon="-118.20711"/>
   <point lat="34.06539" lon="-118.20236"/>
   <point lat="34.06459" lon="-118.19719"/>
   <point lat="34.0642799" lon="-118.19645"/>
   <point lat="34.06313" lon="-118.19026"/>
   <point lat="34.0626" lon="-118.18669"/>
   <point lat="34.06237" lon="-118.18618"/>
   <point lat="34.06243" lon="-118.18568"/>
   <point lat="34.06243" lon="-118.18524"/>
   <point lat="34.06246" lon="-118.18487"/>
   <point lat="34.06251" lon="-118.1845"/>
   <point lat="34.06255" lon="-118.18429"/>
   <point lat="34.06264" lon="-118.18389"/>
   <point lat="34.06274" lon="-118.18353"/>
   <point lat="34.06294" lon="-118.1829"/>
   <point lat="34.0630499" lon="-118.18221"/>
   <point lat="34.06363" lon="-118.18157"/>
   <point lat="34.06558" lon="-118.1801"/>
   <point lat="34.0658699" lon="-118.18012"/>
   <point lat="34.06599" lon="-118.18004"/>
   <point lat="34.06614" lon="-118.17989"/>
   <point lat="34.06626" lon="-118.17979"/>
   <point lat="34.06638" lon="-118.17967"/>
   <point lat="34.06657" lon="-118.17945"/>
   <point lat="34.0667" lon="-118.17873"/>
   <point lat="34.06676" lon="-118.17812"/>
   <point lat="34.06686" lon="-118.17769"/>
   <point lat="34.06685" lon="-118.17694"/>
   <point lat="34.0687799" lon="-118.17548"/>
   <point lat="34.06935" lon="-118.1754"/>
   <point lat="34.0694" lon="-118.17529"/>
   <point lat="34.06962" lon="-118.17477"/>
   <point lat="34.07031" lon="-118.17421"/>
   <point lat="34.07143" lon="-118.17266"/>
   <point lat="34.07317" lon="-118.17053"/>
   <point lat="34.07347" lon="-118.17031"/>
   <point lat="34.0742199" lon="-118.16874"/>
   <point lat="34.07432" lon="-118.16857"/>
   <point lat="34.07441" lon="-118.16839"/>
   <point lat="34.07445" lon="-118.1683"/>
   <point lat="34.07449" lon="-118.16819"/>
   <point lat="34.07453" lon="-118.16805"/>
   <point lat="34.07456" lon="-118.16787"/>
   <point lat="34.07458" lon="-118.16769"/>
   <point lat="34.07459" lon="-118.16751"/>
   <point lat="34.0745999" lon="-118.16725"/>
   <point lat="34.0745999" lon="-118.16713"/>
   <point lat="34.07458" lon="-118.16695"/>
   <point lat="34.07455" lon="-118.16652"/>
   <point lat="34.07454" lon="-118.16641"/>
   <point lat="34.07443" lon="-118.16595"/>
   <point lat="34.07438" lon="-118.1658"/>
   <point lat="34.0743" lon="-118.16562"/>
   <point lat="34.07411" lon="-118.16509"/>
   <point lat="34.07383" lon="-118.16467"/>
   <point lat="34.07382" lon="-118.16431"/>
   <point lat="34.07377" lon="-118.16396"/>
   <point lat="34.07378" lon="-118.16368"/>
   <point lat="34.0738" lon="-118.1635"/>
   <point lat="34.07387" lon="-118.16329"/>
   <point lat="34.0739" lon="-118.16322"/>
   <point lat="34.07395" lon="-118.16309"/>
   <point lat="34.07402" lon="-118.16297"/>
   <point lat="34.07408" lon="-118.16286"/>
   <point lat="34.07424" lon="-118.16265"/>
   <point lat="34.0755" lon="-118.15961"/>
   <point lat="34.07599" lon="-118.15904"/>
   <point lat="34.0762" lon="-118.15872"/>
   <point lat="34.07629" lon="-118.15855"/>
   <point lat="34.07633" lon="-118.15845"/>
   <point lat="34.07636" lon="-118.15839"/>
   <point lat="34.07638" lon="-118.15833"/>
   <point lat="34.07644" lon="-118.15795"/>
   <point lat="34.07652" lon="-118.15509"/>
   <point lat="34.07674" lon="-118.15389"/>
   <point lat="34.0768" lon="-118.15106"/>
  </path>
  <path>
   <point lat="34.0568" lon="-118.23169"/>
   <point lat="34.05747" lon="-118.23175"/>
   <point lat="34.05767" lon="-118.23178"/>
   <point lat="34.05781" lon="-118.23182"/>
   <point lat="34.05821" lon="-118.2319"/>
   <point lat="34.05839" lon="-118.23197"/>
   <point lat="34.05861" lon="-118.23209"/>
   <point lat="34.0588" lon="-118.23221"/>
   <point lat="34.0588399" lon="-118.23225"/>
   <point lat="34.05888" lon="-118.23227"/>
   <point lat="34.05894" lon="-118.23234"/>
   <point lat="34.05898" lon="-118.23238"/>
   <point lat="34.05922" lon="-118.23266"/>
   <point lat="34.06" lon="-118.23344"/>
   <point lat="34.0603" lon="-118.23376"/>
   <point lat="34.06048" lon="-118.23397"/>
   <point lat="34.06122" lon="-118.23477"/>
   <point lat="34.06124" lon="-118.23513"/>
   <point lat="34.06126" lon="-118.23517"/>
   <point lat="34.0613" lon="-118.23524"/>
   <point lat="34.06206" lon="-118.2346"/>
   <point lat="34.06263" lon="-118.23396"/>
   <point lat="34.0633" lon="-118.23358"/>
   <point lat="34.0634299" lon="-118.23346"/>
   <point lat="34.06354" lon="-118.23333"/>
   <point lat="34.06396" lon="-118.23268"/>
   <point lat="34.06438" lon="-118.23199"/>
   <point lat="34.06462" lon="-118.23134"/>
   <point lat="34.06559" lon="-118.22962"/>
   <point lat="34.06673" lon="-118.22738"/>
   <point lat="34.06764" lon="-118.22532"/>
   <point lat="34.06748" lon="-118.22401"/>
   <point lat="34.06697" lon="-118.22256"/>
   <point lat="34.06613" lon="-118.21944"/>
   <point lat="34.06603" lon="-118.21915"/>
   <point lat="34.06598" lon="-118.21894"/>
   <point lat="34.0659599" lon="-118.21887"/>
   <point lat="34.06594" lon="-118.21879"/>
   <point lat="34.06594" lon="-118.21853"/>
   <point lat="34.06597" lon="-118.21738"/>
   <point lat="34.06586" lon="-118.21509"/>
   <point lat="34.06589" lon="-118.21122"/>
  </path>
 </route>
</body>