<?xml version="1.0" encoding="utf-8"?>
<body copyright="All data copyright Los Angeles Metro 2022.">
 <route color="f75d00" latMax="34.0566999" latMin="34.0346799" lonMax="-118.19226" lonMin="-118.33777" oppositeColor="000000" tag="30" title="30 Pico Rimpau - Dtwn LA - Indiana Sta">
  <stop lat="34.04759" lon="-118.22761" stopId="01149" tag="1149" title="1st / Mission"/>
  <stop lat="34.04712" lon="-118.2199999" stopId="01150" tag="1150" title="1st / Boyle"/>
  <stop lat="34.0474299" lon="-118.2250699" stopId="01153" tag="1153" title="1st / Utah"/>
  <stop lat="34.0453799" lon="-118.2151499" stopId="01154" tag="1154" title="1st / Cummings"/>
  <stop lat="34.0404099" lon="-118.2025799" stopId="01157" tag="1157" title="1st / Evergreen"/>
  <stop lat="34.0369299" lon="-118.1947699" stopId="01162" tag="1162" title="1st / Lorena"/>
  <stop lat="34.0519199" lon="-118.2432399" stopId="01166" tag="1166" title="1st / Main"/>
  <stop lat="34.0418599" lon="-118.2058499" stopId="01169" tag="1169" title="1st / Mott"/>
  <stop lat="34.0436899" lon="-118.21004" stopId="01173" tag="1173" title="1st / Soto"/>
  <stop lat="34.04649" lon="-118.21764" stopId="01175" tag="1175" title="1st / State"/>
  <stop lat="34.0387899" lon="-118.1989699" stopId="01178" tag="1178" title="1st / Fresno"/>
  <stop lat="34.04709" lon="-118.2195" stopId="02341" tag="2341" title="1st / Boyle"/>
  <stop lat="34.04434" lon="-118.2127599" stopId="02511" tag="2511" title="1st / Chicago"/>
  <stop lat="34.0566999" lon="-118.23082" tag="3708_ar" title="Division 13 Layover"/>
  <stop lat="34.03826" lon="-118.2599899" stopId="04766" tag="4766" title="Broadway / 12th"/>
  <stop lat="34.0449799" lon="-118.25342" stopId="04799" tag="4799" title="Broadway / 7th"/>
  <stop lat="34.0414899" lon="-118.25665" stopId="04818" tag="4818" title="Broadway / Olympic"/>
  <stop lat="34.0501799" lon="-118.2337299" stopId="04885" tag="4885" title="Temple / Vignes"/>
  <stop lat="34.04745" lon="-118.2253999" stopId="04888" tag="4888" title="1st / Utah"/>
  <stop lat="34.04722" lon="-118.32148" stopId="07898" tag="7898" title="Pico / 4th"/>
  <stop lat="34.0432999" lon="-118.2742199" stopId="07899" tag="7899" title="Pico / Albany"/>
  <stop lat="34.04705" lon="-118.31785" stopId="07900" tag="7900" title="Pico / Arlington"/>
  <stop lat="34.0471599" lon="-118.28665" stopId="07904" tag="7904" title="Pico / Magnolia"/>
  <stop lat="34.04704" lon="-118.2825" stopId="07905" tag="7905" title="Pico / Alvarado"/>
  <stop lat="34.0461499" lon="-118.2805599" stopId="07907" tag="7907" title="Pico / Bonnie Brae"/>
  <stop lat="34.04713" lon="-118.2948799" stopId="07908" tag="7908" title="Pico / Catalina"/>
  <stop lat="34.0403899" lon="-118.26783" stopId="07909" tag="7909" title="Pico / Figueroa"/>
  <stop lat="34.0470899" lon="-118.30431" stopId="07912" tag="7912" title="Pico / Harvard"/>
  <stop lat="34.0376499" lon="-118.2623599" stopId="07913" tag="7913" title="Pico / Hill"/>
  <stop lat="34.0471599" lon="-118.2844099" stopId="07914" tag="7914" title="Pico / Hoover"/>
  <stop lat="34.0471199" lon="-118.29714" stopId="07916" tag="7916" title="Pico / Kenmore"/>
  <stop lat="34.04711" lon="-118.2996599" stopId="07917" tag="7917" title="Pico / Normandie"/>
  <stop lat="34.04746" lon="-118.32405" stopId="07918" tag="7918" title="Pico / Norton"/>
  <stop lat="34.04433" lon="-118.27661" stopId="07924" tag="7924" title="Pico / Union"/>
  <stop lat="34.0471399" lon="-118.29176" stopId="07925" tag="7925" title="Pico / Vermont"/>
  <stop lat="34.04708" lon="-118.3091899" stopId="07926" tag="7926" title="Pico / Western"/>
  <stop lat="34.04715" lon="-118.2893599" stopId="07927" tag="7927" title="Pico / Westmoreland"/>
  <stop lat="34.0470599" lon="-118.31464" stopId="07928" tag="7928" title="Pico / Wilton"/>
  <stop lat="34.04828" lon="-118.33305" stopId="07930" tag="7930" title="Pico / West"/>
  <stop lat="34.03515" lon="-118.1925099" stopId="09034" tag="9034" title="Indiana / Gleason"/>
  <stop lat="34.0346799" lon="-118.19226" tag="9036_ar" title="Indiana Station"/>
  <stop lat="34.0533999" lon="-118.2455499" stopId="09059" tag="9059" title="Broadway / 1st"/>
  <stop lat="34.0506599" lon="-118.24044" stopId="11209" tag="11209" title="Judge John Aiso / 1st"/>
  <stop lat="34.05079" lon="-118.23779" stopId="12544" tag="12544" title="Temple / Alameda"/>
  <stop lat="34.0510999" lon="-118.24771" stopId="13227" tag="13227" title="Broadway / 3rd"/>
  <stop lat="34.0496499" lon="-118.24907" stopId="13242" tag="13242" title="Broadway / 4th"/>
  <stop lat="34.03887" lon="-118.26455" stopId="13574" tag="13574" title="Pico / Grand"/>
  <stop lat="34.0477" lon="-118.32648" stopId="16194" tag="16194" title="Pico / Crenshaw"/>
  <stop lat="34.0469599" lon="-118.25158" stopId="19022" tag="19022" title="Broadway / 6th"/>
  <stop lat="34.03733" lon="-118.2608099" stopId="19023" tag="19023" title="Broadway / Pico"/>
  <stop lat="34.0553899" lon="-118.23312" tag="30000_ar" title="Patsaouras Transit Plaza"/>
  <stop lat="34.04853" lon="-118.33507" stopId="141029" tag="141029" title="Pico / Mullen"/>
  <stop lat="34.0519699" lon="-118.23969" stopId="142068" tag="142068" title="Judge John Aiso / Temple"/>
  <stop lat="34.0481099" lon="-118.33777" stopId="3000001" tag="3000001" title="Pico / Rimpau"/>
  <stop lat="34.05276" lon="-118.2447399" stopId="00475" tag="475" title="Spring / 1st"/>
  <stop lat="34.0517799" lon="-118.2425199" stopId="01208" tag="1208" title="1st / Los Angeles"/>
  <stop lat="34.04397" lon="-118.2529299" stopId="02212" tag="2212" title="Spring / 7th"/>
  <stop lat="34.0566999" lon="-118.23082" stopId="03708" tag="3708" title="Division 13 Layover"/>
  <stop lat="34.0491899" lon="-118.23364" stopId="04890" tag="4890" title="Vignes / Banning"/>
  <stop lat="34.0514499" lon="-118.2382899" stopId="05112" tag="5112" title="Temple / Alameda"/>
  <stop lat="34.03767" lon="-118.26186" stopId="05146" tag="5146" title="Pico / Hill"/>
  <stop lat="34.0346799" lon="-118.19226" stopId="09036" tag="9036" title="Indiana Station"/>
  <stop lat="34.04735" lon="-118.21961" stopId="09686" tag="9686" title="1st / Boyle"/>
  <stop lat="34.04453" lon="-118.21223" stopId="09688" tag="9688" title="1st / Chicago"/>
  <stop lat="34.0476599" lon="-118.22422" stopId="09689" tag="9689" title="1st / Marquez"/>
  <stop lat="34.0454899" lon="-118.2147199" stopId="09690" tag="9690" title="1st / Cummings"/>
  <stop lat="34.0404199" lon="-118.2020999" stopId="09693" tag="9693" title="1st / Evergreen"/>
  <stop lat="34.03714" lon="-118.19473" stopId="09698" tag="9698" title="1st / Lorena"/>
  <stop lat="34.0478499" lon="-118.22758" stopId="09703" tag="9703" title="1st / Mission"/>
  <stop lat="34.0420699" lon="-118.2058099" stopId="09704" tag="9704" title="1st / Mott"/>
  <stop lat="34.0439099" lon="-118.20991" stopId="09707" tag="9707" title="1st / Soto"/>
  <stop lat="34.0465899" lon="-118.2172099" stopId="09709" tag="9709" title="1st / State"/>
  <stop lat="34.03884" lon="-118.19857" stopId="09712" tag="9712" title="1st / Fresno"/>
  <stop lat="34.0506699" lon="-118.241" stopId="10493" tag="10493" title="1st / Judge John Aiso"/>
  <stop lat="34.0488399" lon="-118.33548" stopId="12826" tag="12826" title="Pico / Mullen"/>
  <stop lat="34.0392599" lon="-118.25818" stopId="13700" tag="13700" title="Main / 11th"/>
  <stop lat="34.0413599" lon="-118.25561" stopId="13714" tag="13714" title="Main / 9th"/>
  <stop lat="34.03679" lon="-118.26018" stopId="13716" tag="13716" title="Main / Pico"/>
  <stop lat="34.04966" lon="-118.2476199" stopId="13968" tag="13968" title="Spring / 3rd"/>
  <stop lat="34.04611" lon="-118.2509099" stopId="13971" tag="13971" title="Spring / 6th"/>
  <stop lat="34.04744" lon="-118.32103" stopId="16189" tag="16189" title="Pico / 4th"/>
  <stop lat="34.0433399" lon="-118.2736899" stopId="16190" tag="16190" title="Pico / Albany"/>
  <stop lat="34.04731" lon="-118.31734" stopId="16191" tag="16191" title="Pico / Arlington"/>
  <stop lat="34.0479799" lon="-118.3269399" stopId="16193" tag="16193" title="Pico / Crenshaw"/>
  <stop lat="34.04741" lon="-118.2862699" stopId="16195" tag="16195" title="Pico / Magnolia"/>
  <stop lat="34.0472699" lon="-118.2823999" stopId="16196" tag="16196" title="Pico / Alvarado"/>
  <stop lat="34.0460399" lon="-118.2796699" stopId="16197" tag="16197" title="Pico / Bonnie Brae"/>
  <stop lat="34.0473799" lon="-118.29455" stopId="16198" tag="16198" title="Pico / Catalina"/>
  <stop lat="34.04087" lon="-118.26816" stopId="16199" tag="16199" title="Pico / Figueroa"/>
  <stop lat="34.0402999" lon="-118.26702" stopId="16200" tag="16200" title="Pico / Flower"/>
  <stop lat="34.0389" lon="-118.26403" stopId="16201" tag="16201" title="Pico / Grand"/>
  <stop lat="34.0473499" lon="-118.30398" stopId="16202" tag="16202" title="Pico / Harvard"/>
  <stop lat="34.0474199" lon="-118.2839" stopId="16204" tag="16204" title="Pico / Hoover"/>
  <stop lat="34.04737" lon="-118.29666" stopId="16206" tag="16206" title="Pico / Kenmore"/>
  <stop lat="34.04737" lon="-118.2997499" stopId="16207" tag="16207" title="Pico / Normandie"/>
  <stop lat="34.04764" lon="-118.32329" stopId="16208" tag="16208" title="Pico / Norton"/>
  <stop lat="34.0446799" lon="-118.2766599" stopId="16214" tag="16214" title="Pico / Union"/>
  <stop lat="34.04734" lon="-118.3086899" stopId="16216" tag="16216" title="Pico / Western"/>
  <stop lat="34.0474" lon="-118.2889499" stopId="16217" tag="16217" title="Pico / Westmoreland"/>
  <stop lat="34.04731" lon="-118.3143199" stopId="16218" tag="16218" title="Pico / Wilton"/>
  <stop lat="34.04858" lon="-118.33317" stopId="16221" tag="16221" title="Pico / West"/>
  <stop lat="34.0473999" lon="-118.29143" stopId="18012" tag="18012" title="Pico / Vermont"/>
  <stop lat="34.0553899" lon="-118.23312" stopId="30000" tag="30000" title="Patsaouras Transit Plaza"/>
  <stop lat="34.0522199" lon="-118.23992" stopId="142067" tag="142067" title="Judge John Aiso / Temple"/>
  <stop lat="34.0481099" lon="-118.33777" tag="3000001_ar" title="Pico / Rimpau"/>
  <direction name="East" tag="30_807_0" title="East to Indiana Station" useForUI="true">
   <stop tag="3000001"/>
   <stop tag="141029"/>
   <stop tag="7930"/>
   <stop tag="16194"/>
   <stop tag="7918"/>
   <stop tag="7898"/>
   <stop tag="7900"/>
   <stop tag="7928"/>
   <stop tag="7926"/>
   <stop tag="7912"/>
   <stop tag="7917"/>
   <stop tag="7916"/>
   <stop tag="7908"/>
   <stop tag="7925"/>
   <stop tag="7927"/>
   <stop tag="7904"/>
   <stop tag="7914"/>
   <stop tag="7905"/>
   <stop tag="7907"/>
   <stop tag="7924"/>
   <stop tag="7899"/>
   <stop tag="7909"/>
   <stop tag="13574"/>
   <stop tag="7913"/>
   <stop tag="19023"/>
   <stop tag="4766"/>
   <stop tag="4818"/>
   <stop tag="4799"/>
   <stop tag="19022"/>
   <stop tag="13242"/>
   <stop tag="13227"/>
   <stop tag="9059"/>
   <stop tag="1166"/>
   <stop tag="11209"/>
   <stop tag="142068"/>
   <stop tag="12544"/>
   <stop tag="4885"/>
   <stop tag="1149"/>
   <stop tag="1153"/>
   <stop tag="1150"/>
   <stop tag="1175"/>
   <stop tag="1154"/>
   <stop tag="2511"/>
   <stop tag="1173"/>
   <stop tag="1169"/>
   <stop tag="1157"/>
   <stop tag="1178"/>
   <stop tag="1162"/>
   <stop tag="9034"/>
   <stop tag="9036_ar"/>
  </direction>
  <direction name="East" tag="30_802_0" title="East to Indiana Station" useForUI="true">
   <stop tag="3000001"/>
   <stop tag="141029"/>
   <stop tag="7930"/>
   <stop tag="16194"/>
   <stop tag="7918"/>
   <stop tag="7898"/>
   <stop tag="7900"/>
   <stop tag="7928"/>
   <stop tag="7926"/>
   <stop tag="7912"/>
   <stop tag="7917"/>
   <stop tag="7916"/>
   <stop tag="7908"/>
   <stop tag="7925"/>
   <stop tag="7927"/>
   <stop tag="7904"/>
   <stop tag="7914"/>
   <stop tag="7905"/>
   <stop tag="7907"/>
   <stop tag="7924"/>
   <stop tag="7899"/>
   <stop tag="7909"/>
   <stop tag="13574"/>
   <stop tag="7913"/>
   <stop tag="19023"/>
   <stop tag="4766"/>
   <stop tag="4818"/>
   <stop tag="4799"/>
   <stop tag="19022"/>
   <stop tag="13242"/>
   <stop tag="13227"/>
   <stop tag="9059"/>
   <stop tag="1166"/>
   <stop tag="11209"/>
   <stop tag="12544"/>
   <stop tag="4885"/>
   <stop tag="1149"/>
   <stop tag="1153"/>
   <stop tag="2341"/>
   <stop tag="1175"/>
   <stop tag="1154"/>
   <stop tag="2511"/>
   <stop tag="1173"/>
   <stop tag="1169"/>
   <stop tag="1157"/>
   <stop tag="1178"/>
   <stop tag="1162"/>
   <stop tag="9034"/>
   <stop tag="9036_ar"/>
  </direction>
  <direction name="West" tag="30_801_1" title="West to Pico-Rimpau" useForUI="true">
   <stop tag="9036"/>
   <stop tag="9698"/>
   <stop tag="9712"/>
   <stop tag="9693"/>
   <stop tag="9704"/>
   <stop tag="9707"/>
   <stop tag="9688"/>
   <stop tag="9690"/>
   <stop tag="9709"/>
   <stop tag="9686"/>
   <stop tag="9689"/>
   <stop tag="9703"/>
   <stop tag="4890"/>
   <stop tag="5112"/>
   <stop tag="142067"/>
   <stop tag="10493"/>
   <stop tag="1208"/>
   <stop tag="475"/>
   <stop tag="13968"/>
   <stop tag="13971"/>
   <stop tag="2212"/>
   <stop tag="13714"/>
   <stop tag="13700"/>
   <stop tag="13716"/>
   <stop tag="5146"/>
   <stop tag="16201"/>
   <stop tag="16200"/>
   <stop tag="16199"/>
   <stop tag="16190"/>
   <stop tag="16214"/>
   <stop tag="16197"/>
   <stop tag="16196"/>
   <stop tag="16204"/>
   <stop tag="16195"/>
   <stop tag="16217"/>
   <stop tag="18012"/>
   <stop tag="16198"/>
   <stop tag="16206"/>
   <stop tag="16207"/>
   <stop tag="16202"/>
   <stop tag="16216"/>
   <stop tag="16218"/>
   <stop tag="16191"/>
   <stop tag="16189"/>
   <stop tag="16208"/>
   <stop tag="16193"/>
   <stop tag="16221"/>
   <stop tag="12826"/>
   <stop tag="3000001_ar"/>
  </direction>
  <path>
   <point lat="34.04369" lon="-118.21004"/>
   <point lat="34.04317" lon="-118.20853"/>
   <point lat="34.04186" lon="-118.20585"/>
   <point lat="34.04041" lon="-118.20258"/>
   <point lat="34.03879" lon="-118.19897"/>
   <point lat="34.03693" lon="-118.19477"/>
   <point lat="34.0365899" lon="-118.19379"/>
   <point lat="34.03626" lon="-118.19305"/>
   <point lat="34.036" lon="-118.19239"/>
   <point lat="34.03515" lon="-118.19251"/>
   <point lat="34.0337699" lon="-118.19237"/>
   <point lat="34.03201" lon="-118.19236"/>
   <point lat="34.03201" lon="-118.19248"/>
   <point lat="34.03315" lon="-118.19495"/>
   <point lat="34.03314" lon="-118.19489"/>
   <point lat="34.0332099" lon="-118.19259"/>
   <point lat="34.03322" lon="-118.19237"/>
   <point lat="34.03468" lon="-118.19226"/>
  </path>
  <path>
   <point lat="34.05539" lon="-118.23312"/>
   <point lat="34.0559" lon="-118.2331"/>
   <point lat="34.05598" lon="-118.23307"/>
   <point lat="34.0560199" lon="-118.23304"/>
   <point lat="34.05604" lon="-118.23301"/>
   <point lat="34.05604" lon="-118.23289"/>
   <point lat="34.05601" lon="-118.23283"/>
   <point lat="34.05596" lon="-118.23281"/>
   <point lat="34.05514" lon="-118.23295"/>
   <point lat="34.05507" lon="-118.23225"/>
   <point lat="34.05503" lon="-118.23212"/>
   <point lat="34.0549899" lon="-118.23201"/>
   <point lat="34.0549" lon="-118.23184"/>
   <point lat="34.05459" lon="-118.23145"/>
   <point lat="34.05447" lon="-118.23134"/>
   <point lat="34.05442" lon="-118.23129"/>
   <point lat="34.05433" lon="-118.23125"/>
   <point lat="34.05422" lon="-118.23123"/>
   <point lat="34.05409" lon="-118.23122"/>
   <point lat="34.05339" lon="-118.23135"/>
   <point lat="34.05317" lon="-118.23139"/>
   <point lat="34.05293" lon="-118.23141"/>
   <point lat="34.0528199" lon="-118.2314"/>
   <point lat="34.05266" lon="-118.23135"/>
   <point lat="34.05287" lon="-118.23293"/>
   <point lat="34.0529" lon="-118.23304"/>
   <point lat="34.0530199" lon="-118.23397"/>
   <point lat="34.05336" lon="-118.23391"/>
   <point lat="34.05343" lon="-118.23387"/>
   <point lat="34.0534899" lon="-118.23379"/>
   <point lat="34.05356" lon="-118.23364"/>
   <point lat="34.05359" lon="-118.23344"/>
   <point lat="34.0535799" lon="-118.23299"/>
   <point lat="34.05354" lon="-118.23271"/>
   <point lat="34.05347" lon="-118.23197"/>
   <point lat="34.05341" lon="-118.23153"/>
   <point lat="34.05339" lon="-118.23135"/>
   <point lat="34.05337" lon="-118.2312"/>
   <point lat="34.0531" lon="-118.22927"/>
   <point lat="34.05308" lon="-118.22921"/>
   <point lat="34.05307" lon="-118.22916"/>
   <point lat="34.05298" lon="-118.22891"/>
   <point lat="34.05292" lon="-118.2287"/>
   <point lat="34.05272" lon="-118.22771"/>
   <point lat="34.05248" lon="-118.22667"/>
   <point lat="34.05232" lon="-118.22608"/>
   <point lat="34.05216" lon="-118.22567"/>
   <point lat="34.05205" lon="-118.22533"/>
   <point lat="34.05183" lon="-118.22455"/>
   <point lat="34.05175" lon="-118.2243"/>
   <point lat="34.05167" lon="-118.22411"/>
   <point lat="34.05159" lon="-118.22397"/>
   <point lat="34.05149" lon="-118.22384"/>
   <point lat="34.05088" lon="-118.22314"/>
   <point lat="34.05077" lon="-118.22306"/>
   <point lat="34.0504" lon="-118.22287"/>
   <point lat="34.0499" lon="-118.22265"/>
   <point lat="34.0495" lon="-118.22246"/>
   <point lat="34.04931" lon="-118.22236"/>
   <point lat="34.04791" lon="-118.22193"/>
   <point lat="34.04769" lon="-118.22187"/>
   <point lat="34.04736" lon="-118.22184"/>
   <point lat="34.04766" lon="-118.22422"/>
   <point lat="34.04757" lon="-118.22522"/>
   <point lat="34.0478499" lon="-118.22758"/>
   <point lat="34.04779" lon="-118.22877"/>
   <point lat="34.04783" lon="-118.22932"/>
   <point lat="34.04783" lon="-118.22949"/>
   <point lat="34.04798" lon="-118.23053"/>
   <point lat="34.04801" lon="-118.23072"/>
   <point lat="34.04824" lon="-118.23251"/>
   <point lat="34.04825" lon="-118.23256"/>
   <point lat="34.04842" lon="-118.23375"/>
   <point lat="34.04843" lon="-118.23387"/>
   <point lat="34.04856" lon="-118.23385"/>
   <point lat="34.04919" lon="-118.23364"/>
   <point lat="34.05023" lon="-118.23355"/>
   <point lat="34.0505" lon="-118.23556"/>
   <point lat="34.0505" lon="-118.23584"/>
   <point lat="34.05069" lon="-118.2374"/>
   <point lat="34.05074" lon="-118.23753"/>
   <point lat="34.0508499" lon="-118.23774"/>
   <point lat="34.05094" lon="-118.23787"/>
   <point lat="34.05108" lon="-118.23805"/>
   <point lat="34.05145" lon="-118.23829"/>
   <point lat="34.05246" lon="-118.23969"/>
   <point lat="34.05222" lon="-118.23992"/>
   <point lat="34.05118" lon="-118.24022"/>
   <point lat="34.0511" lon="-118.24027"/>
   <point lat="34.05086" lon="-118.24044"/>
   <point lat="34.05065" lon="-118.24062"/>
   <point lat="34.0504" lon="-118.24085"/>
   <point lat="34.0506699" lon="-118.241"/>
  </path>
  <path>
   <point lat="34.04039" lon="-118.26783"/>
   <point lat="34.03887" lon="-118.26455"/>
   <point lat="34.0381" lon="-118.26289"/>
   <point lat="34.03765" lon="-118.26236"/>
   <point lat="34.03713" lon="-118.26116"/>
   <point lat="34.03733" lon="-118.26081"/>
   <point lat="34.03826" lon="-118.25999"/>
   <point lat="34.04063" lon="-118.25775"/>
   <point lat="34.04149" lon="-118.25665"/>
   <point lat="34.04498" lon="-118.25342"/>
  </path>
  <path>
   <point lat="34.0439099" lon="-118.20991"/>
   <point lat="34.04444" lon="-118.21143"/>
   <point lat="34.04453" lon="-118.21223"/>
   <point lat="34.04549" lon="-118.21472"/>
   <point lat="34.04568" lon="-118.2155"/>
   <point lat="34.04659" lon="-118.21721"/>
   <point lat="34.04718" lon="-118.21889"/>
   <point lat="34.04735" lon="-118.21961"/>
   <point lat="34.04733" lon="-118.22151"/>
   <point lat="34.04766" lon="-118.22422"/>
   <point lat="34.04757" lon="-118.22522"/>
   <point lat="34.0478499" lon="-118.22758"/>
   <point lat="34.04779" lon="-118.22877"/>
   <point lat="34.04783" lon="-118.22932"/>
   <point lat="34.04783" lon="-118.22949"/>
   <point lat="34.04798" lon="-118.23053"/>
   <point lat="34.04801" lon="-118.23072"/>
   <point lat="34.04824" lon="-118.23251"/>
   <point lat="34.04825" lon="-118.23256"/>
   <point lat="34.04842" lon="-118.23375"/>
   <point lat="34.04843" lon="-118.23387"/>
   <point lat="34.04856" lon="-118.23385"/>
   <point lat="34.04919" lon="-118.23364"/>
   <point lat="34.05023" lon="-118.23355"/>
   <point lat="34.0505" lon="-118.23556"/>
   <point lat="34.0505" lon="-118.23584"/>
   <point lat="34.05069" lon="-118.2374"/>
   <point lat="34.05074" lon="-118.23753"/>
   <point lat="34.0508499" lon="-118.23774"/>
   <point lat="34.05094" lon="-118.23787"/>
   <point lat="34.05108" lon="-118.23805"/>
   <point lat="34.05145" lon="-118.23829"/>
  </path>
  <path>
   <point lat="34.0439099" lon="-118.20991"/>
   <point lat="34.04444" lon="-118.21143"/>
   <point lat="34.04453" lon="-118.21223"/>
   <point lat="34.04549" lon="-118.21472"/>
   <point lat="34.04659" lon="-118.21721"/>
   <point lat="34.04718" lon="-118.21889"/>
   <point lat="34.04735" lon="-118.21961"/>
   <point lat="34.04766" lon="-118.22422"/>
   <point lat="34.04757" lon="-118.22522"/>
   <point lat="34.0478499" lon="-118.22758"/>
   <point lat="34.04779" lon="-118.22877"/>
   <point lat="34.04783" lon="-118.22932"/>
   <point lat="34.04783" lon="-118.22949"/>
   <point lat="34.04798" lon="-118.23053"/>
   <point lat="34.04801" lon="-118.23072"/>
   <point lat="34.04824" lon="-118.23251"/>
   <point lat="34.04825" lon="-118.23256"/>
   <point lat="34.04842" lon="-118.23375"/>
   <point lat="34.04843" lon="-118.23387"/>
   <point lat="34.04856" lon="-118.23385"/>
   <point lat="34.04919" lon="-118.23364"/>
   <point lat="34.05023" lon="-118.23355"/>
   <point lat="34.0505" lon="-118.23556"/>
   <point lat="34.0505" lon="-118.23584"/>
   <point lat="34.05069" lon="-118.2374"/>
   <point lat="34.05074" lon="-118.23753"/>
   <point lat="34.0508499" lon="-118.23774"/>
   <point lat="34.05094" lon="-118.23787"/>
   <point lat="34.05108" lon="-118.23805"/>
   <point lat="34.05145" lon="-118.23829"/>
  </path>
  <path>
   <point lat="34.04714" lon="-118.29176"/>
   <point lat="34.04715" lon="-118.28936"/>
   <point lat="34.04716" lon="-118.28665"/>
   <point lat="34.04716" lon="-118.28441"/>
   <point lat="34.04704" lon="-118.2825"/>
   <point lat="34.04666" lon="-118.28137"/>
   <point lat="34.04615" lon="-118.28056"/>
   <point lat="34.04433" lon="-118.27661"/>
   <point lat="34.0433" lon="-118.27422"/>
   <point lat="34.04238" lon="-118.27183"/>
   <point lat="34.04234" lon="-118.27172"/>
   <point lat="34.04039" lon="-118.26783"/>
  </path>
  <path>
   <point lat="34.05079" lon="-118.23779"/>
   <point lat="34.0506" lon="-118.2371"/>
   <point lat="34.05018" lon="-118.23373"/>
   <point lat="34.04934" lon="-118.2337"/>
   <point lat="34.04858" lon="-118.23384"/>
   <point lat="34.04843" lon="-118.23387"/>
   <point lat="34.04842" lon="-118.23375"/>
   <point lat="34.04825" lon="-118.23256"/>
   <point lat="34.04824" lon="-118.23251"/>
   <point lat="34.04801" lon="-118.23072"/>
   <point lat="34.04798" lon="-118.23053"/>
   <point lat="34.04784" lon="-118.22952"/>
   <point lat="34.04783" lon="-118.22932"/>
   <point lat="34.04779" lon="-118.22877"/>
   <point lat="34.04759" lon="-118.22761"/>
   <point lat="34.04757" lon="-118.22522"/>
   <point lat="34.04743" lon="-118.22507"/>
   <point lat="34.04733" lon="-118.22151"/>
   <point lat="34.04712" lon="-118.22"/>
   <point lat="34.04718" lon="-118.21889"/>
   <point lat="34.04649" lon="-118.21764"/>
   <point lat="34.04568" lon="-118.2155"/>
   <point lat="34.04538" lon="-118.21515"/>
   <point lat="34.04434" lon="-118.21276"/>
   <point lat="34.04444" lon="-118.21143"/>
   <point lat="34.04369" lon="-118.21004"/>
  </path>
  <path>
   <point lat="34.0506699" lon="-118.241"/>
   <point lat="34.05133" lon="-118.24214"/>
   <point lat="34.05178" lon="-118.24252"/>
   <point lat="34.05296" lon="-118.24444"/>
   <point lat="34.05276" lon="-118.24474"/>
   <point lat="34.04966" lon="-118.24762"/>
   <point lat="34.04611" lon="-118.25091"/>
   <point lat="34.04453" lon="-118.25231"/>
   <point lat="34.04397" lon="-118.25293"/>
   <point lat="34.04222" lon="-118.25443"/>
   <point lat="34.04171" lon="-118.2548"/>
   <point lat="34.04159" lon="-118.25497"/>
   <point lat="34.04136" lon="-118.25561"/>
   <point lat="34.04047" lon="-118.2567"/>
   <point lat="34.03926" lon="-118.25818"/>
   <point lat="34.03679" lon="-118.26018"/>
   <point lat="34.03689" lon="-118.26074"/>
   <point lat="34.03767" lon="-118.26186"/>
   <point lat="34.0381" lon="-118.26289"/>
   <point lat="34.0389" lon="-118.26403"/>
   <point lat="34.0403" lon="-118.26702"/>
  </path>
  <path>
   <point lat="34.0403" lon="-118.26702"/>
   <point lat="34.04087" lon="-118.26816"/>
   <point lat="34.04234" lon="-118.27172"/>
   <point lat="34.04238" lon="-118.27183"/>
   <point lat="34.04334" lon="-118.27369"/>
   <point lat="34.04468" lon="-118.27666"/>
   <point lat="34.04604" lon="-118.27967"/>
   <point lat="34.04666" lon="-118.28137"/>
   <point lat="34.04727" lon="-118.2824"/>
   <point lat="34.0472899" lon="-118.28297"/>
   <point lat="34.04742" lon="-118.2839"/>
   <point lat="34.04741" lon="-118.28627"/>
   <point lat="34.0474" lon="-118.28895"/>
   <point lat="34.0474" lon="-118.29143"/>
  </path>
  <path>
   <point lat="34.04811" lon="-118.33777"/>
   <point lat="34.0482299" lon="-118.33823"/>
   <point lat="34.04828" lon="-118.33841"/>
   <point lat="34.0483199" lon="-118.33857"/>
   <point lat="34.04831" lon="-118.33891"/>
   <point lat="34.0485" lon="-118.33923"/>
   <point lat="34.0486999" lon="-118.33742"/>
   <point lat="34.04875" lon="-118.33715"/>
   <point lat="34.0488" lon="-118.33667"/>
   <point lat="34.0488" lon="-118.33638"/>
   <point lat="34.04877" lon="-118.33596"/>
   <point lat="34.04874" lon="-118.33574"/>
   <point lat="34.04853" lon="-118.33507"/>
   <point lat="34.04852" lon="-118.33378"/>
   <point lat="34.04828" lon="-118.33305"/>
   <point lat="34.0477" lon="-118.32648"/>
   <point lat="34.04746" lon="-118.32405"/>
   <point lat="34.04722" lon="-118.32148"/>
   <point lat="34.04718" lon="-118.31934"/>
   <point lat="34.04705" lon="-118.31785"/>
   <point lat="34.04706" lon="-118.31464"/>
   <point lat="34.04708" lon="-118.30919"/>
   <point lat="34.04709" lon="-118.30431"/>
   <point lat="34.04711" lon="-118.29966"/>
   <point lat="34.04712" lon="-118.29714"/>
   <point lat="34.04713" lon="-118.29488"/>
   <point lat="34.04714" lon="-118.29176"/>
  </path>
  <path>
   <point lat="34.0474" lon="-118.29143"/>
   <point lat="34.0473799" lon="-118.29455"/>
   <point lat="34.04737" lon="-118.29666"/>
   <point lat="34.04737" lon="-118.29975"/>
   <point lat="34.04735" lon="-118.30398"/>
   <point lat="34.04734" lon="-118.30869"/>
   <point lat="34.04731" lon="-118.31432"/>
   <point lat="34.04731" lon="-118.31734"/>
   <point lat="34.04718" lon="-118.31934"/>
   <point lat="34.04744" lon="-118.32103"/>
   <point lat="34.04764" lon="-118.32329"/>
   <point lat="34.04798" lon="-118.32694"/>
   <point lat="34.04858" lon="-118.33317"/>
   <point lat="34.04884" lon="-118.33548"/>
   <point lat="34.0488" lon="-118.33667"/>
   <point lat="34.04877" lon="-118.33697"/>
   <point lat="34.04833" lon="-118.33714"/>
   <point lat="34.04796" lon="-118.3373"/>
   <point lat="34.04793" lon="-118.33734"/>
   <point lat="34.04811" lon="-118.33777"/>
  </path>
  <path>
   <point lat="34.04039" lon="-118.26783"/>
   <point lat="34.03887" lon="-118.26455"/>
   <point lat="34.0381" lon="-118.26289"/>
   <point lat="34.03765" lon="-118.26236"/>
   <point lat="34.03713" lon="-118.26116"/>
   <point lat="34.03733" lon="-118.26081"/>
   <point lat="34.03826" lon="-118.25999"/>
   <point lat="34.04063" lon="-118.25775"/>
   <point lat="34.04149" lon="-118.25665"/>
   <point lat="34.04498" lon="-118.25342"/>
   <point lat="34.04696" lon="-118.25158"/>
   <point lat="34.04965" lon="-118.24907"/>
   <point lat="34.0511" lon="-118.24771"/>
   <point lat="34.0534" lon="-118.24555"/>
   <point lat="34.05296" lon="-118.24444"/>
   <point lat="34.05192" lon="-118.24324"/>
   <point lat="34.0504" lon="-118.24085"/>
   <point lat="34.05066" lon="-118.24044"/>
  </path>
  <path>
   <point lat="34.05066" lon="-118.24044"/>
   <point lat="34.0511" lon="-118.24027"/>
   <point lat="34.05118" lon="-118.24022"/>
   <point lat="34.05151" lon="-118.24006"/>
   <point lat="34.05211" lon="-118.23979"/>
   <point lat="34.05246" lon="-118.23969"/>
   <point lat="34.05116" lon="-118.23816"/>
   <point lat="34.05108" lon="-118.23805"/>
   <point lat="34.05079" lon="-118.23779"/>
   <point lat="34.05069" lon="-118.2374"/>
   <point lat="34.05018" lon="-118.23373"/>
   <point lat="34.04934" lon="-118.2337"/>
   <point lat="34.04858" lon="-118.23384"/>
   <point lat="34.04843" lon="-118.23387"/>
   <point lat="34.04842" lon="-118.23375"/>
   <point lat="34.04825" lon="-118.23256"/>
   <point lat="34.04824" lon="-118.23251"/>
   <point lat="34.04801" lon="-118.23072"/>
   <point lat="34.04798" lon="-118.23053"/>
   <point lat="34.04784" lon="-118.22952"/>
   <point lat="34.04783" lon="-118.22932"/>
   <point lat="34.04779" lon="-118.22877"/>
   <point lat="34.04759" lon="-118.22761"/>
   <point lat="34.04745" lon="-118.2254"/>
   <point lat="34.0475" lon="-118.22405"/>
   <point lat="34.04736" lon="-118.22184"/>
   <point lat="34.04734" lon="-118.22166"/>
   <point lat="34.04733" lon="-118.22151"/>
   <point lat="34.04733" lon="-118.22135"/>
   <point lat="34.04731" lon="-118.22103"/>
   <point lat="34.0473799" lon="-118.22104"/>
   <point lat="34.04752" lon="-118.22109"/>
   <point lat="34.04774" lon="-118.2212"/>
   <point lat="34.048" lon="-118.22136"/>
   <point lat="34.0481399" lon="-118.22146"/>
   <point lat="34.04856" lon="-118.2217"/>
   <point lat="34.04864" lon="-118.22176"/>
   <point lat="34.0487899" lon="-118.22189"/>
   <point lat="34.04909" lon="-118.2221"/>
   <point lat="34.0493" lon="-118.2222"/>
   <point lat="34.05003" lon="-118.22247"/>
   <point lat="34.05012" lon="-118.22249"/>
   <point lat="34.0502899" lon="-118.22252"/>
   <point lat="34.05061" lon="-118.22261"/>
   <point lat="34.05069" lon="-118.22262"/>
   <point lat="34.05074" lon="-118.22262"/>
   <point lat="34.05079" lon="-118.22261"/>
   <point lat="34.05082" lon="-118.22259"/>
   <point lat="34.05089" lon="-118.22251"/>
   <point lat="34.05091" lon="-118.22247"/>
   <point lat="34.05093" lon="-118.22242"/>
   <point lat="34.05094" lon="-118.22233"/>
   <point lat="34.05096" lon="-118.22204"/>
   <point lat="34.05101" lon="-118.22206"/>
   <point lat="34.05307" lon="-118.22272"/>
   <point lat="34.05312" lon="-118.22284"/>
   <point lat="34.05314" lon="-118.22291"/>
   <point lat="34.0531999" lon="-118.22305"/>
   <point lat="34.05327" lon="-118.22326"/>
   <point lat="34.05331" lon="-118.22337"/>
   <point lat="34.05338" lon="-118.22355"/>
   <point lat="34.05348" lon="-118.22376"/>
   <point lat="34.05447" lon="-118.22607"/>
   <point lat="34.0546999" lon="-118.22656"/>
   <point lat="34.0549899" lon="-118.22721"/>
   <point lat="34.05509" lon="-118.2274"/>
   <point lat="34.05511" lon="-118.22746"/>
   <point lat="34.0551699" lon="-118.22763"/>
   <point lat="34.05584" lon="-118.22943"/>
   <point lat="34.05633" lon="-118.23085"/>
   <point lat="34.05663" lon="-118.2319"/>
   <point lat="34.05544" lon="-118.23245"/>
   <point lat="34.05538" lon="-118.23243"/>
   <point lat="34.0553" lon="-118.23249"/>
   <point lat="34.05525" lon="-118.2325"/>
   <point lat="34.0550799" lon="-118.2325"/>
   <point lat="34.0546099" lon="-118.23304"/>
   <point lat="34.05453" lon="-118.23308"/>
   <point lat="34.05451" lon="-118.23312"/>
   <point lat="34.0545" lon="-118.23319"/>
   <point lat="34.05451" lon="-118.23325"/>
   <point lat="34.05454" lon="-118.2333"/>
   <point lat="34.05457" lon="-118.23332"/>
   <point lat="34.05463" lon="-118.23333"/>
   <point lat="34.05539" lon="-118.23312"/>
  </path>
  <path>
   <point lat="34.05539" lon="-118.23312"/>
   <point lat="34.0559" lon="-118.2331"/>
   <point lat="34.05598" lon="-118.23307"/>
   <point lat="34.0560199" lon="-118.23304"/>
   <point lat="34.05604" lon="-118.23301"/>
   <point lat="34.05604" lon="-118.23289"/>
   <point lat="34.05601" lon="-118.23283"/>
   <point lat="34.05596" lon="-118.23281"/>
   <point lat="34.05514" lon="-118.23295"/>
   <point lat="34.0550799" lon="-118.2325"/>
   <point lat="34.05525" lon="-118.2325"/>
   <point lat="34.0553" lon="-118.23249"/>
   <point lat="34.05538" lon="-118.23243"/>
   <point lat="34.05544" lon="-118.23245"/>
   <point lat="34.05663" lon="-118.2319"/>
   <point lat="34.0569599" lon="-118.2318"/>
   <point lat="34.05725" lon="-118.23175"/>
   <point lat="34.05747" lon="-118.23175"/>
   <point lat="34.05767" lon="-118.23178"/>
   <point lat="34.05781" lon="-118.23182"/>
   <point lat="34.0576999" lon="-118.23118"/>
   <point lat="34.05768" lon="-118.23096"/>
   <point lat="34.05682" lon="-118.23116"/>
   <point lat="34.0567" lon="-118.23082"/>
  </path>
  <path>
   <point lat="34.05066" lon="-118.24044"/>
   <point lat="34.0511" lon="-118.24027"/>
   <point lat="34.05118" lon="-118.24022"/>
   <point lat="34.05151" lon="-118.24006"/>
   <point lat="34.05211" lon="-118.23979"/>
   <point lat="34.05246" lon="-118.23969"/>
   <point lat="34.05116" lon="-118.23816"/>
   <point lat="34.05108" lon="-118.23805"/>
   <point lat="34.05079" lon="-118.23779"/>
   <point lat="34.05069" lon="-118.2374"/>
   <point lat="34.05018" lon="-118.23373"/>
   <point lat="34.04934" lon="-118.2337"/>
   <point lat="34.04858" lon="-118.23384"/>
   <point lat="34.04843" lon="-118.23387"/>
   <point lat="34.04842" lon="-118.23375"/>
   <point lat="34.04825" lon="-118.23256"/>
   <point lat="34.04824" lon="-118.23251"/>
   <point lat="34.04801" lon="-118.23072"/>
   <point lat="34.04798" lon="-118.23053"/>
   <point lat="34.04784" lon="-118.22952"/>
   <point lat="34.04783" lon="-118.22932"/>
   <point lat="34.04779" lon="-118.22877"/>
   <point lat="34.04759" lon="-118.22761"/>
   <point lat="34.04757" lon="-118.22522"/>
   <point lat="34.04743" lon="-118.22507"/>
   <point lat="34.04733" lon="-118.22151"/>
   <point lat="34.04709" lon="-118.2195"/>
   <point lat="34.04718" lon="-118.21889"/>
   <point lat="34.04649" lon="-118.21764"/>
   <point lat="34.04568" lon="-118.2155"/>
   <point lat="34.04538" lon="-118.21515"/>
   <point lat="34.04434" lon="-118.21276"/>
   <point lat="34.04444" lon="-118.21143"/>
   <point lat="34.04369" lon="-118.21004"/>
  </path>
  <path>
   <point lat="34.05145" lon="-118.23829"/>
   <point lat="34.05246" lon="-118.23969"/>
   <point lat="34.05222" lon="-118.23992"/>
   <point lat="34.05118" lon="-118.24022"/>
   <point lat="34.0511" lon="-118.24027"/>
   <point lat="34.05086" lon="-118.24044"/>
   <point lat="34.05065" lon="-118.24062"/>
   <point lat="34.0504" lon="-118.24085"/>
   <point lat="34.0506699" lon="-118.241"/>
  </path>
  <path>
   <point lat="34.04397" lon="-118.25293"/>
   <point lat="34.04222" lon="-118.25443"/>
   <point lat="34.04171" lon="-118.2548"/>
   <point lat="34.04159" lon="-118.25497"/>
   <point lat="34.04136" lon="-118.25561"/>
   <point lat="34.04047" lon="-118.2567"/>
   <point lat="34.03926" lon="-118.25818"/>
   <point lat="34.03679" lon="-118.26018"/>
   <point lat="34.03689" lon="-118.26074"/>
   <point lat="34.03767" lon="-118.26186"/>
   <point lat="34.0381" lon="-118.26289"/>
   <point lat="34.0389" lon="-118.26403"/>
   <point lat="34.0403" lon="-118.26702"/>
  </path>
  <path>
   <point lat="34.03468" lon="-118.19226"/>
   <point lat="34.036" lon="-118.19239"/>
   <point lat="34.03626" lon="-118.19305"/>
   <point lat="34.0365899" lon="-118.19379"/>
   <point lat="34.03714" lon="-118.19473"/>
   <point lat="34.03884" lon="-118.19857"/>
   <point lat="34.04042" lon="-118.2021"/>
   <point lat="34.04207" lon="-118.20581"/>
   <point lat="34.0439099" lon="-118.20991"/>
  </path>
  <path>
   <point lat="34.0567" lon="-118.23082"/>
   <point lat="34.0566699" lon="-118.23028"/>
   <point lat="34.05749" lon="-118.23006"/>
   <point lat="34.0576" lon="-118.23009"/>
   <point lat="34.05765" lon="-118.23012"/>
   <point lat="34.05774" lon="-118.23021"/>
   <point lat="34.05772" lon="-118.23028"/>
   <point lat="34.0576999" lon="-118.23039"/>
   <point lat="34.05767" lon="-118.23054"/>
   <point lat="34.05766" lon="-118.23072"/>
   <point lat="34.05767" lon="-118.23087"/>
   <point lat="34.05768" lon="-118.23096"/>
   <point lat="34.0576999" lon="-118.23118"/>
   <point lat="34.05781" lon="-118.23182"/>
   <point lat="34.05767" lon="-118.23178"/>
   <point lat="34.05747" lon="-118.23175"/>
   <point lat="34.05725" lon="-118.23175"/>
   <point lat="34.0569599" lon="-118.2318"/>
   <point lat="34.05663" lon="-118.2319"/>
   <point lat="34.05576" lon="-118.2323"/>
   <point lat="34.05544" lon="-118.23245"/>
   <point lat="34.05538" lon="-118.23243"/>
   <point lat="34.0553" lon="-118.23249"/>
   <point lat="34.05525" lon="-118.2325"/>
   <point lat="34.0550799" lon="-118.2325"/>
   <point lat="34.05514" lon="-118.23295"/>
   <point lat="34.0546099" lon="-118.23304"/>
   <point lat="34.05453" lon="-118.23308"/>
   <point lat="34.05451" lon="-118.23312"/>
   <point lat="34.0545" lon="-118.23319"/>
   <point lat="34.05451" lon="-118.23325"/>
   <point lat="34.05454" lon="-118.2333"/>
   <point lat="34.05457" lon="-118.23332"/>
   <point lat="34.05463" lon="-118.23333"/>
   <point lat="34.05539" lon="-118.23312"/>
  </path>
  <path>
   <point lat="34.04498" lon="-118.25342"/>
   <point lat="34.04696" lon="-118.25158"/>
   <point lat="34.04965" lon="-118.24907"/>
   <point lat="34.0511" lon="-118.24771"/>
   <point lat="34.0534" lon="-118.24555"/>
   <point lat="34.05296" lon="-118.24444"/>
   <point lat="34.05192" lon="-118.24324"/>
   <point lat="34.0504" lon="-118.24085"/>
   <point lat="34.05066" lon="-118.24044"/>
  </path>
  <path>
   <point lat="34.03468" lon="-118.19226"/>
   <point lat="34.036" lon="-118.19239"/>
   <point lat="34.03626" lon="-118.19305"/>
   <point lat="34.0365899" lon="-118.19379"/>
   <point lat="34.03714" lon="-118.19473"/>
   <point lat="34.03884" lon="-118.19857"/>
   <point lat="34.04042" lon="-118.2021"/>
   <point lat="34.04207" lon="-118.20581"/>
   <point lat="34.04317" lon="-118.20853"/>
   <point lat="34.0439099" lon="-118.20991"/>
  </path>
  <path>
   <point lat="34.0474" lon="-118.29143"/>
   <point lat="34.0473799" lon="-118.29455"/>
   <point lat="34.04737" lon="-118.29666"/>
   <point lat="34.04737" lon="-118.29975"/>
   <point lat="34.04735" lon="-118.30398"/>
   <point lat="34.04734" lon="-118.30869"/>
   <point lat="34.04731" lon="-118.31432"/>
   <point lat="34.04731" lon="-118.31734"/>
   <point lat="34.04744" lon="-118.32103"/>
   <point lat="34.04764" lon="-118.32329"/>
   <point lat="34.04798" lon="-118.32694"/>
   <point lat="34.04858" lon="-118.33317"/>
   <point lat="34.04884" lon="-118.33548"/>
   <point lat="34.0488" lon="-118.33667"/>
   <point lat="34.04877" lon="-118.33697"/>
   <point lat="34.04833" lon="-118.33714"/>
   <point lat="34.04796" lon="-118.3373"/>
   <point lat="34.04793" lon="-118.33734"/>
   <point lat="34.04811" lon="-118.33777"/>
  </path>
  <path>
   <point lat="34.0506699" lon="-118.241"/>
   <point lat="34.05133" lon="-118.24214"/>
   <point lat="34.05178" lon="-118.24252"/>
   <point lat="34.05296" lon="-118.24444"/>
   <point lat="34.05276" lon="-118.24474"/>
   <point lat="34.04966" lon="-118.24762"/>
   <point lat="34.04611" lon="-118.25091"/>
   <point lat="34.04453" lon="-118.25231"/>
   <point lat="34.04397" lon="-118.25293"/>
  </path>
  <path>
   <point lat="34.0506699" lon="-118.241"/>
   <point lat="34.05133" lon="-118.24214"/>
   <point lat="34.05178" lon="-118.24252"/>
   <point lat="34.05296" lon="-118.24444"/>
   <point lat="34.05276" lon="-118.24474"/>
   <point lat="34.04966" lon="-118.24762"/>
   <point lat="34.04611" lon="-118.25091"/>
   <point lat="34.04453" lon="-118.25231"/>
   <point lat="34.04397" lon="-118.25293"/>
   <point lat="34.04222" lon="-118.25443"/>
   <point lat="34.04171" lon="-118.2548"/>
   <point lat="34.04159" lon="-118.25497"/>
   <point lat="34.04136" lon="-118.25561"/>
   <point lat="34.04047" lon="-118.2567"/>
   <point lat="34.03926" lon="-118.25818"/>
   <point lat="34.03679" lon="-118.26018"/>
   <point lat="34.03689" lon="-118.26074"/>
   <point lat="34.03767" lon="-118.26186"/>
   <point lat="34.0389" lon="-118.26403"/>
   <point lat="34.0403" lon="-118.26702"/>
  </path>
  <path>
   <point lat="34.0403" lon="-118.26702"/>
   <point lat="34.04087" lon="-118.26816"/>
   <point lat="34.04234" lon="-118.27172"/>
   <point lat="34.04334" lon="-118.27369"/>
   <point lat="34.04468" lon="-118.27666"/>
   <point lat="34.04604" lon="-118.27967"/>
   <point lat="34.04727" lon="-118.2824"/>
   <point lat="34.0472899" lon="-118.28297"/>
   <point lat="34.04742" lon="-118.2839"/>
   <point lat="34.04741" lon="-118.28627"/>
   <point lat="34.0474" lon="-118.28895"/>
   <point lat="34.0474" lon="-118.29143"/>
  </path>
  <path>
   <point lat="34.05066" lon="-118.24044"/>
   <point lat="34.05197" lon="-118.23969"/>
   <point lat="34.05246" lon="-118.23969"/>
   <point lat="34.05116" lon="-118.23816"/>
   <point lat="34.05079" lon="-118.23779"/>
  </path>
 </route>
</body>