<?xml version="1.0" encoding="utf-8"?>
<body copyright="All data copyright Los Angeles Metro 2022.">
 <route color="ef5600" latMax="34.0621099" latMin="33.92371" lonMax="-118.2367" lonMin="-118.2719799" oppositeColor="000000" tag="55" title="55 Downtown LA - Willowbrook Sta Via Co">
  <stop lat="33.9246999" lon="-118.24222" stopId="00006" tag="6" title="120th / Augustus F Hawkins"/>
  <stop lat="33.9430299" lon="-118.24611" stopId="00793" tag="793" title="Compton / 103rd"/>
  <stop lat="33.93817" lon="-118.24611" stopId="00795" tag="795" title="Compton / 108th"/>
  <stop lat="33.9345799" lon="-118.24615" stopId="00796" tag="796" title="Compton / 111th"/>
  <stop lat="33.93194" lon="-118.24615" stopId="00797" tag="797" title="Compton / 113th"/>
  <stop lat="33.9262099" lon="-118.24614" stopId="00798" tag="798" title="Compton / 118th"/>
  <stop lat="34.0126099" lon="-118.24845" stopId="00799" tag="799" title="Compton / 32nd"/>
  <stop lat="34.0064299" lon="-118.24723" stopId="00800" tag="800" title="Compton / 42nd"/>
  <stop lat="34.00206" lon="-118.24761" stopId="00801" tag="801" title="Compton / 46th"/>
  <stop lat="33.9991599" lon="-118.24761" stopId="00802" tag="802" title="Compton / 48th Pl"/>
  <stop lat="33.9964599" lon="-118.2476099" stopId="00803" tag="803" title="Compton / 51st"/>
  <stop lat="33.99463" lon="-118.2476" stopId="00804" tag="804" title="Compton / 53rd"/>
  <stop lat="33.98597" lon="-118.24758" stopId="00806" tag="806" title="Compton / 60th"/>
  <stop lat="33.97829" lon="-118.24753" stopId="00808" tag="808" title="Compton / 68th"/>
  <stop lat="33.97062" lon="-118.2475" stopId="00811" tag="811" title="Compton / 76th"/>
  <stop lat="33.96309" lon="-118.24749" stopId="00813" tag="813" title="Compton / 83rd"/>
  <stop lat="33.95044" lon="-118.24598" stopId="00814" tag="814" title="Compton / 95th"/>
  <stop lat="33.9488699" lon="-118.24604" stopId="00815" tag="815" title="Compton / 96th"/>
  <stop lat="33.9454999" lon="-118.24611" stopId="00817" tag="817" title="Compton / Century"/>
  <stop lat="33.9745299" lon="-118.2475" stopId="00818" tag="818" title="Compton / Florence"/>
  <stop lat="33.98186" lon="-118.24754" stopId="00819" tag="819" title="Compton / Gage"/>
  <stop lat="33.9891099" lon="-118.24758" stopId="00822" tag="822" title="Compton / Slauson"/>
  <stop lat="34.0041599" lon="-118.24735" stopId="00823" tag="823" title="Compton / Vernon"/>
  <stop lat="33.9604499" lon="-118.2474299" stopId="00824" tag="824" title="Compton / Firestone"/>
  <stop lat="33.96722" lon="-118.2475099" stopId="00826" tag="826" title="Compton / Nadeau"/>
  <stop lat="34.0389" lon="-118.2581099" stopId="01131" tag="1131" title="Main / 11th"/>
  <stop lat="33.9560199" lon="-118.24721" stopId="01234" tag="1234" title="Compton / 89th"/>
  <stop lat="33.9534599" lon="-118.2471999" stopId="01244" tag="1244" title="92nd / Compton"/>
  <stop lat="34.0200999" lon="-118.2576999" stopId="01253" tag="1253" title="Adams / Griffith"/>
  <stop lat="34.0165599" lon="-118.2498899" stopId="01254" tag="1254" title="Adams / Hooper"/>
  <stop lat="34.02364" lon="-118.26567" stopId="01255" tag="1255" title="Adams / Maple"/>
  <stop lat="34.01901" lon="-118.25523" stopId="01256" tag="1256" title="Adams / Central"/>
  <stop lat="34.0248399" lon="-118.2683799" stopId="01257" tag="1257" title="Adams / Main"/>
  <stop lat="34.0218299" lon="-118.2616" stopId="01258" tag="1258" title="Adams / San Pedro"/>
  <stop lat="34.0336599" lon="-118.26235" stopId="03121" tag="3121" title="Main / 16th"/>
  <stop lat="34.0582999" lon="-118.25118" stopId="03507" tag="3507" title="Figueroa / Diamond"/>
  <stop lat="34.0595899" lon="-118.24866" stopId="03538" tag="3538" title="Figueroa / Temple"/>
  <stop lat="33.9247199" lon="-118.2367" stopId="04528" tag="4528" title="119th / Willowbrook"/>
  <stop lat="34.0539599" lon="-118.25537" stopId="04992" tag="4992" title="Figueroa / 4th"/>
  <stop lat="34.0563599" lon="-118.2531" stopId="04995" tag="4995" title="Figueroa / 2nd"/>
  <stop lat="34.0552399" lon="-118.25415" stopId="04998" tag="4998" title="Figueroa / 3rd"/>
  <stop lat="34.0324499" lon="-118.26828" stopId="05113" tag="5113" title="Grand / Washington"/>
  <stop lat="34.0264599" lon="-118.2719799" stopId="05144" tag="5144" title="Adams / Grand"/>
  <stop lat="34.0361399" lon="-118.26033" stopId="05279" tag="5279" title="Main / Pico"/>
  <stop lat="34.0440399" lon="-118.25103" stopId="05289" tag="5289" title="Main / 7th"/>
  <stop lat="34.04141" lon="-118.2550099" stopId="05292" tag="5292" title="Main / 9th"/>
  <stop lat="34.0335499" lon="-118.2662799" stopId="07256" tag="7256" title="18th / Olive"/>
  <stop lat="34.0473999" lon="-118.2494199" stopId="07333" tag="7333" title="5th / Spring"/>
  <stop lat="34.0258099" lon="-118.2705299" stopId="07472" tag="7472" title="Adams / Hill"/>
  <stop lat="34.04844" lon="-118.25102" stopId="08240" tag="8240" title="5th / Lindley"/>
  <stop lat="34.00877" lon="-118.24773" stopId="08627" tag="8627" title="41st / Compton"/>
  <stop lat="34.00914" lon="-118.2503799" stopId="09372" tag="9372" title="41st / Compton"/>
  <stop lat="33.92389" lon="-118.2460499" stopId="09674" tag="9674" title="120th / Compton"/>
  <stop lat="33.9927999" lon="-118.2475999" stopId="09731" tag="9731" title="Compton / 55th"/>
  <stop lat="34.01525" lon="-118.24735" stopId="09782" tag="9782" title="Adams / Compton"/>
  <stop lat="34.02891" lon="-118.2705499" stopId="13558" tag="13558" title="Grand / 23rd"/>
  <stop lat="34.0443999" lon="-118.25256" tag="13974_ar" title="Spring / 7th"/>
  <stop lat="33.9247099" lon="-118.23939" stopId="14171" tag="14171" title="120th / Wilmington"/>
  <stop lat="34.0504599" lon="-118.2541399" stopId="15688" tag="15688" title="5th / Grand"/>
  <stop lat="34.0515599" lon="-118.2558299" stopId="15690" tag="15690" title="5th / Flower"/>
  <stop lat="34.0621099" lon="-118.24644" tag="16928_ar" title="Figueroa / Sunset"/>
  <stop lat="33.9280999" lon="-118.23798" stopId="30007" tag="30007" title="Willowbrook - Rosa Parks Station - West"/>
  <stop lat="33.92926" lon="-118.24612" stopId="140773" tag="140773" title="Compton / Imperial"/>
  <stop lat="33.9245099" lon="-118.24037" stopId="00007" tag="7" title="120th / Martin Luther King Hospital"/>
  <stop lat="33.9931499" lon="-118.2478999" stopId="00805" tag="805" title="Compton / 55th"/>
  <stop lat="34.0085599" lon="-118.2476399" stopId="00825" tag="825" title="41st / Compton"/>
  <stop lat="34.0150499" lon="-118.2473" stopId="01252" tag="1252" title="Adams / Compton"/>
  <stop lat="34.0403899" lon="-118.25705" stopId="01604" tag="1604" title="Main / Olympic"/>
  <stop lat="34.0606199" lon="-118.24408" stopId="02000" tag="2000" title="Cesar E Chavez / Grand"/>
  <stop lat="34.0543199" lon="-118.25021" stopId="02397" tag="2397" title="Grand / 2nd"/>
  <stop lat="34.05796" lon="-118.2469199" stopId="02940" tag="2940" title="Grand / Temple"/>
  <stop lat="33.9602799" lon="-118.2476699" stopId="04905" tag="4905" title="Compton / Firestone"/>
  <stop lat="34.04739" lon="-118.25331" stopId="05138" tag="5138" title="6th / Hill"/>
  <stop lat="33.95654" lon="-118.2474999" stopId="05156" tag="5156" title="Compton / 89th"/>
  <stop lat="33.9251499" lon="-118.2389" stopId="05795" tag="5795" title="Wilmington / 119th"/>
  <stop lat="34.0466899" lon="-118.2522699" stopId="07345" tag="7345" title="6th / Broadway"/>
  <stop lat="33.9245" lon="-118.2421999" stopId="08597" tag="8597" title="120th / Augustus F Hawkins"/>
  <stop lat="33.9858499" lon="-118.2478799" stopId="09337" tag="9337" title="Compton / 59th"/>
  <stop lat="33.9429199" lon="-118.24636" stopId="09340" tag="9340" title="Compton / 103rd"/>
  <stop lat="33.9380299" lon="-118.24636" stopId="09342" tag="9342" title="Compton / 108th"/>
  <stop lat="33.93493" lon="-118.2463899" stopId="09343" tag="9343" title="Compton / 111th"/>
  <stop lat="33.9322099" lon="-118.2463899" stopId="09344" tag="9344" title="Compton / 113th"/>
  <stop lat="33.9260699" lon="-118.2463799" stopId="09345" tag="9345" title="Compton / 118th"/>
  <stop lat="34.0125499" lon="-118.24869" stopId="09347" tag="9347" title="Compton / 33rd"/>
  <stop lat="34.0093" lon="-118.2505899" stopId="09348" tag="9348" title="Compton / 41st"/>
  <stop lat="34.00629" lon="-118.2475299" stopId="09349" tag="9349" title="Compton / 42nd"/>
  <stop lat="34.0017699" lon="-118.24791" stopId="09350" tag="9350" title="Compton / 46th"/>
  <stop lat="33.99949" lon="-118.2479199" stopId="09351" tag="9351" title="Compton / 48th"/>
  <stop lat="33.99679" lon="-118.24791" stopId="09352" tag="9352" title="Compton / 51st"/>
  <stop lat="33.99454" lon="-118.24791" stopId="09353" tag="9353" title="Compton / 53rd"/>
  <stop lat="33.9781499" lon="-118.2478399" stopId="09356" tag="9356" title="Compton / 68th"/>
  <stop lat="33.97098" lon="-118.2478199" stopId="09359" tag="9359" title="Compton / 76th"/>
  <stop lat="33.9630299" lon="-118.2477999" stopId="09361" tag="9361" title="Compton / 83rd"/>
  <stop lat="33.9508" lon="-118.2461999" stopId="09362" tag="9362" title="Compton / 95th"/>
  <stop lat="33.9487499" lon="-118.24628" stopId="09363" tag="9363" title="Compton / 96th"/>
  <stop lat="33.94544" lon="-118.2463499" stopId="09365" tag="9365" title="Compton / Century"/>
  <stop lat="33.9749699" lon="-118.24781" stopId="09366" tag="9366" title="Compton / Florence"/>
  <stop lat="33.9823699" lon="-118.2478499" stopId="09367" tag="9367" title="Compton / Gage"/>
  <stop lat="33.9291499" lon="-118.24636" stopId="09368" tag="9368" title="Compton / Imperial"/>
  <stop lat="33.9896099" lon="-118.24789" stopId="09370" tag="9370" title="Compton / Slauson"/>
  <stop lat="34.0036299" lon="-118.24791" stopId="09371" tag="9371" title="Compton / Vernon"/>
  <stop lat="33.96766" lon="-118.24781" stopId="09373" tag="9373" title="Compton / Nadeau"/>
  <stop lat="33.92371" lon="-118.24593" stopId="09669" tag="9669" title="120th / Compton"/>
  <stop lat="33.95326" lon="-118.2470799" stopId="09778" tag="9778" title="92nd / Compton"/>
  <stop lat="34.01986" lon="-118.25766" stopId="09783" tag="9783" title="Adams / Griffith"/>
  <stop lat="34.01636" lon="-118.24984" stopId="09784" tag="9784" title="Adams / Hooper"/>
  <stop lat="34.0232" lon="-118.2652" stopId="09785" tag="9785" title="Adams / Maple"/>
  <stop lat="34.01876" lon="-118.2552" stopId="09786" tag="9786" title="Adams / Central"/>
  <stop lat="34.0215699" lon="-118.26154" stopId="09788" tag="9788" title="Adams / San Pedro"/>
  <stop lat="34.0337999" lon="-118.2626" stopId="11606" tag="11606" title="Main / Venice"/>
  <stop lat="34.0528799" lon="-118.25157" stopId="13560" tag="13560" title="Grand / 3rd"/>
  <stop lat="34.02931" lon="-118.2706299" stopId="13573" tag="13573" title="Grand / 23rd"/>
  <stop lat="34.0325199" lon="-118.26858" stopId="13576" tag="13576" title="Grand / Washington"/>
  <stop lat="34.0377799" lon="-118.25938" stopId="13703" tag="13703" title="Main / 12th"/>
  <stop lat="34.0443999" lon="-118.25256" stopId="13974" tag="13974" title="Spring / 7th"/>
  <stop lat="34.0424599" lon="-118.25431" stopId="13977" tag="13977" title="Spring / 9th"/>
  <stop lat="34.03362" lon="-118.26426" stopId="15605" tag="15605" title="17th / Broadway"/>
  <stop lat="34.0258299" lon="-118.2710799" stopId="15823" tag="15823" title="Adams / Hill"/>
  <stop lat="34.02461" lon="-118.26838" stopId="15827" tag="15827" title="Adams / Main"/>
  <stop lat="34.0621099" lon="-118.24644" stopId="16928" tag="16928" title="Figueroa / Sunset"/>
  <stop lat="33.9280999" lon="-118.23798" tag="30007_ar" title="Willowbrook - Rosa Parks Station - West"/>
  <stop lat="34.04847" lon="-118.255" stopId="140995" tag="140995" title="6th / Grand"/>
  <direction name="North" tag="55_284_0" title="North to Downtown LA - Sunset- Figueroa" useForUI="true">
   <stop tag="30007"/>
   <stop tag="4528"/>
   <stop tag="14171"/>
   <stop tag="6"/>
   <stop tag="9674"/>
   <stop tag="798"/>
   <stop tag="140773"/>
   <stop tag="797"/>
   <stop tag="796"/>
   <stop tag="795"/>
   <stop tag="793"/>
   <stop tag="817"/>
   <stop tag="815"/>
   <stop tag="814"/>
   <stop tag="1244"/>
   <stop tag="1234"/>
   <stop tag="824"/>
   <stop tag="813"/>
   <stop tag="826"/>
   <stop tag="811"/>
   <stop tag="818"/>
   <stop tag="808"/>
   <stop tag="819"/>
   <stop tag="806"/>
   <stop tag="822"/>
   <stop tag="9731"/>
   <stop tag="804"/>
   <stop tag="803"/>
   <stop tag="802"/>
   <stop tag="801"/>
   <stop tag="823"/>
   <stop tag="800"/>
   <stop tag="8627"/>
   <stop tag="9372"/>
   <stop tag="799"/>
   <stop tag="9782"/>
   <stop tag="1254"/>
   <stop tag="1256"/>
   <stop tag="1253"/>
   <stop tag="1258"/>
   <stop tag="1255"/>
   <stop tag="1257"/>
   <stop tag="7472"/>
   <stop tag="5144"/>
   <stop tag="13558"/>
   <stop tag="5113"/>
   <stop tag="7256"/>
   <stop tag="3121"/>
   <stop tag="5279"/>
   <stop tag="1131"/>
   <stop tag="5292"/>
   <stop tag="5289"/>
   <stop tag="7333"/>
   <stop tag="8240"/>
   <stop tag="15688"/>
   <stop tag="15690"/>
   <stop tag="4992"/>
   <stop tag="4998"/>
   <stop tag="4995"/>
   <stop tag="3507"/>
   <stop tag="3538"/>
   <stop tag="16928_ar"/>
  </direction>
  <direction name="South" tag="55_289_1" title="South to Willowbrook / Rosa Parks Station" useForUI="true">
   <stop tag="16928"/>
   <stop tag="2000"/>
   <stop tag="2940"/>
   <stop tag="2397"/>
   <stop tag="13560"/>
   <stop tag="140995"/>
   <stop tag="5138"/>
   <stop tag="7345"/>
   <stop tag="13974"/>
   <stop tag="13977"/>
   <stop tag="1604"/>
   <stop tag="13703"/>
   <stop tag="11606"/>
   <stop tag="15605"/>
   <stop tag="13576"/>
   <stop tag="13573"/>
   <stop tag="15823"/>
   <stop tag="15827"/>
   <stop tag="9785"/>
   <stop tag="9788"/>
   <stop tag="9783"/>
   <stop tag="9786"/>
   <stop tag="9784"/>
   <stop tag="1252"/>
   <stop tag="9347"/>
   <stop tag="9348"/>
   <stop tag="825"/>
   <stop tag="9349"/>
   <stop tag="9371"/>
   <stop tag="9350"/>
   <stop tag="9351"/>
   <stop tag="9352"/>
   <stop tag="9353"/>
   <stop tag="805"/>
   <stop tag="9370"/>
   <stop tag="9337"/>
   <stop tag="9367"/>
   <stop tag="9356"/>
   <stop tag="9366"/>
   <stop tag="9359"/>
   <stop tag="9373"/>
   <stop tag="9361"/>
   <stop tag="4905"/>
   <stop tag="5156"/>
   <stop tag="9778"/>
   <stop tag="9362"/>
   <stop tag="9363"/>
   <stop tag="9365"/>
   <stop tag="9340"/>
   <stop tag="9342"/>
   <stop tag="9343"/>
   <stop tag="9344"/>
   <stop tag="9368"/>
   <stop tag="9345"/>
   <stop tag="9669"/>
   <stop tag="8597"/>
   <stop tag="7"/>
   <stop tag="5795"/>
   <stop tag="30007_ar"/>
  </direction>
  <path>
   <point lat="33.94303" lon="-118.24611"/>
   <point lat="33.9455" lon="-118.24611"/>
   <point lat="33.94887" lon="-118.24604"/>
   <point lat="33.95044" lon="-118.24598"/>
   <point lat="33.95328" lon="-118.24598"/>
   <point lat="33.95328" lon="-118.24606"/>
   <point lat="33.95335" lon="-118.24669"/>
   <point lat="33.95336" lon="-118.24688"/>
   <point lat="33.95346" lon="-118.2472"/>
   <point lat="33.95428" lon="-118.24743"/>
   <point lat="33.95602" lon="-118.24721"/>
   <point lat="33.95997" lon="-118.24726"/>
   <point lat="33.96045" lon="-118.24743"/>
   <point lat="33.96309" lon="-118.24749"/>
   <point lat="33.96722" lon="-118.24751"/>
   <point lat="33.9706199" lon="-118.2475"/>
   <point lat="33.97453" lon="-118.2475"/>
   <point lat="33.97829" lon="-118.24753"/>
   <point lat="33.98186" lon="-118.24754"/>
   <point lat="33.98597" lon="-118.24758"/>
   <point lat="33.9891099" lon="-118.24758"/>
  </path>
  <path>
   <point lat="34.06062" lon="-118.24408"/>
   <point lat="34.05998" lon="-118.24456"/>
   <point lat="34.05796" lon="-118.24692"/>
   <point lat="34.05702" lon="-118.24781"/>
   <point lat="34.05432" lon="-118.25021"/>
   <point lat="34.05288" lon="-118.25157"/>
   <point lat="34.05022" lon="-118.25395"/>
   <point lat="34.04875" lon="-118.25525"/>
   <point lat="34.04847" lon="-118.255"/>
   <point lat="34.04739" lon="-118.25331"/>
   <point lat="34.04669" lon="-118.25227"/>
   <point lat="34.04596" lon="-118.25094"/>
   <point lat="34.0444" lon="-118.25256"/>
  </path>
  <path>
   <point lat="34.0215699" lon="-118.26154"/>
   <point lat="34.01986" lon="-118.25766"/>
   <point lat="34.01876" lon="-118.2552"/>
   <point lat="34.01636" lon="-118.24984"/>
   <point lat="34.01505" lon="-118.2473"/>
   <point lat="34.01415" lon="-118.24764"/>
   <point lat="34.01255" lon="-118.24869"/>
   <point lat="34.0093" lon="-118.25059"/>
   <point lat="34.0089" lon="-118.2494"/>
   <point lat="34.00856" lon="-118.24764"/>
   <point lat="34.0082" lon="-118.24742"/>
   <point lat="34.00629" lon="-118.24753"/>
   <point lat="34.00475" lon="-118.24735"/>
   <point lat="34.0043999" lon="-118.24735"/>
   <point lat="34.00435" lon="-118.24737"/>
   <point lat="34.00401" lon="-118.24769"/>
   <point lat="34.00397" lon="-118.24771"/>
   <point lat="34.00392" lon="-118.24774"/>
   <point lat="34.00373" lon="-118.24776"/>
   <point lat="34.00363" lon="-118.24791"/>
   <point lat="34.00177" lon="-118.24791"/>
   <point lat="33.99949" lon="-118.24792"/>
   <point lat="33.99679" lon="-118.24791"/>
   <point lat="33.99454" lon="-118.24791"/>
   <point lat="33.99315" lon="-118.2479"/>
   <point lat="33.98961" lon="-118.24789"/>
  </path>
  <path>
   <point lat="33.92472" lon="-118.2367"/>
   <point lat="33.92461" lon="-118.23906"/>
   <point lat="33.92471" lon="-118.23939"/>
   <point lat="33.9247" lon="-118.24222"/>
   <point lat="33.92454" lon="-118.24353"/>
   <point lat="33.92389" lon="-118.24605"/>
   <point lat="33.92516" lon="-118.24627"/>
   <point lat="33.92621" lon="-118.24614"/>
   <point lat="33.92926" lon="-118.24612"/>
   <point lat="33.93194" lon="-118.24615"/>
   <point lat="33.9345799" lon="-118.24615"/>
   <point lat="33.93817" lon="-118.24611"/>
   <point lat="33.94142" lon="-118.24623"/>
   <point lat="33.94303" lon="-118.24611"/>
  </path>
  <path>
   <point lat="33.9281" lon="-118.23798"/>
   <point lat="33.92462" lon="-118.23612"/>
   <point lat="33.92472" lon="-118.2367"/>
  </path>
  <path>
   <point lat="34.02183" lon="-118.2616"/>
   <point lat="34.02364" lon="-118.26567"/>
   <point lat="34.02484" lon="-118.26838"/>
   <point lat="34.02581" lon="-118.27053"/>
   <point lat="34.02646" lon="-118.27198"/>
   <point lat="34.02743" lon="-118.27167"/>
   <point lat="34.02891" lon="-118.27055"/>
   <point lat="34.03245" lon="-118.26828"/>
  </path>
  <path>
   <point lat="33.98961" lon="-118.24789"/>
   <point lat="33.98585" lon="-118.24788"/>
   <point lat="33.98237" lon="-118.24785"/>
   <point lat="33.97815" lon="-118.24784"/>
   <point lat="33.97497" lon="-118.24781"/>
   <point lat="33.97098" lon="-118.24782"/>
   <point lat="33.96766" lon="-118.24781"/>
   <point lat="33.96303" lon="-118.2478"/>
   <point lat="33.96028" lon="-118.24767"/>
   <point lat="33.9600099" lon="-118.24729"/>
   <point lat="33.95997" lon="-118.24726"/>
   <point lat="33.95982" lon="-118.24722"/>
   <point lat="33.95972" lon="-118.24721"/>
   <point lat="33.95963" lon="-118.24721"/>
   <point lat="33.95918" lon="-118.24724"/>
   <point lat="33.95822" lon="-118.24726"/>
   <point lat="33.95727" lon="-118.24731"/>
   <point lat="33.9565399" lon="-118.2475"/>
   <point lat="33.95428" lon="-118.24743"/>
   <point lat="33.95336" lon="-118.24747"/>
   <point lat="33.95326" lon="-118.24708"/>
   <point lat="33.95335" lon="-118.24669"/>
   <point lat="33.95328" lon="-118.24606"/>
   <point lat="33.95328" lon="-118.24598"/>
   <point lat="33.9508" lon="-118.2462"/>
   <point lat="33.94902" lon="-118.24615"/>
   <point lat="33.9487499" lon="-118.24628"/>
   <point lat="33.94544" lon="-118.24635"/>
   <point lat="33.94292" lon="-118.24636"/>
  </path>
  <path>
   <point lat="33.94292" lon="-118.24636"/>
   <point lat="33.94147" lon="-118.24624"/>
   <point lat="33.94142" lon="-118.24623"/>
   <point lat="33.93803" lon="-118.24636"/>
   <point lat="33.93493" lon="-118.24639"/>
   <point lat="33.93221" lon="-118.24639"/>
   <point lat="33.92915" lon="-118.24636"/>
   <point lat="33.92607" lon="-118.24638"/>
   <point lat="33.92375" lon="-118.24628"/>
   <point lat="33.92371" lon="-118.24593"/>
   <point lat="33.92404" lon="-118.2451"/>
   <point lat="33.92427" lon="-118.24457"/>
   <point lat="33.92434" lon="-118.24436"/>
   <point lat="33.92444" lon="-118.24403"/>
   <point lat="33.92449" lon="-118.24383"/>
   <point lat="33.92454" lon="-118.24353"/>
   <point lat="33.92459" lon="-118.24309"/>
   <point lat="33.9246" lon="-118.24277"/>
   <point lat="33.9245" lon="-118.2422"/>
   <point lat="33.92451" lon="-118.24037"/>
   <point lat="33.92461" lon="-118.23906"/>
   <point lat="33.92515" lon="-118.2389"/>
  </path>
  <path>
   <point lat="33.9891099" lon="-118.24758"/>
   <point lat="33.9928" lon="-118.2476"/>
   <point lat="33.99463" lon="-118.2476"/>
   <point lat="33.99646" lon="-118.24761"/>
   <point lat="33.99916" lon="-118.24761"/>
   <point lat="34.00206" lon="-118.24761"/>
   <point lat="34.00373" lon="-118.24776"/>
   <point lat="34.0039" lon="-118.24774"/>
   <point lat="34.00397" lon="-118.24771"/>
   <point lat="34.00401" lon="-118.24769"/>
   <point lat="34.00416" lon="-118.24735"/>
   <point lat="34.00475" lon="-118.24735"/>
   <point lat="34.00643" lon="-118.24723"/>
   <point lat="34.0086299" lon="-118.24742"/>
   <point lat="34.00877" lon="-118.24773"/>
   <point lat="34.00914" lon="-118.25038"/>
   <point lat="34.01128" lon="-118.24933"/>
   <point lat="34.01261" lon="-118.24845"/>
   <point lat="34.01504" lon="-118.24712"/>
   <point lat="34.01525" lon="-118.24735"/>
   <point lat="34.01656" lon="-118.24989"/>
   <point lat="34.01901" lon="-118.25523"/>
   <point lat="34.0201" lon="-118.2577"/>
   <point lat="34.02183" lon="-118.2616"/>
  </path>
  <path>
   <point lat="34.04404" lon="-118.25103"/>
   <point lat="34.04527" lon="-118.24988"/>
   <point lat="34.0467" lon="-118.24853"/>
   <point lat="34.0474" lon="-118.24942"/>
   <point lat="34.04844" lon="-118.25102"/>
   <point lat="34.05046" lon="-118.25414"/>
   <point lat="34.05156" lon="-118.25583"/>
   <point lat="34.05228" lon="-118.25715"/>
   <point lat="34.05353" lon="-118.25597"/>
   <point lat="34.05369" lon="-118.25581"/>
   <point lat="34.0539599" lon="-118.25537"/>
   <point lat="34.05498" lon="-118.2546"/>
   <point lat="34.05524" lon="-118.25415"/>
   <point lat="34.05636" lon="-118.2531"/>
   <point lat="34.0583" lon="-118.25118"/>
   <point lat="34.0591099" lon="-118.24996"/>
   <point lat="34.05959" lon="-118.24866"/>
  </path>
  <path>
   <point lat="34.03366" lon="-118.26235"/>
   <point lat="34.03614" lon="-118.26033"/>
   <point lat="34.0389" lon="-118.25811"/>
   <point lat="34.03967" lon="-118.25767"/>
   <point lat="34.0398" lon="-118.25756"/>
   <point lat="34.03983" lon="-118.25752"/>
   <point lat="34.04001" lon="-118.25735"/>
   <point lat="34.0401" lon="-118.25724"/>
   <point lat="34.04017" lon="-118.25716"/>
   <point lat="34.04122" lon="-118.25558"/>
   <point lat="34.04141" lon="-118.25501"/>
   <point lat="34.04275" lon="-118.25316"/>
   <point lat="34.04404" lon="-118.25103"/>
  </path>
  <path>
   <point lat="34.0444" lon="-118.25256"/>
   <point lat="34.04246" lon="-118.25431"/>
   <point lat="34.04171" lon="-118.2548"/>
   <point lat="34.04159" lon="-118.25497"/>
   <point lat="34.04122" lon="-118.25558"/>
   <point lat="34.04039" lon="-118.25705"/>
   <point lat="34.0398" lon="-118.25756"/>
   <point lat="34.03778" lon="-118.25938"/>
   <point lat="34.0338" lon="-118.2626"/>
  </path>
  <path>
   <point lat="34.0338" lon="-118.2626"/>
   <point lat="34.03289" lon="-118.26315"/>
   <point lat="34.03362" lon="-118.26426"/>
   <point lat="34.03401" lon="-118.2651"/>
   <point lat="34.03422" lon="-118.26552"/>
   <point lat="34.03434" lon="-118.26574"/>
   <point lat="34.03465" lon="-118.26627"/>
   <point lat="34.03473" lon="-118.26642"/>
   <point lat="34.03494" lon="-118.26685"/>
   <point lat="34.03473" lon="-118.26699"/>
   <point lat="34.03464" lon="-118.26704"/>
   <point lat="34.0345299" lon="-118.26712"/>
   <point lat="34.0344" lon="-118.2672"/>
   <point lat="34.03437" lon="-118.26722"/>
   <point lat="34.03426" lon="-118.2673"/>
   <point lat="34.03421" lon="-118.26733"/>
   <point lat="34.03271" lon="-118.26829"/>
   <point lat="34.03252" lon="-118.26858"/>
  </path>
  <path>
   <point lat="34.03366" lon="-118.26235"/>
   <point lat="34.03614" lon="-118.26033"/>
   <point lat="34.0389" lon="-118.25811"/>
   <point lat="34.03967" lon="-118.25767"/>
   <point lat="34.0398" lon="-118.25756"/>
   <point lat="34.03983" lon="-118.25752"/>
   <point lat="34.04001" lon="-118.25735"/>
   <point lat="34.0401" lon="-118.25724"/>
   <point lat="34.04017" lon="-118.25716"/>
   <point lat="34.04122" lon="-118.25558"/>
   <point lat="34.04141" lon="-118.25501"/>
   <point lat="34.04275" lon="-118.25316"/>
   <point lat="34.04404" lon="-118.25103"/>
   <point lat="34.04527" lon="-118.24988"/>
   <point lat="34.0467" lon="-118.24853"/>
   <point lat="34.0474" lon="-118.24962"/>
   <point lat="34.04596" lon="-118.25094"/>
   <point lat="34.0444" lon="-118.25256"/>
  </path>
  <path>
   <point lat="33.92515" lon="-118.2389"/>
   <point lat="33.92596" lon="-118.23906"/>
   <point lat="33.9285" lon="-118.23906"/>
   <point lat="33.92912" lon="-118.23908"/>
   <point lat="33.92912" lon="-118.2384"/>
   <point lat="33.9281" lon="-118.23798"/>
  </path>
  <path>
   <point lat="34.03245" lon="-118.26828"/>
   <point lat="34.03421" lon="-118.26733"/>
   <point lat="34.03376" lon="-118.26651"/>
   <point lat="34.03355" lon="-118.26628"/>
   <point lat="34.03313" lon="-118.26539"/>
   <point lat="34.03287" lon="-118.26491"/>
   <point lat="34.0327399" lon="-118.26472"/>
   <point lat="34.03216" lon="-118.26374"/>
   <point lat="34.03221" lon="-118.26369"/>
   <point lat="34.0324" lon="-118.26354"/>
   <point lat="34.03246" lon="-118.2635"/>
   <point lat="34.03366" lon="-118.26235"/>
  </path>
  <path>
   <point lat="34.05959" lon="-118.24866"/>
   <point lat="34.06009" lon="-118.24801"/>
   <point lat="34.0621099" lon="-118.24644"/>
  </path>
  <path>
   <point lat="34.03252" lon="-118.26858"/>
   <point lat="34.02996" lon="-118.27005"/>
   <point lat="34.02931" lon="-118.27063"/>
   <point lat="34.02832" lon="-118.2711"/>
   <point lat="34.0276799" lon="-118.2715"/>
   <point lat="34.02743" lon="-118.27167"/>
   <point lat="34.02648" lon="-118.27227"/>
   <point lat="34.02583" lon="-118.27108"/>
   <point lat="34.02461" lon="-118.26838"/>
   <point lat="34.0232" lon="-118.2652"/>
   <point lat="34.0215699" lon="-118.26154"/>
  </path>
  <path>
   <point lat="34.0621099" lon="-118.24644"/>
   <point lat="34.06266" lon="-118.24629"/>
   <point lat="34.06139" lon="-118.24479"/>
   <point lat="34.06062" lon="-118.24408"/>
  </path>
 </route>
</body>