<?xml version="1.0" encoding="utf-8"?>
<body copyright="All data copyright Los Angeles Metro 2022.">
 <route color="e74d00" latMax="34.0638899" latMin="33.8239899" lonMax="-118.0720999" lonMin="-118.2576299" oppositeColor="ffffff" tag="62" title="62 Downtown LA - Hawaiian Gardens Via T">
  <stop lat="33.8239899" lon="-118.07225" stopId="00025" tag="25" title="226th / Norwalk"/>
  <stop lat="34.0448699" lon="-118.2455399" stopId="01204" tag="1204" title="5th / Wall"/>
  <stop lat="34.0391999" lon="-118.23979" stopId="01213" tag="1213" title="Central / 6th"/>
  <stop lat="34.03487" lon="-118.23485" stopId="01218" tag="1218" title="7th / Decatur"/>
  <stop lat="34.0347099" lon="-118.2320299" stopId="01221" tag="1221" title="7th / Mateo"/>
  <stop lat="34.0351" lon="-118.23833" stopId="01222" tag="1222" title="7th / Alameda"/>
  <stop lat="33.8316299" lon="-118.0812699" stopId="01304" tag="1304" title="Carson / Pioneer"/>
  <stop lat="34.0638899" lon="-118.25134" tag="2345_ar" title="Terminal 25"/>
  <stop lat="34.0347" lon="-118.23101" stopId="02826" tag="2826" title="7th / Imperial"/>
  <stop lat="34.0189499" lon="-118.19966" stopId="03376" tag="3376" title="Olympic / Mirasol"/>
  <stop lat="33.84226" lon="-118.08174" stopId="03832" tag="3832" title="Pioneer / 207th"/>
  <stop lat="33.9144099" lon="-118.07241" stopId="04066" tag="4066" title="Norwalk / Civic Center"/>
  <stop lat="33.88381" lon="-118.08222" stopId="04676" tag="4676" title="Pioneer / 163rd"/>
  <stop lat="34.02885" lon="-118.22047" stopId="04737" tag="4737" title="Boyle / 8th"/>
  <stop lat="34.0419999" lon="-118.2401199" stopId="04861" tag="4861" title="5th / Central"/>
  <stop lat="34.0078399" lon="-118.1561999" stopId="05081" tag="5081" title="Telegraph / Camfield"/>
  <stop lat="34.0473999" lon="-118.2494199" stopId="07333" tag="7333" title="5th / Spring"/>
  <stop lat="34.04625" lon="-118.24768" stopId="08634" tag="8634" title="5th / Los Angeles"/>
  <stop lat="33.8296599" lon="-118.0727" stopId="09286" tag="9286" title="Civic Center / Ibex"/>
  <stop lat="34.0441599" lon="-118.2436299" stopId="09737" tag="9737" title="5th / San Pedro"/>
  <stop lat="34.04302" lon="-118.24176" stopId="09738" tag="9738" title="5th / Towne"/>
  <stop lat="34.03465" lon="-118.22348" stopId="09755" tag="9755" title="7th / Anderson"/>
  <stop lat="34.03676" lon="-118.2408799" stopId="09757" tag="9757" title="7th / Central"/>
  <stop lat="33.8316299" lon="-118.07631" stopId="09830" tag="9830" title="Carson / Juan"/>
  <stop lat="34.0224899" lon="-118.2153799" stopId="10126" tag="10126" title="Olympic / Camulos"/>
  <stop lat="34.0234199" lon="-118.2174999" stopId="10135" tag="10135" title="Olympic / Orme"/>
  <stop lat="34.0209899" lon="-118.2120399" stopId="10141" tag="10141" title="Olympic / Dacotah"/>
  <stop lat="34.0190299" lon="-118.1802599" stopId="10143" tag="10143" title="Olympic / Downey"/>
  <stop lat="34.0203199" lon="-118.2105499" stopId="10149" tag="10149" title="Olympic / Grande Vista"/>
  <stop lat="34.0246999" lon="-118.22046" stopId="10161" tag="10161" title="Olympic / Soto"/>
  <stop lat="34.01892" lon="-118.2025799" stopId="10164" tag="10164" title="Olympic / Spence"/>
  <stop lat="34.0189899" lon="-118.19247" stopId="10166" tag="10166" title="Olympic / Indiana"/>
  <stop lat="33.8617999" lon="-118.09076" stopId="10825" tag="10825" title="Gridley / 187th"/>
  <stop lat="33.83855" lon="-118.0817" stopId="12313" tag="12313" title="Pioneer / Centralia"/>
  <stop lat="33.83439" lon="-118.08166" stopId="12314" tag="12314" title="Pioneer / 215th"/>
  <stop lat="33.9175999" lon="-118.07243" stopId="12558" tag="12558" title="Norwalk / Imperial"/>
  <stop lat="33.92099" lon="-118.07246" stopId="12564" tag="12564" title="Norwalk / Crewe"/>
  <stop lat="33.9355499" lon="-118.07252" stopId="12565" tag="12565" title="Norwalk / Florence"/>
  <stop lat="33.9314999" lon="-118.0725299" stopId="12566" tag="12566" title="Norwalk / Lakeland"/>
  <stop lat="33.9260299" lon="-118.0724899" stopId="12568" tag="12568" title="Norwalk / Tina"/>
  <stop lat="33.8805799" lon="-118.0821999" stopId="12831" tag="12831" title="Pioneer / 166th"/>
  <stop lat="33.87794" lon="-118.08216" stopId="12832" tag="12832" title="Pioneer / 168th"/>
  <stop lat="33.8692499" lon="-118.08209" stopId="12833" tag="12833" title="Pioneer / 178th"/>
  <stop lat="33.8535699" lon="-118.0818699" stopId="12836" tag="12836" title="Pioneer / 195th"/>
  <stop lat="33.88784" lon="-118.08227" stopId="12837" tag="12837" title="Pioneer / Alondra"/>
  <stop lat="33.8728299" lon="-118.0821099" stopId="12838" tag="12838" title="Pioneer / Artesia"/>
  <stop lat="33.89052" lon="-118.0823" stopId="12839" tag="12839" title="Pioneer / Cheshire"/>
  <stop lat="33.84626" lon="-118.08179" stopId="12840" tag="12840" title="Pioneer / Del Amo"/>
  <stop lat="33.89511" lon="-118.08235" stopId="12842" tag="12842" title="Pioneer / Excelsior"/>
  <stop lat="33.8987299" lon="-118.0823799" stopId="12845" tag="12845" title="Pioneer / Mapledale"/>
  <stop lat="33.8586299" lon="-118.08232" stopId="12847" tag="12847" title="South / Pioneer"/>
  <stop lat="33.9026099" lon="-118.0819" stopId="12973" tag="12973" title="San Antonio / Rosecrans"/>
  <stop lat="34.05534" lon="-118.2576299" stopId="13180" tag="13180" title="Beaudry / 4th"/>
  <stop lat="34.0338599" lon="-118.2201399" stopId="13196" tag="13196" title="7th / Boyle"/>
  <stop lat="34.0486099" lon="-118.25205" tag="13597_ar" title="Hill / 5th"/>
  <stop lat="34.0188899" lon="-118.2062899" stopId="13688" tag="13688" title="Olympic / Lorena"/>
  <stop lat="33.9089399" lon="-118.0758" stopId="14177" tag="14177" title="San Antonio / Firestone"/>
  <stop lat="33.9071799" lon="-118.07716" stopId="14178" tag="14178" title="San Antonio / Foster"/>
  <stop lat="33.9112" lon="-118.0740899" stopId="14179" tag="14179" title="San Antonio / Olive"/>
  <stop lat="33.90421" lon="-118.0802399" stopId="14180" tag="14180" title="San Antonio / Orange"/>
  <stop lat="33.85862" lon="-118.0885199" stopId="14689" tag="14689" title="South / Gridley"/>
  <stop lat="34.0055699" lon="-118.1536399" stopId="14848" tag="14848" title="Telegraph / Citadel"/>
  <stop lat="33.94213" lon="-118.07294" stopId="14850" tag="14850" title="Telegraph / Norwalk"/>
  <stop lat="33.9753899" lon="-118.1237599" stopId="14859" tag="14859" title="Telegraph / Slauson"/>
  <stop lat="33.9950299" lon="-118.1431999" stopId="14860" tag="14860" title="Telegraph / Washington"/>
  <stop lat="33.9878" lon="-118.13682" stopId="14862" tag="14862" title="Telegraph / Garfield"/>
  <stop lat="34.00327" lon="-118.1511" stopId="14863" tag="14863" title="Telegraph / Gaspar"/>
  <stop lat="33.95585" lon="-118.10237" stopId="14871" tag="14871" title="Telegraph / Passons"/>
  <stop lat="33.94552" lon="-118.08124" stopId="14872" tag="14872" title="Telegraph / Pioneer"/>
  <stop lat="34.0152799" lon="-118.1689599" stopId="14873" tag="14873" title="Telegraph / Arizona"/>
  <stop lat="34.0111099" lon="-118.15969" stopId="14874" tag="14874" title="Telegraph / Atlantic"/>
  <stop lat="33.98003" lon="-118.12843" stopId="14875" tag="14875" title="Telegraph / Greenwood"/>
  <stop lat="33.9584799" lon="-118.1061899" stopId="14877" tag="14877" title="Telegraph / Serapis"/>
  <stop lat="33.95197" lon="-118.09672" stopId="14879" tag="14879" title="Telegraph / True"/>
  <stop lat="33.96982" lon="-118.11807" stopId="14880" tag="14880" title="Telegraph / Tweedy"/>
  <stop lat="33.9487999" lon="-118.08927" stopId="14883" tag="14883" title="Telegraph / Orr And Day"/>
  <stop lat="33.9610299" lon="-118.10985" stopId="14884" tag="14884" title="Telegraph / Rosemead"/>
  <stop lat="34.0504599" lon="-118.2541399" stopId="15688" tag="15688" title="5th / Grand"/>
  <stop lat="34.0515599" lon="-118.25583" stopId="15690" tag="15690" title="5th / Flower"/>
  <stop lat="34.0490999" lon="-118.2520999" stopId="15694" tag="15694" title="5th / Hill"/>
  <stop lat="33.8587199" lon="-118.0907" stopId="32117" tag="32117" title="South / Gridley"/>
  <stop lat="33.86546" lon="-118.0908599" stopId="32118" tag="32118" title="Gridley / 183rd"/>
  <stop lat="33.86564" lon="-118.0841" stopId="32120" tag="32120" title="183rd / Alburtis"/>
  <stop lat="33.96735" lon="-118.11585" stopId="32121" tag="32121" title="Telegraph / Paramount"/>
  <stop lat="33.9980199" lon="-118.1460699" stopId="32123" tag="32123" title="Telegraph / Calif Commerce Club"/>
  <stop lat="33.8239899" lon="-118.07225" tag="25_ar" title="226th / Norwalk"/>
  <stop lat="34.0186899" lon="-118.19966" stopId="00208" tag="208" title="Olympic / Mirasol"/>
  <stop lat="33.8643899" lon="-118.0910299" stopId="00641" tag="641" title="Gridley / 184th"/>
  <stop lat="33.82999" lon="-118.0720999" stopId="00725" tag="725" title="Norwalk / Civic Center"/>
  <stop lat="34.04202" lon="-118.24506" stopId="01215" tag="1215" title="6th / San Pedro"/>
  <stop lat="34.0412399" lon="-118.2437799" stopId="01216" tag="1216" title="6th / Towne"/>
  <stop lat="34.04347" lon="-118.24732" stopId="01217" tag="1217" title="6th / Wall"/>
  <stop lat="34.0344" lon="-118.2234" stopId="01223" tag="1223" title="7th / Anderson"/>
  <stop lat="33.83137" lon="-118.0757099" stopId="01303" tag="1303" title="Carson / Juan"/>
  <stop lat="34.0223999" lon="-118.2158099" stopId="01576" tag="1576" title="Olympic / Camulos"/>
  <stop lat="34.02332" lon="-118.21793" stopId="01585" tag="1585" title="Olympic / Orme"/>
  <stop lat="34.0208999" lon="-118.2124799" stopId="01591" tag="1591" title="Olympic / Dacotah"/>
  <stop lat="34.01878" lon="-118.1797899" stopId="01593" tag="1593" title="Olympic / Downey"/>
  <stop lat="34.01988" lon="-118.2102" stopId="01599" tag="1599" title="Olympic / Grande Vista"/>
  <stop lat="34.0187399" lon="-118.19201" stopId="01602" tag="1602" title="Olympic / Indiana"/>
  <stop lat="34.0240299" lon="-118.21956" stopId="01610" tag="1610" title="Olympic / Soto"/>
  <stop lat="34.01867" lon="-118.20297" stopId="01614" tag="1614" title="Olympic / Spence"/>
  <stop lat="33.8606899" lon="-118.09104" stopId="02292" tag="2292" title="Gridley / 187th"/>
  <stop lat="34.0638899" lon="-118.25134" stopId="02345" tag="2345" title="Terminal 25"/>
  <stop lat="34.05432" lon="-118.2502099" stopId="02397" tag="2397" title="Grand / 2nd"/>
  <stop lat="33.8385499" lon="-118.0820099" stopId="03833" tag="3833" title="Pioneer / Centralia"/>
  <stop lat="33.83439" lon="-118.0819599" stopId="03834" tag="3834" title="Pioneer / 215th"/>
  <stop lat="33.9168499" lon="-118.07274" stopId="04067" tag="4067" title="Norwalk / Imperial"/>
  <stop lat="33.9350699" lon="-118.07282" stopId="04074" tag="4074" title="Norwalk / Florence"/>
  <stop lat="33.93184" lon="-118.0728399" stopId="04077" tag="4077" title="Norwalk / Lakeland"/>
  <stop lat="33.94171" lon="-118.07284" stopId="04078" tag="4078" title="Norwalk / Telegraph"/>
  <stop lat="33.92568" lon="-118.0727899" stopId="04079" tag="4079" title="Norwalk / Tina"/>
  <stop lat="33.88353" lon="-118.08252" stopId="04371" tag="4371" title="Pioneer / 163rd"/>
  <stop lat="33.8805199" lon="-118.0824999" stopId="04372" tag="4372" title="Pioneer / 166th"/>
  <stop lat="33.8778699" lon="-118.0824699" stopId="04373" tag="4373" title="Pioneer / 168th"/>
  <stop lat="33.8695299" lon="-118.0823899" stopId="04374" tag="4374" title="Pioneer / 178th"/>
  <stop lat="33.8658799" lon="-118.08234" stopId="04375" tag="4375" title="Pioneer / 183rd"/>
  <stop lat="33.8535099" lon="-118.0821699" stopId="04377" tag="4377" title="Pioneer / 195th"/>
  <stop lat="33.88735" lon="-118.08257" stopId="04378" tag="4378" title="Pioneer / Alondra"/>
  <stop lat="33.87278" lon="-118.0824099" stopId="04379" tag="4379" title="Pioneer / Artesia"/>
  <stop lat="33.89018" lon="-118.0826" stopId="04380" tag="4380" title="Pioneer / Cheshire"/>
  <stop lat="33.84585" lon="-118.08208" stopId="04381" tag="4381" title="Pioneer / Del Amo"/>
  <stop lat="33.8946999" lon="-118.0826399" stopId="04382" tag="4382" title="Pioneer / Excelsior"/>
  <stop lat="33.89866" lon="-118.08269" stopId="04387" tag="4387" title="Pioneer / Mapledale"/>
  <stop lat="33.8582199" lon="-118.0822199" stopId="04389" tag="4389" title="Pioneer / South"/>
  <stop lat="33.9015299" lon="-118.08271" stopId="04516" tag="4516" title="Pioneer / Rosecrans"/>
  <stop lat="34.0333899" lon="-118.2197999" stopId="04736" tag="4736" title="7th / Boyle"/>
  <stop lat="34.04739" lon="-118.25331" stopId="05138" tag="5138" title="6th / Hill"/>
  <stop lat="33.92064" lon="-118.07276" stopId="05140" tag="5140" title="Norwalk / Crewe"/>
  <stop lat="33.9113399" lon="-118.07435" stopId="05141" tag="5141" title="San Antonio / Olive"/>
  <stop lat="33.9093099" lon="-118.0759" stopId="05804" tag="5804" title="San Antonio / Firestone"/>
  <stop lat="33.9075999" lon="-118.07715" stopId="05805" tag="5805" title="San Antonio / Foster"/>
  <stop lat="33.9041399" lon="-118.08072" stopId="05807" tag="5807" title="San Antonio / Orange"/>
  <stop lat="33.85832" lon="-118.09049" stopId="06310" tag="6310" title="South / Gridley"/>
  <stop lat="34.0087899" lon="-118.15772" stopId="06341" tag="6341" title="Telegraph / Atlantic"/>
  <stop lat="34.00471" lon="-118.15306" stopId="06472" tag="6472" title="Telegraph / Citadel"/>
  <stop lat="33.97487" lon="-118.12357" stopId="06483" tag="6483" title="Telegraph / Slauson"/>
  <stop lat="33.9948999" lon="-118.1434599" stopId="06484" tag="6484" title="Telegraph / Washington"/>
  <stop lat="33.9876099" lon="-118.1370199" stopId="06487" tag="6487" title="Telegraph / Garfield"/>
  <stop lat="34.0030599" lon="-118.1512799" stopId="06488" tag="6488" title="Telegraph / Gaspar"/>
  <stop lat="33.9485199" lon="-118.08926" stopId="06492" tag="6492" title="Telegraph / Orr And Day"/>
  <stop lat="33.9556099" lon="-118.1024999" stopId="06495" tag="6495" title="Telegraph / Passons"/>
  <stop lat="33.9455499" lon="-118.0820699" stopId="06496" tag="6496" title="Telegraph / Pioneer"/>
  <stop lat="34.01504" lon="-118.16892" stopId="06497" tag="6497" title="Telegraph / Arizona"/>
  <stop lat="33.9797599" lon="-118.1285599" stopId="06500" tag="6500" title="Telegraph / Greenwood"/>
  <stop lat="33.9978199" lon="-118.1462699" stopId="06502" tag="6502" title="Telegraph / Commerce Casino"/>
  <stop lat="33.9584599" lon="-118.1066299" stopId="06503" tag="6503" title="Telegraph / Serapis"/>
  <stop lat="33.95173" lon="-118.09683" stopId="06506" tag="6506" title="Telegraph / True"/>
  <stop lat="34.04669" lon="-118.25227" stopId="07345" tag="7345" title="6th / Broadway"/>
  <stop lat="33.8296599" lon="-118.0727" tag="9286_ar" title="Civic Center / Ibex"/>
  <stop lat="34.0443399" lon="-118.2487899" stopId="09744" tag="9744" title="6th / Los Angeles"/>
  <stop lat="34.0346399" lon="-118.2351999" stopId="09750" tag="9750" title="7th / Decatur"/>
  <stop lat="34.0344699" lon="-118.2324599" stopId="09753" tag="9753" title="7th / Mateo"/>
  <stop lat="34.03498" lon="-118.2388" stopId="09754" tag="9754" title="7th / Alameda"/>
  <stop lat="34.03652" lon="-118.24101" stopId="09759" tag="9759" title="7th / Central"/>
  <stop lat="34.0344199" lon="-118.2302199" stopId="09764" tag="9764" title="7th / Santa Fe"/>
  <stop lat="33.83137" lon="-118.08124" stopId="09831" tag="9831" title="Carson / Pioneer"/>
  <stop lat="34.01863" lon="-118.2069499" stopId="10153" tag="10153" title="Olympic / Lorena"/>
  <stop lat="33.8617999" lon="-118.09076" tag="10825_ar" title="Gridley / 187th"/>
  <stop lat="33.8425399" lon="-118.0820499" stopId="12312" tag="12312" title="Pioneer / 207th"/>
  <stop lat="33.91434" lon="-118.0727" stopId="12557" tag="12557" title="Norwalk / Civic Center"/>
  <stop lat="34.0109899" lon="-118.1599499" stopId="13152" tag="13152" title="Telegraph / Triggs"/>
  <stop lat="34.0287499" lon="-118.22073" stopId="13197" tag="13197" title="Boyle / 8th"/>
  <stop lat="34.0389799" lon="-118.24015" stopId="13323" tag="13323" title="6th / Central"/>
  <stop lat="34.0528799" lon="-118.25157" stopId="13560" tag="13560" title="Grand / 3rd"/>
  <stop lat="34.0486099" lon="-118.25205" stopId="13597" tag="13597" title="Hill / 5th"/>
  <stop lat="33.9695499" lon="-118.1182099" stopId="14852" tag="14852" title="Telegraph / Tweedy"/>
  <stop lat="33.9667599" lon="-118.1156999" stopId="14870" tag="14870" title="Telegraph / Paramount"/>
  <stop lat="33.9607499" lon="-118.10993" stopId="32116" tag="32116" title="Telegraph / Lakewood"/>
  <stop lat="34.0484699" lon="-118.2549999" stopId="140995" tag="140995" title="6th / Grand"/>
  <direction name="North" tag="62_329_0" title="North to Downtown LA" useForUI="true">
   <stop tag="25"/>
   <stop tag="9286"/>
   <stop tag="9830"/>
   <stop tag="1304"/>
   <stop tag="12314"/>
   <stop tag="12313"/>
   <stop tag="3832"/>
   <stop tag="12840"/>
   <stop tag="12836"/>
   <stop tag="12847"/>
   <stop tag="14689"/>
   <stop tag="32117"/>
   <stop tag="10825"/>
   <stop tag="32118"/>
   <stop tag="32120"/>
   <stop tag="12833"/>
   <stop tag="12838"/>
   <stop tag="12832"/>
   <stop tag="12831"/>
   <stop tag="4676"/>
   <stop tag="12837"/>
   <stop tag="12839"/>
   <stop tag="12842"/>
   <stop tag="12845"/>
   <stop tag="12973"/>
   <stop tag="14180"/>
   <stop tag="14178"/>
   <stop tag="14177"/>
   <stop tag="14179"/>
   <stop tag="4066"/>
   <stop tag="12558"/>
   <stop tag="12564"/>
   <stop tag="12568"/>
   <stop tag="12566"/>
   <stop tag="12565"/>
   <stop tag="14850"/>
   <stop tag="14872"/>
   <stop tag="14883"/>
   <stop tag="14879"/>
   <stop tag="14871"/>
   <stop tag="14877"/>
   <stop tag="14884"/>
   <stop tag="32121"/>
   <stop tag="14880"/>
   <stop tag="14859"/>
   <stop tag="14875"/>
   <stop tag="14862"/>
   <stop tag="14860"/>
   <stop tag="32123"/>
   <stop tag="14863"/>
   <stop tag="14848"/>
   <stop tag="5081"/>
   <stop tag="14874"/>
   <stop tag="14873"/>
   <stop tag="10143"/>
   <stop tag="10166"/>
   <stop tag="3376"/>
   <stop tag="10164"/>
   <stop tag="13688"/>
   <stop tag="10149"/>
   <stop tag="10141"/>
   <stop tag="10126"/>
   <stop tag="10135"/>
   <stop tag="10161"/>
   <stop tag="4737"/>
   <stop tag="13196"/>
   <stop tag="9755"/>
   <stop tag="2826"/>
   <stop tag="1221"/>
   <stop tag="1218"/>
   <stop tag="1222"/>
   <stop tag="9757"/>
   <stop tag="1213"/>
   <stop tag="4861"/>
   <stop tag="9738"/>
   <stop tag="9737"/>
   <stop tag="1204"/>
   <stop tag="8634"/>
   <stop tag="7333"/>
   <stop tag="15694"/>
   <stop tag="15688"/>
   <stop tag="15690"/>
   <stop tag="13180"/>
   <stop tag="2345_ar"/>
  </direction>
  <direction name="South" tag="62_338_1" title="South to Hawaiian Gardens - 226th - Norwalk Bl" useForUI="true">
   <stop tag="2345"/>
   <stop tag="2397"/>
   <stop tag="13560"/>
   <stop tag="140995"/>
   <stop tag="5138"/>
   <stop tag="7345"/>
   <stop tag="9744"/>
   <stop tag="1217"/>
   <stop tag="1215"/>
   <stop tag="1216"/>
   <stop tag="13323"/>
   <stop tag="9759"/>
   <stop tag="9754"/>
   <stop tag="9750"/>
   <stop tag="9753"/>
   <stop tag="9764"/>
   <stop tag="1223"/>
   <stop tag="4736"/>
   <stop tag="13197"/>
   <stop tag="1610"/>
   <stop tag="1585"/>
   <stop tag="1576"/>
   <stop tag="1591"/>
   <stop tag="1599"/>
   <stop tag="10153"/>
   <stop tag="1614"/>
   <stop tag="208"/>
   <stop tag="1602"/>
   <stop tag="1593"/>
   <stop tag="6497"/>
   <stop tag="13152"/>
   <stop tag="6341"/>
   <stop tag="6472"/>
   <stop tag="6488"/>
   <stop tag="6502"/>
   <stop tag="6484"/>
   <stop tag="6487"/>
   <stop tag="6500"/>
   <stop tag="6483"/>
   <stop tag="14852"/>
   <stop tag="14870"/>
   <stop tag="32116"/>
   <stop tag="6503"/>
   <stop tag="6495"/>
   <stop tag="6506"/>
   <stop tag="6492"/>
   <stop tag="6496"/>
   <stop tag="4078"/>
   <stop tag="4074"/>
   <stop tag="4077"/>
   <stop tag="4079"/>
   <stop tag="5140"/>
   <stop tag="4067"/>
   <stop tag="12557"/>
   <stop tag="5141"/>
   <stop tag="5804"/>
   <stop tag="5805"/>
   <stop tag="5807"/>
   <stop tag="4516"/>
   <stop tag="4387"/>
   <stop tag="4382"/>
   <stop tag="4380"/>
   <stop tag="4378"/>
   <stop tag="4371"/>
   <stop tag="4372"/>
   <stop tag="4373"/>
   <stop tag="4379"/>
   <stop tag="4374"/>
   <stop tag="4375"/>
   <stop tag="641"/>
   <stop tag="2292"/>
   <stop tag="6310"/>
   <stop tag="4389"/>
   <stop tag="4377"/>
   <stop tag="4381"/>
   <stop tag="12312"/>
   <stop tag="3833"/>
   <stop tag="3834"/>
   <stop tag="9831"/>
   <stop tag="1303"/>
   <stop tag="725"/>
   <stop tag="25_ar"/>
  </direction>
  <path>
   <point lat="33.90261" lon="-118.0819"/>
   <point lat="33.90421" lon="-118.08024"/>
   <point lat="33.90663" lon="-118.07788"/>
   <point lat="33.9071799" lon="-118.07716"/>
   <point lat="33.908" lon="-118.07661"/>
   <point lat="33.90894" lon="-118.0758"/>
   <point lat="33.9112" lon="-118.07409"/>
   <point lat="33.91303" lon="-118.07289"/>
   <point lat="33.9144099" lon="-118.07241"/>
   <point lat="33.9176" lon="-118.07243"/>
  </path>
  <path>
   <point lat="34.03898" lon="-118.24015"/>
   <point lat="34.03806" lon="-118.24005"/>
   <point lat="34.03793" lon="-118.24007"/>
   <point lat="34.03785" lon="-118.2401"/>
   <point lat="34.03779" lon="-118.24014"/>
   <point lat="34.03771" lon="-118.24021"/>
   <point lat="34.0368" lon="-118.24117"/>
   <point lat="34.03652" lon="-118.24101"/>
   <point lat="34.03498" lon="-118.2388"/>
   <point lat="34.03464" lon="-118.2352"/>
   <point lat="34.03447" lon="-118.23246"/>
   <point lat="34.03442" lon="-118.23022"/>
   <point lat="34.0344" lon="-118.2234"/>
   <point lat="34.03425" lon="-118.22189"/>
   <point lat="34.03409" lon="-118.2213"/>
   <point lat="34.03402" lon="-118.22107"/>
   <point lat="34.03388" lon="-118.22056"/>
   <point lat="34.03373" lon="-118.22022"/>
   <point lat="34.03339" lon="-118.2198"/>
   <point lat="34.03294" lon="-118.21971"/>
   <point lat="34.02875" lon="-118.22073"/>
   <point lat="34.0263599" lon="-118.22088"/>
   <point lat="34.02496" lon="-118.22103"/>
   <point lat="34.02493" lon="-118.22104"/>
   <point lat="34.02482" lon="-118.22108"/>
   <point lat="34.02429" lon="-118.21984"/>
   <point lat="34.02403" lon="-118.21956"/>
  </path>
  <path>
   <point lat="34.01111" lon="-118.15969"/>
   <point lat="34.01489" lon="-118.16831"/>
   <point lat="34.01528" lon="-118.16896"/>
   <point lat="34.01683" lon="-118.17267"/>
   <point lat="34.01688" lon="-118.17277"/>
   <point lat="34.01704" lon="-118.17312"/>
   <point lat="34.01708" lon="-118.17322"/>
   <point lat="34.01721" lon="-118.17349"/>
   <point lat="34.01724" lon="-118.17356"/>
   <point lat="34.01809" lon="-118.17542"/>
   <point lat="34.01875" lon="-118.17692"/>
   <point lat="34.01891" lon="-118.17724"/>
   <point lat="34.01891" lon="-118.17933"/>
   <point lat="34.01903" lon="-118.18026"/>
   <point lat="34.01899" lon="-118.19247"/>
  </path>
  <path>
   <point lat="33.96103" lon="-118.10985"/>
   <point lat="33.96161" lon="-118.11088"/>
   <point lat="33.9627" lon="-118.11181"/>
   <point lat="33.96735" lon="-118.11585"/>
   <point lat="33.96982" lon="-118.11807"/>
   <point lat="33.97237" lon="-118.12067"/>
   <point lat="33.97539" lon="-118.12376"/>
   <point lat="33.98003" lon="-118.12843"/>
   <point lat="33.9838499" lon="-118.13247"/>
   <point lat="33.9878" lon="-118.13682"/>
   <point lat="33.9887299" lon="-118.13775"/>
   <point lat="33.99503" lon="-118.1432"/>
   <point lat="33.99767" lon="-118.14592"/>
   <point lat="33.9980199" lon="-118.14607"/>
   <point lat="34.00327" lon="-118.1511"/>
   <point lat="34.00557" lon="-118.15364"/>
   <point lat="34.00784" lon="-118.1562"/>
   <point lat="34.00906" lon="-118.15782"/>
   <point lat="34.01076" lon="-118.15879"/>
   <point lat="34.01075" lon="-118.15887"/>
   <point lat="34.01075" lon="-118.15911"/>
   <point lat="34.01111" lon="-118.15969"/>
  </path>
  <path>
   <point lat="34.05156" lon="-118.25583"/>
   <point lat="34.05228" lon="-118.25715"/>
   <point lat="34.05238" lon="-118.25731"/>
   <point lat="34.05256" lon="-118.25769"/>
   <point lat="34.05266" lon="-118.25791"/>
   <point lat="34.05274" lon="-118.25812"/>
   <point lat="34.05276" lon="-118.25823"/>
   <point lat="34.0528" lon="-118.25854"/>
   <point lat="34.0528199" lon="-118.25881"/>
   <point lat="34.05284" lon="-118.25901"/>
   <point lat="34.05285" lon="-118.25909"/>
   <point lat="34.05287" lon="-118.25923"/>
   <point lat="34.05291" lon="-118.25938"/>
   <point lat="34.05293" lon="-118.25943"/>
   <point lat="34.05295" lon="-118.25951"/>
   <point lat="34.053" lon="-118.25959"/>
   <point lat="34.05307" lon="-118.25978"/>
   <point lat="34.05462" lon="-118.25836"/>
   <point lat="34.05534" lon="-118.25763"/>
   <point lat="34.05561" lon="-118.2575"/>
   <point lat="34.05793" lon="-118.25527"/>
   <point lat="34.05912" lon="-118.25418"/>
   <point lat="34.05945" lon="-118.25399"/>
   <point lat="34.06126" lon="-118.2528"/>
   <point lat="34.06195" lon="-118.25233"/>
   <point lat="34.06215" lon="-118.25223"/>
   <point lat="34.06221" lon="-118.25221"/>
   <point lat="34.06268" lon="-118.25182"/>
   <point lat="34.06276" lon="-118.25175"/>
   <point lat="34.06285" lon="-118.25168"/>
   <point lat="34.06294" lon="-118.25158"/>
   <point lat="34.06319" lon="-118.25133"/>
   <point lat="34.06367" lon="-118.2517"/>
   <point lat="34.06389" lon="-118.25134"/>
  </path>
  <path>
   <point lat="34.0392" lon="-118.23979"/>
   <point lat="34.04167" lon="-118.2398"/>
   <point lat="34.042" lon="-118.24012"/>
   <point lat="34.04302" lon="-118.24176"/>
   <point lat="34.04416" lon="-118.24363"/>
   <point lat="34.04487" lon="-118.24554"/>
   <point lat="34.0454099" lon="-118.24657"/>
   <point lat="34.04625" lon="-118.24768"/>
   <point lat="34.0474" lon="-118.24942"/>
   <point lat="34.0491" lon="-118.2521"/>
   <point lat="34.05046" lon="-118.25414"/>
   <point lat="34.05156" lon="-118.25583"/>
  </path>
  <path>
   <point lat="34.06389" lon="-118.25134"/>
   <point lat="34.0635199" lon="-118.25133"/>
   <point lat="34.06383" lon="-118.25095"/>
   <point lat="34.0637" lon="-118.2508"/>
   <point lat="34.06319" lon="-118.25133"/>
   <point lat="34.06294" lon="-118.25158"/>
   <point lat="34.06285" lon="-118.25168"/>
   <point lat="34.06276" lon="-118.25175"/>
   <point lat="34.06268" lon="-118.25182"/>
   <point lat="34.06253" lon="-118.25199"/>
   <point lat="34.06241" lon="-118.25209"/>
   <point lat="34.0623099" lon="-118.25216"/>
   <point lat="34.06221" lon="-118.25221"/>
   <point lat="34.06215" lon="-118.25223"/>
   <point lat="34.06195" lon="-118.25233"/>
   <point lat="34.06038" lon="-118.25339"/>
   <point lat="34.05945" lon="-118.25399"/>
   <point lat="34.05914" lon="-118.25417"/>
   <point lat="34.0585499" lon="-118.25315"/>
   <point lat="34.0584599" lon="-118.25302"/>
   <point lat="34.05791" lon="-118.25218"/>
   <point lat="34.05776" lon="-118.25196"/>
   <point lat="34.05764" lon="-118.25176"/>
   <point lat="34.05569" lon="-118.24878"/>
   <point lat="34.05432" lon="-118.25021"/>
   <point lat="34.05401" lon="-118.2503"/>
   <point lat="34.05288" lon="-118.25157"/>
  </path>
  <path>
   <point lat="33.9488" lon="-118.08927"/>
   <point lat="33.95197" lon="-118.09672"/>
   <point lat="33.95274" lon="-118.09815"/>
   <point lat="33.95585" lon="-118.10237"/>
   <point lat="33.95848" lon="-118.10619"/>
   <point lat="33.96103" lon="-118.10985"/>
  </path>
  <path>
   <point lat="34.0247" lon="-118.22046"/>
   <point lat="34.02482" lon="-118.22108"/>
   <point lat="34.02493" lon="-118.22104"/>
   <point lat="34.02496" lon="-118.22103"/>
   <point lat="34.0286" lon="-118.22064"/>
   <point lat="34.02885" lon="-118.22047"/>
   <point lat="34.0294" lon="-118.22047"/>
   <point lat="34.03207" lon="-118.21994"/>
   <point lat="34.03235" lon="-118.21987"/>
   <point lat="34.03251" lon="-118.21984"/>
   <point lat="34.03294" lon="-118.21971"/>
   <point lat="34.03344" lon="-118.21958"/>
   <point lat="34.03386" lon="-118.22014"/>
   <point lat="34.03451" lon="-118.22293"/>
   <point lat="34.03465" lon="-118.22348"/>
   <point lat="34.0347" lon="-118.23101"/>
   <point lat="34.0347099" lon="-118.23203"/>
   <point lat="34.03487" lon="-118.23485"/>
   <point lat="34.0351" lon="-118.23833"/>
   <point lat="34.03552" lon="-118.23935"/>
   <point lat="34.03676" lon="-118.24088"/>
   <point lat="34.03739" lon="-118.24055"/>
   <point lat="34.0392" lon="-118.23979"/>
  </path>
  <path>
   <point lat="34.05288" lon="-118.25157"/>
   <point lat="34.05022" lon="-118.25395"/>
   <point lat="34.04875" lon="-118.25525"/>
   <point lat="34.04847" lon="-118.255"/>
   <point lat="34.04739" lon="-118.25331"/>
   <point lat="34.04669" lon="-118.25227"/>
   <point lat="34.04459" lon="-118.24898"/>
   <point lat="34.04434" lon="-118.24879"/>
   <point lat="34.04347" lon="-118.24732"/>
   <point lat="34.04202" lon="-118.24506"/>
   <point lat="34.04124" lon="-118.24378"/>
   <point lat="34.03898" lon="-118.24015"/>
  </path>
  <path>
   <point lat="34.05156" lon="-118.25583"/>
   <point lat="34.05228" lon="-118.25715"/>
   <point lat="34.05238" lon="-118.25731"/>
   <point lat="34.05256" lon="-118.25769"/>
   <point lat="34.05266" lon="-118.25791"/>
   <point lat="34.05274" lon="-118.25812"/>
   <point lat="34.05276" lon="-118.25823"/>
   <point lat="34.0528" lon="-118.25854"/>
   <point lat="34.0528199" lon="-118.25881"/>
   <point lat="34.05284" lon="-118.25901"/>
   <point lat="34.05285" lon="-118.25909"/>
   <point lat="34.05287" lon="-118.25923"/>
   <point lat="34.05291" lon="-118.25938"/>
   <point lat="34.05293" lon="-118.25943"/>
   <point lat="34.05295" lon="-118.25951"/>
   <point lat="34.053" lon="-118.25959"/>
   <point lat="34.05307" lon="-118.25978"/>
   <point lat="34.05462" lon="-118.25836"/>
   <point lat="34.05534" lon="-118.25763"/>
  </path>
  <path>
   <point lat="34.01899" lon="-118.19247"/>
   <point lat="34.0189499" lon="-118.19966"/>
   <point lat="34.01892" lon="-118.20258"/>
   <point lat="34.01879" lon="-118.20506"/>
   <point lat="34.01889" lon="-118.20629"/>
   <point lat="34.01875" lon="-118.20702"/>
   <point lat="34.01876" lon="-118.20718"/>
   <point lat="34.01881" lon="-118.20746"/>
   <point lat="34.01884" lon="-118.20757"/>
   <point lat="34.01889" lon="-118.2077"/>
   <point lat="34.01897" lon="-118.20788"/>
   <point lat="34.01901" lon="-118.20796"/>
   <point lat="34.02032" lon="-118.21055"/>
   <point lat="34.02099" lon="-118.21204"/>
   <point lat="34.02249" lon="-118.21538"/>
   <point lat="34.02342" lon="-118.2175"/>
   <point lat="34.0247" lon="-118.22046"/>
  </path>
  <path>
   <point lat="33.9176" lon="-118.07243"/>
   <point lat="33.92099" lon="-118.07246"/>
   <point lat="33.92603" lon="-118.07249"/>
   <point lat="33.9315" lon="-118.07253"/>
   <point lat="33.93555" lon="-118.07252"/>
   <point lat="33.94192" lon="-118.07269"/>
   <point lat="33.94213" lon="-118.07294"/>
   <point lat="33.94552" lon="-118.08124"/>
   <point lat="33.9488" lon="-118.08927"/>
  </path>
  <path>
   <point lat="34.00879" lon="-118.15772"/>
   <point lat="34.00471" lon="-118.15306"/>
   <point lat="34.00306" lon="-118.15128"/>
   <point lat="34.0011" lon="-118.14923"/>
   <point lat="33.99782" lon="-118.14627"/>
   <point lat="33.99767" lon="-118.14592"/>
   <point lat="33.9949" lon="-118.14346"/>
   <point lat="33.9903" lon="-118.13882"/>
   <point lat="33.98997" lon="-118.1385"/>
   <point lat="33.98971" lon="-118.13828"/>
   <point lat="33.98954" lon="-118.13815"/>
   <point lat="33.98925" lon="-118.13799"/>
   <point lat="33.98905" lon="-118.13789"/>
   <point lat="33.98885" lon="-118.13781"/>
   <point lat="33.9887299" lon="-118.13775"/>
   <point lat="33.9876099" lon="-118.13702"/>
   <point lat="33.98673" lon="-118.13547"/>
   <point lat="33.98657" lon="-118.13525"/>
   <point lat="33.9863799" lon="-118.13503"/>
   <point lat="33.98619" lon="-118.13482"/>
   <point lat="33.98605" lon="-118.13466"/>
   <point lat="33.986" lon="-118.13462"/>
   <point lat="33.98538" lon="-118.13401"/>
   <point lat="33.98524" lon="-118.13385"/>
   <point lat="33.98501" lon="-118.13363"/>
   <point lat="33.9846999" lon="-118.13336"/>
   <point lat="33.98452" lon="-118.13318"/>
   <point lat="33.9838499" lon="-118.13247"/>
   <point lat="33.98204" lon="-118.13064"/>
   <point lat="33.97976" lon="-118.12856"/>
   <point lat="33.97781" lon="-118.12647"/>
   <point lat="33.97487" lon="-118.12357"/>
   <point lat="33.97237" lon="-118.12067"/>
   <point lat="33.96955" lon="-118.11821"/>
   <point lat="33.9670599" lon="-118.11578"/>
   <point lat="33.96676" lon="-118.1157"/>
   <point lat="33.96161" lon="-118.11088"/>
   <point lat="33.96075" lon="-118.10993"/>
  </path>
  <path>
   <point lat="33.86069" lon="-118.09104"/>
   <point lat="33.85844" lon="-118.09082"/>
   <point lat="33.85832" lon="-118.09049"/>
   <point lat="33.8585" lon="-118.08208"/>
   <point lat="33.85822" lon="-118.08222"/>
   <point lat="33.85351" lon="-118.08217"/>
   <point lat="33.84585" lon="-118.08208"/>
   <point lat="33.84254" lon="-118.08205"/>
   <point lat="33.83855" lon="-118.08201"/>
   <point lat="33.83674" lon="-118.08183"/>
   <point lat="33.83439" lon="-118.08196"/>
   <point lat="33.8315" lon="-118.08179"/>
   <point lat="33.83137" lon="-118.08124"/>
   <point lat="33.83137" lon="-118.07571"/>
   <point lat="33.8315" lon="-118.0747"/>
   <point lat="33.83153" lon="-118.07194"/>
   <point lat="33.8305999" lon="-118.07193"/>
   <point lat="33.82999" lon="-118.0721"/>
   <point lat="33.8296" lon="-118.0719"/>
   <point lat="33.8296599" lon="-118.0727"/>
  </path>
  <path>
   <point lat="33.8296599" lon="-118.0727"/>
   <point lat="33.82958" lon="-118.07374"/>
   <point lat="33.82958" lon="-118.07472"/>
   <point lat="33.82959" lon="-118.07503"/>
   <point lat="33.82958" lon="-118.07551"/>
   <point lat="33.8313599" lon="-118.07553"/>
   <point lat="33.8316299" lon="-118.07631"/>
   <point lat="33.8316299" lon="-118.08127"/>
   <point lat="33.8315" lon="-118.08179"/>
   <point lat="33.83439" lon="-118.08166"/>
   <point lat="33.83674" lon="-118.08183"/>
   <point lat="33.83855" lon="-118.0817"/>
   <point lat="33.84226" lon="-118.08174"/>
   <point lat="33.84626" lon="-118.08179"/>
   <point lat="33.85357" lon="-118.08187"/>
   <point lat="33.85863" lon="-118.08232"/>
   <point lat="33.85862" lon="-118.08852"/>
   <point lat="33.85844" lon="-118.09082"/>
   <point lat="33.85872" lon="-118.0907"/>
   <point lat="33.86126" lon="-118.09087"/>
   <point lat="33.8618" lon="-118.09076"/>
  </path>
  <path>
   <point lat="33.8618" lon="-118.09076"/>
   <point lat="33.86455" lon="-118.09091"/>
   <point lat="33.86546" lon="-118.09086"/>
   <point lat="33.86569" lon="-118.08964"/>
   <point lat="33.86564" lon="-118.0841"/>
   <point lat="33.86575" lon="-118.08218"/>
   <point lat="33.86845" lon="-118.08223"/>
   <point lat="33.86925" lon="-118.08209"/>
   <point lat="33.87283" lon="-118.08211"/>
   <point lat="33.8775199" lon="-118.08231"/>
   <point lat="33.87794" lon="-118.08216"/>
   <point lat="33.88058" lon="-118.0822"/>
   <point lat="33.8838099" lon="-118.08222"/>
   <point lat="33.88784" lon="-118.08227"/>
   <point lat="33.89052" lon="-118.0823"/>
   <point lat="33.89511" lon="-118.08235"/>
   <point lat="33.89873" lon="-118.08238"/>
   <point lat="33.90034" lon="-118.08255"/>
   <point lat="33.90219" lon="-118.08256"/>
   <point lat="33.90261" lon="-118.0819"/>
  </path>
  <path>
   <point lat="34.02403" lon="-118.21956"/>
   <point lat="34.02332" lon="-118.21793"/>
   <point lat="34.0224" lon="-118.21581"/>
   <point lat="34.0209" lon="-118.21248"/>
   <point lat="34.01988" lon="-118.2102"/>
   <point lat="34.01889" lon="-118.2077"/>
   <point lat="34.01863" lon="-118.20695"/>
   <point lat="34.01878" lon="-118.20517"/>
   <point lat="34.01879" lon="-118.20506"/>
   <point lat="34.01867" lon="-118.20297"/>
   <point lat="34.01869" lon="-118.19966"/>
   <point lat="34.01874" lon="-118.19201"/>
  </path>
  <path>
   <point lat="33.90153" lon="-118.08271"/>
   <point lat="33.89866" lon="-118.08269"/>
   <point lat="33.8947" lon="-118.08264"/>
   <point lat="33.89018" lon="-118.0826"/>
   <point lat="33.88735" lon="-118.08257"/>
   <point lat="33.88353" lon="-118.08252"/>
   <point lat="33.88052" lon="-118.0825"/>
   <point lat="33.87787" lon="-118.08247"/>
   <point lat="33.8775199" lon="-118.08231"/>
   <point lat="33.87278" lon="-118.08241"/>
   <point lat="33.86953" lon="-118.08239"/>
   <point lat="33.86588" lon="-118.08234"/>
   <point lat="33.86573" lon="-118.08435"/>
   <point lat="33.86568" lon="-118.09075"/>
   <point lat="33.86567" lon="-118.09096"/>
   <point lat="33.86528" lon="-118.09099"/>
   <point lat="33.86516" lon="-118.09099"/>
   <point lat="33.8649" lon="-118.09097"/>
   <point lat="33.86439" lon="-118.09103"/>
   <point lat="33.86126" lon="-118.09087"/>
   <point lat="33.86069" lon="-118.09104"/>
  </path>
  <path>
   <point lat="33.96075" lon="-118.10993"/>
   <point lat="33.95846" lon="-118.10663"/>
   <point lat="33.95561" lon="-118.1025"/>
   <point lat="33.95227" lon="-118.09747"/>
   <point lat="33.95173" lon="-118.09683"/>
   <point lat="33.95035" lon="-118.09338"/>
   <point lat="33.94852" lon="-118.08926"/>
  </path>
  <path>
   <point lat="34.01874" lon="-118.19201"/>
   <point lat="34.01878" lon="-118.17979"/>
   <point lat="34.01891" lon="-118.17933"/>
   <point lat="34.01891" lon="-118.17724"/>
   <point lat="34.01875" lon="-118.17692"/>
   <point lat="34.01809" lon="-118.17542"/>
   <point lat="34.01724" lon="-118.17356"/>
   <point lat="34.01721" lon="-118.17349"/>
   <point lat="34.01708" lon="-118.17322"/>
   <point lat="34.01704" lon="-118.17312"/>
   <point lat="34.01688" lon="-118.17277"/>
   <point lat="34.01683" lon="-118.17267"/>
   <point lat="34.01554" lon="-118.16979"/>
   <point lat="34.01504" lon="-118.16892"/>
   <point lat="34.01423" lon="-118.16687"/>
   <point lat="34.01099" lon="-118.15995"/>
   <point lat="34.01075" lon="-118.15911"/>
   <point lat="34.01075" lon="-118.15887"/>
   <point lat="34.01076" lon="-118.15879"/>
   <point lat="34.0103" lon="-118.15862"/>
   <point lat="34.01011" lon="-118.15854"/>
   <point lat="34.00973" lon="-118.1584"/>
   <point lat="34.00911" lon="-118.15846"/>
   <point lat="34.00916" lon="-118.15833"/>
   <point lat="34.00879" lon="-118.15772"/>
  </path>
  <path>
   <point lat="33.9168499" lon="-118.07274"/>
   <point lat="33.91434" lon="-118.0727"/>
   <point lat="33.91376" lon="-118.0726"/>
   <point lat="33.91352" lon="-118.07264"/>
   <point lat="33.91349" lon="-118.07265"/>
   <point lat="33.91339" lon="-118.07269"/>
   <point lat="33.91321" lon="-118.07278"/>
   <point lat="33.91303" lon="-118.07289"/>
   <point lat="33.91233" lon="-118.07339"/>
   <point lat="33.91227" lon="-118.07343"/>
   <point lat="33.91216" lon="-118.07352"/>
   <point lat="33.91134" lon="-118.07435"/>
   <point lat="33.91028" lon="-118.07498"/>
   <point lat="33.90931" lon="-118.0759"/>
   <point lat="33.90862" lon="-118.07626"/>
   <point lat="33.9076" lon="-118.07715"/>
   <point lat="33.90663" lon="-118.07788"/>
   <point lat="33.90414" lon="-118.08072"/>
   <point lat="33.90219" lon="-118.08256"/>
   <point lat="33.90153" lon="-118.08271"/>
  </path>
  <path>
   <point lat="33.94852" lon="-118.08926"/>
   <point lat="33.94555" lon="-118.08207"/>
   <point lat="33.9421" lon="-118.07327"/>
   <point lat="33.94171" lon="-118.07284"/>
   <point lat="33.94086" lon="-118.07269"/>
   <point lat="33.93507" lon="-118.07282"/>
   <point lat="33.93184" lon="-118.07284"/>
   <point lat="33.92791" lon="-118.07267"/>
   <point lat="33.92568" lon="-118.07279"/>
   <point lat="33.92064" lon="-118.07276"/>
   <point lat="33.9168499" lon="-118.07274"/>
  </path>
  <path>
   <point lat="33.82399" lon="-118.07225"/>
   <point lat="33.82406" lon="-118.07176"/>
   <point lat="33.82605" lon="-118.07181"/>
   <point lat="33.82621" lon="-118.07182"/>
   <point lat="33.8296" lon="-118.0719"/>
   <point lat="33.8296599" lon="-118.0727"/>
  </path>
  <path>
   <point lat="34.04669" lon="-118.25227"/>
   <point lat="34.04459" lon="-118.24898"/>
   <point lat="34.04434" lon="-118.24879"/>
   <point lat="34.04347" lon="-118.24732"/>
   <point lat="34.04202" lon="-118.24506"/>
   <point lat="34.04124" lon="-118.24378"/>
   <point lat="34.03898" lon="-118.24015"/>
  </path>
  <path>
   <point lat="33.86069" lon="-118.09104"/>
   <point lat="33.85844" lon="-118.09082"/>
   <point lat="33.85832" lon="-118.09049"/>
   <point lat="33.8585" lon="-118.08208"/>
   <point lat="33.85822" lon="-118.08222"/>
   <point lat="33.85351" lon="-118.08217"/>
   <point lat="33.84585" lon="-118.08208"/>
   <point lat="33.84254" lon="-118.08205"/>
   <point lat="33.83855" lon="-118.08201"/>
   <point lat="33.83674" lon="-118.08183"/>
   <point lat="33.83439" lon="-118.08196"/>
   <point lat="33.8315" lon="-118.08179"/>
   <point lat="33.83137" lon="-118.08124"/>
   <point lat="33.83137" lon="-118.07571"/>
   <point lat="33.8315" lon="-118.0747"/>
   <point lat="33.83153" lon="-118.07194"/>
   <point lat="33.8305999" lon="-118.07193"/>
   <point lat="33.82999" lon="-118.0721"/>
   <point lat="33.8277" lon="-118.07186"/>
   <point lat="33.82621" lon="-118.07182"/>
   <point lat="33.82605" lon="-118.07181"/>
   <point lat="33.82605" lon="-118.07265"/>
   <point lat="33.82406" lon="-118.07264"/>
   <point lat="33.82399" lon="-118.07225"/>
  </path>
  <path>
   <point lat="34.0486099" lon="-118.25205"/>
   <point lat="34.0473799" lon="-118.25311"/>
   <point lat="34.04669" lon="-118.25227"/>
  </path>
  <path>
   <point lat="34.0392" lon="-118.23979"/>
   <point lat="34.04167" lon="-118.2398"/>
   <point lat="34.042" lon="-118.24012"/>
   <point lat="34.04302" lon="-118.24176"/>
   <point lat="34.04416" lon="-118.24363"/>
   <point lat="34.04487" lon="-118.24554"/>
   <point lat="34.0454099" lon="-118.24657"/>
   <point lat="34.04625" lon="-118.24768"/>
   <point lat="34.0474" lon="-118.24942"/>
   <point lat="34.04876" lon="-118.25175"/>
   <point lat="34.0486099" lon="-118.25205"/>
  </path>
  <path>
   <point lat="33.90153" lon="-118.08271"/>
   <point lat="33.89866" lon="-118.08269"/>
   <point lat="33.8947" lon="-118.08264"/>
   <point lat="33.89018" lon="-118.0826"/>
   <point lat="33.88735" lon="-118.08257"/>
   <point lat="33.88353" lon="-118.08252"/>
   <point lat="33.88052" lon="-118.0825"/>
   <point lat="33.87787" lon="-118.08247"/>
   <point lat="33.8775199" lon="-118.08231"/>
   <point lat="33.87278" lon="-118.08241"/>
   <point lat="33.86953" lon="-118.08239"/>
   <point lat="33.86588" lon="-118.08234"/>
   <point lat="33.86573" lon="-118.08435"/>
   <point lat="33.86568" lon="-118.09075"/>
   <point lat="33.86567" lon="-118.09096"/>
   <point lat="33.86528" lon="-118.09099"/>
   <point lat="33.86516" lon="-118.09099"/>
   <point lat="33.8649" lon="-118.09097"/>
   <point lat="33.86439" lon="-118.09103"/>
   <point lat="33.86423" lon="-118.09311"/>
   <point lat="33.86265" lon="-118.09278"/>
   <point lat="33.86212" lon="-118.09257"/>
   <point lat="33.86124" lon="-118.09239"/>
   <point lat="33.86126" lon="-118.09087"/>
   <point lat="33.8618" lon="-118.09076"/>
  </path>
 </route>
</body>