<?xml version="1.0" encoding="utf-8"?>
<body copyright="All data copyright Los Angeles Metro 2022.">
 <route color="990000" latMax="34.2520699" latMin="34.1684599" lonMax="-118.37799" lonMin="-118.59933" oppositeColor="ffffff" tag="901" title="901 Metro Orange Line">
  <stop lat="34.1868699" lon="-118.57021" stopId="15313" tag="15313" title="Pierce College Station"/>
  <stop lat="34.1803399" lon="-118.53524" stopId="15416" tag="15416" title="Reseda Station"/>
  <stop lat="34.1909699" lon="-118.59624" stopId="15432" tag="15432" title="Canoga Station"/>
  <stop lat="34.1809599" lon="-118.5527099" stopId="15436" tag="15436" title="Tampa Station"/>
  <stop lat="34.18857" lon="-118.58766" stopId="15453" tag="15453" title="De Soto Station"/>
  <stop lat="34.1905999" lon="-118.59682" stopId="15458" tag="15458" title="Canoga Station"/>
  <stop lat="34.18588" lon="-118.50031" stopId="15516" tag="15516" title="Balboa Station"/>
  <stop lat="34.1806799" lon="-118.4687199" stopId="15539" tag="15539" title="Sepulveda Station"/>
  <stop lat="34.2520699" lon="-118.59933" stopId="15568" tag="15568" title="Chatsworth Station"/>
  <stop lat="34.1804999" lon="-118.44784" stopId="15570" tag="15570" title="Van Nuys Station"/>
  <stop lat="34.2346899" lon="-118.59733" stopId="15575" tag="15575" title="Nordhoff Station"/>
  <stop lat="34.1788499" lon="-118.4294399" stopId="15584" tag="15584" title="Woodman Station"/>
  <stop lat="34.2190499" lon="-118.5972899" stopId="15590" tag="15590" title="Roscoe Station"/>
  <stop lat="34.2002799" lon="-118.5972" stopId="15600" tag="15600" title="Sherman Way Station"/>
  <stop lat="34.1861899" lon="-118.48285" stopId="15606" tag="15606" title="Woodley Station"/>
  <stop lat="34.16847" lon="-118.39568" stopId="15617" tag="15617" title="Laurel Canyon Station"/>
  <stop lat="34.1716599" lon="-118.42179" stopId="15624" tag="15624" title="Valley College Station"/>
  <stop lat="34.1684599" lon="-118.37799" tag="15684_ar" title="North Hollywood Station"/>
  <stop lat="34.1874699" lon="-118.57166" stopId="15312" tag="15312" title="Pierce College Station"/>
  <stop lat="34.1804399" lon="-118.5368" stopId="15415" tag="15415" title="Reseda Station"/>
  <stop lat="34.18156" lon="-118.55419" stopId="15435" tag="15435" title="Tampa Station"/>
  <stop lat="34.1887399" lon="-118.58925" stopId="15438" tag="15438" title="De Soto Station"/>
  <stop lat="34.1912399" lon="-118.59614" stopId="15444" tag="15444" title="Canoga Station"/>
  <stop lat="34.1905999" lon="-118.59682" tag="15458_ar" title="Canoga Station"/>
  <stop lat="34.1859699" lon="-118.50072" stopId="15515" tag="15515" title="Balboa Station"/>
  <stop lat="34.1808999" lon="-118.4690299" stopId="15535" tag="15535" title="Sepulveda Station"/>
  <stop lat="34.1806399" lon="-118.44826" stopId="15546" tag="15546" title="Van Nuys Station"/>
  <stop lat="34.2520699" lon="-118.59933" tag="15568_ar" title="Chatsworth Station"/>
  <stop lat="34.1791599" lon="-118.4295999" stopId="15583" tag="15583" title="Woodman Station"/>
  <stop lat="34.1862899" lon="-118.48443" stopId="15588" tag="15588" title="Woodley Station"/>
  <stop lat="34.20057" lon="-118.59706" stopId="15601" tag="15601" title="Sherman Way Station"/>
  <stop lat="34.2204899" lon="-118.59717" stopId="15607" tag="15607" title="Roscoe Station"/>
  <stop lat="34.2361299" lon="-118.59719" stopId="15608" tag="15608" title="Nordhoff Station"/>
  <stop lat="34.16857" lon="-118.3972999" stopId="15611" tag="15611" title="Laurel Canyon Station"/>
  <stop lat="34.1728799" lon="-118.42292" stopId="15661" tag="15661" title="Valley College Station"/>
  <stop lat="34.1684599" lon="-118.37799" stopId="15684" tag="15684" title="North Hollywood Station"/>
  <direction name="East" tag="901_55_0" title="East to G Line (orange) - North Hollywood Sta" useForUI="true">
   <stop tag="15568"/>
   <stop tag="15575"/>
   <stop tag="15590"/>
   <stop tag="15600"/>
   <stop tag="15432"/>
   <stop tag="15453"/>
   <stop tag="15313"/>
   <stop tag="15436"/>
   <stop tag="15416"/>
   <stop tag="15516"/>
   <stop tag="15606"/>
   <stop tag="15539"/>
   <stop tag="15570"/>
   <stop tag="15584"/>
   <stop tag="15624"/>
   <stop tag="15617"/>
   <stop tag="15684_ar"/>
  </direction>
  <direction name="West" tag="901_54_1" title="West to G Line (orange) - Chatsworth Station" useForUI="true">
   <stop tag="15684"/>
   <stop tag="15611"/>
   <stop tag="15661"/>
   <stop tag="15583"/>
   <stop tag="15546"/>
   <stop tag="15535"/>
   <stop tag="15588"/>
   <stop tag="15515"/>
   <stop tag="15415"/>
   <stop tag="15435"/>
   <stop tag="15312"/>
   <stop tag="15438"/>
   <stop tag="15444"/>
   <stop tag="15601"/>
   <stop tag="15607"/>
   <stop tag="15608"/>
   <stop tag="15568_ar"/>
  </direction>
  <path>
   <point lat="34.18687" lon="-118.57021"/>
   <point lat="34.18649" lon="-118.56896"/>
   <point lat="34.18193" lon="-118.55544"/>
   <point lat="34.18096" lon="-118.55271"/>
   <point lat="34.1806399" lon="-118.55146"/>
   <point lat="34.18057" lon="-118.55113"/>
   <point lat="34.1804599" lon="-118.55049"/>
   <point lat="34.18043" lon="-118.55017"/>
   <point lat="34.18038" lon="-118.54948"/>
   <point lat="34.18037" lon="-118.54901"/>
   <point lat="34.18038" lon="-118.54358"/>
   <point lat="34.18034" lon="-118.53524"/>
  </path>
  <path>
   <point lat="34.18044" lon="-118.5368"/>
   <point lat="34.18039" lon="-118.54154"/>
   <point lat="34.18037" lon="-118.54901"/>
   <point lat="34.18038" lon="-118.54948"/>
   <point lat="34.18043" lon="-118.55017"/>
   <point lat="34.1804599" lon="-118.55049"/>
   <point lat="34.18057" lon="-118.55113"/>
   <point lat="34.1806399" lon="-118.55146"/>
   <point lat="34.1808" lon="-118.55207"/>
   <point lat="34.18156" lon="-118.55419"/>
   <point lat="34.18193" lon="-118.55544"/>
   <point lat="34.18747" lon="-118.57166"/>
  </path>
  <path>
   <point lat="34.1805" lon="-118.44784"/>
   <point lat="34.1806" lon="-118.44549"/>
   <point lat="34.18061" lon="-118.44514"/>
   <point lat="34.18063" lon="-118.44114"/>
   <point lat="34.18062" lon="-118.44065"/>
   <point lat="34.1806399" lon="-118.43617"/>
   <point lat="34.18063" lon="-118.43578"/>
   <point lat="34.1806399" lon="-118.43469"/>
   <point lat="34.18063" lon="-118.43411"/>
   <point lat="34.18062" lon="-118.4338"/>
   <point lat="34.18056" lon="-118.43318"/>
   <point lat="34.18052" lon="-118.43288"/>
   <point lat="34.1804599" lon="-118.43258"/>
   <point lat="34.18025" lon="-118.43175"/>
   <point lat="34.1801699" lon="-118.4315"/>
   <point lat="34.1799899" lon="-118.43113"/>
   <point lat="34.17973" lon="-118.4307"/>
   <point lat="34.17947" lon="-118.43016"/>
   <point lat="34.17928" lon="-118.42984"/>
   <point lat="34.17885" lon="-118.42944"/>
   <point lat="34.17778" lon="-118.42819"/>
   <point lat="34.17322" lon="-118.42324"/>
   <point lat="34.17166" lon="-118.42179"/>
  </path>
  <path>
   <point lat="34.16846" lon="-118.37799"/>
   <point lat="34.16852" lon="-118.37744"/>
   <point lat="34.1685299" lon="-118.37737"/>
   <point lat="34.16855" lon="-118.37732"/>
   <point lat="34.16859" lon="-118.37728"/>
   <point lat="34.16863" lon="-118.37727"/>
   <point lat="34.16867" lon="-118.37727"/>
   <point lat="34.1687" lon="-118.37728"/>
   <point lat="34.16874" lon="-118.37732"/>
   <point lat="34.16876" lon="-118.37735"/>
   <point lat="34.16876" lon="-118.3774"/>
   <point lat="34.16877" lon="-118.37746"/>
   <point lat="34.16874" lon="-118.37766"/>
   <point lat="34.16872" lon="-118.37775"/>
   <point lat="34.1687" lon="-118.37781"/>
   <point lat="34.16857" lon="-118.3973"/>
   <point lat="34.16851" lon="-118.39873"/>
   <point lat="34.16849" lon="-118.41543"/>
   <point lat="34.16851" lon="-118.41586"/>
   <point lat="34.16855" lon="-118.41617"/>
   <point lat="34.16869" lon="-118.41708"/>
   <point lat="34.16884" lon="-118.41754"/>
   <point lat="34.1691999" lon="-118.41849"/>
   <point lat="34.16931" lon="-118.41871"/>
   <point lat="34.16944" lon="-118.41887"/>
   <point lat="34.1697" lon="-118.41929"/>
   <point lat="34.17024" lon="-118.41998"/>
   <point lat="34.17146" lon="-118.42133"/>
   <point lat="34.17169" lon="-118.42168"/>
   <point lat="34.17176" lon="-118.42191"/>
   <point lat="34.17189" lon="-118.42223"/>
   <point lat="34.172" lon="-118.42244"/>
   <point lat="34.1721999" lon="-118.42259"/>
   <point lat="34.17288" lon="-118.42292"/>
  </path>
  <path>
   <point lat="34.1806399" lon="-118.44826"/>
   <point lat="34.18053" lon="-118.46263"/>
   <point lat="34.18051" lon="-118.46554"/>
   <point lat="34.18052" lon="-118.46736"/>
   <point lat="34.18054" lon="-118.46769"/>
   <point lat="34.18059" lon="-118.46803"/>
   <point lat="34.18067" lon="-118.46842"/>
   <point lat="34.1809" lon="-118.46903"/>
   <point lat="34.18099" lon="-118.46944"/>
   <point lat="34.18208" lon="-118.47105"/>
   <point lat="34.18238" lon="-118.47131"/>
   <point lat="34.18464" lon="-118.47291"/>
   <point lat="34.18481" lon="-118.47306"/>
   <point lat="34.18497" lon="-118.47323"/>
   <point lat="34.18517" lon="-118.47348"/>
   <point lat="34.1854299" lon="-118.47387"/>
   <point lat="34.18564" lon="-118.47428"/>
   <point lat="34.18575" lon="-118.47451"/>
   <point lat="34.18595" lon="-118.47502"/>
   <point lat="34.18606" lon="-118.47543"/>
   <point lat="34.18615" lon="-118.4759"/>
   <point lat="34.18622" lon="-118.47645"/>
   <point lat="34.18624" lon="-118.47685"/>
   <point lat="34.18623" lon="-118.48123"/>
   <point lat="34.18629" lon="-118.48443"/>
  </path>
  <path>
   <point lat="34.17166" lon="-118.42179"/>
   <point lat="34.1709" lon="-118.4207"/>
   <point lat="34.17024" lon="-118.41998"/>
   <point lat="34.1697" lon="-118.41929"/>
   <point lat="34.16944" lon="-118.41887"/>
   <point lat="34.16931" lon="-118.41871"/>
   <point lat="34.1691999" lon="-118.41849"/>
   <point lat="34.16884" lon="-118.41754"/>
   <point lat="34.16869" lon="-118.41708"/>
   <point lat="34.16855" lon="-118.41617"/>
   <point lat="34.16851" lon="-118.41586"/>
   <point lat="34.16849" lon="-118.41543"/>
   <point lat="34.16847" lon="-118.39568"/>
   <point lat="34.16852" lon="-118.38228"/>
   <point lat="34.16846" lon="-118.37799"/>
  </path>
  <path>
   <point lat="34.17288" lon="-118.42292"/>
   <point lat="34.17322" lon="-118.42324"/>
   <point lat="34.17778" lon="-118.42819"/>
   <point lat="34.17916" lon="-118.4296"/>
   <point lat="34.17928" lon="-118.42984"/>
   <point lat="34.17947" lon="-118.43016"/>
   <point lat="34.17973" lon="-118.4307"/>
   <point lat="34.1799899" lon="-118.43113"/>
   <point lat="34.1801699" lon="-118.4315"/>
   <point lat="34.18025" lon="-118.43175"/>
   <point lat="34.1804599" lon="-118.43258"/>
   <point lat="34.18052" lon="-118.43288"/>
   <point lat="34.18056" lon="-118.43318"/>
   <point lat="34.18062" lon="-118.4338"/>
   <point lat="34.18063" lon="-118.43411"/>
   <point lat="34.1806399" lon="-118.43469"/>
   <point lat="34.18063" lon="-118.43578"/>
   <point lat="34.1806399" lon="-118.43617"/>
   <point lat="34.18062" lon="-118.44065"/>
   <point lat="34.18063" lon="-118.44114"/>
   <point lat="34.18061" lon="-118.44514"/>
   <point lat="34.1806399" lon="-118.44826"/>
  </path>
  <path>
   <point lat="34.18747" lon="-118.57166"/>
   <point lat="34.18798" lon="-118.57334"/>
   <point lat="34.18821" lon="-118.5741"/>
   <point lat="34.1883399" lon="-118.57461"/>
   <point lat="34.18848" lon="-118.57529"/>
   <point lat="34.18857" lon="-118.57587"/>
   <point lat="34.18866" lon="-118.57684"/>
   <point lat="34.18868" lon="-118.57741"/>
   <point lat="34.18866" lon="-118.58549"/>
   <point lat="34.18874" lon="-118.58925"/>
   <point lat="34.18864" lon="-118.59066"/>
   <point lat="34.18864" lon="-118.59111"/>
   <point lat="34.18868" lon="-118.59161"/>
   <point lat="34.18873" lon="-118.59195"/>
   <point lat="34.18886" lon="-118.59269"/>
   <point lat="34.18889" lon="-118.59282"/>
   <point lat="34.189" lon="-118.59322"/>
   <point lat="34.18913" lon="-118.59359"/>
   <point lat="34.18934" lon="-118.59407"/>
   <point lat="34.18957" lon="-118.59449"/>
   <point lat="34.19015" lon="-118.59529"/>
   <point lat="34.1906" lon="-118.59682"/>
  </path>
  <path>
   <point lat="34.16846" lon="-118.37799"/>
   <point lat="34.16852" lon="-118.37744"/>
   <point lat="34.1685299" lon="-118.37737"/>
   <point lat="34.16855" lon="-118.37732"/>
   <point lat="34.16859" lon="-118.37728"/>
   <point lat="34.16863" lon="-118.37727"/>
   <point lat="34.16867" lon="-118.37727"/>
   <point lat="34.1687" lon="-118.37728"/>
   <point lat="34.16874" lon="-118.37732"/>
   <point lat="34.16876" lon="-118.37735"/>
   <point lat="34.16876" lon="-118.3774"/>
   <point lat="34.16877" lon="-118.37746"/>
   <point lat="34.16874" lon="-118.37766"/>
   <point lat="34.16872" lon="-118.37775"/>
   <point lat="34.1687" lon="-118.37781"/>
   <point lat="34.16852" lon="-118.38228"/>
   <point lat="34.16857" lon="-118.3973"/>
   <point lat="34.16851" lon="-118.39873"/>
   <point lat="34.16849" lon="-118.41543"/>
   <point lat="34.16851" lon="-118.41586"/>
   <point lat="34.16855" lon="-118.41617"/>
   <point lat="34.16869" lon="-118.41708"/>
   <point lat="34.16884" lon="-118.41754"/>
   <point lat="34.1691999" lon="-118.41849"/>
   <point lat="34.16931" lon="-118.41871"/>
   <point lat="34.16944" lon="-118.41887"/>
   <point lat="34.1697" lon="-118.41929"/>
   <point lat="34.17024" lon="-118.41998"/>
   <point lat="34.17146" lon="-118.42133"/>
   <point lat="34.17169" lon="-118.42168"/>
   <point lat="34.17176" lon="-118.42191"/>
   <point lat="34.17189" lon="-118.42223"/>
   <point lat="34.172" lon="-118.42244"/>
   <point lat="34.1721999" lon="-118.42259"/>
   <point lat="34.17288" lon="-118.42292"/>
  </path>
  <path>
   <point lat="34.17288" lon="-118.42292"/>
   <point lat="34.17322" lon="-118.42324"/>
   <point lat="34.17916" lon="-118.4296"/>
   <point lat="34.17947" lon="-118.43016"/>
   <point lat="34.17973" lon="-118.4307"/>
   <point lat="34.1799899" lon="-118.43113"/>
   <point lat="34.1801699" lon="-118.4315"/>
   <point lat="34.18025" lon="-118.43175"/>
   <point lat="34.1804599" lon="-118.43258"/>
   <point lat="34.18052" lon="-118.43288"/>
   <point lat="34.18056" lon="-118.43318"/>
   <point lat="34.18062" lon="-118.4338"/>
   <point lat="34.18063" lon="-118.43411"/>
   <point lat="34.1806399" lon="-118.43469"/>
   <point lat="34.18063" lon="-118.43578"/>
   <point lat="34.1806399" lon="-118.43617"/>
   <point lat="34.18062" lon="-118.44065"/>
   <point lat="34.18063" lon="-118.44114"/>
   <point lat="34.18061" lon="-118.44514"/>
   <point lat="34.1806399" lon="-118.44826"/>
  </path>
  <path>
   <point lat="34.19124" lon="-118.59614"/>
   <point lat="34.19165" lon="-118.59654"/>
   <point lat="34.1918999" lon="-118.59665"/>
   <point lat="34.19236" lon="-118.59687"/>
   <point lat="34.19341" lon="-118.59711"/>
   <point lat="34.1937799" lon="-118.59718"/>
   <point lat="34.19941" lon="-118.5972"/>
   <point lat="34.20057" lon="-118.59706"/>
   <point lat="34.20394" lon="-118.5972"/>
   <point lat="34.22049" lon="-118.59717"/>
   <point lat="34.23485" lon="-118.59726"/>
   <point lat="34.23613" lon="-118.59719"/>
  </path>
  <path>
   <point lat="34.18619" lon="-118.48285"/>
   <point lat="34.18623" lon="-118.48123"/>
   <point lat="34.18624" lon="-118.47685"/>
   <point lat="34.18622" lon="-118.47645"/>
   <point lat="34.18615" lon="-118.4759"/>
   <point lat="34.18606" lon="-118.47543"/>
   <point lat="34.18595" lon="-118.47502"/>
   <point lat="34.18575" lon="-118.47451"/>
   <point lat="34.18564" lon="-118.47428"/>
   <point lat="34.1854299" lon="-118.47387"/>
   <point lat="34.18517" lon="-118.47348"/>
   <point lat="34.18497" lon="-118.47323"/>
   <point lat="34.18481" lon="-118.47306"/>
   <point lat="34.18464" lon="-118.47291"/>
   <point lat="34.18238" lon="-118.47131"/>
   <point lat="34.18208" lon="-118.47105"/>
   <point lat="34.18171" lon="-118.47067"/>
   <point lat="34.18068" lon="-118.46872"/>
   <point lat="34.18067" lon="-118.46842"/>
   <point lat="34.18059" lon="-118.46803"/>
   <point lat="34.18054" lon="-118.46769"/>
   <point lat="34.18052" lon="-118.46736"/>
   <point lat="34.18051" lon="-118.46554"/>
   <point lat="34.18053" lon="-118.46263"/>
   <point lat="34.1805" lon="-118.44784"/>
  </path>
  <path>
   <point lat="34.18034" lon="-118.53524"/>
   <point lat="34.1804" lon="-118.53167"/>
   <point lat="34.18044" lon="-118.5154"/>
   <point lat="34.18048" lon="-118.51475"/>
   <point lat="34.1805499" lon="-118.51426"/>
   <point lat="34.18067" lon="-118.51375"/>
   <point lat="34.18082" lon="-118.5133"/>
   <point lat="34.18104" lon="-118.51282"/>
   <point lat="34.18127" lon="-118.51243"/>
   <point lat="34.18157" lon="-118.51202"/>
   <point lat="34.18183" lon="-118.51172"/>
   <point lat="34.1821" lon="-118.51146"/>
   <point lat="34.18294" lon="-118.51083"/>
   <point lat="34.1831699" lon="-118.51065"/>
   <point lat="34.18353" lon="-118.51039"/>
   <point lat="34.1840199" lon="-118.51005"/>
   <point lat="34.1843999" lon="-118.50977"/>
   <point lat="34.18468" lon="-118.50953"/>
   <point lat="34.18494" lon="-118.50927"/>
   <point lat="34.18523" lon="-118.5089"/>
   <point lat="34.18541" lon="-118.50863"/>
   <point lat="34.18557" lon="-118.50834"/>
   <point lat="34.18569" lon="-118.50809"/>
   <point lat="34.18583" lon="-118.50772"/>
   <point lat="34.18594" lon="-118.50736"/>
   <point lat="34.18602" lon="-118.50697"/>
   <point lat="34.1860799" lon="-118.50649"/>
   <point lat="34.1861" lon="-118.50605"/>
   <point lat="34.18609" lon="-118.50582"/>
   <point lat="34.18607" lon="-118.50554"/>
   <point lat="34.18598" lon="-118.50484"/>
   <point lat="34.18595" lon="-118.50466"/>
   <point lat="34.18592" lon="-118.50426"/>
   <point lat="34.18592" lon="-118.50285"/>
   <point lat="34.18592" lon="-118.50089"/>
   <point lat="34.18588" lon="-118.50031"/>
   <point lat="34.18613" lon="-118.49874"/>
   <point lat="34.18619" lon="-118.49842"/>
   <point lat="34.18622" lon="-118.49808"/>
   <point lat="34.18623" lon="-118.49771"/>
   <point lat="34.18622" lon="-118.49541"/>
   <point lat="34.18623" lon="-118.49427"/>
   <point lat="34.18619" lon="-118.48285"/>
  </path>
  <path>
   <point lat="34.18747" lon="-118.57166"/>
   <point lat="34.18798" lon="-118.57334"/>
   <point lat="34.18821" lon="-118.5741"/>
   <point lat="34.1883399" lon="-118.57461"/>
   <point lat="34.18848" lon="-118.57529"/>
   <point lat="34.18857" lon="-118.57587"/>
   <point lat="34.18866" lon="-118.57684"/>
   <point lat="34.18868" lon="-118.57741"/>
   <point lat="34.18866" lon="-118.58549"/>
   <point lat="34.18874" lon="-118.58925"/>
   <point lat="34.18864" lon="-118.59066"/>
   <point lat="34.18864" lon="-118.59111"/>
   <point lat="34.18868" lon="-118.59161"/>
   <point lat="34.18873" lon="-118.59195"/>
   <point lat="34.18886" lon="-118.59269"/>
   <point lat="34.18889" lon="-118.59282"/>
   <point lat="34.189" lon="-118.59322"/>
   <point lat="34.18913" lon="-118.59359"/>
   <point lat="34.18934" lon="-118.59407"/>
   <point lat="34.18957" lon="-118.59449"/>
   <point lat="34.19015" lon="-118.59529"/>
   <point lat="34.19038" lon="-118.59558"/>
   <point lat="34.1904899" lon="-118.59575"/>
   <point lat="34.1908699" lon="-118.59599"/>
   <point lat="34.19124" lon="-118.59614"/>
  </path>
  <path>
   <point lat="34.19097" lon="-118.59624"/>
   <point lat="34.1904899" lon="-118.59575"/>
   <point lat="34.19038" lon="-118.59558"/>
   <point lat="34.19015" lon="-118.59529"/>
   <point lat="34.18957" lon="-118.59449"/>
   <point lat="34.18934" lon="-118.59407"/>
   <point lat="34.18913" lon="-118.59359"/>
   <point lat="34.189" lon="-118.59322"/>
   <point lat="34.18889" lon="-118.59282"/>
   <point lat="34.18886" lon="-118.59269"/>
   <point lat="34.18873" lon="-118.59195"/>
   <point lat="34.18868" lon="-118.59161"/>
   <point lat="34.18864" lon="-118.59111"/>
   <point lat="34.18865" lon="-118.5883"/>
   <point lat="34.18857" lon="-118.58766"/>
   <point lat="34.18866" lon="-118.58549"/>
   <point lat="34.18868" lon="-118.57741"/>
   <point lat="34.18866" lon="-118.57684"/>
   <point lat="34.18857" lon="-118.57587"/>
   <point lat="34.18848" lon="-118.57529"/>
   <point lat="34.1883399" lon="-118.57461"/>
   <point lat="34.18821" lon="-118.5741"/>
   <point lat="34.18798" lon="-118.57334"/>
   <point lat="34.18723" lon="-118.5711"/>
   <point lat="34.1871099" lon="-118.57079"/>
   <point lat="34.18687" lon="-118.57021"/>
  </path>
  <path>
   <point lat="34.1906" lon="-118.59682"/>
   <point lat="34.19051" lon="-118.59747"/>
   <point lat="34.1918999" lon="-118.59747"/>
   <point lat="34.1918999" lon="-118.59665"/>
   <point lat="34.19165" lon="-118.59654"/>
   <point lat="34.19097" lon="-118.59624"/>
   <point lat="34.1904899" lon="-118.59575"/>
   <point lat="34.19038" lon="-118.59558"/>
   <point lat="34.19015" lon="-118.59529"/>
   <point lat="34.18957" lon="-118.59449"/>
   <point lat="34.18934" lon="-118.59407"/>
   <point lat="34.18913" lon="-118.59359"/>
   <point lat="34.189" lon="-118.59322"/>
   <point lat="34.18889" lon="-118.59282"/>
   <point lat="34.18886" lon="-118.59269"/>
   <point lat="34.18873" lon="-118.59195"/>
   <point lat="34.18868" lon="-118.59161"/>
   <point lat="34.18864" lon="-118.59111"/>
   <point lat="34.18865" lon="-118.5883"/>
   <point lat="34.18857" lon="-118.58766"/>
   <point lat="34.18866" lon="-118.58549"/>
   <point lat="34.18868" lon="-118.57741"/>
   <point lat="34.18866" lon="-118.57684"/>
   <point lat="34.18857" lon="-118.57587"/>
   <point lat="34.18848" lon="-118.57529"/>
   <point lat="34.1883399" lon="-118.57461"/>
   <point lat="34.18821" lon="-118.5741"/>
   <point lat="34.18798" lon="-118.57334"/>
   <point lat="34.18723" lon="-118.5711"/>
   <point lat="34.1871099" lon="-118.57079"/>
   <point lat="34.18687" lon="-118.57021"/>
  </path>
  <path>
   <point lat="34.23613" lon="-118.59719"/>
   <point lat="34.24057" lon="-118.59728"/>
   <point lat="34.24347" lon="-118.5973"/>
   <point lat="34.24379" lon="-118.59731"/>
   <point lat="34.24459" lon="-118.59792"/>
   <point lat="34.24489" lon="-118.59812"/>
   <point lat="34.24672" lon="-118.59894"/>
   <point lat="34.24734" lon="-118.59924"/>
   <point lat="34.24787" lon="-118.59945"/>
   <point lat="34.24822" lon="-118.59958"/>
   <point lat="34.24851" lon="-118.59965"/>
   <point lat="34.24873" lon="-118.59967"/>
   <point lat="34.24885" lon="-118.59966"/>
   <point lat="34.24972" lon="-118.59928"/>
   <point lat="34.25236" lon="-118.59903"/>
   <point lat="34.2524" lon="-118.59911"/>
   <point lat="34.2524" lon="-118.59918"/>
   <point lat="34.25236" lon="-118.59927"/>
   <point lat="34.25207" lon="-118.59933"/>
  </path>
  <path>
   <point lat="34.25207" lon="-118.59933"/>
   <point lat="34.25015" lon="-118.59909"/>
   <point lat="34.24885" lon="-118.59966"/>
   <point lat="34.24873" lon="-118.59967"/>
   <point lat="34.24851" lon="-118.59965"/>
   <point lat="34.24822" lon="-118.59958"/>
   <point lat="34.24787" lon="-118.59945"/>
   <point lat="34.24734" lon="-118.59924"/>
   <point lat="34.24672" lon="-118.59894"/>
   <point lat="34.24489" lon="-118.59812"/>
   <point lat="34.24459" lon="-118.59792"/>
   <point lat="34.24379" lon="-118.59731"/>
   <point lat="34.24347" lon="-118.5973"/>
   <point lat="34.24057" lon="-118.59728"/>
   <point lat="34.23613" lon="-118.59725"/>
   <point lat="34.23469" lon="-118.59733"/>
  </path>
  <path>
   <point lat="34.18629" lon="-118.48443"/>
   <point lat="34.18623" lon="-118.49427"/>
   <point lat="34.18622" lon="-118.49541"/>
   <point lat="34.18623" lon="-118.49771"/>
   <point lat="34.18622" lon="-118.49808"/>
   <point lat="34.18619" lon="-118.49842"/>
   <point lat="34.18613" lon="-118.49874"/>
   <point lat="34.18597" lon="-118.50072"/>
   <point lat="34.18592" lon="-118.50285"/>
   <point lat="34.18592" lon="-118.50426"/>
   <point lat="34.18595" lon="-118.50466"/>
   <point lat="34.18598" lon="-118.50484"/>
   <point lat="34.18607" lon="-118.50554"/>
   <point lat="34.18609" lon="-118.50582"/>
   <point lat="34.1861" lon="-118.50605"/>
   <point lat="34.1860799" lon="-118.50649"/>
   <point lat="34.18602" lon="-118.50697"/>
   <point lat="34.18594" lon="-118.50736"/>
   <point lat="34.18583" lon="-118.50772"/>
   <point lat="34.18569" lon="-118.50809"/>
   <point lat="34.18557" lon="-118.50834"/>
   <point lat="34.18541" lon="-118.50863"/>
   <point lat="34.18523" lon="-118.5089"/>
   <point lat="34.18494" lon="-118.50927"/>
   <point lat="34.18468" lon="-118.50953"/>
   <point lat="34.1843999" lon="-118.50977"/>
   <point lat="34.1840199" lon="-118.51005"/>
   <point lat="34.18353" lon="-118.51039"/>
   <point lat="34.1831699" lon="-118.51065"/>
   <point lat="34.18294" lon="-118.51083"/>
   <point lat="34.1821" lon="-118.51146"/>
   <point lat="34.18183" lon="-118.51172"/>
   <point lat="34.18157" lon="-118.51202"/>
   <point lat="34.18127" lon="-118.51243"/>
   <point lat="34.18104" lon="-118.51282"/>
   <point lat="34.18082" lon="-118.5133"/>
   <point lat="34.18067" lon="-118.51375"/>
   <point lat="34.1805499" lon="-118.51426"/>
   <point lat="34.18048" lon="-118.51475"/>
   <point lat="34.18044" lon="-118.5154"/>
   <point lat="34.1804" lon="-118.53167"/>
   <point lat="34.18044" lon="-118.5368"/>
  </path>
  <path>
   <point lat="34.23469" lon="-118.59733"/>
   <point lat="34.23371" lon="-118.59726"/>
   <point lat="34.21905" lon="-118.59729"/>
   <point lat="34.21558" lon="-118.59724"/>
   <point lat="34.20394" lon="-118.5972"/>
   <point lat="34.20028" lon="-118.5972"/>
   <point lat="34.19941" lon="-118.5972"/>
   <point lat="34.1937799" lon="-118.59718"/>
   <point lat="34.19341" lon="-118.59711"/>
   <point lat="34.19236" lon="-118.59687"/>
   <point lat="34.1918999" lon="-118.59665"/>
   <point lat="34.19165" lon="-118.59654"/>
   <point lat="34.19097" lon="-118.59624"/>
  </path>
  <path>
   <point lat="34.18629" lon="-118.48443"/>
   <point lat="34.18623" lon="-118.49427"/>
   <point lat="34.18597" lon="-118.50072"/>
   <point lat="34.18592" lon="-118.50285"/>
   <point lat="34.18592" lon="-118.50426"/>
   <point lat="34.18595" lon="-118.50466"/>
   <point lat="34.18598" lon="-118.50484"/>
   <point lat="34.18607" lon="-118.50554"/>
   <point lat="34.18609" lon="-118.50582"/>
   <point lat="34.1861" lon="-118.50605"/>
   <point lat="34.1860799" lon="-118.50649"/>
   <point lat="34.18602" lon="-118.50697"/>
   <point lat="34.18594" lon="-118.50736"/>
   <point lat="34.18583" lon="-118.50772"/>
   <point lat="34.18569" lon="-118.50809"/>
   <point lat="34.18557" lon="-118.50834"/>
   <point lat="34.18541" lon="-118.50863"/>
   <point lat="34.18523" lon="-118.5089"/>
   <point lat="34.18494" lon="-118.50927"/>
   <point lat="34.18468" lon="-118.50953"/>
   <point lat="34.1840199" lon="-118.51005"/>
   <point lat="34.18353" lon="-118.51039"/>
   <point lat="34.1831699" lon="-118.51065"/>
   <point lat="34.18294" lon="-118.51083"/>
   <point lat="34.1821" lon="-118.51146"/>
   <point lat="34.18183" lon="-118.51172"/>
   <point lat="34.18157" lon="-118.51202"/>
   <point lat="34.18127" lon="-118.51243"/>
   <point lat="34.18104" lon="-118.51282"/>
   <point lat="34.18082" lon="-118.5133"/>
   <point lat="34.18067" lon="-118.51375"/>
   <point lat="34.1805499" lon="-118.51426"/>
   <point lat="34.18048" lon="-118.51475"/>
   <point lat="34.18044" lon="-118.5154"/>
   <point lat="34.18044" lon="-118.5368"/>
  </path>
  <path>
   <point lat="34.18044" lon="-118.5368"/>
   <point lat="34.18039" lon="-118.54154"/>
   <point lat="34.18037" lon="-118.54901"/>
   <point lat="34.18038" lon="-118.54948"/>
   <point lat="34.18043" lon="-118.55017"/>
   <point lat="34.1804599" lon="-118.55049"/>
   <point lat="34.18057" lon="-118.55113"/>
   <point lat="34.1806399" lon="-118.55146"/>
   <point lat="34.1808" lon="-118.55207"/>
   <point lat="34.18156" lon="-118.55419"/>
   <point lat="34.18193" lon="-118.55544"/>
   <point lat="34.18649" lon="-118.56896"/>
   <point lat="34.18747" lon="-118.57166"/>
  </path>
 </route>
</body>