<?xml version="1.0" encoding="utf-8"?>
<body copyright="All data copyright Los Angeles Metro 2022.">
 <route color="e74d00" latMax="34.2278699" latMin="34.14896" lonMax="-118.3486199" lonMin="-118.6570399" oppositeColor="ffffff" tag="169" title="169 Warner Ctr-Burbank Airpt Via Valley">
  <stop lat="34.2252999" lon="-118.44064" stopId="00692" tag="692" title="Chase / Hazeltine"/>
  <stop lat="34.22485" lon="-118.4431899" stopId="00693" tag="693" title="Chase / Katherine"/>
  <stop lat="34.22471" lon="-118.4461199" stopId="00694" tag="694" title="Chase / Lennox"/>
  <stop lat="34.2277999" lon="-118.4345399" stopId="00697" tag="697" title="Chase / Woodman"/>
  <stop lat="34.2039999" lon="-118.63201" stopId="01069" tag="1069" title="Woodlake / Medical Center"/>
  <stop lat="34.1971499" lon="-118.6232399" stopId="01867" tag="1867" title="Fallbrook / Marlin Pl"/>
  <stop lat="34.1939999" lon="-118.62322" stopId="01874" tag="1874" title="Fallbrook / Vanowen"/>
  <stop lat="34.2083699" lon="-118.45763" stopId="02099" tag="2099" title="Saticoy / Kester"/>
  <stop lat="34.20816" lon="-118.49454" stopId="02423" tag="2423" title="Hayvenhurst / Saticoy"/>
  <stop lat="34.2050099" lon="-118.4945199" stopId="02424" tag="2424" title="Hayvenhurst / Valerio"/>
  <stop lat="34.20827" lon="-118.35346" stopId="03253" tag="3253" title="San Fernando / Lockheed"/>
  <stop lat="34.1492099" lon="-118.61172" stopId="03321" tag="3321" title="Mulholland / Mulholland"/>
  <stop lat="34.2195199" lon="-118.60682" stopId="03513" tag="3513" title="Roscoe / Topanga Canyon"/>
  <stop lat="34.2052" lon="-118.3492099" stopId="03621" tag="3621" title="Burbank Airport North"/>
  <stop lat="34.19948" lon="-118.3489799" stopId="03631" tag="3631" title="Hollywood Way / Winona"/>
  <stop lat="34.17892" lon="-118.6054" stopId="04190" tag="4190" title="Topanga Canyon / Oxnard"/>
  <stop lat="34.1910999" lon="-118.59731" stopId="05505" tag="5505" title="Rocketdyne Layover"/>
  <stop lat="34.21023" lon="-118.35625" stopId="05820" tag="5820" title="San Fernando / Arvilla"/>
  <stop lat="34.2055599" lon="-118.4096199" stopId="06069" tag="6069" title="Saticoy / Bellaire"/>
  <stop lat="34.20829" lon="-118.5051699" stopId="06071" tag="6071" title="Saticoy / Amestoy"/>
  <stop lat="34.20787" lon="-118.42123" stopId="06072" tag="6072" title="Saticoy / Atoll"/>
  <stop lat="34.2082999" lon="-118.5013" stopId="06073" tag="6073" title="Saticoy / Balboa"/>
  <stop lat="34.20837" lon="-118.38357" stopId="06074" tag="6074" title="Saticoy / Beck"/>
  <stop lat="34.20817" lon="-118.5976599" stopId="06075" tag="6075" title="Saticoy / Canoga"/>
  <stop lat="34.20656" lon="-118.41457" stopId="06076" tag="6076" title="Saticoy / Coldwater Canyon"/>
  <stop lat="34.20823" lon="-118.56194" stopId="06077" tag="6077" title="Saticoy / Corbin"/>
  <stop lat="34.20818" lon="-118.58815" stopId="06078" tag="6078" title="Saticoy / De Soto"/>
  <stop lat="34.20828" lon="-118.5138999" stopId="06080" tag="6080" title="Saticoy / Encino"/>
  <stop lat="34.2073" lon="-118.41834" stopId="06081" tag="6081" title="Saticoy / Ethel"/>
  <stop lat="34.20828" lon="-118.5318499" stopId="06082" tag="6082" title="Saticoy / Etiwanda"/>
  <stop lat="34.20836" lon="-118.37484" stopId="06083" tag="6083" title="Saticoy / Fair"/>
  <stop lat="34.20813" lon="-118.62359" stopId="06084" tag="6084" title="Saticoy / Fallbrook"/>
  <stop lat="34.2081499" lon="-118.61048" stopId="06086" tag="6086" title="Saticoy / Farralone"/>
  <stop lat="34.20835" lon="-118.4794699" stopId="06087" tag="6087" title="Saticoy / Gloria"/>
  <stop lat="34.20835" lon="-118.4745899" stopId="06088" tag="6088" title="Saticoy / Haskell"/>
  <stop lat="34.20837" lon="-118.38803" stopId="06090" tag="6090" title="Saticoy / Lankershim"/>
  <stop lat="34.2083799" lon="-118.39667" stopId="06091" tag="6091" title="Saticoy / Laurel Canyon"/>
  <stop lat="34.20829" lon="-118.5269899" stopId="06092" tag="6092" title="Saticoy / Lindley"/>
  <stop lat="34.2082899" lon="-118.50953" stopId="06093" tag="6093" title="Saticoy / Louise"/>
  <stop lat="34.20819" lon="-118.5837799" stopId="06094" tag="6094" title="Saticoy / Lurline"/>
  <stop lat="34.20821" lon="-118.57942" stopId="06095" tag="6095" title="Saticoy / Mason"/>
  <stop lat="34.20836" lon="-118.46149" stopId="06096" tag="6096" title="Saticoy / Noble"/>
  <stop lat="34.20822" lon="-118.5667899" stopId="06097" tag="6097" title="Saticoy / Oakdale"/>
  <stop lat="34.20835" lon="-118.4707299" stopId="06098" tag="6098" title="Saticoy / Orion"/>
  <stop lat="34.20821" lon="-118.57554" stopId="06099" tag="6099" title="Saticoy / Oso"/>
  <stop lat="34.20817" lon="-118.6012599" stopId="06100" tag="6100" title="Saticoy / Owensmouth"/>
  <stop lat="34.2083799" lon="-118.3918899" stopId="06101" tag="6101" title="Saticoy / Radford"/>
  <stop lat="34.2082799" lon="-118.53621" stopId="06102" tag="6102" title="Saticoy / Reseda"/>
  <stop lat="34.20826" lon="-118.5413499" stopId="06103" tag="6103" title="Saticoy / Rhea"/>
  <stop lat="34.20813" lon="-118.6192199" stopId="06105" tag="6105" title="Saticoy / Sale"/>
  <stop lat="34.20836" lon="-118.4658599" stopId="06106" tag="6106" title="Saticoy / Sepulveda"/>
  <stop lat="34.20838" lon="-118.4024999" stopId="06107" tag="6107" title="Saticoy / Shadyglade"/>
  <stop lat="34.2082499" lon="-118.55758" stopId="06108" tag="6108" title="Saticoy / Shirley"/>
  <stop lat="34.20814" lon="-118.6148599" stopId="06109" tag="6109" title="Saticoy / Shoup"/>
  <stop lat="34.20825" lon="-118.55369" stopId="06110" tag="6110" title="Saticoy / Tampa"/>
  <stop lat="34.20837" lon="-118.4521699" stopId="06111" tag="6111" title="Saticoy / Tobias"/>
  <stop lat="34.2081599" lon="-118.60563" stopId="06112" tag="6112" title="Saticoy / Topanga Canyon"/>
  <stop lat="34.2083699" lon="-118.3792099" stopId="06113" tag="6113" title="Saticoy / Tujunga"/>
  <stop lat="34.20826" lon="-118.5488199" stopId="06114" tag="6114" title="Saticoy / Vanalden"/>
  <stop lat="34.2081799" lon="-118.59302" stopId="06115" tag="6115" title="Saticoy / Variel"/>
  <stop lat="34.2086" lon="-118.42491" stopId="06116" tag="6116" title="Saticoy / Varna"/>
  <stop lat="34.20828" lon="-118.5187599" stopId="06117" tag="6117" title="Saticoy / White Oak"/>
  <stop lat="34.20826" lon="-118.54497" stopId="06118" tag="6118" title="Saticoy / Wilbur"/>
  <stop lat="34.2082199" lon="-118.57067" stopId="06119" tag="6119" title="Saticoy / Winnetka"/>
  <stop lat="34.2083499" lon="-118.48334" stopId="06120" tag="6120" title="Saticoy / Woodley"/>
  <stop lat="34.20829" lon="-118.52313" stopId="06121" tag="6121" title="Saticoy / Zelzah"/>
  <stop lat="34.20104" lon="-118.49206" stopId="06207" tag="6207" title="Sherman Way / Hayvenhurst"/>
  <stop lat="34.1717" lon="-118.6059599" stopId="06568" tag="6568" title="Topanga Canyon / Burbank"/>
  <stop lat="34.1746899" lon="-118.60592" stopId="06580" tag="6580" title="Topanga Canyon / Collins"/>
  <stop lat="34.1866799" lon="-118.60604" stopId="06598" tag="6598" title="Topanga Canyon / Victory"/>
  <stop lat="34.1883599" lon="-118.65527" stopId="06740" tag="6740" title="Valley Circle / Hamlin"/>
  <stop lat="34.1906399" lon="-118.6562699" stopId="06741" tag="6741" title="Valley Circle / Kittridge"/>
  <stop lat="34.1715399" lon="-118.64522" stopId="06742" tag="6742" title="Valley Circle / Burbank"/>
  <stop lat="34.17873" lon="-118.65481" stopId="06754" tag="6754" title="Valley Circle / Valerie"/>
  <stop lat="34.19486" lon="-118.65654" stopId="06755" tag="6755" title="Vanowen / Valley Circle"/>
  <stop lat="34.21362" lon="-118.4486199" stopId="06771" tag="6771" title="Van Nuys / Arminta"/>
  <stop lat="34.2155" lon="-118.4486099" stopId="06773" tag="6773" title="Van Nuys / Blythe"/>
  <stop lat="34.2182299" lon="-118.4486" stopId="06793" tag="6793" title="Van Nuys / Lanark"/>
  <stop lat="34.2218199" lon="-118.4486" stopId="06809" tag="6809" title="Van Nuys / Roscoe"/>
  <stop lat="34.2099799" lon="-118.44861" stopId="06811" tag="6811" title="Van Nuys / Keswick"/>
  <stop lat="34.1935799" lon="-118.63472" stopId="06828" tag="6828" title="Vanowen / Berquist"/>
  <stop lat="34.1935999" lon="-118.62734" stopId="06856" tag="6856" title="Vanowen / Lena"/>
  <stop lat="34.1933799" lon="-118.6461799" stopId="06866" tag="6866" title="Vanowen / Peterson"/>
  <stop lat="34.19312" lon="-118.64217" stopId="06867" tag="6867" title="Vanowen / Platt"/>
  <stop lat="34.19438" lon="-118.65329" stopId="06875" tag="6875" title="Vanowen / Sheltondale"/>
  <stop lat="34.19358" lon="-118.6316599" stopId="06894" tag="6894" title="Vanowen / Woodlake"/>
  <stop lat="34.1884799" lon="-118.59781" stopId="07120" tag="7120" title="Victory / Canoga"/>
  <stop lat="34.2159799" lon="-118.37016" stopId="07212" tag="7212" title="Vineland / Strathern"/>
  <stop lat="34.2062499" lon="-118.63203" stopId="08497" tag="8497" title="Woodlake / Cohasset"/>
  <stop lat="34.20145" lon="-118.4835099" stopId="08518" tag="8518" title="Woodley / Sherman Way"/>
  <stop lat="34.2196899" lon="-118.4321399" stopId="08535" tag="8535" title="Woodman / Lanark"/>
  <stop lat="34.2124199" lon="-118.4310799" stopId="08538" tag="8538" title="Woodman / Ranchito"/>
  <stop lat="34.2214499" lon="-118.43289" stopId="08541" tag="8541" title="Woodman / Roscoe"/>
  <stop lat="34.21549" lon="-118.4310599" stopId="08545" tag="8545" title="Woodman / Strathern"/>
  <stop lat="34.2178999" lon="-118.4310899" stopId="08550" tag="8550" title="Woodman / Willard"/>
  <stop lat="34.15808" lon="-118.63551" stopId="08891" tag="8891" title="Mulholland / Ave San Luis"/>
  <stop lat="34.2263199" lon="-118.43743" stopId="09257" tag="9257" title="Chase / Ranchito"/>
  <stop lat="34.2027499" lon="-118.34893" stopId="11036" tag="11036" title="Hollywood Way / Tulare"/>
  <stop lat="34.22451" lon="-118.4486" stopId="11252" tag="11252" title="Van Nuys / Chase"/>
  <stop lat="34.1500299" lon="-118.6180899" stopId="11804" tag="11804" title="Mulholland / Flamingo"/>
  <stop lat="34.1526099" lon="-118.6300199" stopId="11805" tag="11805" title="Mulholland / Deseret"/>
  <stop lat="34.1514099" lon="-118.6261099" stopId="11809" tag="11809" title="Mulholland / Willens"/>
  <stop lat="34.1951399" lon="-118.34905" stopId="12111" tag="12111" title="Hollywood Way / Thornton"/>
  <stop lat="34.21586" lon="-118.36452" stopId="14228" tag="14228" title="San Fernando / Clybourn"/>
  <stop lat="34.21882" lon="-118.36885" stopId="14229" tag="14229" title="San Fernando / Sunland"/>
  <stop lat="34.2052999" lon="-118.40599" stopId="14452" tag="14452" title="Whitsett / Saticoy"/>
  <stop lat="34.20812" lon="-118.6279299" stopId="14486" tag="14486" title="Saticoy / Royer"/>
  <stop lat="34.2010699" lon="-118.62992" stopId="14562" tag="14562" title="Sherman / Medical Center"/>
  <stop lat="34.2011199" lon="-118.62373" stopId="14584" tag="14584" title="Sherman Way / Fallbrook"/>
  <stop lat="34.2010299" lon="-118.6281499" stopId="14603" tag="14603" title="Sherman Way / Royer"/>
  <stop lat="34.1640599" lon="-118.6059899" stopId="14941" tag="14941" title="Topanga Canyon / De La Guerra"/>
  <stop lat="34.15705" lon="-118.60597" stopId="14943" tag="14943" title="Topanga Canyon / Dumetz"/>
  <stop lat="34.18298" lon="-118.60604" stopId="14946" tag="14946" title="Topanga Canyon / Erwin"/>
  <stop lat="34.1607599" lon="-118.60597" stopId="14950" tag="14950" title="Topanga Canyon / Lopez"/>
  <stop lat="34.16824" lon="-118.6059799" stopId="14967" tag="14967" title="Topanga Canyon / Ventura"/>
  <stop lat="34.15456" lon="-118.60595" stopId="14969" tag="14969" title="Topanga Canyon / Ybarra"/>
  <stop lat="34.1686999" lon="-118.6427" stopId="15096" tag="15096" title="Valley Circle / Mariano"/>
  <stop lat="34.1830399" lon="-118.6559" stopId="15098" tag="15098" title="Valley Circle / Calvert"/>
  <stop lat="34.16567" lon="-118.63998" stopId="15099" tag="15099" title="Valley Circle / Canzonet"/>
  <stop lat="34.17736" lon="-118.65259" stopId="15102" tag="15102" title="Valley Circle / El Canon"/>
  <stop lat="34.17443" lon="-118.6484" stopId="15107" tag="15107" title="Valley Circle / Hatteras"/>
  <stop lat="34.1937899" lon="-118.6497799" stopId="15187" tag="15187" title="Vanowen / Cleomoore"/>
  <stop lat="34.19303" lon="-118.6390699" stopId="15210" tag="15210" title="Vanowen / Lederer"/>
  <stop lat="34.18781" lon="-118.6017099" stopId="15495" tag="15495" title="Victory / Owensmouth"/>
  <stop lat="34.2087299" lon="-118.37016" stopId="15557" tag="15557" title="Vineland / Saticoy"/>
  <stop lat="34.20508" lon="-118.4835" stopId="16834" tag="16834" title="Woodley / Valerio"/>
  <stop lat="34.2262" lon="-118.43302" stopId="16859" tag="16859" title="Woodman / Branford"/>
  <stop lat="34.1513399" lon="-118.60493" stopId="20010" tag="20010" title="Topanga Canyon / Mulholland"/>
  <stop lat="34.15616" lon="-118.63406" stopId="20219" tag="20219" title="Mulholland / Spielberg"/>
  <stop lat="34.20839" lon="-118.40488" stopId="20321" tag="20321" title="Saticoy / Whitsett"/>
  <stop lat="34.20935" lon="-118.43073" stopId="20322" tag="20322" title="Saticoy / Woodman"/>
  <stop lat="34.18493" lon="-118.6556599" stopId="20424" tag="20424" title="Valley Circle / Victory"/>
  <stop lat="34.2119499" lon="-118.37016" stopId="24021" tag="24021" title="Vineland / Stagg"/>
  <stop lat="34.1934299" lon="-118.35145" tag="30021_ar" title="Burbank Airport Ritc"/>
  <stop lat="34.22658" lon="-118.4372199" stopId="00695" tag="695" title="Chase / Ranchito"/>
  <stop lat="34.22449" lon="-118.4489099" stopId="00696" tag="696" title="Van Nuys / Chase"/>
  <stop lat="34.20843" lon="-118.58881" stopId="01346" tag="1346" title="Saticoy / De Soto"/>
  <stop lat="34.20288" lon="-118.3486199" stopId="02499" tag="2499" title="Hollywood Way / Tulare"/>
  <stop lat="34.20818" lon="-118.35276" stopId="03252" tag="3252" title="San Fernando / Lockheed"/>
  <stop lat="34.15842" lon="-118.63631" stopId="03318" tag="3318" title="Mulholland / Calabasas"/>
  <stop lat="34.14974" lon="-118.62028" stopId="03320" tag="3320" title="Mulholland / Flamingo"/>
  <stop lat="34.1510699" lon="-118.60488" stopId="03323" tag="3323" title="Mulholland / Topanga Canyon"/>
  <stop lat="34.15244" lon="-118.63038" stopId="03324" tag="3324" title="Mulholland / Valmar"/>
  <stop lat="34.15134" lon="-118.62676" stopId="03325" tag="3325" title="Mulholland / Willens"/>
  <stop lat="34.2195199" lon="-118.60682" tag="3513_ar" title="Roscoe / Topanga Canyon"/>
  <stop lat="34.2058799" lon="-118.3493799" stopId="03567" tag="3567" title="Burbank Airport North"/>
  <stop lat="34.1964599" lon="-118.34873" stopId="03625" tag="3625" title="Hollywood Way / Thornton"/>
  <stop lat="34.1910999" lon="-118.59731" tag="5505_ar" title="Rocketdyne Layover"/>
  <stop lat="34.1907799" lon="-118.59731" stopId="05507" tag="5507" title="Canoga Station"/>
  <stop lat="34.2162199" lon="-118.3645099" stopId="05852" tag="5852" title="San Fernando / Clybourn"/>
  <stop lat="34.20517" lon="-118.40638" stopId="06070" tag="6070" title="Saticoy / Whitsett"/>
  <stop lat="34.20837" lon="-118.6280999" stopId="06104" tag="6104" title="Saticoy / Royer"/>
  <stop lat="34.20081" lon="-118.62793" stopId="06223" tag="6223" title="Sherman Way / Royer"/>
  <stop lat="34.1641899" lon="-118.60568" stopId="06570" tag="6570" title="Topanga Canyon / De La Guerra"/>
  <stop lat="34.1567699" lon="-118.60566" stopId="06572" tag="6572" title="Topanga Canyon / Dumetz"/>
  <stop lat="34.1827099" lon="-118.60573" stopId="06575" tag="6575" title="Topanga Canyon / Erwin"/>
  <stop lat="34.1613199" lon="-118.6056799" stopId="06579" tag="6579" title="Topanga Canyon / Lopez"/>
  <stop lat="34.1795199" lon="-118.6053599" stopId="06583" tag="6583" title="Topanga Canyon / Oxnard"/>
  <stop lat="34.1869499" lon="-118.60516" stopId="06597" tag="6597" title="Victory / Topanga Canyon"/>
  <stop lat="34.1546999" lon="-118.60565" stopId="06599" tag="6599" title="Topanga Canyon / Ybarra"/>
  <stop lat="34.16816" lon="-118.64263" stopId="06738" tag="6738" title="Valley Circle / Mariano"/>
  <stop lat="34.18252" lon="-118.6562699" stopId="06743" tag="6743" title="Valley Circle / Calvert"/>
  <stop lat="34.16541" lon="-118.64013" stopId="06744" tag="6744" title="Valley Circle / Canzonet"/>
  <stop lat="34.1770699" lon="-118.6525399" stopId="06746" tag="6746" title="Valley Circle / El Canon"/>
  <stop lat="34.17386" lon="-118.64815" stopId="06750" tag="6750" title="Valley Circle / Hatteras"/>
  <stop lat="34.18482" lon="-118.6559799" stopId="06756" tag="6756" title="Valley Circle / Victory"/>
  <stop lat="34.1941499" lon="-118.6503699" stopId="06831" tag="6831" title="Vanowen / Cleomoore"/>
  <stop lat="34.1932699" lon="-118.63873" stopId="06855" tag="6855" title="Vanowen / Schoolcraft"/>
  <stop lat="34.19475" lon="-118.6570399" stopId="06885" tag="6885" title="Valley Circle / Vanowen"/>
  <stop lat="34.18769" lon="-118.6011699" stopId="07148" tag="7148" title="Victory / Owensmouth"/>
  <stop lat="34.2079599" lon="-118.6323299" stopId="08498" tag="8498" title="Woodlake / Saticoy"/>
  <stop lat="34.2081699" lon="-118.48382" stopId="08517" tag="8517" title="Woodley / Saticoy"/>
  <stop lat="34.20131" lon="-118.48381" stopId="08519" tag="8519" title="Woodley / Sherman Way"/>
  <stop lat="34.2045299" lon="-118.48381" stopId="08525" tag="8525" title="Woodley / Valerio"/>
  <stop lat="34.22594" lon="-118.43264" stopId="08552" tag="8552" title="Woodman / Ventura Canyon"/>
  <stop lat="34.22551" lon="-118.4403699" stopId="09254" tag="9254" title="Chase / Hazeltine"/>
  <stop lat="34.22503" lon="-118.4428899" stopId="09255" tag="9255" title="Chase / Katherine"/>
  <stop lat="34.2248599" lon="-118.4457899" stopId="09256" tag="9256" title="Chase / Lennox"/>
  <stop lat="34.2278699" lon="-118.43472" stopId="09258" tag="9258" title="Chase / Woodman"/>
  <stop lat="34.1965999" lon="-118.6235399" stopId="10416" tag="10416" title="Fallbrook / Marlin Pl"/>
  <stop lat="34.20072" lon="-118.6235499" stopId="10421" tag="10421" title="Fallbrook / Sherman Way"/>
  <stop lat="34.1938499" lon="-118.6237" stopId="10424" tag="10424" title="Vanowen / Fallbrook"/>
  <stop lat="34.2046799" lon="-118.49421" stopId="10956" tag="10956" title="Hayvenhurst / Valerio"/>
  <stop lat="34.2025099" lon="-118.62956" stopId="11681" tag="11681" title="West Hills Medical Center"/>
  <stop lat="34.14896" lon="-118.61165" stopId="11807" tag="11807" title="Mulholland / Mulholland"/>
  <stop lat="34.1996099" lon="-118.34867" stopId="12116" tag="12116" title="Hollywood Way / Winona"/>
  <stop lat="34.21051" lon="-118.35619" stopId="14196" tag="14196" title="San Fernando / Arvilla"/>
  <stop lat="34.2056899" lon="-118.4092399" stopId="14451" tag="14451" title="Saticoy / Bellaire"/>
  <stop lat="34.20855" lon="-118.5058299" stopId="14453" tag="14453" title="Saticoy / Amestoy"/>
  <stop lat="34.2080899" lon="-118.4213399" stopId="14454" tag="14454" title="Saticoy / Atoll"/>
  <stop lat="34.2085499" lon="-118.50147" stopId="14455" tag="14455" title="Saticoy / Balboa"/>
  <stop lat="34.20857" lon="-118.38324" stopId="14456" tag="14456" title="Saticoy / Beck"/>
  <stop lat="34.2084299" lon="-118.59783" stopId="14457" tag="14457" title="Saticoy / Canoga"/>
  <stop lat="34.20668" lon="-118.41419" stopId="14458" tag="14458" title="Saticoy / Coldwater Canyon"/>
  <stop lat="34.20848" lon="-118.5625999" stopId="14459" tag="14459" title="Saticoy / Corbin"/>
  <stop lat="34.20853" lon="-118.51457" stopId="14462" tag="14462" title="Saticoy / Encino"/>
  <stop lat="34.2075199" lon="-118.4184499" stopId="14463" tag="14463" title="Saticoy / Ethel"/>
  <stop lat="34.20853" lon="-118.53152" stopId="14464" tag="14464" title="Saticoy / Etiwanda"/>
  <stop lat="34.2085599" lon="-118.3745099" stopId="14465" tag="14465" title="Saticoy / Fair"/>
  <stop lat="34.2083899" lon="-118.62321" stopId="14466" tag="14466" title="Saticoy / Fallbrook"/>
  <stop lat="34.20841" lon="-118.6101499" stopId="14468" tag="14468" title="Saticoy / Farralone"/>
  <stop lat="34.2085399" lon="-118.47963" stopId="14469" tag="14469" title="Saticoy / Gloria"/>
  <stop lat="34.2085499" lon="-118.4752499" stopId="14470" tag="14470" title="Saticoy / Haskell"/>
  <stop lat="34.2085499" lon="-118.4949" stopId="14471" tag="14471" title="Saticoy / Hayvenhurst"/>
  <stop lat="34.20857" lon="-118.3876099" stopId="14473" tag="14473" title="Saticoy / Lankershim"/>
  <stop lat="34.2085799" lon="-118.39634" stopId="14474" tag="14474" title="Saticoy / Laurel Canyon"/>
  <stop lat="34.2085399" lon="-118.52765" stopId="14475" tag="14475" title="Saticoy / Lindley"/>
  <stop lat="34.2085499" lon="-118.51019" stopId="14476" tag="14476" title="Saticoy / Louise"/>
  <stop lat="34.2084399" lon="-118.5844499" stopId="14477" tag="14477" title="Saticoy / Lurline"/>
  <stop lat="34.20846" lon="-118.5800799" stopId="14478" tag="14478" title="Saticoy / Mason"/>
  <stop lat="34.20856" lon="-118.46166" stopId="14479" tag="14479" title="Saticoy / Noble"/>
  <stop lat="34.20847" lon="-118.5664599" stopId="14480" tag="14480" title="Saticoy / Oakdale"/>
  <stop lat="34.20854" lon="-118.4703999" stopId="14481" tag="14481" title="Saticoy / Orion"/>
  <stop lat="34.20846" lon="-118.57521" stopId="14482" tag="14482" title="Saticoy / Oso"/>
  <stop lat="34.20842" lon="-118.6019199" stopId="14483" tag="14483" title="Saticoy / Owensmouth"/>
  <stop lat="34.2085799" lon="-118.3920299" stopId="14484" tag="14484" title="Saticoy / Radford"/>
  <stop lat="34.2085299" lon="-118.53588" stopId="14485" tag="14485" title="Saticoy / Reseda"/>
  <stop lat="34.20839" lon="-118.61938" stopId="14487" tag="14487" title="Saticoy / Sale"/>
  <stop lat="34.2085599" lon="-118.46652" stopId="14488" tag="14488" title="Saticoy / Sepulveda"/>
  <stop lat="34.20858" lon="-118.4024999" stopId="14489" tag="14489" title="Saticoy / Shadyglade"/>
  <stop lat="34.2085" lon="-118.5582399" stopId="14490" tag="14490" title="Saticoy / Shirley"/>
  <stop lat="34.2084" lon="-118.6145299" stopId="14491" tag="14491" title="Saticoy / Shoup"/>
  <stop lat="34.2085" lon="-118.55336" stopId="14492" tag="14492" title="Saticoy / Tampa"/>
  <stop lat="34.2085699" lon="-118.45234" stopId="14493" tag="14493" title="Saticoy / Tobias"/>
  <stop lat="34.2084099" lon="-118.60629" stopId="14494" tag="14494" title="Saticoy / Topanga Canyon"/>
  <stop lat="34.20857" lon="-118.37888" stopId="14495" tag="14495" title="Saticoy / Tujunga"/>
  <stop lat="34.2085099" lon="-118.54949" stopId="14496" tag="14496" title="Saticoy / Vanalden"/>
  <stop lat="34.2084399" lon="-118.5927" stopId="14497" tag="14497" title="Saticoy / Variel"/>
  <stop lat="34.20882" lon="-118.42501" stopId="14498" tag="14498" title="Saticoy / Varna"/>
  <stop lat="34.2085499" lon="-118.3706399" stopId="14499" tag="14499" title="Saticoy / Vineland"/>
  <stop lat="34.20854" lon="-118.51843" stopId="14500" tag="14500" title="Saticoy / White Oak"/>
  <stop lat="34.20852" lon="-118.5446399" stopId="14501" tag="14501" title="Saticoy / Wilbur"/>
  <stop lat="34.2084799" lon="-118.57083" stopId="14502" tag="14502" title="Saticoy / Winnetka"/>
  <stop lat="34.20852" lon="-118.54081" stopId="14503" tag="14503" title="Saticoy / Yolanda"/>
  <stop lat="34.20854" lon="-118.5227999" stopId="14504" tag="14504" title="Saticoy / Zelzah"/>
  <stop lat="34.2012899" lon="-118.4922099" stopId="14588" tag="14588" title="Sherman Way / Hayvenhurst"/>
  <stop lat="34.1722399" lon="-118.60565" stopId="14938" tag="14938" title="Topanga Canyon / Burbank"/>
  <stop lat="34.17518" lon="-118.6055899" stopId="14940" tag="14940" title="Topanga Canyon / Marylee"/>
  <stop lat="34.18796" lon="-118.6555999" stopId="15106" tag="15106" title="Valley Circle / Hamlin"/>
  <stop lat="34.1900399" lon="-118.6562399" stopId="15109" tag="15109" title="Valley Circle / Kittridge"/>
  <stop lat="34.17824" lon="-118.65476" stopId="15111" tag="15111" title="Valley Circle / Valerie"/>
  <stop lat="34.21355" lon="-118.44892" stopId="15124" tag="15124" title="Van Nuys / Arminta"/>
  <stop lat="34.21537" lon="-118.4489199" stopId="15126" tag="15126" title="Van Nuys / Blythe"/>
  <stop lat="34.2180899" lon="-118.44891" stopId="15132" tag="15132" title="Van Nuys / Lanark"/>
  <stop lat="34.21039" lon="-118.44892" stopId="15145" tag="15145" title="Van Nuys / Keswick"/>
  <stop lat="34.22127" lon="-118.4489" stopId="15163" tag="15163" title="Van Nuys / Roscoe"/>
  <stop lat="34.2085999" lon="-118.44891" stopId="15167" tag="15167" title="Van Nuys / Saticoy"/>
  <stop lat="34.1938299" lon="-118.6343899" stopId="15184" tag="15184" title="Vanowen / Berquist"/>
  <stop lat="34.1938499" lon="-118.627" stopId="15211" tag="15211" title="Vanowen / Lena"/>
  <stop lat="34.19369" lon="-118.6468" stopId="15220" tag="15220" title="Vanowen / Peterson"/>
  <stop lat="34.1933899" lon="-118.6428199" stopId="15221" tag="15221" title="Vanowen / Platt"/>
  <stop lat="34.1947399" lon="-118.6538799" stopId="15229" tag="15229" title="Vanowen / Sheltondale"/>
  <stop lat="34.19383" lon="-118.6313299" stopId="15244" tag="15244" title="Vanowen / Woodlake"/>
  <stop lat="34.1687899" lon="-118.60567" stopId="15329" tag="15329" title="Topanga Canyon / Ventura"/>
  <stop lat="34.21894" lon="-118.3693199" stopId="15547" tag="15547" title="Sunland / San Fernando"/>
  <stop lat="34.2118099" lon="-118.3704699" stopId="15559" tag="15559" title="Vineland / Stagg"/>
  <stop lat="34.2158499" lon="-118.37047" stopId="15560" tag="15560" title="Vineland / Strathern"/>
  <stop lat="34.20822" lon="-118.4053199" stopId="16574" tag="16574" title="Whitsett / Saticoy"/>
  <stop lat="34.2061099" lon="-118.6322599" stopId="16806" tag="16806" title="Woodlake / Cohasset"/>
  <stop lat="34.21959" lon="-118.43171" stopId="16839" tag="16839" title="Woodman / Cantara"/>
  <stop lat="34.2219399" lon="-118.4326" stopId="16848" tag="16848" title="Woodman / Roscoe"/>
  <stop lat="34.20972" lon="-118.43077" stopId="16851" tag="16851" title="Woodman / Saticoy"/>
  <stop lat="34.21256" lon="-118.4307699" stopId="16853" tag="16853" title="Woodman / Stagg"/>
  <stop lat="34.2155399" lon="-118.43075" stopId="16854" tag="16854" title="Woodman / Strathern"/>
  <stop lat="34.21807" lon="-118.43081" stopId="16861" tag="16861" title="Woodman / Willard"/>
  <stop lat="34.1712799" lon="-118.64537" stopId="20009" tag="20009" title="Valley Circle / Burbank"/>
  <stop lat="34.1563399" lon="-118.6345499" stopId="20220" tag="20220" title="Mulholland / Spielberg"/>
  <stop lat="34.20856" lon="-118.4573" stopId="20323" tag="20323" title="Saticoy / Kester"/>
  <stop lat="34.1934299" lon="-118.35145" stopId="30021" tag="30021" title="Burbank Airport Ritc"/>
  <direction name="West" tag="169_143_1" title="West to Canoga Station" useForUI="true">
   <stop tag="30021"/>
   <stop tag="3625"/>
   <stop tag="12116"/>
   <stop tag="2499"/>
   <stop tag="3567"/>
   <stop tag="3252"/>
   <stop tag="14196"/>
   <stop tag="5852"/>
   <stop tag="15547"/>
   <stop tag="15560"/>
   <stop tag="15559"/>
   <stop tag="14499"/>
   <stop tag="14465"/>
   <stop tag="14495"/>
   <stop tag="14456"/>
   <stop tag="14473"/>
   <stop tag="14484"/>
   <stop tag="14474"/>
   <stop tag="14489"/>
   <stop tag="16574"/>
   <stop tag="6070"/>
   <stop tag="14451"/>
   <stop tag="14458"/>
   <stop tag="14463"/>
   <stop tag="14454"/>
   <stop tag="14498"/>
   <stop tag="16851"/>
   <stop tag="16853"/>
   <stop tag="16854"/>
   <stop tag="16861"/>
   <stop tag="16839"/>
   <stop tag="16848"/>
   <stop tag="8552"/>
   <stop tag="9258"/>
   <stop tag="695"/>
   <stop tag="9254"/>
   <stop tag="9255"/>
   <stop tag="9256"/>
   <stop tag="696"/>
   <stop tag="15163"/>
   <stop tag="15132"/>
   <stop tag="15126"/>
   <stop tag="15124"/>
   <stop tag="15145"/>
   <stop tag="15167"/>
   <stop tag="14493"/>
   <stop tag="20323"/>
   <stop tag="14479"/>
   <stop tag="14488"/>
   <stop tag="14481"/>
   <stop tag="14470"/>
   <stop tag="14469"/>
   <stop tag="8517"/>
   <stop tag="8525"/>
   <stop tag="8519"/>
   <stop tag="14588"/>
   <stop tag="10956"/>
   <stop tag="14471"/>
   <stop tag="14455"/>
   <stop tag="14453"/>
   <stop tag="14476"/>
   <stop tag="14462"/>
   <stop tag="14500"/>
   <stop tag="14504"/>
   <stop tag="14475"/>
   <stop tag="14464"/>
   <stop tag="14485"/>
   <stop tag="14503"/>
   <stop tag="14501"/>
   <stop tag="14496"/>
   <stop tag="14492"/>
   <stop tag="14490"/>
   <stop tag="14459"/>
   <stop tag="14480"/>
   <stop tag="14502"/>
   <stop tag="14482"/>
   <stop tag="14478"/>
   <stop tag="14477"/>
   <stop tag="1346"/>
   <stop tag="14497"/>
   <stop tag="14457"/>
   <stop tag="14483"/>
   <stop tag="14494"/>
   <stop tag="14468"/>
   <stop tag="14491"/>
   <stop tag="14487"/>
   <stop tag="14466"/>
   <stop tag="6104"/>
   <stop tag="8498"/>
   <stop tag="16806"/>
   <stop tag="11681"/>
   <stop tag="6223"/>
   <stop tag="10421"/>
   <stop tag="10416"/>
   <stop tag="10424"/>
   <stop tag="15211"/>
   <stop tag="15244"/>
   <stop tag="15184"/>
   <stop tag="6855"/>
   <stop tag="15221"/>
   <stop tag="15220"/>
   <stop tag="6831"/>
   <stop tag="15229"/>
   <stop tag="6885"/>
   <stop tag="15109"/>
   <stop tag="15106"/>
   <stop tag="6756"/>
   <stop tag="6743"/>
   <stop tag="15111"/>
   <stop tag="6746"/>
   <stop tag="6750"/>
   <stop tag="20009"/>
   <stop tag="6738"/>
   <stop tag="6744"/>
   <stop tag="3318"/>
   <stop tag="20220"/>
   <stop tag="3324"/>
   <stop tag="3325"/>
   <stop tag="3320"/>
   <stop tag="11807"/>
   <stop tag="3323"/>
   <stop tag="6599"/>
   <stop tag="6572"/>
   <stop tag="6579"/>
   <stop tag="6570"/>
   <stop tag="15329"/>
   <stop tag="14938"/>
   <stop tag="14940"/>
   <stop tag="6583"/>
   <stop tag="6575"/>
   <stop tag="6597"/>
   <stop tag="7148"/>
   <stop tag="5507"/>
   <stop tag="5505_ar"/>
  </direction>
  <direction name="East" tag="169_142_0" title="East to Hollywood Burbank Airport" useForUI="true">
   <stop tag="5505"/>
   <stop tag="7120"/>
   <stop tag="15495"/>
   <stop tag="6598"/>
   <stop tag="14946"/>
   <stop tag="4190"/>
   <stop tag="6580"/>
   <stop tag="6568"/>
   <stop tag="14967"/>
   <stop tag="14941"/>
   <stop tag="14950"/>
   <stop tag="14943"/>
   <stop tag="14969"/>
   <stop tag="20010"/>
   <stop tag="3321"/>
   <stop tag="11804"/>
   <stop tag="11809"/>
   <stop tag="11805"/>
   <stop tag="20219"/>
   <stop tag="8891"/>
   <stop tag="15099"/>
   <stop tag="15096"/>
   <stop tag="6742"/>
   <stop tag="15107"/>
   <stop tag="15102"/>
   <stop tag="6754"/>
   <stop tag="15098"/>
   <stop tag="20424"/>
   <stop tag="6740"/>
   <stop tag="6741"/>
   <stop tag="6755"/>
   <stop tag="6875"/>
   <stop tag="15187"/>
   <stop tag="6866"/>
   <stop tag="6867"/>
   <stop tag="15210"/>
   <stop tag="6828"/>
   <stop tag="6894"/>
   <stop tag="6856"/>
   <stop tag="1874"/>
   <stop tag="1867"/>
   <stop tag="14584"/>
   <stop tag="14603"/>
   <stop tag="14562"/>
   <stop tag="1069"/>
   <stop tag="8497"/>
   <stop tag="14486"/>
   <stop tag="6084"/>
   <stop tag="6105"/>
   <stop tag="6109"/>
   <stop tag="6086"/>
   <stop tag="6112"/>
   <stop tag="6100"/>
   <stop tag="6075"/>
   <stop tag="6115"/>
   <stop tag="6078"/>
   <stop tag="6094"/>
   <stop tag="6095"/>
   <stop tag="6099"/>
   <stop tag="6119"/>
   <stop tag="6097"/>
   <stop tag="6077"/>
   <stop tag="6108"/>
   <stop tag="6110"/>
   <stop tag="6114"/>
   <stop tag="6118"/>
   <stop tag="6103"/>
   <stop tag="6102"/>
   <stop tag="6082"/>
   <stop tag="6092"/>
   <stop tag="6121"/>
   <stop tag="6117"/>
   <stop tag="6080"/>
   <stop tag="6093"/>
   <stop tag="6071"/>
   <stop tag="6073"/>
   <stop tag="2423"/>
   <stop tag="2424"/>
   <stop tag="6207"/>
   <stop tag="8518"/>
   <stop tag="16834"/>
   <stop tag="6120"/>
   <stop tag="6087"/>
   <stop tag="6088"/>
   <stop tag="6098"/>
   <stop tag="6106"/>
   <stop tag="6096"/>
   <stop tag="2099"/>
   <stop tag="6111"/>
   <stop tag="6811"/>
   <stop tag="6771"/>
   <stop tag="6773"/>
   <stop tag="6793"/>
   <stop tag="6809"/>
   <stop tag="11252"/>
   <stop tag="694"/>
   <stop tag="693"/>
   <stop tag="692"/>
   <stop tag="9257"/>
   <stop tag="697"/>
   <stop tag="16859"/>
   <stop tag="8541"/>
   <stop tag="8535"/>
   <stop tag="8550"/>
   <stop tag="8545"/>
   <stop tag="8538"/>
   <stop tag="20322"/>
   <stop tag="6116"/>
   <stop tag="6072"/>
   <stop tag="6081"/>
   <stop tag="6076"/>
   <stop tag="6069"/>
   <stop tag="14452"/>
   <stop tag="20321"/>
   <stop tag="6107"/>
   <stop tag="6091"/>
   <stop tag="6101"/>
   <stop tag="6090"/>
   <stop tag="6074"/>
   <stop tag="6113"/>
   <stop tag="6083"/>
   <stop tag="15557"/>
   <stop tag="24021"/>
   <stop tag="7212"/>
   <stop tag="14229"/>
   <stop tag="14228"/>
   <stop tag="5820"/>
   <stop tag="3253"/>
   <stop tag="3621"/>
   <stop tag="11036"/>
   <stop tag="3631"/>
   <stop tag="12111"/>
   <stop tag="30021_ar"/>
  </direction>
  <path>
   <point lat="34.20838" lon="-118.39667"/>
   <point lat="34.20838" lon="-118.39189"/>
   <point lat="34.20837" lon="-118.38803"/>
   <point lat="34.20837" lon="-118.38357"/>
   <point lat="34.20837" lon="-118.37921"/>
   <point lat="34.20836" lon="-118.37484"/>
   <point lat="34.20846" lon="-118.37031"/>
   <point lat="34.20873" lon="-118.37016"/>
   <point lat="34.21195" lon="-118.37016"/>
   <point lat="34.21598" lon="-118.37016"/>
  </path>
  <path>
   <point lat="34.19514" lon="-118.34905"/>
   <point lat="34.1938" lon="-118.34888"/>
   <point lat="34.19353" lon="-118.34888"/>
   <point lat="34.19352" lon="-118.34964"/>
   <point lat="34.19362" lon="-118.34989"/>
   <point lat="34.19361" lon="-118.35175"/>
   <point lat="34.1932" lon="-118.35175"/>
   <point lat="34.19343" lon="-118.35145"/>
  </path>
  <path>
   <point lat="34.22145" lon="-118.43289"/>
   <point lat="34.2205" lon="-118.43252"/>
   <point lat="34.21969" lon="-118.43214"/>
   <point lat="34.21878" lon="-118.43126"/>
   <point lat="34.2179" lon="-118.43109"/>
   <point lat="34.21758" lon="-118.43088"/>
   <point lat="34.21549" lon="-118.43106"/>
   <point lat="34.21242" lon="-118.43108"/>
   <point lat="34.20935" lon="-118.43073"/>
   <point lat="34.20947" lon="-118.42955"/>
   <point lat="34.20946" lon="-118.42918"/>
   <point lat="34.20947" lon="-118.4289"/>
   <point lat="34.20946" lon="-118.42878"/>
   <point lat="34.2094499" lon="-118.4287"/>
   <point lat="34.20939" lon="-118.42844"/>
   <point lat="34.20933" lon="-118.4281"/>
   <point lat="34.20906" lon="-118.42672"/>
   <point lat="34.2085999" lon="-118.42491"/>
   <point lat="34.20787" lon="-118.42123"/>
   <point lat="34.2072999" lon="-118.41834"/>
   <point lat="34.20656" lon="-118.41457"/>
   <point lat="34.20556" lon="-118.40962"/>
   <point lat="34.20502" lon="-118.40608"/>
   <point lat="34.2053" lon="-118.40599"/>
   <point lat="34.20619" lon="-118.40597"/>
   <point lat="34.2085" lon="-118.40521"/>
   <point lat="34.20839" lon="-118.40488"/>
   <point lat="34.20838" lon="-118.4025"/>
   <point lat="34.20838" lon="-118.39667"/>
  </path>
  <path>
   <point lat="34.20848" lon="-118.57083"/>
   <point lat="34.20846" lon="-118.57521"/>
   <point lat="34.20846" lon="-118.58008"/>
   <point lat="34.2083299" lon="-118.58283"/>
   <point lat="34.20844" lon="-118.58445"/>
   <point lat="34.20843" lon="-118.58881"/>
   <point lat="34.20844" lon="-118.5927"/>
   <point lat="34.20843" lon="-118.59783"/>
   <point lat="34.2084199" lon="-118.60192"/>
   <point lat="34.20841" lon="-118.60629"/>
  </path>
  <path>
   <point lat="34.17128" lon="-118.64537"/>
   <point lat="34.16991" lon="-118.64396"/>
   <point lat="34.16816" lon="-118.64263"/>
   <point lat="34.16541" lon="-118.64013"/>
   <point lat="34.16495" lon="-118.63951"/>
   <point lat="34.16456" lon="-118.63918"/>
   <point lat="34.16401" lon="-118.63865"/>
   <point lat="34.1639" lon="-118.63855"/>
   <point lat="34.16376" lon="-118.63845"/>
   <point lat="34.16351" lon="-118.6383"/>
   <point lat="34.1632" lon="-118.63815"/>
   <point lat="34.16302" lon="-118.63809"/>
   <point lat="34.16273" lon="-118.63801"/>
   <point lat="34.16246" lon="-118.63795"/>
   <point lat="34.16235" lon="-118.63794"/>
   <point lat="34.1621" lon="-118.63795"/>
   <point lat="34.16195" lon="-118.63797"/>
   <point lat="34.16114" lon="-118.63821"/>
   <point lat="34.16096" lon="-118.63825"/>
   <point lat="34.16083" lon="-118.63827"/>
   <point lat="34.16077" lon="-118.63827"/>
   <point lat="34.16069" lon="-118.63828"/>
   <point lat="34.16045" lon="-118.63823"/>
   <point lat="34.16027" lon="-118.63818"/>
   <point lat="34.16012" lon="-118.63813"/>
   <point lat="34.15997" lon="-118.63807"/>
   <point lat="34.15988" lon="-118.63801"/>
   <point lat="34.15979" lon="-118.63793"/>
   <point lat="34.15975" lon="-118.63791"/>
   <point lat="34.15946" lon="-118.63756"/>
   <point lat="34.15886" lon="-118.63689"/>
   <point lat="34.15842" lon="-118.63631"/>
   <point lat="34.15634" lon="-118.63455"/>
   <point lat="34.1545" lon="-118.63304"/>
   <point lat="34.15367" lon="-118.63238"/>
   <point lat="34.15352" lon="-118.63224"/>
   <point lat="34.1534199" lon="-118.63214"/>
   <point lat="34.15303" lon="-118.63167"/>
   <point lat="34.15298" lon="-118.63159"/>
   <point lat="34.1528" lon="-118.63118"/>
   <point lat="34.15244" lon="-118.63038"/>
   <point lat="34.15175" lon="-118.6277"/>
   <point lat="34.15134" lon="-118.62676"/>
   <point lat="34.1503" lon="-118.62299"/>
   <point lat="34.14974" lon="-118.62028"/>
   <point lat="34.14991" lon="-118.61922"/>
   <point lat="34.1499" lon="-118.61795"/>
   <point lat="34.1498599" lon="-118.61691"/>
   <point lat="34.14987" lon="-118.61658"/>
   <point lat="34.14987" lon="-118.61607"/>
   <point lat="34.14979" lon="-118.61493"/>
   <point lat="34.14976" lon="-118.61474"/>
   <point lat="34.14971" lon="-118.61455"/>
   <point lat="34.14963" lon="-118.61434"/>
   <point lat="34.14943" lon="-118.61386"/>
   <point lat="34.14931" lon="-118.61362"/>
   <point lat="34.14896" lon="-118.61165"/>
   <point lat="34.14957" lon="-118.6108"/>
   <point lat="34.15" lon="-118.61023"/>
   <point lat="34.15074" lon="-118.60917"/>
   <point lat="34.15091" lon="-118.60894"/>
   <point lat="34.15122" lon="-118.60856"/>
   <point lat="34.1514499" lon="-118.60819"/>
   <point lat="34.15153" lon="-118.60803"/>
   <point lat="34.15161" lon="-118.60781"/>
   <point lat="34.15167" lon="-118.60763"/>
   <point lat="34.1518" lon="-118.60701"/>
   <point lat="34.15181" lon="-118.6069"/>
   <point lat="34.15181" lon="-118.60672"/>
   <point lat="34.1518" lon="-118.60661"/>
   <point lat="34.15178" lon="-118.60653"/>
   <point lat="34.15176" lon="-118.60635"/>
   <point lat="34.1517399" lon="-118.60621"/>
   <point lat="34.15167" lon="-118.60587"/>
   <point lat="34.1516499" lon="-118.60579"/>
   <point lat="34.1516" lon="-118.60566"/>
   <point lat="34.15144" lon="-118.60534"/>
   <point lat="34.15138" lon="-118.60523"/>
   <point lat="34.15107" lon="-118.60488"/>
  </path>
  <path>
   <point lat="34.15107" lon="-118.60488"/>
   <point lat="34.15169" lon="-118.60484"/>
   <point lat="34.15337" lon="-118.60569"/>
   <point lat="34.15345" lon="-118.60573"/>
   <point lat="34.15358" lon="-118.60577"/>
   <point lat="34.15372" lon="-118.60577"/>
   <point lat="34.15387" lon="-118.60579"/>
   <point lat="34.1547" lon="-118.60565"/>
   <point lat="34.15608" lon="-118.60581"/>
   <point lat="34.15677" lon="-118.60566"/>
   <point lat="34.16132" lon="-118.60568"/>
   <point lat="34.16419" lon="-118.60568"/>
   <point lat="34.16879" lon="-118.60567"/>
   <point lat="34.1703" lon="-118.60579"/>
   <point lat="34.17052" lon="-118.60582"/>
   <point lat="34.17224" lon="-118.60565"/>
   <point lat="34.17518" lon="-118.60559"/>
   <point lat="34.1761399" lon="-118.60553"/>
   <point lat="34.17694" lon="-118.60509"/>
   <point lat="34.1770799" lon="-118.60502"/>
   <point lat="34.1772" lon="-118.60498"/>
   <point lat="34.17725" lon="-118.60497"/>
   <point lat="34.17734" lon="-118.60496"/>
   <point lat="34.17744" lon="-118.60493"/>
   <point lat="34.17767" lon="-118.6049"/>
   <point lat="34.17792" lon="-118.6049"/>
   <point lat="34.17819" lon="-118.60493"/>
   <point lat="34.17837" lon="-118.60497"/>
   <point lat="34.17848" lon="-118.60502"/>
   <point lat="34.17885" lon="-118.60522"/>
   <point lat="34.1795199" lon="-118.60536"/>
   <point lat="34.1802" lon="-118.6058"/>
   <point lat="34.18041" lon="-118.60586"/>
   <point lat="34.18054" lon="-118.60588"/>
   <point lat="34.18067" lon="-118.60589"/>
   <point lat="34.18081" lon="-118.60589"/>
   <point lat="34.18109" lon="-118.60588"/>
   <point lat="34.1816" lon="-118.60588"/>
   <point lat="34.18271" lon="-118.60573"/>
   <point lat="34.1848" lon="-118.60589"/>
   <point lat="34.18696" lon="-118.60589"/>
   <point lat="34.18699" lon="-118.60577"/>
   <point lat="34.1870199" lon="-118.60561"/>
   <point lat="34.18695" lon="-118.60516"/>
  </path>
  <path>
   <point lat="34.194" lon="-118.62322"/>
   <point lat="34.19715" lon="-118.62324"/>
   <point lat="34.20099" lon="-118.62339"/>
   <point lat="34.20112" lon="-118.62373"/>
   <point lat="34.20098" lon="-118.62755"/>
   <point lat="34.20103" lon="-118.62815"/>
   <point lat="34.20068" lon="-118.62884"/>
   <point lat="34.20056" lon="-118.62907"/>
   <point lat="34.20069" lon="-118.62922"/>
   <point lat="34.20075" lon="-118.62928"/>
   <point lat="34.20091" lon="-118.62941"/>
   <point lat="34.20107" lon="-118.62992"/>
  </path>
  <path>
   <point lat="34.20835" lon="-118.48334"/>
   <point lat="34.20845" lon="-118.48248"/>
   <point lat="34.20835" lon="-118.47947"/>
   <point lat="34.20835" lon="-118.47459"/>
   <point lat="34.20835" lon="-118.47073"/>
   <point lat="34.20836" lon="-118.46586"/>
   <point lat="34.20836" lon="-118.46149"/>
   <point lat="34.20837" lon="-118.45763"/>
   <point lat="34.20837" lon="-118.45217"/>
   <point lat="34.20846" lon="-118.44927"/>
   <point lat="34.20847" lon="-118.44876"/>
   <point lat="34.20998" lon="-118.44861"/>
  </path>
  <path>
   <point lat="34.20817" lon="-118.48382"/>
   <point lat="34.20453" lon="-118.48381"/>
   <point lat="34.20131" lon="-118.48381"/>
   <point lat="34.20115" lon="-118.4859"/>
   <point lat="34.20129" lon="-118.49221"/>
   <point lat="34.20159" lon="-118.49241"/>
   <point lat="34.20339" lon="-118.49386"/>
   <point lat="34.20366" lon="-118.49408"/>
   <point lat="34.20386" lon="-118.49418"/>
   <point lat="34.20399" lon="-118.49425"/>
   <point lat="34.20422" lon="-118.49432"/>
   <point lat="34.20468" lon="-118.49421"/>
   <point lat="34.20564" lon="-118.49436"/>
   <point lat="34.20792" lon="-118.49437"/>
   <point lat="34.20817" lon="-118.49439"/>
   <point lat="34.20834" lon="-118.49446"/>
   <point lat="34.2084199" lon="-118.49457"/>
   <point lat="34.20855" lon="-118.4949"/>
   <point lat="34.20843" lon="-118.50113"/>
   <point lat="34.20855" lon="-118.50147"/>
  </path>
  <path>
   <point lat="34.19385" lon="-118.6237"/>
   <point lat="34.19372" lon="-118.62501"/>
   <point lat="34.19385" lon="-118.627"/>
   <point lat="34.19383" lon="-118.63133"/>
   <point lat="34.19371" lon="-118.63342"/>
   <point lat="34.19383" lon="-118.63439"/>
   <point lat="34.19362" lon="-118.63574"/>
   <point lat="34.19316" lon="-118.63772"/>
   <point lat="34.19327" lon="-118.63873"/>
   <point lat="34.19319" lon="-118.64027"/>
   <point lat="34.19339" lon="-118.64282"/>
   <point lat="34.19332" lon="-118.64424"/>
   <point lat="34.1936899" lon="-118.6468"/>
   <point lat="34.19397" lon="-118.65007"/>
   <point lat="34.19415" lon="-118.65037"/>
   <point lat="34.19474" lon="-118.65388"/>
   <point lat="34.19492" lon="-118.65575"/>
   <point lat="34.19475" lon="-118.65704"/>
   <point lat="34.19286" lon="-118.65714"/>
   <point lat="34.19259" lon="-118.65714"/>
   <point lat="34.1919899" lon="-118.6571"/>
   <point lat="34.19188" lon="-118.65708"/>
   <point lat="34.19161" lon="-118.65699"/>
   <point lat="34.1913399" lon="-118.65687"/>
   <point lat="34.19034" lon="-118.65626"/>
   <point lat="34.19004" lon="-118.65624"/>
   <point lat="34.18951" lon="-118.65575"/>
   <point lat="34.18903" lon="-118.65553"/>
   <point lat="34.18879" lon="-118.65546"/>
   <point lat="34.18867" lon="-118.65544"/>
   <point lat="34.18847" lon="-118.65542"/>
   <point lat="34.1879599" lon="-118.6556"/>
   <point lat="34.18641" lon="-118.65563"/>
   <point lat="34.18482" lon="-118.65598"/>
   <point lat="34.18375" lon="-118.65597"/>
   <point lat="34.1825199" lon="-118.65627"/>
   <point lat="34.18127" lon="-118.65625"/>
   <point lat="34.18103" lon="-118.65625"/>
   <point lat="34.1807" lon="-118.6562"/>
   <point lat="34.1805499" lon="-118.65616"/>
   <point lat="34.18043" lon="-118.65614"/>
   <point lat="34.18002" lon="-118.65595"/>
   <point lat="34.17992" lon="-118.6559"/>
   <point lat="34.1797899" lon="-118.65581"/>
   <point lat="34.17854" lon="-118.65484"/>
   <point lat="34.17824" lon="-118.65476"/>
   <point lat="34.17766" lon="-118.65373"/>
   <point lat="34.17707" lon="-118.65254"/>
   <point lat="34.17686" lon="-118.65168"/>
   <point lat="34.17677" lon="-118.65153"/>
   <point lat="34.17662" lon="-118.65129"/>
   <point lat="34.17654" lon="-118.6512"/>
   <point lat="34.17638" lon="-118.65098"/>
   <point lat="34.17415" lon="-118.64827"/>
   <point lat="34.17386" lon="-118.64815"/>
   <point lat="34.17261" lon="-118.64643"/>
   <point lat="34.1725" lon="-118.64627"/>
   <point lat="34.17128" lon="-118.64537"/>
  </path>
  <path>
   <point lat="34.21598" lon="-118.37016"/>
   <point lat="34.21672" lon="-118.37032"/>
   <point lat="34.2171" lon="-118.37032"/>
   <point lat="34.2172399" lon="-118.37031"/>
   <point lat="34.21743" lon="-118.37031"/>
   <point lat="34.21765" lon="-118.37015"/>
   <point lat="34.21787" lon="-118.37"/>
   <point lat="34.21909" lon="-118.36901"/>
   <point lat="34.21882" lon="-118.36885"/>
   <point lat="34.21839" lon="-118.36797"/>
   <point lat="34.21586" lon="-118.36452"/>
   <point lat="34.2157" lon="-118.36402"/>
   <point lat="34.21023" lon="-118.35625"/>
   <point lat="34.20827" lon="-118.35346"/>
   <point lat="34.20544" lon="-118.34898"/>
   <point lat="34.2052" lon="-118.34921"/>
   <point lat="34.20436" lon="-118.34874"/>
   <point lat="34.20302" lon="-118.34877"/>
   <point lat="34.20275" lon="-118.34893"/>
   <point lat="34.19948" lon="-118.34898"/>
   <point lat="34.19514" lon="-118.34905"/>
  </path>
  <path>
   <point lat="34.20816" lon="-118.60563"/>
   <point lat="34.20817" lon="-118.60126"/>
   <point lat="34.20817" lon="-118.59766"/>
   <point lat="34.20818" lon="-118.59302"/>
   <point lat="34.20818" lon="-118.58815"/>
   <point lat="34.20819" lon="-118.58378"/>
   <point lat="34.2083299" lon="-118.58283"/>
   <point lat="34.20821" lon="-118.57942"/>
   <point lat="34.20821" lon="-118.57554"/>
   <point lat="34.20822" lon="-118.57067"/>
   <point lat="34.20822" lon="-118.56679"/>
   <point lat="34.20835" lon="-118.56227"/>
   <point lat="34.20823" lon="-118.56194"/>
   <point lat="34.20825" lon="-118.55758"/>
   <point lat="34.20825" lon="-118.55369"/>
   <point lat="34.20839" lon="-118.54916"/>
   <point lat="34.20826" lon="-118.54882"/>
   <point lat="34.20826" lon="-118.54497"/>
   <point lat="34.20826" lon="-118.54135"/>
   <point lat="34.2084" lon="-118.54048"/>
   <point lat="34.20828" lon="-118.53621"/>
  </path>
  <path>
   <point lat="34.20998" lon="-118.44861"/>
   <point lat="34.21362" lon="-118.44862"/>
   <point lat="34.2155" lon="-118.44861"/>
   <point lat="34.21823" lon="-118.4486"/>
   <point lat="34.22182" lon="-118.4486"/>
   <point lat="34.22451" lon="-118.4486"/>
   <point lat="34.22478" lon="-118.44879"/>
   <point lat="34.22479" lon="-118.4469"/>
   <point lat="34.22471" lon="-118.44612"/>
   <point lat="34.2248" lon="-118.44496"/>
   <point lat="34.22485" lon="-118.444"/>
   <point lat="34.22485" lon="-118.44319"/>
   <point lat="34.22513" lon="-118.44175"/>
   <point lat="34.2253" lon="-118.44064"/>
   <point lat="34.2254999" lon="-118.44006"/>
   <point lat="34.22632" lon="-118.43743"/>
   <point lat="34.22715" lon="-118.43585"/>
   <point lat="34.2278" lon="-118.43454"/>
   <point lat="34.22764" lon="-118.43406"/>
   <point lat="34.22736" lon="-118.43372"/>
   <point lat="34.22724" lon="-118.4336"/>
   <point lat="34.22697" lon="-118.43335"/>
   <point lat="34.22672" lon="-118.43314"/>
   <point lat="34.2262" lon="-118.43302"/>
   <point lat="34.22584" lon="-118.43277"/>
   <point lat="34.22282" lon="-118.43274"/>
   <point lat="34.22145" lon="-118.43289"/>
  </path>
  <path>
   <point lat="34.18695" lon="-118.60516"/>
   <point lat="34.1872" lon="-118.60453"/>
   <point lat="34.18769" lon="-118.60117"/>
   <point lat="34.18807" lon="-118.59967"/>
   <point lat="34.1882" lon="-118.59905"/>
   <point lat="34.18831" lon="-118.59839"/>
   <point lat="34.1883399" lon="-118.59808"/>
   <point lat="34.18835" lon="-118.59794"/>
   <point lat="34.18836" lon="-118.59768"/>
   <point lat="34.18835" lon="-118.59748"/>
   <point lat="34.19051" lon="-118.59747"/>
   <point lat="34.1907799" lon="-118.59731"/>
   <point lat="34.1911" lon="-118.59731"/>
  </path>
  <path>
   <point lat="34.19646" lon="-118.34873"/>
   <point lat="34.19961" lon="-118.34867"/>
   <point lat="34.20288" lon="-118.34862"/>
   <point lat="34.20434" lon="-118.34857"/>
   <point lat="34.20434" lon="-118.34851"/>
   <point lat="34.20435" lon="-118.34837"/>
   <point lat="34.20437" lon="-118.34831"/>
   <point lat="34.20441" lon="-118.34824"/>
   <point lat="34.2044799" lon="-118.34817"/>
   <point lat="34.2045" lon="-118.34814"/>
   <point lat="34.20471" lon="-118.34791"/>
   <point lat="34.2051299" lon="-118.34853"/>
   <point lat="34.20525" lon="-118.34869"/>
   <point lat="34.20537" lon="-118.34888"/>
   <point lat="34.20588" lon="-118.34938"/>
   <point lat="34.20818" lon="-118.35276"/>
   <point lat="34.21051" lon="-118.35619"/>
   <point lat="34.2157" lon="-118.36402"/>
   <point lat="34.21622" lon="-118.36451"/>
   <point lat="34.21909" lon="-118.36901"/>
   <point lat="34.21894" lon="-118.36932"/>
   <point lat="34.21765" lon="-118.37015"/>
   <point lat="34.21743" lon="-118.37031"/>
   <point lat="34.2172399" lon="-118.37031"/>
   <point lat="34.2171" lon="-118.37032"/>
   <point lat="34.21585" lon="-118.37047"/>
  </path>
  <path>
   <point lat="34.2085999" lon="-118.44891"/>
   <point lat="34.20846" lon="-118.44927"/>
   <point lat="34.20857" lon="-118.45234"/>
   <point lat="34.20856" lon="-118.4573"/>
   <point lat="34.20856" lon="-118.46166"/>
   <point lat="34.20856" lon="-118.46652"/>
   <point lat="34.20854" lon="-118.4704"/>
   <point lat="34.20855" lon="-118.47525"/>
   <point lat="34.20854" lon="-118.47963"/>
   <point lat="34.20844" lon="-118.48367"/>
   <point lat="34.20817" lon="-118.48382"/>
  </path>
  <path>
   <point lat="34.21585" lon="-118.37047"/>
   <point lat="34.21181" lon="-118.37047"/>
   <point lat="34.20846" lon="-118.37031"/>
   <point lat="34.20855" lon="-118.37064"/>
   <point lat="34.20856" lon="-118.37451"/>
   <point lat="34.20857" lon="-118.37888"/>
   <point lat="34.20857" lon="-118.38324"/>
   <point lat="34.20857" lon="-118.38761"/>
   <point lat="34.20858" lon="-118.39203"/>
   <point lat="34.20858" lon="-118.39634"/>
  </path>
  <path>
   <point lat="34.15134" lon="-118.60493"/>
   <point lat="34.15144" lon="-118.60534"/>
   <point lat="34.1516" lon="-118.60566"/>
   <point lat="34.1516499" lon="-118.60579"/>
   <point lat="34.15167" lon="-118.60587"/>
   <point lat="34.1517399" lon="-118.60621"/>
   <point lat="34.15176" lon="-118.60635"/>
   <point lat="34.15178" lon="-118.60653"/>
   <point lat="34.1518" lon="-118.60661"/>
   <point lat="34.15181" lon="-118.60672"/>
   <point lat="34.15181" lon="-118.6069"/>
   <point lat="34.1518" lon="-118.60701"/>
   <point lat="34.15167" lon="-118.60763"/>
   <point lat="34.15161" lon="-118.60781"/>
   <point lat="34.15153" lon="-118.60803"/>
   <point lat="34.1514499" lon="-118.60819"/>
   <point lat="34.15122" lon="-118.60856"/>
   <point lat="34.15091" lon="-118.60894"/>
   <point lat="34.15074" lon="-118.60917"/>
   <point lat="34.15" lon="-118.61023"/>
   <point lat="34.14957" lon="-118.6108"/>
   <point lat="34.1492099" lon="-118.61172"/>
   <point lat="34.1490099" lon="-118.61236"/>
   <point lat="34.14899" lon="-118.61251"/>
   <point lat="34.14902" lon="-118.61268"/>
   <point lat="34.14908" lon="-118.61296"/>
   <point lat="34.14912" lon="-118.61313"/>
   <point lat="34.14917" lon="-118.61329"/>
   <point lat="34.15003" lon="-118.61809"/>
   <point lat="34.14991" lon="-118.61922"/>
   <point lat="34.1498599" lon="-118.6201"/>
   <point lat="34.14989" lon="-118.62065"/>
   <point lat="34.14989" lon="-118.62079"/>
   <point lat="34.14994" lon="-118.62132"/>
   <point lat="34.15001" lon="-118.62176"/>
   <point lat="34.15017" lon="-118.62248"/>
   <point lat="34.1503" lon="-118.62299"/>
   <point lat="34.15049" lon="-118.62362"/>
   <point lat="34.15062" lon="-118.62398"/>
   <point lat="34.15077" lon="-118.62447"/>
   <point lat="34.15102" lon="-118.62537"/>
   <point lat="34.15141" lon="-118.62611"/>
   <point lat="34.15175" lon="-118.6277"/>
   <point lat="34.15261" lon="-118.63002"/>
   <point lat="34.15263" lon="-118.63066"/>
   <point lat="34.15269" lon="-118.6309"/>
   <point lat="34.1527699" lon="-118.63112"/>
   <point lat="34.1528" lon="-118.63118"/>
   <point lat="34.15298" lon="-118.63159"/>
   <point lat="34.15303" lon="-118.63167"/>
   <point lat="34.1534199" lon="-118.63214"/>
   <point lat="34.15352" lon="-118.63224"/>
   <point lat="34.15367" lon="-118.63238"/>
   <point lat="34.1545" lon="-118.63304"/>
   <point lat="34.15504" lon="-118.63345"/>
   <point lat="34.1558599" lon="-118.63402"/>
   <point lat="34.15616" lon="-118.63406"/>
   <point lat="34.1570899" lon="-118.63493"/>
   <point lat="34.15808" lon="-118.63551"/>
   <point lat="34.15835" lon="-118.63603"/>
   <point lat="34.15848" lon="-118.63616"/>
   <point lat="34.15853" lon="-118.63625"/>
   <point lat="34.1585899" lon="-118.63638"/>
   <point lat="34.1587" lon="-118.63666"/>
   <point lat="34.15886" lon="-118.63689"/>
   <point lat="34.15946" lon="-118.63756"/>
   <point lat="34.15975" lon="-118.63791"/>
   <point lat="34.15979" lon="-118.63793"/>
   <point lat="34.15988" lon="-118.63801"/>
   <point lat="34.15997" lon="-118.63807"/>
   <point lat="34.16012" lon="-118.63813"/>
   <point lat="34.16027" lon="-118.63818"/>
   <point lat="34.16045" lon="-118.63823"/>
   <point lat="34.16069" lon="-118.63828"/>
   <point lat="34.16077" lon="-118.63827"/>
   <point lat="34.16083" lon="-118.63827"/>
   <point lat="34.16096" lon="-118.63825"/>
   <point lat="34.16114" lon="-118.63821"/>
   <point lat="34.16136" lon="-118.63812"/>
   <point lat="34.1614" lon="-118.63811"/>
   <point lat="34.16149" lon="-118.63807"/>
   <point lat="34.16164" lon="-118.63803"/>
   <point lat="34.16178" lon="-118.63801"/>
   <point lat="34.1632" lon="-118.63815"/>
   <point lat="34.16351" lon="-118.6383"/>
   <point lat="34.16376" lon="-118.63845"/>
   <point lat="34.1639" lon="-118.63855"/>
   <point lat="34.16401" lon="-118.63865"/>
   <point lat="34.16456" lon="-118.63918"/>
   <point lat="34.16567" lon="-118.63998"/>
   <point lat="34.1687" lon="-118.6427"/>
   <point lat="34.17154" lon="-118.64522"/>
  </path>
  <path>
   <point lat="34.18668" lon="-118.60604"/>
   <point lat="34.18298" lon="-118.60604"/>
   <point lat="34.18067" lon="-118.60589"/>
   <point lat="34.17892" lon="-118.6054"/>
   <point lat="34.17848" lon="-118.60502"/>
   <point lat="34.17837" lon="-118.60497"/>
   <point lat="34.17819" lon="-118.60493"/>
   <point lat="34.17792" lon="-118.6049"/>
   <point lat="34.17767" lon="-118.6049"/>
   <point lat="34.17744" lon="-118.60493"/>
   <point lat="34.17734" lon="-118.60496"/>
   <point lat="34.17725" lon="-118.60497"/>
   <point lat="34.1772" lon="-118.60498"/>
   <point lat="34.1770799" lon="-118.60502"/>
   <point lat="34.17694" lon="-118.60509"/>
   <point lat="34.17666" lon="-118.60527"/>
   <point lat="34.1761399" lon="-118.60553"/>
   <point lat="34.17469" lon="-118.60592"/>
   <point lat="34.1717" lon="-118.60596"/>
   <point lat="34.17052" lon="-118.60582"/>
   <point lat="34.16824" lon="-118.60598"/>
   <point lat="34.16406" lon="-118.60599"/>
   <point lat="34.16076" lon="-118.60597"/>
   <point lat="34.15705" lon="-118.60597"/>
   <point lat="34.1545599" lon="-118.60595"/>
   <point lat="34.15358" lon="-118.60577"/>
   <point lat="34.15134" lon="-118.60493"/>
  </path>
  <path>
   <point lat="34.20107" lon="-118.62992"/>
   <point lat="34.20096" lon="-118.63086"/>
   <point lat="34.20095" lon="-118.63096"/>
   <point lat="34.20099" lon="-118.63108"/>
   <point lat="34.20105" lon="-118.63115"/>
   <point lat="34.20108" lon="-118.63117"/>
   <point lat="34.20141" lon="-118.63135"/>
   <point lat="34.2015" lon="-118.63138"/>
   <point lat="34.20162" lon="-118.63143"/>
   <point lat="34.20174" lon="-118.63151"/>
   <point lat="34.20184" lon="-118.6316"/>
   <point lat="34.20209" lon="-118.63181"/>
   <point lat="34.20216" lon="-118.63188"/>
   <point lat="34.2022" lon="-118.63196"/>
   <point lat="34.20223" lon="-118.63201"/>
   <point lat="34.20227" lon="-118.63217"/>
   <point lat="34.20239" lon="-118.63215"/>
   <point lat="34.20259" lon="-118.63214"/>
   <point lat="34.20296" lon="-118.63213"/>
   <point lat="34.20337" lon="-118.63213"/>
   <point lat="34.20373" lon="-118.63214"/>
   <point lat="34.204" lon="-118.63201"/>
   <point lat="34.20431" lon="-118.63212"/>
   <point lat="34.20625" lon="-118.63203"/>
   <point lat="34.20706" lon="-118.63217"/>
   <point lat="34.20824" lon="-118.63222"/>
   <point lat="34.20825" lon="-118.63166"/>
   <point lat="34.20824" lon="-118.63018"/>
   <point lat="34.20825" lon="-118.62909"/>
   <point lat="34.20812" lon="-118.62793"/>
   <point lat="34.20825" lon="-118.62655"/>
   <point lat="34.20813" lon="-118.62359"/>
   <point lat="34.20813" lon="-118.61922"/>
   <point lat="34.20814" lon="-118.61486"/>
   <point lat="34.20815" lon="-118.61048"/>
   <point lat="34.20816" lon="-118.60563"/>
  </path>
  <path>
   <point lat="34.17154" lon="-118.64522"/>
   <point lat="34.1725" lon="-118.64627"/>
   <point lat="34.17443" lon="-118.6484"/>
   <point lat="34.17638" lon="-118.65098"/>
   <point lat="34.17736" lon="-118.65259"/>
   <point lat="34.17746" lon="-118.65331"/>
   <point lat="34.17754" lon="-118.65351"/>
   <point lat="34.17766" lon="-118.65373"/>
   <point lat="34.17789" lon="-118.65412"/>
   <point lat="34.17805" lon="-118.65436"/>
   <point lat="34.1782899" lon="-118.65462"/>
   <point lat="34.17873" lon="-118.65481"/>
   <point lat="34.1797899" lon="-118.65581"/>
   <point lat="34.17992" lon="-118.6559"/>
   <point lat="34.18002" lon="-118.65595"/>
   <point lat="34.18043" lon="-118.65614"/>
   <point lat="34.1805499" lon="-118.65616"/>
   <point lat="34.1807" lon="-118.6562"/>
   <point lat="34.18103" lon="-118.65625"/>
   <point lat="34.18127" lon="-118.65625"/>
   <point lat="34.18157" lon="-118.65623"/>
   <point lat="34.18278" lon="-118.65609"/>
   <point lat="34.18304" lon="-118.6559"/>
   <point lat="34.18375" lon="-118.65597"/>
   <point lat="34.18493" lon="-118.65566"/>
   <point lat="34.18804" lon="-118.65543"/>
   <point lat="34.18836" lon="-118.65527"/>
   <point lat="34.18903" lon="-118.65553"/>
   <point lat="34.19064" lon="-118.65627"/>
   <point lat="34.1913399" lon="-118.65687"/>
   <point lat="34.19161" lon="-118.65699"/>
   <point lat="34.19188" lon="-118.65708"/>
   <point lat="34.1919899" lon="-118.6571"/>
   <point lat="34.19259" lon="-118.65714"/>
   <point lat="34.19286" lon="-118.65714"/>
   <point lat="34.19501" lon="-118.65685"/>
   <point lat="34.19486" lon="-118.65654"/>
   <point lat="34.19492" lon="-118.65575"/>
   <point lat="34.19438" lon="-118.65329"/>
   <point lat="34.19379" lon="-118.64978"/>
   <point lat="34.19367" lon="-118.64806"/>
   <point lat="34.19338" lon="-118.64618"/>
   <point lat="34.19332" lon="-118.64424"/>
   <point lat="34.19312" lon="-118.64217"/>
   <point lat="34.19303" lon="-118.63907"/>
   <point lat="34.19316" lon="-118.63772"/>
   <point lat="34.19358" lon="-118.63472"/>
   <point lat="34.19371" lon="-118.63342"/>
   <point lat="34.19358" lon="-118.63166"/>
   <point lat="34.1936" lon="-118.62734"/>
   <point lat="34.19373" lon="-118.62337"/>
   <point lat="34.194" lon="-118.62322"/>
  </path>
  <path>
   <point lat="34.20853" lon="-118.53588"/>
   <point lat="34.2084" lon="-118.54048"/>
   <point lat="34.20852" lon="-118.54081"/>
   <point lat="34.20852" lon="-118.54464"/>
   <point lat="34.20839" lon="-118.54916"/>
   <point lat="34.2085099" lon="-118.54949"/>
   <point lat="34.2085" lon="-118.55336"/>
   <point lat="34.2085" lon="-118.55824"/>
   <point lat="34.20848" lon="-118.5626"/>
   <point lat="34.20847" lon="-118.56646"/>
   <point lat="34.20848" lon="-118.57083"/>
   <point lat="34.20846" lon="-118.57521"/>
   <point lat="34.20846" lon="-118.58008"/>
   <point lat="34.2083299" lon="-118.58283"/>
   <point lat="34.20844" lon="-118.58445"/>
   <point lat="34.20843" lon="-118.58881"/>
   <point lat="34.20844" lon="-118.5927"/>
   <point lat="34.20843" lon="-118.59783"/>
   <point lat="34.2084199" lon="-118.60192"/>
   <point lat="34.20841" lon="-118.60629"/>
  </path>
  <path>
   <point lat="34.2025099" lon="-118.62956"/>
   <point lat="34.20226" lon="-118.62942"/>
   <point lat="34.20162" lon="-118.62944"/>
   <point lat="34.2014" lon="-118.62946"/>
   <point lat="34.20112" lon="-118.62947"/>
   <point lat="34.20099" lon="-118.62945"/>
   <point lat="34.20091" lon="-118.62941"/>
   <point lat="34.20075" lon="-118.62928"/>
   <point lat="34.20069" lon="-118.62922"/>
   <point lat="34.2005399" lon="-118.62909"/>
   <point lat="34.20068" lon="-118.62884"/>
   <point lat="34.20084" lon="-118.62836"/>
   <point lat="34.20081" lon="-118.62793"/>
   <point lat="34.20099" lon="-118.62339"/>
   <point lat="34.2007199" lon="-118.62355"/>
   <point lat="34.19965" lon="-118.6234"/>
   <point lat="34.1965999" lon="-118.62354"/>
   <point lat="34.19373" lon="-118.62337"/>
   <point lat="34.19385" lon="-118.6237"/>
  </path>
  <path>
   <point lat="34.20828" lon="-118.53621"/>
   <point lat="34.20828" lon="-118.53185"/>
   <point lat="34.2084199" lon="-118.52732"/>
   <point lat="34.20829" lon="-118.52699"/>
   <point lat="34.20829" lon="-118.52313"/>
   <point lat="34.20828" lon="-118.51876"/>
   <point lat="34.20828" lon="-118.5139"/>
   <point lat="34.20829" lon="-118.50953"/>
   <point lat="34.20829" lon="-118.50517"/>
   <point lat="34.2083" lon="-118.5013"/>
  </path>
  <path>
   <point lat="34.19343" lon="-118.35145"/>
   <point lat="34.19362" lon="-118.35059"/>
   <point lat="34.19362" lon="-118.34989"/>
   <point lat="34.19352" lon="-118.34964"/>
   <point lat="34.19353" lon="-118.34888"/>
   <point lat="34.19573" lon="-118.3489"/>
   <point lat="34.1958399" lon="-118.34889"/>
   <point lat="34.19646" lon="-118.34873"/>
  </path>
  <path>
   <point lat="34.2219399" lon="-118.4326"/>
   <point lat="34.22282" lon="-118.43274"/>
   <point lat="34.22584" lon="-118.43277"/>
   <point lat="34.22594" lon="-118.43264"/>
   <point lat="34.2265" lon="-118.43298"/>
   <point lat="34.22724" lon="-118.4336"/>
   <point lat="34.22736" lon="-118.43372"/>
   <point lat="34.22764" lon="-118.43406"/>
   <point lat="34.22797" lon="-118.4344"/>
   <point lat="34.22787" lon="-118.43472"/>
   <point lat="34.22715" lon="-118.43585"/>
   <point lat="34.22658" lon="-118.43722"/>
   <point lat="34.22614" lon="-118.43809"/>
   <point lat="34.22551" lon="-118.44037"/>
   <point lat="34.22513" lon="-118.44175"/>
   <point lat="34.2250299" lon="-118.44289"/>
   <point lat="34.22485" lon="-118.444"/>
   <point lat="34.2248" lon="-118.44496"/>
   <point lat="34.22486" lon="-118.44579"/>
   <point lat="34.22478" lon="-118.44879"/>
   <point lat="34.22449" lon="-118.44891"/>
   <point lat="34.2212699" lon="-118.4489"/>
   <point lat="34.2180899" lon="-118.44891"/>
   <point lat="34.21537" lon="-118.44892"/>
   <point lat="34.21355" lon="-118.44892"/>
   <point lat="34.2103899" lon="-118.44892"/>
   <point lat="34.2085999" lon="-118.44891"/>
  </path>
  <path>
   <point lat="34.20853" lon="-118.53588"/>
   <point lat="34.2084" lon="-118.54048"/>
   <point lat="34.20852" lon="-118.54081"/>
   <point lat="34.20852" lon="-118.54464"/>
   <point lat="34.20839" lon="-118.54916"/>
   <point lat="34.2085099" lon="-118.54949"/>
   <point lat="34.2085" lon="-118.55336"/>
   <point lat="34.2085" lon="-118.55824"/>
   <point lat="34.20835" lon="-118.56227"/>
   <point lat="34.20848" lon="-118.5626"/>
   <point lat="34.20847" lon="-118.56646"/>
   <point lat="34.20848" lon="-118.57083"/>
   <point lat="34.20846" lon="-118.57521"/>
   <point lat="34.20846" lon="-118.58008"/>
   <point lat="34.2083299" lon="-118.58283"/>
   <point lat="34.20844" lon="-118.58445"/>
   <point lat="34.20843" lon="-118.58881"/>
   <point lat="34.20844" lon="-118.5927"/>
   <point lat="34.20843" lon="-118.59783"/>
   <point lat="34.2084199" lon="-118.60192"/>
   <point lat="34.20841" lon="-118.60629"/>
  </path>
  <path>
   <point lat="34.21952" lon="-118.60682"/>
   <point lat="34.21966" lon="-118.60599"/>
   <point lat="34.21445" lon="-118.60598"/>
   <point lat="34.20828" lon="-118.60596"/>
   <point lat="34.20816" lon="-118.60563"/>
  </path>
  <path>
   <point lat="34.20858" lon="-118.39634"/>
   <point lat="34.20858" lon="-118.4025"/>
   <point lat="34.2085" lon="-118.40521"/>
   <point lat="34.20822" lon="-118.40532"/>
   <point lat="34.20619" lon="-118.40597"/>
   <point lat="34.20502" lon="-118.40608"/>
   <point lat="34.20517" lon="-118.40638"/>
   <point lat="34.20569" lon="-118.40924"/>
   <point lat="34.20668" lon="-118.41419"/>
   <point lat="34.20752" lon="-118.41845"/>
   <point lat="34.20809" lon="-118.42134"/>
   <point lat="34.20882" lon="-118.42501"/>
   <point lat="34.2094499" lon="-118.4287"/>
   <point lat="34.2094499" lon="-118.43094"/>
   <point lat="34.20972" lon="-118.43077"/>
   <point lat="34.21003" lon="-118.4309"/>
   <point lat="34.21256" lon="-118.43077"/>
   <point lat="34.21554" lon="-118.43075"/>
   <point lat="34.21758" lon="-118.43088"/>
   <point lat="34.21807" lon="-118.43081"/>
   <point lat="34.21878" lon="-118.43126"/>
   <point lat="34.2195899" lon="-118.43171"/>
   <point lat="34.22014" lon="-118.43232"/>
   <point lat="34.2203" lon="-118.43242"/>
   <point lat="34.2205" lon="-118.43252"/>
   <point lat="34.2207099" lon="-118.4326"/>
   <point lat="34.2207999" lon="-118.43263"/>
   <point lat="34.22091" lon="-118.43264"/>
   <point lat="34.2212699" lon="-118.43271"/>
   <point lat="34.22145" lon="-118.43274"/>
   <point lat="34.2219399" lon="-118.4326"/>
  </path>
  <path>
   <point lat="34.20841" lon="-118.60629"/>
   <point lat="34.20841" lon="-118.61015"/>
   <point lat="34.2084" lon="-118.61453"/>
   <point lat="34.20839" lon="-118.61938"/>
   <point lat="34.20839" lon="-118.62321"/>
   <point lat="34.20825" lon="-118.62655"/>
   <point lat="34.20837" lon="-118.6281"/>
   <point lat="34.20824" lon="-118.63222"/>
   <point lat="34.20796" lon="-118.63233"/>
   <point lat="34.20611" lon="-118.63226"/>
   <point lat="34.20536" lon="-118.63212"/>
   <point lat="34.20431" lon="-118.63212"/>
   <point lat="34.2042" lon="-118.63213"/>
   <point lat="34.20373" lon="-118.63214"/>
   <point lat="34.2037199" lon="-118.63183"/>
   <point lat="34.20373" lon="-118.63103"/>
   <point lat="34.2037199" lon="-118.6307"/>
   <point lat="34.20374" lon="-118.62998"/>
   <point lat="34.20374" lon="-118.62979"/>
   <point lat="34.2037199" lon="-118.62964"/>
   <point lat="34.2037" lon="-118.62955"/>
   <point lat="34.20368" lon="-118.62951"/>
   <point lat="34.2036299" lon="-118.62946"/>
   <point lat="34.20358" lon="-118.62944"/>
   <point lat="34.20348" lon="-118.62942"/>
   <point lat="34.20339" lon="-118.62941"/>
   <point lat="34.20311" lon="-118.62944"/>
   <point lat="34.2025099" lon="-118.62956"/>
  </path>
  <path>
   <point lat="34.2219399" lon="-118.4326"/>
   <point lat="34.22282" lon="-118.43274"/>
   <point lat="34.22594" lon="-118.43264"/>
   <point lat="34.2265" lon="-118.43298"/>
   <point lat="34.22724" lon="-118.4336"/>
   <point lat="34.22736" lon="-118.43372"/>
   <point lat="34.22764" lon="-118.43406"/>
   <point lat="34.22797" lon="-118.4344"/>
   <point lat="34.22787" lon="-118.43472"/>
   <point lat="34.22658" lon="-118.43722"/>
   <point lat="34.22614" lon="-118.43809"/>
   <point lat="34.22551" lon="-118.44037"/>
   <point lat="34.22513" lon="-118.44175"/>
   <point lat="34.2250299" lon="-118.44289"/>
   <point lat="34.22485" lon="-118.444"/>
   <point lat="34.22486" lon="-118.44579"/>
   <point lat="34.22478" lon="-118.44879"/>
   <point lat="34.22449" lon="-118.44891"/>
   <point lat="34.2212699" lon="-118.4489"/>
   <point lat="34.2180899" lon="-118.44891"/>
   <point lat="34.21537" lon="-118.44892"/>
   <point lat="34.21355" lon="-118.44892"/>
   <point lat="34.2103899" lon="-118.44892"/>
   <point lat="34.2085999" lon="-118.44891"/>
  </path>
  <path>
   <point lat="34.2083" lon="-118.5013"/>
   <point lat="34.20816" lon="-118.49454"/>
   <point lat="34.20792" lon="-118.49437"/>
   <point lat="34.20501" lon="-118.49452"/>
   <point lat="34.20422" lon="-118.49432"/>
   <point lat="34.20399" lon="-118.49425"/>
   <point lat="34.20386" lon="-118.49418"/>
   <point lat="34.20366" lon="-118.49408"/>
   <point lat="34.20339" lon="-118.49386"/>
   <point lat="34.20104" lon="-118.49206"/>
   <point lat="34.20117" lon="-118.48366"/>
   <point lat="34.20145" lon="-118.48351"/>
   <point lat="34.20508" lon="-118.4835"/>
   <point lat="34.20844" lon="-118.48367"/>
   <point lat="34.20835" lon="-118.48334"/>
  </path>
  <path>
   <point lat="34.1687" lon="-118.6427"/>
   <point lat="34.17154" lon="-118.64522"/>
  </path>
  <path>
   <point lat="34.20841" lon="-118.60629"/>
   <point lat="34.20841" lon="-118.61015"/>
   <point lat="34.2084" lon="-118.61453"/>
   <point lat="34.20839" lon="-118.61938"/>
   <point lat="34.20839" lon="-118.62321"/>
   <point lat="34.20837" lon="-118.6281"/>
   <point lat="34.20824" lon="-118.63222"/>
   <point lat="34.20796" lon="-118.63233"/>
   <point lat="34.20611" lon="-118.63226"/>
   <point lat="34.20536" lon="-118.63212"/>
   <point lat="34.20431" lon="-118.63212"/>
   <point lat="34.2042" lon="-118.63213"/>
   <point lat="34.20373" lon="-118.63214"/>
   <point lat="34.2037199" lon="-118.63183"/>
   <point lat="34.20373" lon="-118.63103"/>
   <point lat="34.2037199" lon="-118.6307"/>
   <point lat="34.20374" lon="-118.62998"/>
   <point lat="34.20374" lon="-118.62979"/>
   <point lat="34.2037199" lon="-118.62964"/>
   <point lat="34.2037" lon="-118.62955"/>
   <point lat="34.20368" lon="-118.62951"/>
   <point lat="34.2036299" lon="-118.62946"/>
   <point lat="34.20358" lon="-118.62944"/>
   <point lat="34.20348" lon="-118.62942"/>
   <point lat="34.20339" lon="-118.62941"/>
   <point lat="34.20311" lon="-118.62944"/>
   <point lat="34.2025099" lon="-118.62956"/>
  </path>
  <path>
   <point lat="34.20855" lon="-118.50147"/>
   <point lat="34.20855" lon="-118.50583"/>
   <point lat="34.20855" lon="-118.51019"/>
   <point lat="34.20853" lon="-118.51457"/>
   <point lat="34.20854" lon="-118.51843"/>
   <point lat="34.20854" lon="-118.5228"/>
   <point lat="34.2084199" lon="-118.52732"/>
   <point lat="34.20854" lon="-118.52765"/>
   <point lat="34.20853" lon="-118.53152"/>
   <point lat="34.20853" lon="-118.53588"/>
  </path>
  <path>
   <point lat="34.16816" lon="-118.64263"/>
   <point lat="34.16541" lon="-118.64013"/>
   <point lat="34.16495" lon="-118.63951"/>
   <point lat="34.16456" lon="-118.63918"/>
   <point lat="34.16401" lon="-118.63865"/>
   <point lat="34.1639" lon="-118.63855"/>
   <point lat="34.16376" lon="-118.63845"/>
   <point lat="34.16351" lon="-118.6383"/>
   <point lat="34.1632" lon="-118.63815"/>
   <point lat="34.16302" lon="-118.63809"/>
   <point lat="34.16273" lon="-118.63801"/>
   <point lat="34.16246" lon="-118.63795"/>
   <point lat="34.16235" lon="-118.63794"/>
   <point lat="34.1621" lon="-118.63795"/>
   <point lat="34.16195" lon="-118.63797"/>
   <point lat="34.16114" lon="-118.63821"/>
   <point lat="34.16096" lon="-118.63825"/>
   <point lat="34.16083" lon="-118.63827"/>
   <point lat="34.16077" lon="-118.63827"/>
   <point lat="34.16069" lon="-118.63828"/>
   <point lat="34.16045" lon="-118.63823"/>
   <point lat="34.16027" lon="-118.63818"/>
   <point lat="34.16012" lon="-118.63813"/>
   <point lat="34.15997" lon="-118.63807"/>
   <point lat="34.15988" lon="-118.63801"/>
   <point lat="34.15979" lon="-118.63793"/>
   <point lat="34.15975" lon="-118.63791"/>
   <point lat="34.15946" lon="-118.63756"/>
   <point lat="34.15886" lon="-118.63689"/>
   <point lat="34.15842" lon="-118.63631"/>
   <point lat="34.15634" lon="-118.63455"/>
   <point lat="34.1545" lon="-118.63304"/>
   <point lat="34.15367" lon="-118.63238"/>
   <point lat="34.15352" lon="-118.63224"/>
   <point lat="34.1534199" lon="-118.63214"/>
   <point lat="34.15303" lon="-118.63167"/>
   <point lat="34.15298" lon="-118.63159"/>
   <point lat="34.1528" lon="-118.63118"/>
   <point lat="34.15244" lon="-118.63038"/>
   <point lat="34.15175" lon="-118.6277"/>
   <point lat="34.15134" lon="-118.62676"/>
   <point lat="34.1503" lon="-118.62299"/>
   <point lat="34.14974" lon="-118.62028"/>
   <point lat="34.14991" lon="-118.61922"/>
   <point lat="34.1499" lon="-118.61795"/>
   <point lat="34.1498599" lon="-118.61691"/>
   <point lat="34.14987" lon="-118.61658"/>
   <point lat="34.14987" lon="-118.61607"/>
   <point lat="34.14979" lon="-118.61493"/>
   <point lat="34.14976" lon="-118.61474"/>
   <point lat="34.14971" lon="-118.61455"/>
   <point lat="34.14963" lon="-118.61434"/>
   <point lat="34.14943" lon="-118.61386"/>
   <point lat="34.14931" lon="-118.61362"/>
   <point lat="34.14896" lon="-118.61165"/>
   <point lat="34.14957" lon="-118.6108"/>
   <point lat="34.15" lon="-118.61023"/>
   <point lat="34.15074" lon="-118.60917"/>
   <point lat="34.15091" lon="-118.60894"/>
   <point lat="34.15122" lon="-118.60856"/>
   <point lat="34.1514499" lon="-118.60819"/>
   <point lat="34.15153" lon="-118.60803"/>
   <point lat="34.15161" lon="-118.60781"/>
   <point lat="34.15167" lon="-118.60763"/>
   <point lat="34.1518" lon="-118.60701"/>
   <point lat="34.15181" lon="-118.6069"/>
   <point lat="34.15181" lon="-118.60672"/>
   <point lat="34.1518" lon="-118.60661"/>
   <point lat="34.15178" lon="-118.60653"/>
   <point lat="34.15176" lon="-118.60635"/>
   <point lat="34.1517399" lon="-118.60621"/>
   <point lat="34.15167" lon="-118.60587"/>
   <point lat="34.1516499" lon="-118.60579"/>
   <point lat="34.1516" lon="-118.60566"/>
   <point lat="34.15144" lon="-118.60534"/>
   <point lat="34.15138" lon="-118.60523"/>
   <point lat="34.15107" lon="-118.60488"/>
  </path>
  <path>
   <point lat="34.1911" lon="-118.59731"/>
   <point lat="34.1918999" lon="-118.59747"/>
   <point lat="34.1918999" lon="-118.59665"/>
   <point lat="34.19165" lon="-118.59654"/>
   <point lat="34.1908699" lon="-118.59599"/>
   <point lat="34.1904899" lon="-118.59575"/>
   <point lat="34.1905" lon="-118.59601"/>
   <point lat="34.19051" lon="-118.59747"/>
   <point lat="34.18835" lon="-118.59748"/>
   <point lat="34.18848" lon="-118.59781"/>
   <point lat="34.18831" lon="-118.59839"/>
   <point lat="34.18781" lon="-118.60171"/>
   <point lat="34.18699" lon="-118.60577"/>
   <point lat="34.18668" lon="-118.60604"/>
  </path>
  <path>
   <point lat="34.20841" lon="-118.60629"/>
   <point lat="34.20841" lon="-118.61015"/>
   <point lat="34.2084" lon="-118.61453"/>
   <point lat="34.20839" lon="-118.61938"/>
   <point lat="34.20839" lon="-118.62321"/>
   <point lat="34.20948" lon="-118.62343"/>
   <point lat="34.2150899" lon="-118.62343"/>
   <point lat="34.2155" lon="-118.62345"/>
   <point lat="34.21864" lon="-118.62346"/>
   <point lat="34.21939" lon="-118.62348"/>
   <point lat="34.2194" lon="-118.62318"/>
   <point lat="34.21952" lon="-118.60682"/>
  </path>
 </route>
</body>