<?xml version="1.0" encoding="utf-8"?>
<body copyright="All data copyright Los Angeles Metro 2022.">
 <route color="e74d00" latMax="33.96857" latMin="33.86569" lonMax="-118.34366" lonMin="-118.35687" oppositeColor="ffffff" tag="211" title="211 Inglewood-South Bay Galleria Via Pra">
  <stop lat="33.87271" lon="-118.34804" stopId="00141" tag="141" title="Artesia / Amie"/>
  <stop lat="33.8726999" lon="-118.35203" stopId="00147" tag="147" title="Artesia / Hawthorne"/>
  <stop lat="33.9619199" lon="-118.35175" stopId="01562" tag="1562" title="Manchester / Market"/>
  <stop lat="33.88445" lon="-118.34367" stopId="04399" tag="4399" title="Prairie / 161st"/>
  <stop lat="33.88178" lon="-118.34366" stopId="04400" tag="4400" title="Prairie / 164th"/>
  <stop lat="33.9529999" lon="-118.3437799" stopId="04402" tag="4402" title="Prairie / Arbor Vitae"/>
  <stop lat="33.91998" lon="-118.34368" stopId="04404" tag="4404" title="Prairie / Broadway"/>
  <stop lat="33.92685" lon="-118.34374" stopId="04405" tag="4405" title="Prairie / 118th"/>
  <stop lat="33.91296" lon="-118.34371" stopId="04406" tag="4406" title="Prairie / 132nd"/>
  <stop lat="33.90891" lon="-118.34371" stopId="04407" tag="4407" title="Prairie / 135th"/>
  <stop lat="33.9052799" lon="-118.3436999" stopId="04408" tag="4408" title="Prairie / 139th"/>
  <stop lat="33.89857" lon="-118.34369" stopId="04409" tag="4409" title="Prairie / 147th"/>
  <stop lat="33.9167099" lon="-118.3437199" stopId="04411" tag="4411" title="Prairie / El Segundo"/>
  <stop lat="33.9307499" lon="-118.34374" stopId="04412" tag="4412" title="Prairie / Imperial"/>
  <stop lat="33.88768" lon="-118.34368" stopId="04413" tag="4413" title="Prairie / Manhattan Beach"/>
  <stop lat="33.8949299" lon="-118.34368" stopId="04415" tag="4415" title="Prairie / Marine"/>
  <stop lat="33.87783" lon="-118.3436699" stopId="04416" tag="4416" title="Prairie / Redondo Beach"/>
  <stop lat="33.90164" lon="-118.34369" stopId="04418" tag="4418" title="Prairie / Rosecrans"/>
  <stop lat="33.8913099" lon="-118.34368" stopId="04419" tag="4419" title="Prairie / 154th"/>
  <stop lat="33.93801" lon="-118.34375" stopId="05418" tag="5418" title="Prairie / 108th"/>
  <stop lat="33.93511" lon="-118.34375" stopId="05419" tag="5419" title="Prairie / 111th"/>
  <stop lat="33.9570499" lon="-118.34378" stopId="05421" tag="5421" title="Prairie / Kelso"/>
  <stop lat="33.9452599" lon="-118.34376" stopId="05422" tag="5422" title="Prairie / Century"/>
  <stop lat="33.9665999" lon="-118.3505299" stopId="11487" tag="11487" title="Locust / Grace"/>
  <stop lat="33.96857" lon="-118.3450699" stopId="12316" tag="12316" title="Grace / Prairie"/>
  <stop lat="33.8717599" lon="-118.35687" stopId="30013" tag="30013" title="South Bay Transit Center"/>
  <stop lat="33.8731099" lon="-118.34366" stopId="141030" tag="141030" title="Prairie / Artesia"/>
  <stop lat="33.94211" lon="-118.34376" stopId="141031" tag="141031" title="Prairie / 104th"/>
  <stop lat="33.9494199" lon="-118.3437699" stopId="141032" tag="141032" title="Prairie / Hardy"/>
  <stop lat="33.96015" lon="-118.34379" stopId="141033" tag="141033" title="Prairie / Manchester"/>
  <stop lat="33.9641999" lon="-118.3504899" stopId="141034" tag="141034" title="Locust / Regent"/>
  <stop lat="33.9234899" lon="-118.3437299" stopId="142214" tag="142214" title="Prairie / 120th"/>
  <stop lat="33.9616299" lon="-118.35478" stopId="01558" tag="1558" title="Manchester / Grevillea"/>
  <stop lat="33.96829" lon="-118.3440899" stopId="02261" tag="2261" title="Prairie / Grace"/>
  <stop lat="33.87298" lon="-118.34397" stopId="04410" tag="4410" title="Prairie / Artesia"/>
  <stop lat="33.8729599" lon="-118.3486999" stopId="08739" tag="8739" title="Artesia / Amie"/>
  <stop lat="33.8682399" lon="-118.35274" stopId="10909" tag="10909" title="Hawthorne / 179th"/>
  <stop lat="33.86569" lon="-118.35274" stopId="10910" tag="10910" title="Hawthorne / 182nd"/>
  <stop lat="33.87228" lon="-118.3528399" stopId="10915" tag="10915" title="Hawthorne / Artesia"/>
  <stop lat="33.9383599" lon="-118.3440599" stopId="11449" tag="11449" title="Prairie / Lennox"/>
  <stop lat="33.96434" lon="-118.35032" stopId="12180" tag="12180" title="Locust / Regent"/>
  <stop lat="33.9666" lon="-118.3503599" stopId="12181" tag="12181" title="Locust / Grace"/>
  <stop lat="33.96469" lon="-118.3441" stopId="12315" tag="12315" title="Prairie / Regent"/>
  <stop lat="33.9655599" lon="-118.3441" stopId="12317" tag="12317" title="Prairie / Howland"/>
  <stop lat="33.9600799" lon="-118.34409" stopId="12318" tag="12318" title="Prairie / Manchester"/>
  <stop lat="33.8842599" lon="-118.3439699" stopId="12859" tag="12859" title="Prairie / 161st"/>
  <stop lat="33.8820099" lon="-118.3439599" stopId="12860" tag="12860" title="Prairie / 164th"/>
  <stop lat="33.95246" lon="-118.34408" stopId="12862" tag="12862" title="Prairie / Arbor Vitae"/>
  <stop lat="33.9492799" lon="-118.34407" stopId="12863" tag="12863" title="Prairie / Hardy"/>
  <stop lat="33.9565" lon="-118.34409" stopId="12864" tag="12864" title="Prairie / Kelso"/>
  <stop lat="33.9347099" lon="-118.34405" stopId="12866" tag="12866" title="Prairie / 111th"/>
  <stop lat="33.9271" lon="-118.34404" stopId="12867" tag="12867" title="Prairie / 118th"/>
  <stop lat="33.9132399" lon="-118.34402" stopId="12868" tag="12868" title="Prairie / 132nd"/>
  <stop lat="33.9098799" lon="-118.3440199" stopId="12869" tag="12869" title="Prairie / 135th"/>
  <stop lat="33.90498" lon="-118.34401" stopId="12870" tag="12870" title="Prairie / 139th"/>
  <stop lat="33.89843" lon="-118.344" stopId="12871" tag="12871" title="Prairie / 147th"/>
  <stop lat="33.9202099" lon="-118.3440299" stopId="12873" tag="12873" title="Prairie / Broadway"/>
  <stop lat="33.91616" lon="-118.34402" stopId="12874" tag="12874" title="Prairie / El Segundo"/>
  <stop lat="33.93068" lon="-118.34405" stopId="12875" tag="12875" title="Prairie / Imperial"/>
  <stop lat="33.8871299" lon="-118.3439799" stopId="12876" tag="12876" title="Prairie / Manhattan Beach"/>
  <stop lat="33.8943799" lon="-118.34398" stopId="12878" tag="12878" title="Prairie / Marine"/>
  <stop lat="33.8770399" lon="-118.34397" stopId="12879" tag="12879" title="Prairie / Redondo Beach"/>
  <stop lat="33.9021899" lon="-118.344" stopId="12880" tag="12880" title="Prairie / Rosecrans"/>
  <stop lat="33.8911699" lon="-118.34398" stopId="12881" tag="12881" title="Prairie / 154th"/>
  <stop lat="33.9620199" lon="-118.35028" stopId="13682" tag="13682" title="Locust / Manchester"/>
  <stop lat="33.94156" lon="-118.34406" stopId="13826" tag="13826" title="Prairie / 104th"/>
  <stop lat="33.92342" lon="-118.34403" stopId="13827" tag="13827" title="Prairie / 120th"/>
  <stop lat="33.9451899" lon="-118.34407" stopId="13828" tag="13828" title="Prairie / Century"/>
  <stop lat="33.8717599" lon="-118.35687" tag="30013_ar" title="South Bay Transit Center"/>
  <stop lat="33.9673399" lon="-118.34409" stopId="141081" tag="141081" title="Prairie / Grace"/>
  <direction name="South" tag="211_68_1" title="South to South Bay Galleria" useForUI="true">
   <stop tag="1558"/>
   <stop tag="13682"/>
   <stop tag="12180"/>
   <stop tag="12181"/>
   <stop tag="2261"/>
   <stop tag="141081"/>
   <stop tag="12317"/>
   <stop tag="12315"/>
   <stop tag="12318"/>
   <stop tag="12864"/>
   <stop tag="12862"/>
   <stop tag="12863"/>
   <stop tag="13828"/>
   <stop tag="13826"/>
   <stop tag="11449"/>
   <stop tag="12866"/>
   <stop tag="12875"/>
   <stop tag="12867"/>
   <stop tag="13827"/>
   <stop tag="12873"/>
   <stop tag="12874"/>
   <stop tag="12868"/>
   <stop tag="12869"/>
   <stop tag="12870"/>
   <stop tag="12880"/>
   <stop tag="12871"/>
   <stop tag="12878"/>
   <stop tag="12881"/>
   <stop tag="12876"/>
   <stop tag="12859"/>
   <stop tag="12860"/>
   <stop tag="12879"/>
   <stop tag="4410"/>
   <stop tag="8739"/>
   <stop tag="10915"/>
   <stop tag="10909"/>
   <stop tag="10910"/>
   <stop tag="30013_ar"/>
  </direction>
  <direction name="North" tag="211_57_0" title="North to Inglewood" useForUI="true">
   <stop tag="30013"/>
   <stop tag="147"/>
   <stop tag="141"/>
   <stop tag="141030"/>
   <stop tag="4416"/>
   <stop tag="4400"/>
   <stop tag="4399"/>
   <stop tag="4413"/>
   <stop tag="4419"/>
   <stop tag="4415"/>
   <stop tag="4409"/>
   <stop tag="4418"/>
   <stop tag="4408"/>
   <stop tag="4407"/>
   <stop tag="4406"/>
   <stop tag="4411"/>
   <stop tag="4404"/>
   <stop tag="142214"/>
   <stop tag="4405"/>
   <stop tag="4412"/>
   <stop tag="5419"/>
   <stop tag="5418"/>
   <stop tag="141031"/>
   <stop tag="5422"/>
   <stop tag="141032"/>
   <stop tag="4402"/>
   <stop tag="5421"/>
   <stop tag="141033"/>
   <stop tag="12316"/>
   <stop tag="11487"/>
   <stop tag="141034"/>
   <stop tag="1562"/>
  </direction>
  <path>
   <point lat="33.87176" lon="-118.35687"/>
   <point lat="33.87288" lon="-118.35696"/>
   <point lat="33.87285" lon="-118.35478"/>
   <point lat="33.87286" lon="-118.35388"/>
   <point lat="33.87283" lon="-118.35269"/>
   <point lat="33.8727" lon="-118.35203"/>
  </path>
  <path>
   <point lat="33.94526" lon="-118.34376"/>
   <point lat="33.94942" lon="-118.34377"/>
   <point lat="33.953" lon="-118.34378"/>
   <point lat="33.95705" lon="-118.34378"/>
   <point lat="33.96015" lon="-118.34379"/>
   <point lat="33.96361" lon="-118.34394"/>
   <point lat="33.96857" lon="-118.34394"/>
   <point lat="33.96857" lon="-118.34507"/>
   <point lat="33.96825" lon="-118.34877"/>
   <point lat="33.96758" lon="-118.34876"/>
   <point lat="33.9666" lon="-118.35053"/>
   <point lat="33.9642" lon="-118.35049"/>
   <point lat="33.96299" lon="-118.35038"/>
   <point lat="33.96181" lon="-118.35036"/>
   <point lat="33.96192" lon="-118.35175"/>
  </path>
  <path>
   <point lat="33.86824" lon="-118.35274"/>
   <point lat="33.86569" lon="-118.35274"/>
   <point lat="33.86555" lon="-118.35342"/>
   <point lat="33.86554" lon="-118.35483"/>
   <point lat="33.86555" lon="-118.35523"/>
   <point lat="33.86556" lon="-118.35657"/>
   <point lat="33.86746" lon="-118.35659"/>
   <point lat="33.86764" lon="-118.35655"/>
   <point lat="33.86773" lon="-118.35651"/>
   <point lat="33.86785" lon="-118.35641"/>
   <point lat="33.86795" lon="-118.35635"/>
   <point lat="33.86806" lon="-118.35629"/>
   <point lat="33.8681" lon="-118.35628"/>
   <point lat="33.86816" lon="-118.35627"/>
   <point lat="33.86887" lon="-118.35628"/>
   <point lat="33.86896" lon="-118.3563"/>
   <point lat="33.86906" lon="-118.35633"/>
   <point lat="33.86924" lon="-118.35644"/>
   <point lat="33.86959" lon="-118.35676"/>
   <point lat="33.86966" lon="-118.3568"/>
   <point lat="33.86971" lon="-118.35681"/>
   <point lat="33.86979" lon="-118.35683"/>
   <point lat="33.86982" lon="-118.35684"/>
   <point lat="33.86986" lon="-118.35683"/>
   <point lat="33.86997" lon="-118.35684"/>
   <point lat="33.87115" lon="-118.35686"/>
   <point lat="33.87125" lon="-118.35688"/>
   <point lat="33.87176" lon="-118.35687"/>
  </path>
  <path>
   <point lat="33.96163" lon="-118.35478"/>
   <point lat="33.96202" lon="-118.35028"/>
   <point lat="33.96434" lon="-118.35032"/>
   <point lat="33.9666" lon="-118.35036"/>
   <point lat="33.96758" lon="-118.34876"/>
   <point lat="33.96825" lon="-118.34877"/>
   <point lat="33.96857" lon="-118.34394"/>
   <point lat="33.96829" lon="-118.34409"/>
   <point lat="33.96734" lon="-118.34409"/>
   <point lat="33.96556" lon="-118.3441"/>
   <point lat="33.96469" lon="-118.3441"/>
   <point lat="33.96008" lon="-118.34409"/>
   <point lat="33.9565" lon="-118.34409"/>
   <point lat="33.95246" lon="-118.34408"/>
   <point lat="33.94928" lon="-118.34407"/>
   <point lat="33.9451899" lon="-118.34407"/>
  </path>
  <path>
   <point lat="33.89493" lon="-118.34368"/>
   <point lat="33.89857" lon="-118.34369"/>
   <point lat="33.90164" lon="-118.34369"/>
   <point lat="33.90528" lon="-118.3437"/>
   <point lat="33.90891" lon="-118.34371"/>
   <point lat="33.91296" lon="-118.34371"/>
   <point lat="33.91671" lon="-118.34372"/>
   <point lat="33.91998" lon="-118.34368"/>
   <point lat="33.92349" lon="-118.34373"/>
   <point lat="33.92685" lon="-118.34374"/>
   <point lat="33.93075" lon="-118.34374"/>
   <point lat="33.93511" lon="-118.34375"/>
   <point lat="33.93801" lon="-118.34375"/>
   <point lat="33.94211" lon="-118.34376"/>
   <point lat="33.94526" lon="-118.34376"/>
  </path>
  <path>
   <point lat="33.8727" lon="-118.35203"/>
   <point lat="33.87283" lon="-118.34837"/>
   <point lat="33.87271" lon="-118.34804"/>
   <point lat="33.8728399" lon="-118.34382"/>
   <point lat="33.8731099" lon="-118.34366"/>
   <point lat="33.8737799" lon="-118.3438"/>
   <point lat="33.8744299" lon="-118.34402"/>
   <point lat="33.87458" lon="-118.3441"/>
   <point lat="33.87474" lon="-118.3442"/>
   <point lat="33.87483" lon="-118.34425"/>
   <point lat="33.8748999" lon="-118.34428"/>
   <point lat="33.87493" lon="-118.34429"/>
   <point lat="33.87507" lon="-118.34432"/>
   <point lat="33.87519" lon="-118.34433"/>
   <point lat="33.87526" lon="-118.34433"/>
   <point lat="33.87534" lon="-118.34432"/>
   <point lat="33.87544" lon="-118.34431"/>
   <point lat="33.8755499" lon="-118.34427"/>
   <point lat="33.87597" lon="-118.34408"/>
   <point lat="33.87616" lon="-118.34395"/>
   <point lat="33.87783" lon="-118.34367"/>
   <point lat="33.88178" lon="-118.34366"/>
   <point lat="33.88445" lon="-118.34367"/>
   <point lat="33.88768" lon="-118.34368"/>
   <point lat="33.89131" lon="-118.34368"/>
   <point lat="33.89493" lon="-118.34368"/>
  </path>
  <path>
   <point lat="33.89438" lon="-118.34398"/>
   <point lat="33.89117" lon="-118.34398"/>
   <point lat="33.88713" lon="-118.34398"/>
   <point lat="33.88426" lon="-118.34397"/>
   <point lat="33.88201" lon="-118.34396"/>
   <point lat="33.87732" lon="-118.34382"/>
   <point lat="33.87704" lon="-118.34397"/>
   <point lat="33.87597" lon="-118.34408"/>
   <point lat="33.87544" lon="-118.34431"/>
   <point lat="33.87534" lon="-118.34432"/>
   <point lat="33.87526" lon="-118.34433"/>
   <point lat="33.87519" lon="-118.34433"/>
   <point lat="33.87507" lon="-118.34432"/>
   <point lat="33.87493" lon="-118.34429"/>
   <point lat="33.8748999" lon="-118.34428"/>
   <point lat="33.87298" lon="-118.34397"/>
   <point lat="33.87283" lon="-118.34837"/>
   <point lat="33.87296" lon="-118.3487"/>
   <point lat="33.87283" lon="-118.35236"/>
   <point lat="33.87283" lon="-118.35269"/>
   <point lat="33.87228" lon="-118.35284"/>
   <point lat="33.87024" lon="-118.35266"/>
   <point lat="33.86824" lon="-118.35274"/>
  </path>
  <path>
   <point lat="33.9451899" lon="-118.34407"/>
   <point lat="33.94156" lon="-118.34406"/>
   <point lat="33.93836" lon="-118.34406"/>
   <point lat="33.93471" lon="-118.34405"/>
   <point lat="33.93068" lon="-118.34405"/>
   <point lat="33.9271" lon="-118.34404"/>
   <point lat="33.92342" lon="-118.34403"/>
   <point lat="33.92021" lon="-118.34403"/>
   <point lat="33.91616" lon="-118.34402"/>
   <point lat="33.91324" lon="-118.34402"/>
   <point lat="33.90988" lon="-118.34402"/>
   <point lat="33.90498" lon="-118.34401"/>
   <point lat="33.90219" lon="-118.344"/>
   <point lat="33.89843" lon="-118.344"/>
   <point lat="33.89438" lon="-118.34398"/>
  </path>
 </route>
</body>